[ApkParser] APK validation passed: miniandroid/download/exp076_corpus/dubrowgn.microtimer_8.apk
[ApkParser] Found EOCD at offset 208873
[ApkParser] Central Directory: 105 entries at offset 202300
[ApkParser] Cached 105 ZIP entries for fast lookup
[ApkParser] Found 1 DEX files: 
[ApkParser]   - classes.dex
[ApkParser] Extracting AndroidManifest.xml...
[ApkParser] Found EOCD at offset 208873
[ApkParser] Central Directory: 105 entries at offset 202300
[ApkParser] APK parsing complete: dubrowgn.microtimer (105 entries)
[ApkParser] Found EOCD at offset 208873
[ApkParser] Central Directory: 105 entries at offset 202300
[DexParser] DEX version: 039
[DexParser] Parsed 1162 strings
[DexParser] Parsed 337 types
[DexParser] Parsed 343 prototypes
[DexParser] Parsed 347 fields
[DexParser] Parsed 1122 method IDs
[DexParser] === EXP-031.6 CLASS_DEF PARSING ===
[DexParser] class_defs_size: 143
[DexParser] class_defs_off: 0x21976
[DexParser] file_size: 0x116876
[DexParser] Reading 143 class_defs (32 bytes each)...
[DexParser] CLASS_DEF[0] @ offset 0x21976:
[DexParser]   class_idx: 5 (max valid: 337)
[DexParser]   access_flags: 0x4113
[DexParser]   superclass_idx: 206
[DexParser]   class_data_off: 0x111374
[DexParser]   → Resolved name: [La/a;]
[DexParser]   → Parsing class_data at 0x111374
[DexParser]   === EXP-031.6 CLASS_DATA PARSING @ offset=0x111374 ===
[DexParser]   First bytes: 00 00 00 01 01 11 b8 cf 01 00 01 01 01 03 11 04 81 80 04 b4 d1 01 05 11 e8 d0 01 00 00 01 00 06 
[DexParser]   ULEB128[static_fields_size] @ 0x111374 = 0
[DexParser]   ULEB128[instance_fields_size] @ 0x111375 = 0
[DexParser]   ULEB128[direct_methods_size] @ 0x111376 = 0
[DexParser]   ULEB128[virtual_methods_size] @ 0x111377 = 1
[DexParser]   → Header: static=0, instance=0, direct=0, virtual=1
[DexParser]   → Virtual method[0]:
[DexParser]   ULEB128[vm_method_diff] @ 0x111378 = 1
[DexParser]   ULEB128[vm_access_flags] @ 0x111379 = 17
[DexParser]   ULEB128[vm_code_off] @ 0x111380 = 26552
[DexParser]   === EXP-031.6 CODE_ITEM @ offset=0x26552 for execute ===
[DexParser]   registers_size: 4
[DexParser]   ins_size: 2
[DexParser]   outs_size: 2
[DexParser]   tries_size: 2
[DexParser]   debug_info_off: 0x0
[DexParser]   insns_size: 34 ← KEY FIELD!
[DexParser]   ✅ EXTRACTED 34 INSTRUCTIONS!
[DexParser]   First opcodes: 0062 0001 0038 0005 0062 
[DexParser]   → Result: 0 direct methods, 1 virtual methods
[DexParser] CLASS_DEF[1] @ offset 0x22008:
[DexParser]   class_idx: 7 (max valid: 337)
[DexParser]   access_flags: 0x17
[DexParser]   superclass_idx: 206
[DexParser]   class_data_off: 0x111383
[DexParser]   → Resolved name: [La/c;]
[DexParser]   → Parsing class_data at 0x111383
[DexParser]   === EXP-031.6 CLASS_DATA PARSING @ offset=0x111383 ===
[DexParser]   First bytes: 00 01 01 01 03 11 04 81 80 04 b4 d1 01 05 11 e8 d0 01 00 00 01 00 06 89 20 dc d1 01 01 00 11 00 
[DexParser]   ULEB128[static_fields_size] @ 0x111383 = 0
[DexParser]   ULEB128[instance_fields_size] @ 0x111384 = 1
[DexParser]   ULEB128[direct_methods_size] @ 0x111385 = 1
[DexParser]   ULEB128[virtual_methods_size] @ 0x111386 = 1
[DexParser]   → Header: static=0, instance=1, direct=1, virtual=1
[DexParser]   ULEB128[if_field_diff] @ 0x111387 = 3
[DexParser]   ULEB128[if_access_flags] @ 0x111388 = 17
[DexParser]   → Direct method[0]:
[DexParser]   ULEB128[dm_method_diff] @ 0x111389 = 4
[DexParser]   ULEB128[dm_access_flags] @ 0x111390 = 65537
[DexParser]   ULEB128[dm_code_off] @ 0x111393 = 26804
[DexParser]   === EXP-031.6 CODE_ITEM @ offset=0x26804 for <init> ===
[DexParser]   registers_size: 3
[DexParser]   ins_size: 1
[DexParser]   outs_size: 2
[DexParser]   tries_size: 0
[DexParser]   debug_info_off: 0x0
[DexParser]   insns_size: 12 ← KEY FIELD!
[DexParser]   ✅ EXTRACTED 12 INSTRUCTIONS!
[DexParser]   First opcodes: 1070 0298 0002 0022 010c 
[DexParser]   → Virtual method[0]:
[DexParser]   ULEB128[vm_method_diff] @ 0x111396 = 5
[DexParser]   ULEB128[vm_access_flags] @ 0x111397 = 17
[DexParser]   ULEB128[vm_code_off] @ 0x111398 = 26728
[DexParser]   === EXP-031.6 CODE_ITEM @ offset=0x26728 for newThread ===
[DexParser]   registers_size: 4
[DexParser]   ins_size: 2
[DexParser]   outs_size: 2
[DexParser]   tries_size: 0
[DexParser]   debug_info_off: 0x0
[DexParser]   insns_size: 29 ← KEY FIELD!
[DexParser]   ✅ EXTRACTED 29 INSTRUCTIONS!
[DexParser]   First opcodes: 0022 00d8 2070 02c9 0030 
[DexParser]   → Result: 1 direct methods, 1 virtual methods
[DexParser] CLASS_DEF[2] @ offset 0x22040:
[DexParser]   class_idx: 8 (max valid: 337)
[DexParser]   access_flags: 0x5121
[DexParser]   superclass_idx: 206
[DexParser]   class_data_off: 0x111401
[DexParser]   → Resolved name: [La/d;]
[DexParser]   → Parsing class_data at 0x111401
[DexParser]   === EXP-031.6 CLASS_DATA PARSING @ offset=0x111401 ===
[DexParser]   First bytes: 00 00 01 00 06 89 20 dc d1 01 01 00 11 00 04 19 07 88 a0 04 9c db 01 02 09 b0 d3 01 01 19 ec d5 
[DexParser]   ULEB128[static_fields_size] @ 0x111401 = 0
[DexParser]   ULEB128[instance_fields_size] @ 0x111402 = 0
[DexParser]   ULEB128[direct_methods_size] @ 0x111403 = 1
[DexParser]   ULEB128[virtual_methods_size] @ 0x111404 = 0
[DexParser]   → Header: static=0, instance=0, direct=1, virtual=0
[DexParser]   → Direct method[0]:
[DexParser]   ULEB128[dm_method_diff] @ 0x111405 = 6
[DexParser]   ULEB128[dm_access_flags] @ 0x111406 = 4105
[DexParser]   ULEB128[dm_code_off] @ 0x111408 = 26844
[DexParser]   === EXP-031.6 CODE_ITEM @ offset=0x26844 for a ===
[DexParser]   registers_size: 6
[DexParser]   ins_size: 2
[DexParser]   outs_size: 2
[DexParser]   tries_size: 0
[DexParser]   debug_info_off: 0x0
[DexParser]   insns_size: 97 ← KEY FIELD!
[DexParser]   ✅ EXTRACTED 97 INSTRUCTIONS!
[DexParser]   First opcodes: 0439 0060 0422 00cc 0071 
[DexParser]   → Result: 1 direct methods, 0 virtual methods
[DexParser] CLASS_DEF[3] @ offset 0x22072:
[DexParser]   class_idx: 9 (max valid: 337)
[DexParser]   access_flags: 0x1025
[DexParser]   superclass_idx: 206
[DexParser]   class_data_off: 0x111411
[DexParser]   → Resolved name: [La/e;]
[DexParser]   → Parsing class_data at 0x111411
[DexParser]   === EXP-031.6 CLASS_DATA PARSING @ offset=0x111411 ===
[DexParser]   First bytes: 01 00 11 00 04 19 07 88 a0 04 9c db 01 02 09 b0 d3 01 01 19 ec d5 01 01 19 94 da 01 01 19 d4 da 
[DexParser]   ULEB128[static_fields_size] @ 0x111411 = 1
[DexParser]   ULEB128[instance_fields_size] @ 0x111412 = 0
[DexParser]   ULEB128[direct_methods_size] @ 0x111413 = 17
[DexParser]   ULEB128[virtual_methods_size] @ 0x111414 = 0
[DexParser]   → Header: static=1, instance=0, direct=17, virtual=0
[DexParser]   ULEB128[sf_field_diff] @ 0x111415 = 4
[DexParser]   ULEB128[sf_access_flags] @ 0x111416 = 25
[DexParser]   → Direct method[0]:
[DexParser]   ULEB128[dm_method_diff] @ 0x111417 = 7
[DexParser]   ULEB128[dm_access_flags] @ 0x111418 = 69640
[DexParser]   ULEB128[dm_code_off] @ 0x111421 = 28060
[DexParser]   === EXP-031.6 CODE_ITEM @ offset=0x28060 for <clinit> ===
[DexParser]   registers_size: 1
[DexParser]   ins_size: 0
[DexParser]   outs_size: 0
[DexParser]   tries_size: 0
[DexParser]   debug_info_off: 0x0
[DexParser]   insns_size: 6 ← KEY FIELD!
[DexParser]   ✅ EXTRACTED 6 INSTRUCTIONS!
[DexParser]   First opcodes: 0012 0023 014a 0069 0004 
[DexParser]   → Direct method[1]:
[DexParser]   ULEB128[dm_method_diff] @ 0x111424 = 2
[DexParser]   ULEB128[dm_access_flags] @ 0x111425 = 9
[DexParser]   ULEB128[dm_code_off] @ 0x111426 = 27056
[DexParser]   === EXP-031.6 CODE_ITEM @ offset=0x27056 for a ===
[DexParser]   registers_size: 2
[DexParser]   ins_size: 2
[DexParser]   outs_size: 2
[DexParser]   tries_size: 0
[DexParser]   debug_info_off: 0x0
[DexParser]   insns_size: 13 ← KEY FIELD!
[DexParser]   ✅ EXTRACTED 13 INSTRUCTIONS!
[DexParser]   First opcodes: 0039 0008 0139 0004 1012 
[DexParser]   → Direct method[2]:
[DexParser]   ULEB128[dm_method_diff] @ 0x111429 = 1
[DexParser]   ULEB128[dm_access_flags] @ 0x111430 = 25
[DexParser]   ULEB128[dm_code_off] @ 0x111431 = 27372
[DexParser]   === EXP-031.6 CODE_ITEM @ offset=0x27372 for b ===
[DexParser]   registers_size: 2
[DexParser]   ins_size: 1
[DexParser]   outs_size: 2
[DexParser]   tries_size: 0
[DexParser]   debug_info_off: 0x0
[DexParser]   insns_size: 22 ← KEY FIELD!
[DexParser]   ✅ EXTRACTED 22 INSTRUCTIONS!
[DexParser]   First opcodes: 013a 0004 1012 0228 0012 
[DexParser]   → Direct method[3]:
[DexParser]   ULEB128[dm_method_diff] @ 0x111434 = 1
[DexParser]   ULEB128[dm_access_flags] @ 0x111435 = 25
[DexParser]   ULEB128[dm_code_off] @ 0x111436 = 27924
[DexParser]   === EXP-031.6 CODE_ITEM @ offset=0x27924 for c ===
[DexParser]   registers_size: 2
[DexParser]   ins_size: 1
[DexParser]   outs_size: 1
[DexParser]   tries_size: 0
[DexParser]   debug_info_off: 0x0
[DexParser]   insns_size: 24 ← KEY FIELD!
[DexParser]   ✅ EXTRACTED 24 INSTRUCTIONS!
[DexParser]   First opcodes: 1054 0134 0039 0010 106e 
[DexParser]   → Direct method[4]:
[DexParser]   ULEB128[dm_method_diff] @ 0x111439 = 1
[DexParser]   ULEB128[dm_access_flags] @ 0x111440 = 25
[DexParser]   ULEB128[dm_code_off] @ 0x111441 = 27988
[DexParser]   === EXP-031.6 CODE_ITEM @ offset=0x27988 for d ===
[DexParser]   registers_size: 4
[DexParser]   ins_size: 1
[DexParser]   outs_size: 2
[DexParser]   tries_size: 0
[DexParser]   debug_info_off: 0x0
[DexParser]   insns_size: 28 ← KEY FIELD!
[DexParser]   ✅ EXTRACTED 28 INSTRUCTIONS!
[DexParser]   First opcodes: 3054 014f 106e 040c 0000 
[DexParser]   → Direct method[5]:
[DexParser]   ULEB128[dm_method_diff] @ 0x111444 = 1
[DexParser]   ULEB128[dm_access_flags] @ 0x111445 = 9
[DexParser]   ULEB128[dm_code_off] @ 0x111446 = 28088
[DexParser]   === EXP-031.6 CODE_ITEM @ offset=0x28088 for e ===
[DexParser]   registers_size: 1
[DexParser]   ins_size: 1
[DexParser]   outs_size: 1
[DexParser]   tries_size: 0
[DexParser]   debug_info_off: 0x0
[DexParser]   insns_size: 12 ← KEY FIELD!
[DexParser]   ✅ EXTRACTED 12 INSTRUCTIONS!
[DexParser]   First opcodes: 0038 0003 000e 0022 00cc 
[DexParser]   → Direct method[6]:
[DexParser]   ULEB128[dm_method_diff] @ 0x111449 = 1
[DexParser]   ULEB128[dm_access_flags] @ 0x111450 = 9
[DexParser]   ULEB128[dm_code_off] @ 0x111451 = 28128
[DexParser]   === EXP-031.6 CODE_ITEM @ offset=0x28128 for f ===
[DexParser]   registers_size: 2
[DexParser]   ins_size: 2
[DexParser]   outs_size: 2
[DexParser]   tries_size: 0
[DexParser]   debug_info_off: 0x0
[DexParser]   insns_size: 12 ← KEY FIELD!
[DexParser]   ✅ EXTRACTED 12 INSTRUCTIONS!
[DexParser]   First opcodes: 0038 0003 000e 0022 00cc 
[DexParser]   → Direct method[7]:
[DexParser]   ULEB128[dm_method_diff] @ 0x111454 = 1
[DexParser]   ULEB128[dm_access_flags] @ 0x111455 = 9
[DexParser]   ULEB128[dm_code_off] @ 0x111456 = 28168
[DexParser]   === EXP-031.6 CODE_ITEM @ offset=0x28168 for g ===
[DexParser]   registers_size: 3
[DexParser]   ins_size: 2
[DexParser]   outs_size: 2
[DexParser]   tries_size: 0
[DexParser]   debug_info_off: 0x0
[DexParser]   insns_size: 18 ← KEY FIELD!
[DexParser]   ✅ EXTRACTED 18 INSTRUCTIONS!
[DexParser]   First opcodes: 0138 0003 000e 0122 00cc 
[DexParser]   → Direct method[8]:
[DexParser]   ULEB128[dm_method_diff] @ 0x111459 = 1
[DexParser]   ULEB128[dm_access_flags] @ 0x111460 = 9
[DexParser]   ULEB128[dm_code_off] @ 0x111461 = 28220
[DexParser]   === EXP-031.6 CODE_ITEM @ offset=0x28220 for h ===
[DexParser]   registers_size: 6
[DexParser]   ins_size: 2
[DexParser]   outs_size: 2
[DexParser]   tries_size: 0
[DexParser]   debug_info_off: 0x0
[DexParser]   insns_size: 97 ← KEY FIELD!
[DexParser]   ✅ EXTRACTED 97 INSTRUCTIONS!
[DexParser]   First opcodes: 0439 0060 0422 00cc 0071 
[DexParser]   → Direct method[9]:
[DexParser]   ULEB128[dm_method_diff] @ 0x111464 = 1
[DexParser]   ULEB128[dm_access_flags] @ 0x111465 = 25
[DexParser]   ULEB128[dm_code_off] @ 0x111466 = 28432
[DexParser]   === EXP-031.6 CODE_ITEM @ offset=0x28432 for i ===
[DexParser]   registers_size: 4
[DexParser]   ins_size: 2
[DexParser]   outs_size: 3
[DexParser]   tries_size: 1
[DexParser]   debug_info_off: 0x0
[DexParser]   insns_size: 49 ← KEY FIELD!
[DexParser]   ✅ EXTRACTED 49 INSTRUCTIONS!
[DexParser]   First opcodes: 0238 0030 0339 0006 1072 
[DexParser]   → Direct method[10]:
[DexParser]   ULEB128[dm_method_diff] @ 0x111469 = 1
[DexParser]   ULEB128[dm_access_flags] @ 0x111470 = 25
[DexParser]   ULEB128[dm_code_off] @ 0x111471 = 27152
[DexParser]   === EXP-031.6 CODE_ITEM @ offset=0x27152 for j ===
[DexParser]   registers_size: 5
[DexParser]   ins_size: 2
[DexParser]   outs_size: 3
[DexParser]   tries_size: 1
[DexParser]   debug_info_off: 0x0
[DexParser]   insns_size: 94 ← KEY FIELD!
[DexParser]   ✅ EXTRACTED 94 INSTRUCTIONS!
[DexParser]   First opcodes: 001a 02aa 2071 0010 0003 
[DexParser]   → Direct method[11]:
[DexParser]   ULEB128[dm_method_diff] @ 0x111474 = 1
[DexParser]   ULEB128[dm_access_flags] @ 0x111475 = 25
[DexParser]   ULEB128[dm_code_off] @ 0x111476 = 27100
[DexParser]   === EXP-031.6 CODE_ITEM @ offset=0x27100 for k ===
[DexParser]   registers_size: 2
[DexParser]   ins_size: 1
[DexParser]   outs_size: 1
[DexParser]   tries_size: 0
[DexParser]   debug_info_off: 0x0
[DexParser]   insns_size: 17 ← KEY FIELD!
[DexParser]   ✅ EXTRACTED 17 INSTRUCTIONS!
[DexParser]   First opcodes: 1071 026d 0001 000a 0039 
[DexParser]   → Direct method[12]:
[DexParser]   ULEB128[dm_method_diff] @ 0x111479 = 1
[DexParser]   ULEB128[dm_access_flags] @ 0x111480 = 25
[DexParser]   ULEB128[dm_code_off] @ 0x111481 = 28560
[DexParser]   === EXP-031.6 CODE_ITEM @ offset=0x28560 for l ===
[DexParser]   registers_size: 4
[DexParser]   ins_size: 3
[DexParser]   outs_size: 2
[DexParser]   tries_size: 0
[DexParser]   debug_info_off: 0x0
[DexParser]   insns_size: 14 ← KEY FIELD!
[DexParser]   ✅ EXTRACTED 14 INSTRUCTIONS!
[DexParser]   First opcodes: 001a 0054 2071 0010 0001 
[DexParser]   → Direct method[13]:
[DexParser]   ULEB128[dm_method_diff] @ 0x111484 = 1
[DexParser]   ULEB128[dm_access_flags] @ 0x111485 = 9
[DexParser]   ULEB128[dm_code_off] @ 0x111486 = 28604
[DexParser]   === EXP-031.6 CODE_ITEM @ offset=0x28604 for m ===
[DexParser]   registers_size: 7
[DexParser]   ins_size: 1
[DexParser]   outs_size: 3
[DexParser]   tries_size: 0
[DexParser]   debug_info_off: 0x0
[DexParser]   insns_size: 43 ← KEY FIELD!
[DexParser]   ✅ EXTRACTED 43 INSTRUCTIONS!
[DexParser]   First opcodes: 001c 0009 106e 0278 0000 
[DexParser]   → Direct method[14]:
[DexParser]   ULEB128[dm_method_diff] @ 0x111489 = 1
[DexParser]   ULEB128[dm_access_flags] @ 0x111490 = 9
[DexParser]   ULEB128[dm_code_off] @ 0x111491 = 28708
[DexParser]   === EXP-031.6 CODE_ITEM @ offset=0x28708 for n ===
[DexParser]   registers_size: 3
[DexParser]   ins_size: 1
[DexParser]   outs_size: 2
[DexParser]   tries_size: 0
[DexParser]   debug_info_off: 0x0
[DexParser]   insns_size: 28 ← KEY FIELD!
[DexParser]   ✅ EXTRACTED 28 INSTRUCTIONS!
[DexParser]   First opcodes: 0022 00d6 011a 038b 2070 
[DexParser]   → Direct method[15]:
[DexParser]   ULEB128[dm_method_diff] @ 0x111494 = 1
[DexParser]   ULEB128[dm_access_flags] @ 0x111495 = 25
[DexParser]   ULEB128[dm_code_off] @ 0x111496 = 27432
[DexParser]   === EXP-031.6 CODE_ITEM @ offset=0x27432 for o ===
[DexParser]   registers_size: 6
[DexParser]   ins_size: 1
[DexParser]   outs_size: 2
[DexParser]   tries_size: 0
[DexParser]   debug_info_off: 0x0
[DexParser]   insns_size: 95 ← KEY FIELD!
[DexParser]   ✅ EXTRACTED 95 INSTRUCTIONS!
[DexParser]   First opcodes: 001a 02bc 2071 0010 0005 
[DexParser]   → Direct method[16]:
[DexParser]   ULEB128[dm_method_diff] @ 0x111499 = 1
[DexParser]   ULEB128[dm_access_flags] @ 0x111500 = 25
[DexParser]   ULEB128[dm_code_off] @ 0x111501 = 27640
[DexParser]   === EXP-031.6 CODE_ITEM @ offset=0x27640 for p ===
[DexParser]   registers_size: 7
[DexParser]   ins_size: 2
[DexParser]   outs_size: 2
[DexParser]   tries_size: 0
[DexParser]   debug_info_off: 0x0
[DexParser]   insns_size: 134 ← KEY FIELD!
[DexParser]   ✅ EXTRACTED 134 INSTRUCTIONS!
[DexParser]   First opcodes: 001a 02bc 2071 0010 0005 
[DexParser]   → Result: 17 direct methods, 0 virtual methods
[DexParser] CLASS_DEF[4] @ offset 0x22104:
[DexParser]   class_idx: 87 (max valid: 337)
[DexParser]   access_flags: 0x9729
[DexParser]   superclass_idx: 206
[DexParser]   class_data_off: 0x0
[DexParser]   → Resolved name: [Landroidx/annotation/Keep;]
[DexParser]   → NO class_data (off=0x0, size=0x116876)
[DexParser]   → Result: 0 direct methods, 0 virtual methods
[DexParser] CLASS_DEF[5] @ offset 0x22136:
[DexParser]   class_idx: 88 (max valid: 337)
[DexParser]   access_flags: 0x1
[DexParser]   superclass_idx: 15
[DexParser]   class_data_off: 0x111504
[DexParser]   → Resolved name: [Landroidx/core/app/CoreComponentFactory;]
[DexParser]   → Parsing class_data at 0x111504
[DexParser]   === EXP-031.6 CLASS_DATA PARSING @ offset=0x111504 ===
[DexParser]   First bytes: 00 00 01 05 e5 01 81 80 04 d0 e3 01 e6 01 11 c4 e2 01 01 11 e0 e2 01 01 11 b4 e3 01 01 11 98 e3 
[DexParser]   ULEB128[static_fields_size] @ 0x111504 = 0
[DexParser]   ULEB128[instance_fields_size] @ 0x111505 = 0
[DexParser]   ULEB128[direct_methods_size] @ 0x111506 = 1
[DexParser]   ULEB128[virtual_methods_size] @ 0x111507 = 5
[DexParser]   → Header: static=0, instance=0, direct=1, virtual=5
[DexParser]   → Direct method[0]:
[DexParser]   ULEB128[dm_method_diff] @ 0x111508 = 229
[DexParser]   ULEB128[dm_access_flags] @ 0x111510 = 65537
[DexParser]   ULEB128[dm_code_off] @ 0x111513 = 29136
[DexParser]   === EXP-031.6 CODE_ITEM @ offset=0x29136 for <init> ===
[DexParser]   registers_size: 1
[DexParser]   ins_size: 1
[DexParser]   outs_size: 1
[DexParser]   tries_size: 0
[DexParser]   debug_info_off: 0x0
[DexParser]   insns_size: 4 ← KEY FIELD!
[DexParser]   ✅ EXTRACTED 4 INSTRUCTIONS!
[DexParser]   First opcodes: 1070 0028 0000 000e 
[DexParser]   → Virtual method[0]:
[DexParser]   ULEB128[vm_method_diff] @ 0x111516 = 230
[DexParser]   ULEB128[vm_access_flags] @ 0x111518 = 17
[DexParser]   ULEB128[vm_code_off] @ 0x111519 = 28996
[DexParser]   === EXP-031.6 CODE_ITEM @ offset=0x28996 for instantiateActivity ===
[DexParser]   registers_size: 4
[DexParser]   ins_size: 4
[DexParser]   outs_size: 4
[DexParser]   tries_size: 0
[DexParser]   debug_info_off: 0x0
[DexParser]   insns_size: 5 ← KEY FIELD!
[DexParser]   ✅ EXTRACTED 5 INSTRUCTIONS!
[DexParser]   First opcodes: 406f 0029 3210 010c 0111 
[DexParser]   → Virtual method[1]:
[DexParser]   ULEB128[vm_method_diff] @ 0x111522 = 1
[DexParser]   ULEB128[vm_access_flags] @ 0x111523 = 17
[DexParser]   ULEB128[vm_code_off] @ 0x111524 = 29024
[DexParser]   === EXP-031.6 CODE_ITEM @ offset=0x29024 for instantiateApplication ===
[DexParser]   registers_size: 3
[DexParser]   ins_size: 3
[DexParser]   outs_size: 3
[DexParser]   tries_size: 0
[DexParser]   debug_info_off: 0x0
[DexParser]   insns_size: 5 ← KEY FIELD!
[DexParser]   ✅ EXTRACTED 5 INSTRUCTIONS!
[DexParser]   First opcodes: 306f 002a 0210 010c 0111 
[DexParser]   → Virtual method[2]:
[DexParser]   ULEB128[vm_method_diff] @ 0x111527 = 1
[DexParser]   ULEB128[vm_access_flags] @ 0x111528 = 17
[DexParser]   ULEB128[vm_code_off] @ 0x111529 = 29108
[DexParser]   === EXP-031.6 CODE_ITEM @ offset=0x29108 for instantiateProvider ===
[DexParser]   registers_size: 3
[DexParser]   ins_size: 3
[DexParser]   outs_size: 3
[DexParser]   tries_size: 0
[DexParser]   debug_info_off: 0x0
[DexParser]   insns_size: 5 ← KEY FIELD!
[DexParser]   ✅ EXTRACTED 5 INSTRUCTIONS!
[DexParser]   First opcodes: 306f 002b 0210 010c 0111 
[DexParser]   → Virtual method[3]:
[DexParser]   ULEB128[vm_method_diff] @ 0x111532 = 1
[DexParser]   ULEB128[vm_access_flags] @ 0x111533 = 17
[DexParser]   ULEB128[vm_code_off] @ 0x111534 = 29080
[DexParser]   === EXP-031.6 CODE_ITEM @ offset=0x29080 for instantiateReceiver ===
[DexParser]   registers_size: 4
[DexParser]   ins_size: 4
[DexParser]   outs_size: 4
[DexParser]   tries_size: 0
[DexParser]   debug_info_off: 0x0
[DexParser]   insns_size: 5 ← KEY FIELD!
[DexParser]   ✅ EXTRACTED 5 INSTRUCTIONS!
[DexParser]   First opcodes: 406f 002c 3210 010c 0111 
[DexParser]   → Virtual method[4]:
[DexParser]   ULEB128[vm_method_diff] @ 0x111537 = 1
[DexParser]   ULEB128[vm_access_flags] @ 0x111538 = 17
[DexParser]   ULEB128[vm_code_off] @ 0x111539 = 29052
[DexParser]   === EXP-031.6 CODE_ITEM @ offset=0x29052 for instantiateService ===
[DexParser]   registers_size: 4
[DexParser]   ins_size: 4
[DexParser]   outs_size: 4
[DexParser]   tries_size: 0
[DexParser]   debug_info_off: 0x0
[DexParser]   insns_size: 5 ← KEY FIELD!
[DexParser]   ✅ EXTRACTED 5 INSTRUCTIONS!
[DexParser]   First opcodes: 406f 002d 3210 010c 0111 
[DexParser]   → Result: 1 direct methods, 5 virtual methods
[DexParser] CLASS_DEF[6] @ offset 0x22168:
[DexParser]   class_idx: 90 (max valid: 337)
[DexParser]   access_flags: 0x1
[DexParser]   superclass_idx: 206
[DexParser]   class_data_off: 0x111542
[DexParser]   → Resolved name: [Landroidx/core/app/RemoteActionCompatParcelizer;]
[DexParser]   → Parsing class_data at 0x111542
[DexParser]   === EXP-031.6 CLASS_DATA PARSING @ offset=0x111542 ===
[DexParser]   First bytes: 00 00 03 00 ec 01 81 80 04 8c e6 01 01 09 e8 e3 01 01 09 a4 e6 01 00 00 03 00 f2 01 81 80 04 b0 
[DexParser]   ULEB128[static_fields_size] @ 0x111542 = 0
[DexParser]   ULEB128[instance_fields_size] @ 0x111543 = 0
[DexParser]   ULEB128[direct_methods_size] @ 0x111544 = 3
[DexParser]   ULEB128[virtual_methods_size] @ 0x111545 = 0
[DexParser]   → Header: static=0, instance=0, direct=3, virtual=0
[DexParser]   → Direct method[0]:
[DexParser]   ULEB128[dm_method_diff] @ 0x111546 = 236
[DexParser]   ULEB128[dm_access_flags] @ 0x111548 = 65537
[DexParser]   ULEB128[dm_code_off] @ 0x111551 = 29452
[DexParser]   === EXP-031.6 CODE_ITEM @ offset=0x29452 for <init> ===
[DexParser]   registers_size: 1
[DexParser]   ins_size: 1
[DexParser]   outs_size: 1
[DexParser]   tries_size: 0
[DexParser]   debug_info_off: 0x0
[DexParser]   insns_size: 4 ← KEY FIELD!
[DexParser]   ✅ EXTRACTED 4 INSTRUCTIONS!
[DexParser]   First opcodes: 1070 0298 0000 000e 
[DexParser]   → Direct method[1]:
[DexParser]   ULEB128[dm_method_diff] @ 0x111554 = 1
[DexParser]   ULEB128[dm_access_flags] @ 0x111555 = 9
[DexParser]   ULEB128[dm_code_off] @ 0x111556 = 29160
[DexParser]   === EXP-031.6 CODE_ITEM @ offset=0x29160 for read ===
[DexParser]   registers_size: 6
[DexParser]   ins_size: 1
[DexParser]   outs_size: 3
[DexParser]   tries_size: 0
[DexParser]   debug_info_off: 0x0
[DexParser]   insns_size: 137 ← KEY FIELD!
[DexParser]   ✅ EXTRACTED 137 INSTRUCTIONS!
[DexParser]   First opcodes: 0022 0059 1070 00eb 0000 
[DexParser]   → Direct method[2]:
[DexParser]   ULEB128[dm_method_diff] @ 0x111559 = 1
[DexParser]   ULEB128[dm_access_flags] @ 0x111560 = 9
[DexParser]   ULEB128[dm_code_off] @ 0x111561 = 29476
[DexParser]   === EXP-031.6 CODE_ITEM @ offset=0x29476 for write ===
[DexParser]   registers_size: 6
[DexParser]   ins_size: 2
[DexParser]   outs_size: 3
[DexParser]   tries_size: 0
[DexParser]   debug_info_off: 0x0
[DexParser]   insns_size: 64 ← KEY FIELD!
[DexParser]   ✅ EXTRACTED 64 INSTRUCTIONS!
[DexParser]   First opcodes: 106e 029b 0005 4054 000c 
[DexParser]   → Result: 3 direct methods, 0 virtual methods
[DexParser] CLASS_DEF[7] @ offset 0x22200:
[DexParser]   class_idx: 92 (max valid: 337)
[DexParser]   access_flags: 0x1
[DexParser]   superclass_idx: 206
[DexParser]   class_data_off: 0x111564
[DexParser]   → Resolved name: [Landroidx/core/graphics/drawable/IconCompatParcelizer;]
[DexParser]   → Parsing class_data at 0x111564
[DexParser]   === EXP-031.6 CLASS_DATA PARSING @ offset=0x111564 ===
[DexParser]   First bytes: 00 00 03 00 f2 01 81 80 04 b0 eb 01 01 09 cc e7 01 01 09 c8 eb 01 00 04 01 01 1d 01 01 11 01 11 
[DexParser]   ULEB128[static_fields_size] @ 0x111564 = 0
[DexParser]   ULEB128[instance_fields_size] @ 0x111565 = 0
[DexParser]   ULEB128[direct_methods_size] @ 0x111566 = 3
[DexParser]   ULEB128[virtual_methods_size] @ 0x111567 = 0
[DexParser]   → Header: static=0, instance=0, direct=3, virtual=0
[DexParser]   → Direct method[0]:
[DexParser]   ULEB128[dm_method_diff] @ 0x111568 = 242
[DexParser]   ULEB128[dm_access_flags] @ 0x111570 = 65537
[DexParser]   ULEB128[dm_code_off] @ 0x111573 = 30128
[DexParser]   === EXP-031.6 CODE_ITEM @ offset=0x30128 for <init> ===
[DexParser]   registers_size: 1
[DexParser]   ins_size: 1
[DexParser]   outs_size: 1
[DexParser]   tries_size: 0
[DexParser]   debug_info_off: 0x0
[DexParser]   insns_size: 4 ← KEY FIELD!
[DexParser]   ✅ EXTRACTED 4 INSTRUCTIONS!
[DexParser]   First opcodes: 1070 0298 0000 000e 
[DexParser]   → Direct method[1]:
[DexParser]   ULEB128[dm_method_diff] @ 0x111576 = 1
[DexParser]   ULEB128[dm_access_flags] @ 0x111577 = 9
[DexParser]   ULEB128[dm_code_off] @ 0x111578 = 29644
[DexParser]   === EXP-031.6 CODE_ITEM @ offset=0x29644 for read ===
[DexParser]   registers_size: 6
[DexParser]   ins_size: 1
[DexParser]   outs_size: 3
[DexParser]   tries_size: 0
[DexParser]   debug_info_off: 0x0
[DexParser]   insns_size: 234 ← KEY FIELD!
[DexParser]   ✅ EXTRACTED 234 INSTRUCTIONS!
[DexParser]   First opcodes: 0022 005b 1070 00f0 0000 
[DexParser]   → Direct method[2]:
[DexParser]   ULEB128[dm_method_diff] @ 0x111581 = 1
[DexParser]   ULEB128[dm_access_flags] @ 0x111582 = 9
[DexParser]   ULEB128[dm_code_off] @ 0x111583 = 30152
[DexParser]   === EXP-031.6 CODE_ITEM @ offset=0x30152 for write ===
[DexParser]   registers_size: 5
[DexParser]   ins_size: 2
[DexParser]   outs_size: 3
[DexParser]   tries_size: 0
[DexParser]   debug_info_off: 0x0
[DexParser]   insns_size: 220 ← KEY FIELD!
[DexParser]   ✅ EXTRACTED 220 INSTRUCTIONS!
[DexParser]   First opcodes: 106e 029b 0004 3054 0019 
[DexParser]   → Result: 3 direct methods, 0 virtual methods
[DexParser] CLASS_DEF[8] @ offset 0x22232:
[DexParser]   class_idx: 93 (max valid: 337)
[DexParser]   access_flags: 0x0
[DexParser]   superclass_idx: 206
[DexParser]   class_data_off: 0x0
[DexParser]   → Resolved name: [Landroidx/lifecycle/CompositeGeneratedAdaptersObserver;]
[DexParser]   → NO class_data (off=0x0, size=0x116876)
[DexParser]   → Result: 0 direct methods, 0 virtual methods
[DexParser] CLASS_DEF[9] @ offset 0x22264:
[DexParser]   class_idx: 94 (max valid: 337)
[DexParser]   access_flags: 0x0
[DexParser]   superclass_idx: 206
[DexParser]   class_data_off: 0x0
[DexParser]   → Resolved name: [Landroidx/lifecycle/FullLifecycleObserverAdapter;]
[DexParser]   → NO class_data (off=0x0, size=0x116876)
[DexParser]   → Result: 0 direct methods, 0 virtual methods
[DexParser] CLASS_DEF[10] @ offset 0x22296:
[DexParser]   class_idx: 95 (max valid: 337)
[DexParser]   access_flags: 0x0
[DexParser]   superclass_idx: 206
[DexParser]   class_data_off: 0x0
[DexParser]   → Resolved name: [Landroidx/lifecycle/Lifecycling$1;]
[DexParser]   → NO class_data (off=0x0, size=0x116876)
[DexParser]   → Result: 0 direct methods, 0 virtual methods
[DexParser] CLASS_DEF[11] @ offset 0x22328:
[DexParser]   class_idx: 96 (max valid: 337)
[DexParser]   access_flags: 0x0
[DexParser]   superclass_idx: 206
[DexParser]   class_data_off: 0x0
[DexParser]   → Resolved name: [Landroidx/lifecycle/ReflectiveGenericLifecycleObserver;]
[DexParser]   → NO class_data (off=0x0, size=0x116876)
[DexParser]   → Result: 0 direct methods, 0 virtual methods
[DexParser] CLASS_DEF[12] @ offset 0x22360:
[DexParser]   class_idx: 97 (max valid: 337)
[DexParser]   access_flags: 0x0
[DexParser]   superclass_idx: 206
[DexParser]   class_data_off: 0x0
[DexParser]   → Resolved name: [Landroidx/lifecycle/SingleGeneratedAdapterObserver;]
[DexParser]   → NO class_data (off=0x0, size=0x116876)
[DexParser]   → Result: 0 direct methods, 0 virtual methods
[DexParser] CLASS_DEF[13] @ offset 0x22392:
[DexParser]   class_idx: 98 (max valid: 337)
[DexParser]   access_flags: 0x17
[DexParser]   superclass_idx: 24
[DexParser]   class_data_off: 0x111586
[DexParser]   → Resolved name: [Landroidx/room/MultiInstanceInvalidationService;]
[DexParser]   → Parsing class_data at 0x111586
[DexParser]   === EXP-031.6 CLASS_DATA PARSING @ offset=0x111586 ===
[DexParser]   First bytes: 00 04 01 01 1d 01 01 11 01 11 01 11 f5 01 81 80 04 b0 f4 01 f6 01 11 90 f4 01 01 01 02 02 21 19 
[DexParser]   ULEB128[static_fields_size] @ 0x111586 = 0
[DexParser]   ULEB128[instance_fields_size] @ 0x111587 = 4
[DexParser]   ULEB128[direct_methods_size] @ 0x111588 = 1
[DexParser]   ULEB128[virtual_methods_size] @ 0x111589 = 1
[DexParser]   → Header: static=0, instance=4, direct=1, virtual=1
[DexParser]   ULEB128[if_field_diff] @ 0x111590 = 29
[DexParser]   ULEB128[if_access_flags] @ 0x111591 = 1
[DexParser]   ULEB128[if_field_diff] @ 0x111592 = 1
[DexParser]   ULEB128[if_access_flags] @ 0x111593 = 17
[DexParser]   ULEB128[if_field_diff] @ 0x111594 = 1
[DexParser]   ULEB128[if_access_flags] @ 0x111595 = 17
[DexParser]   ULEB128[if_field_diff] @ 0x111596 = 1
[DexParser]   ULEB128[if_access_flags] @ 0x111597 = 17
[DexParser]   → Direct method[0]:
[DexParser]   ULEB128[dm_method_diff] @ 0x111598 = 245
[DexParser]   ULEB128[dm_access_flags] @ 0x111600 = 65537
[DexParser]   ULEB128[dm_code_off] @ 0x111603 = 31280
[DexParser]   === EXP-031.6 CODE_ITEM @ offset=0x31280 for <init> ===
[DexParser]   registers_size: 2
[DexParser]   ins_size: 1
[DexParser]   outs_size: 2
[DexParser]   tries_size: 0
[DexParser]   debug_info_off: 0x0
[DexParser]   insns_size: 25 ← KEY FIELD!
[DexParser]   ✅ EXTRACTED 25 INSTRUCTIONS!
[DexParser]   First opcodes: 1070 0041 0001 0022 00f9 
[DexParser]   → Virtual method[0]:
[DexParser]   ULEB128[vm_method_diff] @ 0x111606 = 246
[DexParser]   ULEB128[vm_access_flags] @ 0x111608 = 17
[DexParser]   ULEB128[vm_code_off] @ 0x111609 = 31248
[DexParser]   === EXP-031.6 CODE_ITEM @ offset=0x31248 for onBind ===
[DexParser]   registers_size: 3
[DexParser]   ins_size: 2
[DexParser]   outs_size: 2
[DexParser]   tries_size: 0
[DexParser]   debug_info_off: 0x0
[DexParser]   insns_size: 8 ← KEY FIELD!
[DexParser]   ✅ EXTRACTED 8 INSTRUCTIONS!
[DexParser]   First opcodes: 001a 036d 2071 0010 0002 
[DexParser]   → Result: 1 direct methods, 1 virtual methods
[DexParser] CLASS_DEF[14] @ offset 0x22424:
[DexParser]   class_idx: 100 (max valid: 337)
[DexParser]   access_flags: 0x1
[DexParser]   superclass_idx: 206
[DexParser]   class_data_off: 0x111612
[DexParser]   → Resolved name: [Landroidx/versionedparcelable/ParcelImpl;]
[DexParser]   → Parsing class_data at 0x111612
[DexParser]   === EXP-031.6 CLASS_DATA PARSING @ offset=0x111612 ===
[DexParser]   First bytes: 01 01 02 02 21 19 22 11 f8 01 89 80 04 a0 f5 01 01 81 80 04 c0 f5 01 fa 01 11 8c f5 01 01 11 f0 
[DexParser]   ULEB128[static_fields_size] @ 0x111612 = 1
[DexParser]   ULEB128[instance_fields_size] @ 0x111613 = 1
[DexParser]   ULEB128[direct_methods_size] @ 0x111614 = 2
[DexParser]   ULEB128[virtual_methods_size] @ 0x111615 = 2
[DexParser]   → Header: static=1, instance=1, direct=2, virtual=2
[DexParser]   ULEB128[sf_field_diff] @ 0x111616 = 33
[DexParser]   ULEB128[sf_access_flags] @ 0x111617 = 25
[DexParser]   ULEB128[if_field_diff] @ 0x111618 = 34
[DexParser]   ULEB128[if_access_flags] @ 0x111619 = 17
[DexParser]   → Direct method[0]:
[DexParser]   ULEB128[dm_method_diff] @ 0x111620 = 248
[DexParser]   ULEB128[dm_access_flags] @ 0x111622 = 65545
[DexParser]   ULEB128[dm_code_off] @ 0x111625 = 31392
[DexParser]   === EXP-031.6 CODE_ITEM @ offset=0x31392 for <clinit> ===
[DexParser]   registers_size: 1
[DexParser]   ins_size: 0
[DexParser]   outs_size: 1
[DexParser]   tries_size: 0
[DexParser]   debug_info_off: 0x0
[DexParser]   insns_size: 8 ← KEY FIELD!
[DexParser]   ✅ EXTRACTED 8 INSTRUCTIONS!
[DexParser]   First opcodes: 0022 00ab 1070 024d 0000 
[DexParser]   → Direct method[1]:
[DexParser]   ULEB128[dm_method_diff] @ 0x111628 = 1
[DexParser]   ULEB128[dm_access_flags] @ 0x111629 = 65537
[DexParser]   ULEB128[dm_code_off] @ 0x111632 = 31424
[DexParser]   === EXP-031.6 CODE_ITEM @ offset=0x31424 for <init> ===
[DexParser]   registers_size: 3
[DexParser]   ins_size: 2
[DexParser]   outs_size: 2
[DexParser]   tries_size: 0
[DexParser]   debug_info_off: 0x0
[DexParser]   insns_size: 15 ← KEY FIELD!
[DexParser]   ✅ EXTRACTED 15 INSTRUCTIONS!
[DexParser]   First opcodes: 1070 0298 0001 0022 00ad 
[DexParser]   → Virtual method[0]:
[DexParser]   ULEB128[vm_method_diff] @ 0x111635 = 250
[DexParser]   ULEB128[vm_access_flags] @ 0x111637 = 17
[DexParser]   ULEB128[vm_code_off] @ 0x111638 = 31372
[DexParser]   === EXP-031.6 CODE_ITEM @ offset=0x31372 for describeContents ===
[DexParser]   registers_size: 2
[DexParser]   ins_size: 1
[DexParser]   outs_size: 0
[DexParser]   tries_size: 0
[DexParser]   debug_info_off: 0x0
[DexParser]   insns_size: 2 ← KEY FIELD!
[DexParser]   ✅ EXTRACTED 2 INSTRUCTIONS!
[DexParser]   First opcodes: 0012 000f 
[DexParser]   → Virtual method[1]:
[DexParser]   ULEB128[vm_method_diff] @ 0x111641 = 1
[DexParser]   ULEB128[vm_access_flags] @ 0x111642 = 17
[DexParser]   ULEB128[vm_code_off] @ 0x111643 = 31472
[DexParser]   === EXP-031.6 CODE_ITEM @ offset=0x31472 for writeToParcel ===
[DexParser]   registers_size: 3
[DexParser]   ins_size: 3
[DexParser]   outs_size: 2
[DexParser]   tries_size: 0
[DexParser]   debug_info_off: 0x0
[DexParser]   insns_size: 11 ← KEY FIELD!
[DexParser]   ✅ EXTRACTED 11 INSTRUCTIONS!
[DexParser]   First opcodes: 0222 00ad 2070 025b 0012 
[DexParser]   → Result: 2 direct methods, 2 virtual methods
[DexParser] CLASS_DEF[15] @ offset 0x22456:
[DexParser]   class_idx: 102 (max valid: 337)
[DexParser]   access_flags: 0x17
[DexParser]   superclass_idx: 206
[DexParser]   class_data_off: 0x111646
[DexParser]   → Resolved name: [Lb/b;]
[DexParser]   → Parsing class_data at 0x111646
[DexParser]   === EXP-031.6 CLASS_DATA PARSING @ offset=0x111646 ===
[DexParser]   First bytes: 00 04 01 06 23 11 01 11 01 01 01 01 fd 01 81 80 04 b0 f8 01 fe 01 11 98 f6 01 01 11 9c f7 01 01 
[DexParser]   ULEB128[static_fields_size] @ 0x111646 = 0
[DexParser]   ULEB128[instance_fields_size] @ 0x111647 = 4
[DexParser]   ULEB128[direct_methods_size] @ 0x111648 = 1
[DexParser]   ULEB128[virtual_methods_size] @ 0x111649 = 6
[DexParser]   → Header: static=0, instance=4, direct=1, virtual=6
[DexParser]   ULEB128[if_field_diff] @ 0x111650 = 35
[DexParser]   ULEB128[if_access_flags] @ 0x111651 = 17
[DexParser]   ULEB128[if_field_diff] @ 0x111652 = 1
[DexParser]   ULEB128[if_access_flags] @ 0x111653 = 17
[DexParser]   ULEB128[if_field_diff] @ 0x111654 = 1
[DexParser]   ULEB128[if_access_flags] @ 0x111655 = 1
[DexParser]   ULEB128[if_field_diff] @ 0x111656 = 1
[DexParser]   ULEB128[if_access_flags] @ 0x111657 = 1
[DexParser]   → Direct method[0]:
[DexParser]   ULEB128[dm_method_diff] @ 0x111658 = 253
[DexParser]   ULEB128[dm_access_flags] @ 0x111660 = 65537
[DexParser]   ULEB128[dm_code_off] @ 0x111663 = 31792
[DexParser]   === EXP-031.6 CODE_ITEM @ offset=0x31792 for <init> ===
[DexParser]   registers_size: 3
[DexParser]   ins_size: 3
[DexParser]   outs_size: 1
[DexParser]   tries_size: 0
[DexParser]   debug_info_off: 0x0
[DexParser]   insns_size: 8 ← KEY FIELD!
[DexParser]   ✅ EXTRACTED 8 INSTRUCTIONS!
[DexParser]   First opcodes: 1070 0298 0000 015b 0023 
[DexParser]   → Virtual method[0]:
[DexParser]   ULEB128[vm_method_diff] @ 0x111666 = 254
[DexParser]   ULEB128[vm_access_flags] @ 0x111668 = 17
[DexParser]   ULEB128[vm_code_off] @ 0x111669 = 31512
[DexParser]   === EXP-031.6 CODE_ITEM @ offset=0x31512 for equals ===
[DexParser]   registers_size: 6
[DexParser]   ins_size: 2
[DexParser]   outs_size: 2
[DexParser]   tries_size: 0
[DexParser]   debug_info_off: 0x0
[DexParser]   insns_size: 35 ← KEY FIELD!
[DexParser]   ✅ EXTRACTED 35 INSTRUCTIONS!
[DexParser]   First opcodes: 1012 4533 0003 000f 5120 
[DexParser]   → Virtual method[1]:
[DexParser]   ULEB128[vm_method_diff] @ 0x111672 = 1
[DexParser]   ULEB128[vm_access_flags] @ 0x111673 = 17
[DexParser]   ULEB128[vm_code_off] @ 0x111674 = 31644
[DexParser]   === EXP-031.6 CODE_ITEM @ offset=0x31644 for getKey ===
[DexParser]   registers_size: 2
[DexParser]   ins_size: 1
[DexParser]   outs_size: 0
[DexParser]   tries_size: 0
[DexParser]   debug_info_off: 0x0
[DexParser]   insns_size: 3 ← KEY FIELD!
[DexParser]   ✅ EXTRACTED 3 INSTRUCTIONS!
[DexParser]   First opcodes: 1054 0023 0011 
[DexParser]   → Virtual method[2]:
[DexParser]   ULEB128[vm_method_diff] @ 0x111677 = 1
[DexParser]   ULEB128[vm_access_flags] @ 0x111678 = 17
[DexParser]   ULEB128[vm_code_off] @ 0x111679 = 31668
[DexParser]   === EXP-031.6 CODE_ITEM @ offset=0x31668 for getValue ===
[DexParser]   registers_size: 2
[DexParser]   ins_size: 1
[DexParser]   outs_size: 0
[DexParser]   tries_size: 0
[DexParser]   debug_info_off: 0x0
[DexParser]   insns_size: 3 ← KEY FIELD!
[DexParser]   ✅ EXTRACTED 3 INSTRUCTIONS!
[DexParser]   First opcodes: 1054 0024 0011 
[DexParser]   → Virtual method[3]:
[DexParser]   ULEB128[vm_method_diff] @ 0x111682 = 1
[DexParser]   ULEB128[vm_access_flags] @ 0x111683 = 17
[DexParser]   ULEB128[vm_code_off] @ 0x111684 = 31600
[DexParser]   === EXP-031.6 CODE_ITEM @ offset=0x31600 for hashCode ===
[DexParser]   registers_size: 3
[DexParser]   ins_size: 1
[DexParser]   outs_size: 1
[DexParser]   tries_size: 0
[DexParser]   debug_info_off: 0x0
[DexParser]   insns_size: 14 ← KEY FIELD!
[DexParser]   ✅ EXTRACTED 14 INSTRUCTIONS!
[DexParser]   First opcodes: 2054 0023 106e 029c 0000 
[DexParser]   → Virtual method[4]:
[DexParser]   ULEB128[vm_method_diff] @ 0x111687 = 1
[DexParser]   ULEB128[vm_access_flags] @ 0x111688 = 17
[DexParser]   ULEB128[vm_code_off] @ 0x111689 = 31692
[DexParser]   === EXP-031.6 CODE_ITEM @ offset=0x31692 for setValue ===
[DexParser]   registers_size: 3
[DexParser]   ins_size: 2
[DexParser]   outs_size: 2
[DexParser]   tries_size: 0
[DexParser]   debug_info_off: 0x0
[DexParser]   insns_size: 8 ← KEY FIELD!
[DexParser]   ✅ EXTRACTED 8 INSTRUCTIONS!
[DexParser]   First opcodes: 0222 00db 001a 005e 2070 
[DexParser]   → Virtual method[5]:
[DexParser]   ULEB128[vm_method_diff] @ 0x111692 = 1
[DexParser]   ULEB128[vm_access_flags] @ 0x111693 = 17
[DexParser]   ULEB128[vm_code_off] @ 0x111694 = 31724
[DexParser]   === EXP-031.6 CODE_ITEM @ offset=0x31724 for toString ===
[DexParser]   registers_size: 3
[DexParser]   ins_size: 1
[DexParser]   outs_size: 2
[DexParser]   tries_size: 0
[DexParser]   debug_info_off: 0x0
[DexParser]   insns_size: 25 ← KEY FIELD!
[DexParser]   ✅ EXTRACTED 25 INSTRUCTIONS!
[DexParser]   First opcodes: 0022 00d6 1070 02bb 0000 
[DexParser]   → Result: 1 direct methods, 6 virtual methods
[DexParser] CLASS_DEF[16] @ offset 0x22488:
[DexParser]   class_idx: 103 (max valid: 337)
[DexParser]   access_flags: 0x1025
[DexParser]   superclass_idx: 206
[DexParser]   class_data_off: 0x111697
[DexParser]   → Resolved name: [Lb/c;]
[DexParser]   → Parsing class_data at 0x111697
[DexParser]   === EXP-031.6 CLASS_DATA PARSING @ offset=0x111697 ===
[DexParser]   First bytes: 00 02 01 02 27 01 01 01 84 02 81 80 04 a0 f9 01 85 02 11 d0 f8 01 01 11 f0 f8 01 00 04 01 05 29 
[DexParser]   ULEB128[static_fields_size] @ 0x111697 = 0
[DexParser]   ULEB128[instance_fields_size] @ 0x111698 = 2
[DexParser]   ULEB128[direct_methods_size] @ 0x111699 = 1
[DexParser]   ULEB128[virtual_methods_size] @ 0x111700 = 2
[DexParser]   → Header: static=0, instance=2, direct=1, virtual=2
[DexParser]   ULEB128[if_field_diff] @ 0x111701 = 39
[DexParser]   ULEB128[if_access_flags] @ 0x111702 = 1
[DexParser]   ULEB128[if_field_diff] @ 0x111703 = 1
[DexParser]   ULEB128[if_access_flags] @ 0x111704 = 1
[DexParser]   → Direct method[0]:
[DexParser]   ULEB128[dm_method_diff] @ 0x111705 = 260
[DexParser]   ULEB128[dm_access_flags] @ 0x111707 = 65537
[DexParser]   ULEB128[dm_code_off] @ 0x111710 = 31904
[DexParser]   === EXP-031.6 CODE_ITEM @ offset=0x31904 for <init> ===
[DexParser]   registers_size: 3
[DexParser]   ins_size: 3
[DexParser]   outs_size: 1
[DexParser]   tries_size: 0
[DexParser]   debug_info_off: 0x0
[DexParser]   insns_size: 8 ← KEY FIELD!
[DexParser]   ✅ EXTRACTED 8 INSTRUCTIONS!
[DexParser]   First opcodes: 1070 0298 0000 025b 0027 
[DexParser]   → Virtual method[0]:
[DexParser]   ULEB128[vm_method_diff] @ 0x111713 = 261
[DexParser]   ULEB128[vm_access_flags] @ 0x111715 = 17
[DexParser]   ULEB128[vm_code_off] @ 0x111716 = 31824
[DexParser]   === EXP-031.6 CODE_ITEM @ offset=0x31824 for hasNext ===
[DexParser]   registers_size: 2
[DexParser]   ins_size: 1
[DexParser]   outs_size: 0
[DexParser]   tries_size: 0
[DexParser]   debug_info_off: 0x0
[DexParser]   insns_size: 8 ← KEY FIELD!
[DexParser]   ✅ EXTRACTED 8 INSTRUCTIONS!
[DexParser]   First opcodes: 1054 0028 0038 0004 1012 
[DexParser]   → Virtual method[1]:
[DexParser]   ULEB128[vm_method_diff] @ 0x111719 = 1
[DexParser]   ULEB128[vm_access_flags] @ 0x111720 = 17
[DexParser]   ULEB128[vm_code_off] @ 0x111721 = 31856
[DexParser]   === EXP-031.6 CODE_ITEM @ offset=0x31856 for next ===
[DexParser]   registers_size: 3
[DexParser]   ins_size: 1
[DexParser]   outs_size: 0
[DexParser]   tries_size: 0
[DexParser]   debug_info_off: 0x0
[DexParser]   insns_size: 16 ← KEY FIELD!
[DexParser]   ✅ EXTRACTED 16 INSTRUCTIONS!
[DexParser]   First opcodes: 2054 0028 2154 0027 1032 
[DexParser]   → Result: 1 direct methods, 2 virtual methods
[DexParser] CLASS_DEF[17] @ offset 0x22520:
[DexParser]   class_idx: 104 (max valid: 337)
[DexParser]   access_flags: 0x17
[DexParser]   superclass_idx: 206
[DexParser]   class_data_off: 0x111724
[DexParser]   → Resolved name: [Lb/d;]
[DexParser]   → Parsing class_data at 0x111724
[DexParser]   === EXP-031.6 CLASS_DATA PARSING @ offset=0x111724 ===
[DexParser]   First bytes: 00 04 01 05 29 01 01 01 01 11 01 01 87 02 81 80 04 f8 fe 01 88 02 11 c4 fb 01 01 11 c0 f9 01 01 
[DexParser]   ULEB128[static_fields_size] @ 0x111724 = 0
[DexParser]   ULEB128[instance_fields_size] @ 0x111725 = 4
[DexParser]   ULEB128[direct_methods_size] @ 0x111726 = 1
[DexParser]   ULEB128[virtual_methods_size] @ 0x111727 = 5
[DexParser]   → Header: static=0, instance=4, direct=1, virtual=5
[DexParser]   ULEB128[if_field_diff] @ 0x111728 = 41
[DexParser]   ULEB128[if_access_flags] @ 0x111729 = 1
[DexParser]   ULEB128[if_field_diff] @ 0x111730 = 1
[DexParser]   ULEB128[if_access_flags] @ 0x111731 = 1
[DexParser]   ULEB128[if_field_diff] @ 0x111732 = 1
[DexParser]   ULEB128[if_access_flags] @ 0x111733 = 17
[DexParser]   ULEB128[if_field_diff] @ 0x111734 = 1
[DexParser]   ULEB128[if_access_flags] @ 0x111735 = 1
[DexParser]   → Direct method[0]:
[DexParser]   ULEB128[dm_method_diff] @ 0x111736 = 263
[DexParser]   ULEB128[dm_access_flags] @ 0x111738 = 65537
[DexParser]   ULEB128[dm_code_off] @ 0x111741 = 32632
[DexParser]   === EXP-031.6 CODE_ITEM @ offset=0x32632 for <init> ===
[DexParser]   registers_size: 2
[DexParser]   ins_size: 1
[DexParser]   outs_size: 1
[DexParser]   tries_size: 0
[DexParser]   debug_info_off: 0x0
[DexParser]   insns_size: 14 ← KEY FIELD!
[DexParser]   ✅ EXTRACTED 14 INSTRUCTIONS!
[DexParser]   First opcodes: 1070 0298 0001 0022 0106 
[DexParser]   → Virtual method[0]:
[DexParser]   ULEB128[vm_method_diff] @ 0x111744 = 264
[DexParser]   ULEB128[vm_access_flags] @ 0x111746 = 17
[DexParser]   ULEB128[vm_code_off] @ 0x111747 = 32196
[DexParser]   === EXP-031.6 CODE_ITEM @ offset=0x32196 for a ===
[DexParser]   registers_size: 7
[DexParser]   ins_size: 2
[DexParser]   outs_size: 2
[DexParser]   tries_size: 0
[DexParser]   debug_info_off: 0x0
[DexParser]   insns_size: 119 ← KEY FIELD!
[DexParser]   ✅ EXTRACTED 119 INSTRUCTIONS!
[DexParser]   First opcodes: 5054 0029 0038 000e 0154 
[DexParser]   → Virtual method[1]:
[DexParser]   ULEB128[vm_method_diff] @ 0x111750 = 1
[DexParser]   ULEB128[vm_access_flags] @ 0x111751 = 17
[DexParser]   ULEB128[vm_code_off] @ 0x111752 = 31936
[DexParser]   === EXP-031.6 CODE_ITEM @ offset=0x31936 for equals ===
[DexParser]   registers_size: 8
[DexParser]   ins_size: 2
[DexParser]   outs_size: 2
[DexParser]   tries_size: 0
[DexParser]   debug_info_off: 0x0
[DexParser]   insns_size: 85 ← KEY FIELD!
[DexParser]   ✅ EXTRACTED 85 INSTRUCTIONS!
[DexParser]   First opcodes: 1012 6733 0003 000f 7120 
[DexParser]   → Virtual method[2]:
[DexParser]   ULEB128[vm_method_diff] @ 0x111755 = 1
[DexParser]   ULEB128[vm_access_flags] @ 0x111756 = 17
[DexParser]   ULEB128[vm_code_off] @ 0x111757 = 32124
[DexParser]   === EXP-031.6 CODE_ITEM @ offset=0x32124 for hashCode ===
[DexParser]   registers_size: 5
[DexParser]   ins_size: 1
[DexParser]   outs_size: 1
[DexParser]   tries_size: 0
[DexParser]   debug_info_off: 0x0
[DexParser]   insns_size: 27 ← KEY FIELD!
[DexParser]   ✅ EXTRACTED 27 INSTRUCTIONS!
[DexParser]   First opcodes: 106e 010b 0004 000c 0112 
[DexParser]   → Virtual method[3]:
[DexParser]   ULEB128[vm_method_diff] @ 0x111760 = 1
[DexParser]   ULEB128[vm_access_flags] @ 0x111761 = 17
[DexParser]   ULEB128[vm_code_off] @ 0x111762 = 32580
[DexParser]   === EXP-031.6 CODE_ITEM @ offset=0x32580 for iterator ===
[DexParser]   registers_size: 4
[DexParser]   ins_size: 1
[DexParser]   outs_size: 3
[DexParser]   tries_size: 0
[DexParser]   debug_info_off: 0x0
[DexParser]   insns_size: 17 ← KEY FIELD!
[DexParser]   ✅ EXTRACTED 17 INSTRUCTIONS!
[DexParser]   First opcodes: 0022 0065 3154 0029 3254 
[DexParser]   → Virtual method[4]:
[DexParser]   ULEB128[vm_method_diff] @ 0x111765 = 1
[DexParser]   ULEB128[vm_access_flags] @ 0x111766 = 17
[DexParser]   ULEB128[vm_code_off] @ 0x111767 = 32452
[DexParser]   === EXP-031.6 CODE_ITEM @ offset=0x32452 for toString ===
[DexParser]   registers_size: 5
[DexParser]   ins_size: 1
[DexParser]   outs_size: 2
[DexParser]   tries_size: 0
[DexParser]   debug_info_off: 0x0
[DexParser]   insns_size: 55 ← KEY FIELD!
[DexParser]   ✅ EXTRACTED 55 INSTRUCTIONS!
[DexParser]   First opcodes: 0022 00d6 011a 0269 2070 
[DexParser]   → Result: 1 direct methods, 5 virtual methods
[DexParser] CLASS_DEF[18] @ offset 0x22552:
[DexParser]   class_idx: 105 (max valid: 337)
[DexParser]   access_flags: 0x17
[DexParser]   superclass_idx: 206
[DexParser]   class_data_off: 0x111770
[DexParser]   → Resolved name: [Lc/a;]
[DexParser]   → Parsing class_data at 0x111770
[DexParser]   === EXP-031.6 CLASS_DATA PARSING @ offset=0x111770 ===
[DexParser]   First bytes: 00 04 02 03 2d 01 01 01 01 01 01 91 20 8d 02 81 80 04 88 81 02 03 09 a4 ff 01 8e 02 11 84 80 02 
[DexParser]   ULEB128[static_fields_size] @ 0x111770 = 0
[DexParser]   ULEB128[instance_fields_size] @ 0x111771 = 4
[DexParser]   ULEB128[direct_methods_size] @ 0x111772 = 2
[DexParser]   ULEB128[virtual_methods_size] @ 0x111773 = 3
[DexParser]   → Header: static=0, instance=4, direct=2, virtual=3
[DexParser]   ULEB128[if_field_diff] @ 0x111774 = 45
[DexParser]   ULEB128[if_access_flags] @ 0x111775 = 1
[DexParser]   ULEB128[if_field_diff] @ 0x111776 = 1
[DexParser]   ULEB128[if_access_flags] @ 0x111777 = 1
[DexParser]   ULEB128[if_field_diff] @ 0x111778 = 1
[DexParser]   ULEB128[if_access_flags] @ 0x111779 = 1
[DexParser]   ULEB128[if_field_diff] @ 0x111780 = 1
[DexParser]   ULEB128[if_access_flags] @ 0x111781 = 4113
[DexParser]   → Direct method[0]:
[DexParser]   ULEB128[dm_method_diff] @ 0x111783 = 269
[DexParser]   ULEB128[dm_access_flags] @ 0x111785 = 65537
[DexParser]   ULEB128[dm_code_off] @ 0x111788 = 32904
[DexParser]   === EXP-031.6 CODE_ITEM @ offset=0x32904 for <init> ===
[DexParser]   registers_size: 2
[DexParser]   ins_size: 2
[DexParser]   outs_size: 1
[DexParser]   tries_size: 0
[DexParser]   debug_info_off: 0x0
[DexParser]   insns_size: 6 ← KEY FIELD!
[DexParser]   ✅ EXTRACTED 6 INSTRUCTIONS!
[DexParser]   First opcodes: 015b 0030 1070 0298 0000 
[DexParser]   → Direct method[1]:
[DexParser]   ULEB128[dm_method_diff] @ 0x111791 = 3
[DexParser]   ULEB128[dm_access_flags] @ 0x111792 = 9
[DexParser]   ULEB128[dm_code_off] @ 0x111793 = 32676
[DexParser]   === EXP-031.6 CODE_ITEM @ offset=0x32676 for c ===
[DexParser]   registers_size: 6
[DexParser]   ins_size: 2
[DexParser]   outs_size: 2
[DexParser]   tries_size: 1
[DexParser]   debug_info_off: 0x0
[DexParser]   insns_size: 31 ← KEY FIELD!
[DexParser]   ✅ EXTRACTED 31 INSTRUCTIONS!
[DexParser]   First opcodes: 1012 5433 0003 000f 5120 
[DexParser]   → Virtual method[0]:
[DexParser]   ULEB128[vm_method_diff] @ 0x111796 = 270
[DexParser]   ULEB128[vm_access_flags] @ 0x111798 = 17
[DexParser]   ULEB128[vm_code_off] @ 0x111799 = 32772
[DexParser]   === EXP-031.6 CODE_ITEM @ offset=0x32772 for a ===
[DexParser]   registers_size: 4
[DexParser]   ins_size: 3
[DexParser]   outs_size: 0
[DexParser]   tries_size: 0
[DexParser]   debug_info_off: 0x0
[DexParser]   insns_size: 10 ← KEY FIELD!
[DexParser]   ✅ EXTRACTED 10 INSTRUCTIONS!
[DexParser]   First opcodes: 1054 0030 0054 0032 02e0 
[DexParser]   → Virtual method[1]:
[DexParser]   ULEB128[vm_method_diff] @ 0x111802 = 1
[DexParser]   ULEB128[vm_access_flags] @ 0x111803 = 17
[DexParser]   ULEB128[vm_code_off] @ 0x111804 = 32932
[DexParser]   === EXP-031.6 CODE_ITEM @ offset=0x32932 for b ===
[DexParser]   registers_size: 3
[DexParser]   ins_size: 2
[DexParser]   outs_size: 2
[DexParser]   tries_size: 0
[DexParser]   debug_info_off: 0x0
[DexParser]   insns_size: 6 ← KEY FIELD!
[DexParser]   ✅ EXTRACTED 6 INSTRUCTIONS!
[DexParser]   First opcodes: 1054 0030 206e 012e 0020 
[DexParser]   → Virtual method[2]:
[DexParser]   ULEB128[vm_method_diff] @ 0x111807 = 2
[DexParser]   ULEB128[vm_access_flags] @ 0x111808 = 17
[DexParser]   ULEB128[vm_code_off] @ 0x111809 = 32808
[DexParser]   === EXP-031.6 CODE_ITEM @ offset=0x32808 for d ===
[DexParser]   registers_size: 6
[DexParser]   ins_size: 3
[DexParser]   outs_size: 3
[DexParser]   tries_size: 0
[DexParser]   debug_info_off: 0x0
[DexParser]   insns_size: 40 ← KEY FIELD!
[DexParser]   ✅ EXTRACTED 40 INSTRUCTIONS!
[DexParser]   First opcodes: 3054 0030 0052 0033 5121 
[DexParser]   → Result: 2 direct methods, 3 virtual methods
[DexParser] CLASS_DEF[19] @ offset 0x22584:
[DexParser]   class_idx: 106 (max valid: 337)
[DexParser]   access_flags: 0x17
[DexParser]   superclass_idx: 206
[DexParser]   class_data_off: 0x111812
[DexParser]   → Resolved name: [Lc/b;]
[DexParser]   → Parsing class_data at 0x111812
[DexParser]   === EXP-031.6 CLASS_DATA PARSING @ offset=0x111812 ===
[DexParser]   First bytes: 04 04 03 1f 35 09 01 09 01 09 01 09 31 01 01 01 01 01 01 01 92 02 81 80 04 b0 94 02 02 09 b4 85 
[DexParser]   ULEB128[static_fields_size] @ 0x111812 = 4
[DexParser]   ULEB128[instance_fields_size] @ 0x111813 = 4
[DexParser]   ULEB128[direct_methods_size] @ 0x111814 = 3
[DexParser]   ULEB128[virtual_methods_size] @ 0x111815 = 31
[DexParser]   → Header: static=4, instance=4, direct=3, virtual=31
[DexParser]   ULEB128[sf_field_diff] @ 0x111816 = 53
[DexParser]   ULEB128[sf_access_flags] @ 0x111817 = 9
[DexParser]   ULEB128[sf_field_diff] @ 0x111818 = 1
[DexParser]   ULEB128[sf_access_flags] @ 0x111819 = 9
[DexParser]   ULEB128[sf_field_diff] @ 0x111820 = 1
[DexParser]   ULEB128[sf_access_flags] @ 0x111821 = 9
[DexParser]   ULEB128[sf_field_diff] @ 0x111822 = 1
[DexParser]   ULEB128[sf_access_flags] @ 0x111823 = 9
[DexParser]   ULEB128[if_field_diff] @ 0x111824 = 49
[DexParser]   ULEB128[if_access_flags] @ 0x111825 = 1
[DexParser]   ULEB128[if_field_diff] @ 0x111826 = 1
[DexParser]   ULEB128[if_access_flags] @ 0x111827 = 1
[DexParser]   ULEB128[if_field_diff] @ 0x111828 = 1
[DexParser]   ULEB128[if_access_flags] @ 0x111829 = 1
[DexParser]   ULEB128[if_field_diff] @ 0x111830 = 1
[DexParser]   ULEB128[if_access_flags] @ 0x111831 = 1
[DexParser]   → Direct method[0]:
[DexParser]   ULEB128[dm_method_diff] @ 0x111832 = 274
[DexParser]   ULEB128[dm_access_flags] @ 0x111834 = 65537
[DexParser]   ULEB128[dm_code_off] @ 0x111837 = 35376
[DexParser]   === EXP-031.6 CODE_ITEM @ offset=0x35376 for <init> ===
[DexParser]   registers_size: 2
[DexParser]   ins_size: 1
[DexParser]   outs_size: 1
[DexParser]   tries_size: 0
[DexParser]   debug_info_off: 0x0
[DexParser]   insns_size: 15 ← KEY FIELD!
[DexParser]   ✅ EXTRACTED 15 INSTRUCTIONS!
[DexParser]   First opcodes: 1070 0298 0001 0062 0113 
[DexParser]   → Direct method[1]:
[DexParser]   ULEB128[dm_method_diff] @ 0x111840 = 2
[DexParser]   ULEB128[dm_access_flags] @ 0x111841 = 9
[DexParser]   ULEB128[dm_code_off] @ 0x111842 = 33460
[DexParser]   === EXP-031.6 CODE_ITEM @ offset=0x33460 for b ===
[DexParser]   registers_size: 6
[DexParser]   ins_size: 3
[DexParser]   outs_size: 1
[DexParser]   tries_size: 1
[DexParser]   debug_info_off: 0x0
[DexParser]   insns_size: 29 ← KEY FIELD!
[DexParser]   ✅ EXTRACTED 29 INSTRUCTIONS!
[DexParser]   First opcodes: 04d8 ff04 0012 4036 0018 
[DexParser]   → Direct method[2]:
[DexParser]   ULEB128[dm_method_diff] @ 0x111845 = 10
[DexParser]   ULEB128[dm_access_flags] @ 0x111846 = 9
[DexParser]   ULEB128[dm_code_off] @ 0x111847 = 35760
[DexParser]   === EXP-031.6 CODE_ITEM @ offset=0x35760 for g ===
[DexParser]   registers_size: 10
[DexParser]   ins_size: 3
[DexParser]   outs_size: 0
[DexParser]   tries_size: 2
[DexParser]   debug_info_off: 0x0
[DexParser]   insns_size: 86 ← KEY FIELD!
[DexParser]   ✅ EXTRACTED 86 INSTRUCTIONS!
[DexParser]   First opcodes: 7021 0113 0008 0212 2312 
[DexParser]   → Virtual method[0]:
[DexParser]   ULEB128[vm_method_diff] @ 0x111850 = 275
[DexParser]   ULEB128[vm_access_flags] @ 0x111852 = 17
[DexParser]   ULEB128[vm_code_off] @ 0x111853 = 35424
[DexParser]   === EXP-031.6 CODE_ITEM @ offset=0x35424 for a ===
[DexParser]   registers_size: 7
[DexParser]   ins_size: 2
[DexParser]   outs_size: 0
[DexParser]   tries_size: 2
[DexParser]   debug_info_off: 0x0
[DexParser]   insns_size: 94 ← KEY FIELD!
[DexParser]   ✅ EXTRACTED 94 INSTRUCTIONS!
[DexParser]   First opcodes: 0013 0008 0112 0212 1312 
[DexParser]   → Virtual method[1]:
[DexParser]   ULEB128[vm_method_diff] @ 0x111856 = 2
[DexParser]   ULEB128[vm_access_flags] @ 0x111857 = 17
[DexParser]   ULEB128[vm_code_off] @ 0x111858 = 35652
[DexParser]   === EXP-031.6 CODE_ITEM @ offset=0x35652 for c ===
[DexParser]   registers_size: 5
[DexParser]   ins_size: 1
[DexParser]   outs_size: 3
[DexParser]   tries_size: 0
[DexParser]   debug_info_off: 0x0
[DexParser]   insns_size: 33 ← KEY FIELD!
[DexParser]   ✅ EXTRACTED 33 INSTRUCTIONS!
[DexParser]   First opcodes: 4052 0033 003d 0014 4154 
[DexParser]   → Virtual method[2]:
[DexParser]   ULEB128[vm_method_diff] @ 0x111861 = 1
[DexParser]   ULEB128[vm_access_flags] @ 0x111862 = 4177
[DexParser]   ULEB128[vm_code_off] @ 0x111864 = 35736
[DexParser]   === EXP-031.6 CODE_ITEM @ offset=0x35736 for clear ===
[DexParser]   registers_size: 1
[DexParser]   ins_size: 1
[DexParser]   outs_size: 1
[DexParser]   tries_size: 0
[DexParser]   debug_info_off: 0x0
[DexParser]   insns_size: 4 ← KEY FIELD!
[DexParser]   ✅ EXTRACTED 4 INSTRUCTIONS!
[DexParser]   First opcodes: 106e 0115 0000 000e 
[DexParser]   → Virtual method[3]:
[DexParser]   ULEB128[vm_method_diff] @ 0x111867 = 1
[DexParser]   ULEB128[vm_access_flags] @ 0x111868 = 4177
[DexParser]   ULEB128[vm_code_off] @ 0x111870 = 32996
[DexParser]   === EXP-031.6 CODE_ITEM @ offset=0x32996 for containsKey ===
[DexParser]   registers_size: 2
[DexParser]   ins_size: 2
[DexParser]   outs_size: 2
[DexParser]   tries_size: 0
[DexParser]   debug_info_off: 0x0
[DexParser]   insns_size: 5 ← KEY FIELD!
[DexParser]   ✅ EXTRACTED 5 INSTRUCTIONS!
[DexParser]   First opcodes: 206e 0119 0010 010a 010f 
[DexParser]   → Virtual method[4]:
[DexParser]   ULEB128[vm_method_diff] @ 0x111873 = 1
[DexParser]   ULEB128[vm_access_flags] @ 0x111874 = 4177
[DexParser]   ULEB128[vm_code_off] @ 0x111876 = 33060
[DexParser]   === EXP-031.6 CODE_ITEM @ offset=0x33060 for containsValue ===
[DexParser]   registers_size: 2
[DexParser]   ins_size: 2
[DexParser]   outs_size: 2
[DexParser]   tries_size: 0
[DexParser]   debug_info_off: 0x0
[DexParser]   insns_size: 5 ← KEY FIELD!
[DexParser]   ✅ EXTRACTED 5 INSTRUCTIONS!
[DexParser]   First opcodes: 206e 011a 0010 010a 010f 
[DexParser]   → Virtual method[5]:
[DexParser]   ULEB128[vm_method_diff] @ 0x111879 = 1
[DexParser]   ULEB128[vm_access_flags] @ 0x111880 = 17
[DexParser]   ULEB128[vm_code_off] @ 0x111881 = 32960
[DexParser]   === EXP-031.6 CODE_ITEM @ offset=0x32960 for d ===
[DexParser]   registers_size: 2
[DexParser]   ins_size: 2
[DexParser]   outs_size: 2
[DexParser]   tries_size: 0
[DexParser]   debug_info_off: 0x0
[DexParser]   insns_size: 10 ← KEY FIELD!
[DexParser]   ✅ EXTRACTED 10 INSTRUCTIONS!
[DexParser]   First opcodes: 206e 0125 0010 010a 013a 
[DexParser]   → Virtual method[6]:
[DexParser]   ULEB128[vm_method_diff] @ 0x111884 = 1
[DexParser]   ULEB128[vm_access_flags] @ 0x111885 = 17
[DexParser]   ULEB128[vm_code_off] @ 0x111886 = 33024
[DexParser]   === EXP-031.6 CODE_ITEM @ offset=0x33024 for e ===
[DexParser]   registers_size: 2
[DexParser]   ins_size: 2
[DexParser]   outs_size: 2
[DexParser]   tries_size: 0
[DexParser]   debug_info_off: 0x0
[DexParser]   insns_size: 10 ← KEY FIELD!
[DexParser]   ✅ EXTRACTED 10 INSTRUCTIONS!
[DexParser]   First opcodes: 206e 0128 0010 010a 013a 
[DexParser]   → Virtual method[7]:
[DexParser]   ULEB128[vm_method_diff] @ 0x111889 = 1
[DexParser]   ULEB128[vm_access_flags] @ 0x111890 = 17
[DexParser]   ULEB128[vm_code_off] @ 0x111891 = 35232
[DexParser]   === EXP-031.6 CODE_ITEM @ offset=0x35232 for entrySet ===
[DexParser]   registers_size: 4
[DexParser]   ins_size: 1
[DexParser]   outs_size: 3
[DexParser]   tries_size: 0
[DexParser]   debug_info_off: 0x0
[DexParser]   insns_size: 28 ← KEY FIELD!
[DexParser]   ✅ EXTRACTED 28 INSTRUCTIONS!
[DexParser]   First opcodes: 3054 0034 0039 0009 0022 
[DexParser]   → Virtual method[8]:
[DexParser]   ULEB128[vm_method_diff] @ 0x111894 = 1
[DexParser]   ULEB128[vm_access_flags] @ 0x111895 = 4177
[DexParser]   ULEB128[vm_code_off] @ 0x111897 = 33372
[DexParser]   === EXP-031.6 CODE_ITEM @ offset=0x33372 for equals ===
[DexParser]   registers_size: 2
[DexParser]   ins_size: 2
[DexParser]   outs_size: 2
[DexParser]   tries_size: 0
[DexParser]   debug_info_off: 0x0
[DexParser]   insns_size: 5 ← KEY FIELD!
[DexParser]   ✅ EXTRACTED 5 INSTRUCTIONS!
[DexParser]   First opcodes: 206e 011d 0010 010a 010f 
[DexParser]   → Virtual method[9]:
[DexParser]   ULEB128[vm_method_diff] @ 0x111900 = 1
[DexParser]   ULEB128[vm_access_flags] @ 0x111901 = 17
[DexParser]   ULEB128[vm_code_off] @ 0x111902 = 33088
[DexParser]   === EXP-031.6 CODE_ITEM @ offset=0x33088 for f ===
[DexParser]   registers_size: 8
[DexParser]   ins_size: 2
[DexParser]   outs_size: 2
[DexParser]   tries_size: 2
[DexParser]   debug_info_off: 0x0
[DexParser]   insns_size: 117 ← KEY FIELD!
[DexParser]   ✅ EXTRACTED 117 INSTRUCTIONS!
[DexParser]   First opcodes: 1012 7633 0003 000f 7120 
[DexParser]   → Virtual method[10]:
[DexParser]   ULEB128[vm_method_diff] @ 0x111905 = 2
[DexParser]   ULEB128[vm_access_flags] @ 0x111906 = 4177
[DexParser]   ULEB128[vm_code_off] @ 0x111908 = 34224
[DexParser]   === EXP-031.6 CODE_ITEM @ offset=0x34224 for get ===
[DexParser]   registers_size: 2
[DexParser]   ins_size: 2
[DexParser]   outs_size: 2
[DexParser]   tries_size: 0
[DexParser]   debug_info_off: 0x0
[DexParser]   insns_size: 5 ← KEY FIELD!
[DexParser]   ✅ EXTRACTED 5 INSTRUCTIONS!
[DexParser]   First opcodes: 206e 0120 0010 010c 0111 
[DexParser]   → Virtual method[11]:
[DexParser]   ULEB128[vm_method_diff] @ 0x111911 = 1
[DexParser]   ULEB128[vm_access_flags] @ 0x111912 = 17
[DexParser]   ULEB128[vm_code_off] @ 0x111913 = 34172
[DexParser]   === EXP-031.6 CODE_ITEM @ offset=0x34172 for h ===
[DexParser]   registers_size: 3
[DexParser]   ins_size: 2
[DexParser]   outs_size: 2
[DexParser]   tries_size: 0
[DexParser]   debug_info_off: 0x0
[DexParser]   insns_size: 17 ← KEY FIELD!
[DexParser]   ✅ EXTRACTED 17 INSTRUCTIONS!
[DexParser]   First opcodes: 206e 0125 0021 020a 023a 
[DexParser]   → Virtual method[12]:
[DexParser]   ULEB128[vm_method_diff] @ 0x111916 = 1
[DexParser]   ULEB128[vm_access_flags] @ 0x111917 = 4177
[DexParser]   ULEB128[vm_code_off] @ 0x111919 = 33632
[DexParser]   === EXP-031.6 CODE_ITEM @ offset=0x33632 for hashCode ===
[DexParser]   registers_size: 2
[DexParser]   ins_size: 1
[DexParser]   outs_size: 1
[DexParser]   tries_size: 0
[DexParser]   debug_info_off: 0x0
[DexParser]   insns_size: 5 ← KEY FIELD!
[DexParser]   ✅ EXTRACTED 5 INSTRUCTIONS!
[DexParser]   First opcodes: 106e 0122 0001 000a 000f 
[DexParser]   → Virtual method[13]:
[DexParser]   ULEB128[vm_method_diff] @ 0x111922 = 1
[DexParser]   ULEB128[vm_access_flags] @ 0x111923 = 17
[DexParser]   ULEB128[vm_code_off] @ 0x111924 = 33552
[DexParser]   === EXP-031.6 CODE_ITEM @ offset=0x33552 for i ===
[DexParser]   registers_size: 10
[DexParser]   ins_size: 1
[DexParser]   outs_size: 1
[DexParser]   tries_size: 0
[DexParser]   debug_info_off: 0x0
[DexParser]   insns_size: 32 ← KEY FIELD!
[DexParser]   ✅ EXTRACTED 32 INSTRUCTIONS!
[DexParser]   First opcodes: 9054 0031 9154 0032 9252 
[DexParser]   → Virtual method[14]:
[DexParser]   ULEB128[vm_method_diff] @ 0x111927 = 1
[DexParser]   ULEB128[vm_access_flags] @ 0x111928 = 4177
[DexParser]   ULEB128[vm_code_off] @ 0x111930 = 33432
[DexParser]   === EXP-031.6 CODE_ITEM @ offset=0x33432 for isEmpty ===
[DexParser]   registers_size: 2
[DexParser]   ins_size: 1
[DexParser]   outs_size: 1
[DexParser]   tries_size: 0
[DexParser]   debug_info_off: 0x0
[DexParser]   insns_size: 5 ← KEY FIELD!
[DexParser]   ✅ EXTRACTED 5 INSTRUCTIONS!
[DexParser]   First opcodes: 106e 0129 0001 000a 000f 
[DexParser]   → Virtual method[15]:
[DexParser]   ULEB128[vm_method_diff] @ 0x111933 = 1
[DexParser]   ULEB128[vm_access_flags] @ 0x111934 = 17
[DexParser]   ULEB128[vm_code_off] @ 0x111935 = 33660
[DexParser]   === EXP-031.6 CODE_ITEM @ offset=0x33660 for j ===
[DexParser]   registers_size: 8
[DexParser]   ins_size: 3
[DexParser]   outs_size: 3
[DexParser]   tries_size: 0
[DexParser]   debug_info_off: 0x0
[DexParser]   insns_size: 81 ← KEY FIELD!
[DexParser]   ✅ EXTRACTED 81 INSTRUCTIONS!
[DexParser]   First opcodes: 5052 0033 0039 0004 f612 
[DexParser]   → Virtual method[16]:
[DexParser]   ULEB128[vm_method_diff] @ 0x111938 = 1
[DexParser]   ULEB128[vm_access_flags] @ 0x111939 = 17
[DexParser]   ULEB128[vm_code_off] @ 0x111940 = 33840
[DexParser]   === EXP-031.6 CODE_ITEM @ offset=0x33840 for k ===
[DexParser]   registers_size: 3
[DexParser]   ins_size: 2
[DexParser]   outs_size: 3
[DexParser]   tries_size: 0
[DexParser]   debug_info_off: 0x0
[DexParser]   insns_size: 16 ← KEY FIELD!
[DexParser]   ✅ EXTRACTED 16 INSTRUCTIONS!
[DexParser]   First opcodes: 0239 0007 106e 0127 0001 
[DexParser]   → Virtual method[17]:
[DexParser]   ULEB128[vm_method_diff] @ 0x111943 = 1
[DexParser]   ULEB128[vm_access_flags] @ 0x111944 = 17
[DexParser]   ULEB128[vm_code_off] @ 0x111945 = 35304
[DexParser]   === EXP-031.6 CODE_ITEM @ offset=0x35304 for keySet ===
[DexParser]   registers_size: 4
[DexParser]   ins_size: 1
[DexParser]   outs_size: 3
[DexParser]   tries_size: 0
[DexParser]   debug_info_off: 0x0
[DexParser]   insns_size: 28 ← KEY FIELD!
[DexParser]   ✅ EXTRACTED 28 INSTRUCTIONS!
[DexParser]   First opcodes: 3054 0034 0039 0009 0022 
[DexParser]   → Virtual method[18]:
[DexParser]   ULEB128[vm_method_diff] @ 0x111948 = 1
[DexParser]   ULEB128[vm_access_flags] @ 0x111949 = 17
[DexParser]   ULEB128[vm_code_off] @ 0x111950 = 33888
[DexParser]   === EXP-031.6 CODE_ITEM @ offset=0x33888 for l ===
[DexParser]   registers_size: 6
[DexParser]   ins_size: 1
[DexParser]   outs_size: 3
[DexParser]   tries_size: 0
[DexParser]   debug_info_off: 0x0
[DexParser]   insns_size: 74 ← KEY FIELD!
[DexParser]   ✅ EXTRACTED 74 INSTRUCTIONS!
[DexParser]   First opcodes: 5052 0033 0039 0004 f012 
[DexParser]   → Virtual method[19]:
[DexParser]   ULEB128[vm_method_diff] @ 0x111953 = 1
[DexParser]   ULEB128[vm_access_flags] @ 0x111954 = 17
[DexParser]   ULEB128[vm_code_off] @ 0x111955 = 34052
[DexParser]   === EXP-031.6 CODE_ITEM @ offset=0x34052 for m ===
[DexParser]   registers_size: 7
[DexParser]   ins_size: 2
[DexParser]   outs_size: 2
[DexParser]   tries_size: 0
[DexParser]   debug_info_off: 0x0
[DexParser]   insns_size: 40 ← KEY FIELD!
[DexParser]   ✅ EXTRACTED 40 INSTRUCTIONS!
[DexParser]   First opcodes: 5052 0033 00da 0200 5154 
[DexParser]   → Virtual method[20]:
[DexParser]   ULEB128[vm_method_diff] @ 0x111958 = 1
[DexParser]   ULEB128[vm_access_flags] @ 0x111959 = 17
[DexParser]   ULEB128[vm_code_off] @ 0x111960 = 33400
[DexParser]   === EXP-031.6 CODE_ITEM @ offset=0x33400 for n ===
[DexParser]   registers_size: 2
[DexParser]   ins_size: 1
[DexParser]   outs_size: 0
[DexParser]   tries_size: 0
[DexParser]   debug_info_off: 0x0
[DexParser]   insns_size: 8 ← KEY FIELD!
[DexParser]   ✅ EXTRACTED 8 INSTRUCTIONS!
[DexParser]   First opcodes: 1052 0033 003c 0004 1012 
[DexParser]   → Virtual method[21]:
[DexParser]   ULEB128[vm_method_diff] @ 0x111963 = 1
[DexParser]   ULEB128[vm_access_flags] @ 0x111964 = 17
[DexParser]   ULEB128[vm_code_off] @ 0x111965 = 34252
[DexParser]   === EXP-031.6 CODE_ITEM @ offset=0x34252 for o ===
[DexParser]   registers_size: 12
[DexParser]   ins_size: 3
[DexParser]   outs_size: 5
[DexParser]   tries_size: 0
[DexParser]   debug_info_off: 0x0
[DexParser]   insns_size: 146 ← KEY FIELD!
[DexParser]   ✅ EXTRACTED 146 INSTRUCTIONS!
[DexParser]   First opcodes: 9052 0033 0112 0a39 0008 
[DexParser]   → Virtual method[22]:
[DexParser]   ULEB128[vm_method_diff] @ 0x111968 = 1
[DexParser]   ULEB128[vm_access_flags] @ 0x111969 = 17
[DexParser]   ULEB128[vm_code_off] @ 0x111970 = 34588
[DexParser]   === EXP-031.6 CODE_ITEM @ offset=0x34588 for p ===
[DexParser]   registers_size: 2
[DexParser]   ins_size: 2
[DexParser]   outs_size: 2
[DexParser]   tries_size: 0
[DexParser]   debug_info_off: 0x0
[DexParser]   insns_size: 13 ← KEY FIELD!
[DexParser]   ✅ EXTRACTED 13 INSTRUCTIONS!
[DexParser]   First opcodes: 206e 0125 0010 010a 013a 
[DexParser]   → Virtual method[23]:
[DexParser]   ULEB128[vm_method_diff] @ 0x111973 = 1
[DexParser]   ULEB128[vm_access_flags] @ 0x111974 = 4177
[DexParser]   ULEB128[vm_code_off] @ 0x111976 = 34560
[DexParser]   === EXP-031.6 CODE_ITEM @ offset=0x34560 for put ===
[DexParser]   registers_size: 3
[DexParser]   ins_size: 3
[DexParser]   outs_size: 3
[DexParser]   tries_size: 0
[DexParser]   debug_info_off: 0x0
[DexParser]   insns_size: 5 ← KEY FIELD!
[DexParser]   ✅ EXTRACTED 5 INSTRUCTIONS!
[DexParser]   First opcodes: 306e 012a 0210 010c 0111 
[DexParser]   → Virtual method[24]:
[DexParser]   ULEB128[vm_method_diff] @ 0x111979 = 1
[DexParser]   ULEB128[vm_access_flags] @ 0x111980 = 17
[DexParser]   ULEB128[vm_code_off] @ 0x111981 = 35972
[DexParser]   === EXP-031.6 CODE_ITEM @ offset=0x35972 for putAll ===
[DexParser]   registers_size: 8
[DexParser]   ins_size: 2
[DexParser]   outs_size: 5
[DexParser]   tries_size: 0
[DexParser]   debug_info_off: 0x0
[DexParser]   insns_size: 82 ← KEY FIELD!
[DexParser]   ✅ EXTRACTED 82 INSTRUCTIONS!
[DexParser]   First opcodes: 6052 0033 1072 0321 0007 
[DexParser]   → Virtual method[25]:
[DexParser]   ULEB128[vm_method_diff] @ 0x111984 = 1
[DexParser]   ULEB128[vm_access_flags] @ 0x111985 = 17
[DexParser]   ULEB128[vm_code_off] @ 0x111986 = 34660
[DexParser]   === EXP-031.6 CODE_ITEM @ offset=0x34660 for q ===
[DexParser]   registers_size: 12
[DexParser]   ins_size: 2
[DexParser]   outs_size: 5
[DexParser]   tries_size: 0
[DexParser]   debug_info_off: 0x0
[DexParser]   insns_size: 134 ← KEY FIELD!
[DexParser]   ✅ EXTRACTED 134 INSTRUCTIONS!
[DexParser]   First opcodes: a054 0032 01e0 010b 02d8 
[DexParser]   → Virtual method[26]:
[DexParser]   ULEB128[vm_method_diff] @ 0x111989 = 1
[DexParser]   ULEB128[vm_access_flags] @ 0x111990 = 17
[DexParser]   ULEB128[vm_code_off] @ 0x111991 = 34944
[DexParser]   === EXP-031.6 CODE_ITEM @ offset=0x34944 for r ===
[DexParser]   registers_size: 6
[DexParser]   ins_size: 1
[DexParser]   outs_size: 2
[DexParser]   tries_size: 0
[DexParser]   debug_info_off: 0x0
[DexParser]   insns_size: 85 ← KEY FIELD!
[DexParser]   ✅ EXTRACTED 85 INSTRUCTIONS!
[DexParser]   First opcodes: 106e 0129 0005 000a 0038 
[DexParser]   → Virtual method[27]:
[DexParser]   ULEB128[vm_method_diff] @ 0x111994 = 1
[DexParser]   ULEB128[vm_access_flags] @ 0x111995 = 4177
[DexParser]   ULEB128[vm_code_off] @ 0x111997 = 34632
[DexParser]   === EXP-031.6 CODE_ITEM @ offset=0x34632 for remove ===
[DexParser]   registers_size: 2
[DexParser]   ins_size: 2
[DexParser]   outs_size: 2
[DexParser]   tries_size: 0
[DexParser]   debug_info_off: 0x0
[DexParser]   insns_size: 5 ← KEY FIELD!
[DexParser]   ✅ EXTRACTED 5 INSTRUCTIONS!
[DexParser]   First opcodes: 206e 012b 0010 010c 0111 
[DexParser]   → Virtual method[28]:
[DexParser]   ULEB128[vm_method_diff] @ 0x112000 = 1
[DexParser]   ULEB128[vm_access_flags] @ 0x112001 = 17
[DexParser]   ULEB128[vm_code_off] @ 0x112002 = 34148
[DexParser]   === EXP-031.6 CODE_ITEM @ offset=0x34148 for size ===
[DexParser]   registers_size: 2
[DexParser]   ins_size: 1
[DexParser]   outs_size: 0
[DexParser]   tries_size: 0
[DexParser]   debug_info_off: 0x0
[DexParser]   insns_size: 3 ← KEY FIELD!
[DexParser]   ✅ EXTRACTED 3 INSTRUCTIONS!
[DexParser]   First opcodes: 1052 0033 000f 
[DexParser]   → Virtual method[29]:
[DexParser]   ULEB128[vm_method_diff] @ 0x112005 = 1
[DexParser]   ULEB128[vm_access_flags] @ 0x112006 = 4177
[DexParser]   ULEB128[vm_code_off] @ 0x112008 = 35132
[DexParser]   === EXP-031.6 CODE_ITEM @ offset=0x35132 for toString ===
[DexParser]   registers_size: 2
[DexParser]   ins_size: 1
[DexParser]   outs_size: 1
[DexParser]   tries_size: 0
[DexParser]   debug_info_off: 0x0
[DexParser]   insns_size: 5 ← KEY FIELD!
[DexParser]   ✅ EXTRACTED 5 INSTRUCTIONS!
[DexParser]   First opcodes: 106e 012f 0001 000c 0011 
[DexParser]   → Virtual method[30]:
[DexParser]   ULEB128[vm_method_diff] @ 0x112011 = 1
[DexParser]   ULEB128[vm_access_flags] @ 0x112012 = 17
[DexParser]   ULEB128[vm_code_off] @ 0x112013 = 35160
[DexParser]   === EXP-031.6 CODE_ITEM @ offset=0x35160 for values ===
[DexParser]   registers_size: 3
[DexParser]   ins_size: 1
[DexParser]   outs_size: 2
[DexParser]   tries_size: 0
[DexParser]   debug_info_off: 0x0
[DexParser]   insns_size: 27 ← KEY FIELD!
[DexParser]   ✅ EXTRACTED 27 INSTRUCTIONS!
[DexParser]   First opcodes: 2054 0034 0039 0009 0022 
[DexParser]   → Result: 3 direct methods, 31 virtual methods
[DexParser] CLASS_DEF[20] @ offset 0x22616:
[DexParser]   class_idx: 107 (max valid: 337)
[DexParser]   access_flags: 0x17
[DexParser]   superclass_idx: 206
[DexParser]   class_data_off: 0x112016
[DexParser]   → Resolved name: [Lc/c;]
[DexParser]   → Parsing class_data at 0x112016
[DexParser]   === EXP-031.6 CLASS_DATA PARSING @ offset=0x112016 ===
[DexParser]   First bytes: 00 05 01 03 39 11 01 01 01 01 01 01 01 91 20 b4 02 81 80 04 ac 9b 02 b5 02 11 b8 9a 02 01 11 dc 
[DexParser]   ULEB128[static_fields_size] @ 0x112016 = 0
[DexParser]   ULEB128[instance_fields_size] @ 0x112017 = 5
[DexParser]   ULEB128[direct_methods_size] @ 0x112018 = 1
[DexParser]   ULEB128[virtual_methods_size] @ 0x112019 = 3
[DexParser]   → Header: static=0, instance=5, direct=1, virtual=3
[DexParser]   ULEB128[if_field_diff] @ 0x112020 = 57
[DexParser]   ULEB128[if_access_flags] @ 0x112021 = 17
[DexParser]   ULEB128[if_field_diff] @ 0x112022 = 1
[DexParser]   ULEB128[if_access_flags] @ 0x112023 = 1
[DexParser]   ULEB128[if_field_diff] @ 0x112024 = 1
[DexParser]   ULEB128[if_access_flags] @ 0x112025 = 1
[DexParser]   ULEB128[if_field_diff] @ 0x112026 = 1
[DexParser]   ULEB128[if_access_flags] @ 0x112027 = 1
[DexParser]   ULEB128[if_field_diff] @ 0x112028 = 1
[DexParser]   ULEB128[if_access_flags] @ 0x112029 = 4113
[DexParser]   → Direct method[0]:
[DexParser]   ULEB128[dm_method_diff] @ 0x112031 = 308
[DexParser]   ULEB128[dm_access_flags] @ 0x112033 = 65537
[DexParser]   ULEB128[dm_code_off] @ 0x112036 = 36268
[DexParser]   === EXP-031.6 CODE_ITEM @ offset=0x36268 for <init> ===
[DexParser]   registers_size: 4
[DexParser]   ins_size: 3
[DexParser]   outs_size: 1
[DexParser]   tries_size: 0
[DexParser]   debug_info_off: 0x0
[DexParser]   insns_size: 17 ← KEY FIELD!
[DexParser]   ✅ EXTRACTED 17 INSTRUCTIONS!
[DexParser]   First opcodes: 125b 003d 1070 0298 0001 
[DexParser]   → Virtual method[0]:
[DexParser]   ULEB128[vm_method_diff] @ 0x112039 = 309
[DexParser]   ULEB128[vm_access_flags] @ 0x112041 = 17
[DexParser]   ULEB128[vm_code_off] @ 0x112042 = 36152
[DexParser]   === EXP-031.6 CODE_ITEM @ offset=0x36152 for hasNext ===
[DexParser]   registers_size: 3
[DexParser]   ins_size: 1
[DexParser]   outs_size: 0
[DexParser]   tries_size: 0
[DexParser]   debug_info_off: 0x0
[DexParser]   insns_size: 10 ← KEY FIELD!
[DexParser]   ✅ EXTRACTED 10 INSTRUCTIONS!
[DexParser]   First opcodes: 2052 003b 2152 003a 1035 
[DexParser]   → Virtual method[1]:
[DexParser]   ULEB128[vm_method_diff] @ 0x112045 = 1
[DexParser]   ULEB128[vm_access_flags] @ 0x112046 = 17
[DexParser]   ULEB128[vm_code_off] @ 0x112047 = 36188
[DexParser]   === EXP-031.6 CODE_ITEM @ offset=0x36188 for next ===
[DexParser]   registers_size: 4
[DexParser]   ins_size: 1
[DexParser]   outs_size: 3
[DexParser]   tries_size: 0
[DexParser]   debug_info_off: 0x0
[DexParser]   insns_size: 31 ← KEY FIELD!
[DexParser]   ✅ EXTRACTED 31 INSTRUCTIONS!
[DexParser]   First opcodes: 106e 0135 0003 000a 0038 
[DexParser]   → Virtual method[2]:
[DexParser]   ULEB128[vm_method_diff] @ 0x112050 = 1
[DexParser]   ULEB128[vm_access_flags] @ 0x112051 = 17
[DexParser]   ULEB128[vm_code_off] @ 0x112052 = 36320
[DexParser]   === EXP-031.6 CODE_ITEM @ offset=0x36320 for remove ===
[DexParser]   registers_size: 3
[DexParser]   ins_size: 1
[DexParser]   outs_size: 2
[DexParser]   tries_size: 0
[DexParser]   debug_info_off: 0x0
[DexParser]   insns_size: 31 ← KEY FIELD!
[DexParser]   ✅ EXTRACTED 31 INSTRUCTIONS!
[DexParser]   First opcodes: 2055 003c 0038 0017 2052 
[DexParser]   → Result: 1 direct methods, 3 virtual methods
[DexParser] CLASS_DEF[21] @ offset 0x22648:
[DexParser]   class_idx: 108 (max valid: 337)
[DexParser]   access_flags: 0x17
[DexParser]   superclass_idx: 206
[DexParser]   class_data_off: 0x112055
[DexParser]   → Resolved name: [Lc/d;]
[DexParser]   → Parsing class_data at 0x112055
[DexParser]   === EXP-031.6 CLASS_DATA PARSING @ offset=0x112055 ===
[DexParser]   First bytes: 00 02 01 0f 3e 91 20 01 91 20 b8 02 81 a0 04 f0 a7 02 b9 02 11 b0 9c 02 01 11 f4 9c 02 01 11 90 
[DexParser]   ULEB128[static_fields_size] @ 0x112055 = 0
[DexParser]   ULEB128[instance_fields_size] @ 0x112056 = 2
[DexParser]   ULEB128[direct_methods_size] @ 0x112057 = 1
[DexParser]   ULEB128[virtual_methods_size] @ 0x112058 = 15
[DexParser]   → Header: static=0, instance=2, direct=1, virtual=15
[DexParser]   ULEB128[if_field_diff] @ 0x112059 = 62
[DexParser]   ULEB128[if_access_flags] @ 0x112060 = 4113
[DexParser]   ULEB128[if_field_diff] @ 0x112062 = 1
[DexParser]   ULEB128[if_access_flags] @ 0x112063 = 4113
[DexParser]   → Direct method[0]:
[DexParser]   ULEB128[dm_method_diff] @ 0x112065 = 312
[DexParser]   ULEB128[dm_access_flags] @ 0x112067 = 69633
[DexParser]   ULEB128[dm_code_off] @ 0x112070 = 37872
[DexParser]   === EXP-031.6 CODE_ITEM @ offset=0x37872 for <init> ===
[DexParser]   registers_size: 3
[DexParser]   ins_size: 3
[DexParser]   outs_size: 1
[DexParser]   tries_size: 0
[DexParser]   debug_info_off: 0x0
[DexParser]   insns_size: 8 ← KEY FIELD!
[DexParser]   ✅ EXTRACTED 8 INSTRUCTIONS!
[DexParser]   First opcodes: 0259 003e 015b 003f 1070 
[DexParser]   → Virtual method[0]:
[DexParser]   ULEB128[vm_method_diff] @ 0x112073 = 313
[DexParser]   ULEB128[vm_access_flags] @ 0x112075 = 17
[DexParser]   ULEB128[vm_code_off] @ 0x112076 = 36400
[DexParser]   === EXP-031.6 CODE_ITEM @ offset=0x36400 for add ===
[DexParser]   registers_size: 3
[DexParser]   ins_size: 2
[DexParser]   outs_size: 1
[DexParser]   tries_size: 0
[DexParser]   debug_info_off: 0x0
[DexParser]   insns_size: 26 ← KEY FIELD!
[DexParser]   ✅ EXTRACTED 26 INSTRUCTIONS!
[DexParser]   First opcodes: 1052 003e 002b 0012 0000 
[DexParser]   → Virtual method[1]:
[DexParser]   ULEB128[vm_method_diff] @ 0x112079 = 1
[DexParser]   ULEB128[vm_access_flags] @ 0x112080 = 17
[DexParser]   ULEB128[vm_code_off] @ 0x112081 = 36468
[DexParser]   === EXP-031.6 CODE_ITEM @ offset=0x36468 for addAll ===
[DexParser]   registers_size: 7
[DexParser]   ins_size: 2
[DexParser]   outs_size: 3
[DexParser]   tries_size: 0
[DexParser]   debug_info_off: 0x0
[DexParser]   insns_size: 62 ← KEY FIELD!
[DexParser]   ✅ EXTRACTED 62 INSTRUCTIONS!
[DexParser]   First opcodes: 5052 003e 002b 0036 0000 
[DexParser]   → Virtual method[2]:
[DexParser]   ULEB128[vm_method_diff] @ 0x112084 = 1
[DexParser]   ULEB128[vm_access_flags] @ 0x112085 = 17
[DexParser]   ULEB128[vm_code_off] @ 0x112086 = 37904
[DexParser]   === EXP-031.6 CODE_ITEM @ offset=0x37904 for clear ===
[DexParser]   registers_size: 3
[DexParser]   ins_size: 1
[DexParser]   outs_size: 1
[DexParser]   tries_size: 0
[DexParser]   debug_info_off: 0x0
[DexParser]   insns_size: 26 ← KEY FIELD!
[DexParser]   ✅ EXTRACTED 26 INSTRUCTIONS!
[DexParser]   First opcodes: 2052 003e 2154 003f 002b 
[DexParser]   → Virtual method[3]:
[DexParser]   ULEB128[vm_method_diff] @ 0x112089 = 1
[DexParser]   ULEB128[vm_access_flags] @ 0x112090 = 17
[DexParser]   ULEB128[vm_code_off] @ 0x112091 = 36608
[DexParser]   === EXP-031.6 CODE_ITEM @ offset=0x36608 for contains ===
[DexParser]   registers_size: 7
[DexParser]   ins_size: 2
[DexParser]   outs_size: 3
[DexParser]   tries_size: 0
[DexParser]   debug_info_off: 0x0
[DexParser]   insns_size: 70 ← KEY FIELD!
[DexParser]   ✅ EXTRACTED 70 INSTRUCTIONS!
[DexParser]   First opcodes: 5052 003e 1112 5254 003f 
[DexParser]   → Virtual method[4]:
[DexParser]   ULEB128[vm_method_diff] @ 0x112094 = 1
[DexParser]   ULEB128[vm_access_flags] @ 0x112095 = 17
[DexParser]   ULEB128[vm_code_off] @ 0x112096 = 36764
[DexParser]   === EXP-031.6 CODE_ITEM @ offset=0x36764 for containsAll ===
[DexParser]   registers_size: 6
[DexParser]   ins_size: 2
[DexParser]   outs_size: 2
[DexParser]   tries_size: 0
[DexParser]   debug_info_off: 0x0
[DexParser]   insns_size: 64 ← KEY FIELD!
[DexParser]   ✅ EXTRACTED 64 INSTRUCTIONS!
[DexParser]   First opcodes: 4052 003e 0112 1212 002b 
[DexParser]   → Virtual method[5]:
[DexParser]   ULEB128[vm_method_diff] @ 0x112099 = 1
[DexParser]   ULEB128[vm_access_flags] @ 0x112100 = 17
[DexParser]   ULEB128[vm_code_off] @ 0x112101 = 36908
[DexParser]   === EXP-031.6 CODE_ITEM @ offset=0x36908 for equals ===
[DexParser]   registers_size: 3
[DexParser]   ins_size: 2
[DexParser]   outs_size: 2
[DexParser]   tries_size: 0
[DexParser]   debug_info_off: 0x0
[DexParser]   insns_size: 22 ← KEY FIELD!
[DexParser]   ✅ EXTRACTED 22 INSTRUCTIONS!
[DexParser]   First opcodes: 1052 003e 002b 000e 0000 
[DexParser]   → Virtual method[6]:
[DexParser]   ULEB128[vm_method_diff] @ 0x112104 = 1
[DexParser]   ULEB128[vm_access_flags] @ 0x112105 = 17
[DexParser]   ULEB128[vm_code_off] @ 0x112106 = 37396
[DexParser]   === EXP-031.6 CODE_ITEM @ offset=0x37396 for hashCode ===
[DexParser]   registers_size: 8
[DexParser]   ins_size: 1
[DexParser]   outs_size: 3
[DexParser]   tries_size: 0
[DexParser]   debug_info_off: 0x0
[DexParser]   insns_size: 80 ← KEY FIELD!
[DexParser]   ✅ EXTRACTED 80 INSTRUCTIONS!
[DexParser]   First opcodes: 7052 003e 0112 7254 003f 
[DexParser]   → Virtual method[7]:
[DexParser]   ULEB128[vm_method_diff] @ 0x112109 = 1
[DexParser]   ULEB128[vm_access_flags] @ 0x112110 = 17
[DexParser]   ULEB128[vm_code_off] @ 0x112111 = 36968
[DexParser]   === EXP-031.6 CODE_ITEM @ offset=0x36968 for isEmpty ===
[DexParser]   registers_size: 5
[DexParser]   ins_size: 1
[DexParser]   outs_size: 0
[DexParser]   tries_size: 0
[DexParser]   debug_info_off: 0x0
[DexParser]   insns_size: 34 ← KEY FIELD!
[DexParser]   ✅ EXTRACTED 34 INSTRUCTIONS!
[DexParser]   First opcodes: 4052 003e 1112 0212 4354 
[DexParser]   → Virtual method[8]:
[DexParser]   ULEB128[vm_method_diff] @ 0x112114 = 1
[DexParser]   ULEB128[vm_access_flags] @ 0x112115 = 17
[DexParser]   ULEB128[vm_code_off] @ 0x112116 = 37800
[DexParser]   === EXP-031.6 CODE_ITEM @ offset=0x37800 for iterator ===
[DexParser]   registers_size: 4
[DexParser]   ins_size: 1
[DexParser]   outs_size: 3
[DexParser]   tries_size: 0
[DexParser]   debug_info_off: 0x0
[DexParser]   insns_size: 28 ← KEY FIELD!
[DexParser]   ✅ EXTRACTED 28 INSTRUCTIONS!
[DexParser]   First opcodes: 3052 003e 3154 003f 002b 
[DexParser]   → Virtual method[9]:
[DexParser]   ULEB128[vm_method_diff] @ 0x112119 = 1
[DexParser]   ULEB128[vm_access_flags] @ 0x112120 = 17
[DexParser]   ULEB128[vm_code_off] @ 0x112121 = 37052
[DexParser]   === EXP-031.6 CODE_ITEM @ offset=0x37052 for remove ===
[DexParser]   registers_size: 4
[DexParser]   ins_size: 2
[DexParser]   outs_size: 2
[DexParser]   tries_size: 0
[DexParser]   debug_info_off: 0x0
[DexParser]   insns_size: 36 ← KEY FIELD!
[DexParser]   ✅ EXTRACTED 36 INSTRUCTIONS!
[DexParser]   First opcodes: 2052 003e 002b 001c 0000 
[DexParser]   → Virtual method[10]:
[DexParser]   ULEB128[vm_method_diff] @ 0x112124 = 1
[DexParser]   ULEB128[vm_access_flags] @ 0x112125 = 17
[DexParser]   ULEB128[vm_code_off] @ 0x112126 = 37140
[DexParser]   === EXP-031.6 CODE_ITEM @ offset=0x37140 for removeAll ===
[DexParser]   registers_size: 5
[DexParser]   ins_size: 2
[DexParser]   outs_size: 2
[DexParser]   tries_size: 0
[DexParser]   debug_info_off: 0x0
[DexParser]   insns_size: 50 ← KEY FIELD!
[DexParser]   ✅ EXTRACTED 50 INSTRUCTIONS!
[DexParser]   First opcodes: 3052 003e 002b 002a 0000 
[DexParser]   → Virtual method[11]:
[DexParser]   ULEB128[vm_method_diff] @ 0x112129 = 1
[DexParser]   ULEB128[vm_access_flags] @ 0x112130 = 17
[DexParser]   ULEB128[vm_code_off] @ 0x112131 = 37256
[DexParser]   === EXP-031.6 CODE_ITEM @ offset=0x37256 for retainAll ===
[DexParser]   registers_size: 6
[DexParser]   ins_size: 2
[DexParser]   outs_size: 2
[DexParser]   tries_size: 0
[DexParser]   debug_info_off: 0x0
[DexParser]   insns_size: 62 ← KEY FIELD!
[DexParser]   ✅ EXTRACTED 62 INSTRUCTIONS!
[DexParser]   First opcodes: 4052 003e 002b 0036 0000 
[DexParser]   → Virtual method[12]:
[DexParser]   ULEB128[vm_method_diff] @ 0x112134 = 1
[DexParser]   ULEB128[vm_access_flags] @ 0x112135 = 17
[DexParser]   ULEB128[vm_code_off] @ 0x112136 = 37572
[DexParser]   === EXP-031.6 CODE_ITEM @ offset=0x37572 for size ===
[DexParser]   registers_size: 3
[DexParser]   ins_size: 1
[DexParser]   outs_size: 0
[DexParser]   tries_size: 0
[DexParser]   debug_info_off: 0x0
[DexParser]   insns_size: 24 ← KEY FIELD!
[DexParser]   ✅ EXTRACTED 24 INSTRUCTIONS!
[DexParser]   First opcodes: 2052 003e 2154 003f 002b 
[DexParser]   → Virtual method[13]:
[DexParser]   ULEB128[vm_method_diff] @ 0x112139 = 1
[DexParser]   ULEB128[vm_access_flags] @ 0x112140 = 17
[DexParser]   ULEB128[vm_code_off] @ 0x112141 = 37636
[DexParser]   === EXP-031.6 CODE_ITEM @ offset=0x37636 for toArray ===
[DexParser]   registers_size: 7
[DexParser]   ins_size: 1
[DexParser]   outs_size: 3
[DexParser]   tries_size: 0
[DexParser]   debug_info_off: 0x86672
[DexParser]   insns_size: 40 ← KEY FIELD!
[DexParser]   ✅ EXTRACTED 40 INSTRUCTIONS!
[DexParser]   First opcodes: 6052 003e 002b 0020 0000 
[DexParser]   → Virtual method[14]:
[DexParser]   ULEB128[vm_method_diff] @ 0x112144 = 1
[DexParser]   ULEB128[vm_access_flags] @ 0x112145 = 17
[DexParser]   ULEB128[vm_code_off] @ 0x112146 = 37732
[DexParser]   === EXP-031.6 CODE_ITEM @ offset=0x37732 for toArray ===
[DexParser]   registers_size: 4
[DexParser]   ins_size: 2
[DexParser]   outs_size: 3
[DexParser]   tries_size: 0
[DexParser]   debug_info_off: 0x86679
[DexParser]   insns_size: 26 ← KEY FIELD!
[DexParser]   ✅ EXTRACTED 26 INSTRUCTIONS!
[DexParser]   First opcodes: 2052 003e 002b 0012 0000 
[DexParser]   → Result: 1 direct methods, 15 virtual methods
[DexParser] CLASS_DEF[22] @ offset 0x22680:
[DexParser]   class_idx: 109 (max valid: 337)
[DexParser]   access_flags: 0x17
[DexParser]   superclass_idx: 206
[DexParser]   class_data_off: 0x112149
[DexParser]   → Resolved name: [Lc/e;]
[DexParser]   → Parsing class_data at 0x112149
[DexParser]   === EXP-031.6 CLASS_DATA PARSING @ offset=0x112149 ===
[DexParser]   First bytes: 00 04 01 09 40 01 01 01 01 01 01 91 20 c8 02 81 80 04 dc ad 02 c9 02 11 d4 a8 02 01 11 90 ab 02 
[DexParser]   ULEB128[static_fields_size] @ 0x112149 = 0
[DexParser]   ULEB128[instance_fields_size] @ 0x112150 = 4
[DexParser]   ULEB128[direct_methods_size] @ 0x112151 = 1
[DexParser]   ULEB128[virtual_methods_size] @ 0x112152 = 9
[DexParser]   → Header: static=0, instance=4, direct=1, virtual=9
[DexParser]   ULEB128[if_field_diff] @ 0x112153 = 64
[DexParser]   ULEB128[if_access_flags] @ 0x112154 = 1
[DexParser]   ULEB128[if_field_diff] @ 0x112155 = 1
[DexParser]   ULEB128[if_access_flags] @ 0x112156 = 1
[DexParser]   ULEB128[if_field_diff] @ 0x112157 = 1
[DexParser]   ULEB128[if_access_flags] @ 0x112158 = 1
[DexParser]   ULEB128[if_field_diff] @ 0x112159 = 1
[DexParser]   ULEB128[if_access_flags] @ 0x112160 = 4113
[DexParser]   → Direct method[0]:
[DexParser]   ULEB128[dm_method_diff] @ 0x112162 = 328
[DexParser]   ULEB128[dm_access_flags] @ 0x112164 = 65537
[DexParser]   ULEB128[dm_code_off] @ 0x112167 = 38620
[DexParser]   === EXP-031.6 CODE_ITEM @ offset=0x38620 for <init> ===
[DexParser]   registers_size: 3
[DexParser]   ins_size: 2
[DexParser]   outs_size: 1
[DexParser]   tries_size: 0
[DexParser]   debug_info_off: 0x0
[DexParser]   insns_size: 20 ← KEY FIELD!
[DexParser]   ✅ EXTRACTED 20 INSTRUCTIONS!
[DexParser]   First opcodes: 125b 0043 1070 0298 0001 
[DexParser]   → Virtual method[0]:
[DexParser]   ULEB128[vm_method_diff] @ 0x112170 = 329
[DexParser]   ULEB128[vm_access_flags] @ 0x112172 = 17
[DexParser]   ULEB128[vm_code_off] @ 0x112173 = 37972
[DexParser]   === EXP-031.6 CODE_ITEM @ offset=0x37972 for equals ===
[DexParser]   registers_size: 7
[DexParser]   ins_size: 2
[DexParser]   outs_size: 3
[DexParser]   tries_size: 0
[DexParser]   debug_info_off: 0x0
[DexParser]   insns_size: 77 ← KEY FIELD!
[DexParser]   ✅ EXTRACTED 77 INSTRUCTIONS!
[DexParser]   First opcodes: 5055 0042 0038 0043 6020 
[DexParser]   → Virtual method[1]:
[DexParser]   ULEB128[vm_method_diff] @ 0x112176 = 1
[DexParser]   ULEB128[vm_access_flags] @ 0x112177 = 17
[DexParser]   ULEB128[vm_code_off] @ 0x112178 = 38288
[DexParser]   === EXP-031.6 CODE_ITEM @ offset=0x38288 for getKey ===
[DexParser]   registers_size: 4
[DexParser]   ins_size: 1
[DexParser]   outs_size: 3
[DexParser]   tries_size: 0
[DexParser]   debug_info_off: 0x0
[DexParser]   insns_size: 22 ← KEY FIELD!
[DexParser]   ✅ EXTRACTED 22 INSTRUCTIONS!
[DexParser]   First opcodes: 3055 0042 0038 000c 3052 
[DexParser]   → Virtual method[2]:
[DexParser]   ULEB128[vm_method_diff] @ 0x112181 = 1
[DexParser]   ULEB128[vm_access_flags] @ 0x112182 = 17
[DexParser]   ULEB128[vm_code_off] @ 0x112183 = 38348
[DexParser]   === EXP-031.6 CODE_ITEM @ offset=0x38348 for getValue ===
[DexParser]   registers_size: 4
[DexParser]   ins_size: 1
[DexParser]   outs_size: 3
[DexParser]   tries_size: 0
[DexParser]   debug_info_off: 0x0
[DexParser]   insns_size: 22 ← KEY FIELD!
[DexParser]   ✅ EXTRACTED 22 INSTRUCTIONS!
[DexParser]   First opcodes: 3055 0042 0038 000c 3052 
[DexParser]   → Virtual method[3]:
[DexParser]   ULEB128[vm_method_diff] @ 0x112186 = 1
[DexParser]   ULEB128[vm_access_flags] @ 0x112187 = 17
[DexParser]   ULEB128[vm_code_off] @ 0x112188 = 38144
[DexParser]   === EXP-031.6 CODE_ITEM @ offset=0x38144 for hasNext ===
[DexParser]   registers_size: 3
[DexParser]   ins_size: 1
[DexParser]   outs_size: 0
[DexParser]   tries_size: 0
[DexParser]   debug_info_off: 0x0
[DexParser]   insns_size: 10 ← KEY FIELD!
[DexParser]   ✅ EXTRACTED 10 INSTRUCTIONS!
[DexParser]   First opcodes: 2052 0041 2152 0040 1035 
[DexParser]   → Virtual method[4]:
[DexParser]   ULEB128[vm_method_diff] @ 0x112191 = 1
[DexParser]   ULEB128[vm_access_flags] @ 0x112192 = 17
[DexParser]   ULEB128[vm_code_off] @ 0x112193 = 38180
[DexParser]   === EXP-031.6 CODE_ITEM @ offset=0x38180 for hashCode ===
[DexParser]   registers_size: 6
[DexParser]   ins_size: 1
[DexParser]   outs_size: 3
[DexParser]   tries_size: 0
[DexParser]   debug_info_off: 0x0
[DexParser]   insns_size: 45 ← KEY FIELD!
[DexParser]   ✅ EXTRACTED 45 INSTRUCTIONS!
[DexParser]   First opcodes: 5055 0042 0038 0023 5052 
[DexParser]   → Virtual method[5]:
[DexParser]   ULEB128[vm_method_diff] @ 0x112196 = 1
[DexParser]   ULEB128[vm_access_flags] @ 0x112197 = 17
[DexParser]   ULEB128[vm_code_off] @ 0x112198 = 38408
[DexParser]   === EXP-031.6 CODE_ITEM @ offset=0x38408 for next ===
[DexParser]   registers_size: 3
[DexParser]   ins_size: 1
[DexParser]   outs_size: 1
[DexParser]   tries_size: 0
[DexParser]   debug_info_off: 0x0
[DexParser]   insns_size: 21 ← KEY FIELD!
[DexParser]   ✅ EXTRACTED 21 INSTRUCTIONS!
[DexParser]   First opcodes: 106e 014c 0002 000a 0038 
[DexParser]   → Virtual method[6]:
[DexParser]   ULEB128[vm_method_diff] @ 0x112201 = 1
[DexParser]   ULEB128[vm_access_flags] @ 0x112202 = 17
[DexParser]   ULEB128[vm_code_off] @ 0x112203 = 38676
[DexParser]   === EXP-031.6 CODE_ITEM @ offset=0x38676 for remove ===
[DexParser]   registers_size: 3
[DexParser]   ins_size: 1
[DexParser]   outs_size: 2
[DexParser]   tries_size: 0
[DexParser]   debug_info_off: 0x0
[DexParser]   insns_size: 33 ← KEY FIELD!
[DexParser]   ✅ EXTRACTED 33 INSTRUCTIONS!
[DexParser]   First opcodes: 2055 0042 0038 0019 2054 
[DexParser]   → Virtual method[7]:
[DexParser]   ULEB128[vm_method_diff] @ 0x112206 = 1
[DexParser]   ULEB128[vm_access_flags] @ 0x112207 = 17
[DexParser]   ULEB128[vm_code_off] @ 0x112208 = 38468
[DexParser]   === EXP-031.6 CODE_ITEM @ offset=0x38468 for setValue ===
[DexParser]   registers_size: 5
[DexParser]   ins_size: 2
[DexParser]   outs_size: 2
[DexParser]   tries_size: 0
[DexParser]   debug_info_off: 0x0
[DexParser]   insns_size: 29 ← KEY FIELD!
[DexParser]   ✅ EXTRACTED 29 INSTRUCTIONS!
[DexParser]   First opcodes: 3055 0042 0038 0013 3052 
[DexParser]   → Virtual method[8]:
[DexParser]   ULEB128[vm_method_diff] @ 0x112211 = 1
[DexParser]   ULEB128[vm_access_flags] @ 0x112212 = 17
[DexParser]   ULEB128[vm_code_off] @ 0x112213 = 38544
[DexParser]   === EXP-031.6 CODE_ITEM @ offset=0x38544 for toString ===
[DexParser]   registers_size: 3
[DexParser]   ins_size: 1
[DexParser]   outs_size: 2
[DexParser]   tries_size: 0
[DexParser]   debug_info_off: 0x0
[DexParser]   insns_size: 29 ← KEY FIELD!
[DexParser]   ✅ EXTRACTED 29 INSTRUCTIONS!
[DexParser]   First opcodes: 0022 00d6 1070 02bb 0000 
[DexParser]   → Result: 1 direct methods, 9 virtual methods
[DexParser] CLASS_DEF[23] @ offset 0x22712:
[DexParser]   class_idx: 110 (max valid: 337)
[DexParser]   access_flags: 0x17
[DexParser]   superclass_idx: 206
[DexParser]   class_data_off: 0x112216
[DexParser]   → Resolved name: [Lc/f;]
[DexParser]   → Parsing class_data at 0x112216
[DexParser]   === EXP-031.6 CLASS_DATA PARSING @ offset=0x112216 ===
[DexParser]   First bytes: 00 01 01 0d 44 91 20 d2 02 81 80 04 a8 b3 02 d3 02 11 e8 ae 02 01 11 84 af 02 01 11 c4 b3 02 01 
[DexParser]   ULEB128[static_fields_size] @ 0x112216 = 0
[DexParser]   ULEB128[instance_fields_size] @ 0x112217 = 1
[DexParser]   ULEB128[direct_methods_size] @ 0x112218 = 1
[DexParser]   ULEB128[virtual_methods_size] @ 0x112219 = 13
[DexParser]   → Header: static=0, instance=1, direct=1, virtual=13
[DexParser]   ULEB128[if_field_diff] @ 0x112220 = 68
[DexParser]   ULEB128[if_access_flags] @ 0x112221 = 4113
[DexParser]   → Direct method[0]:
[DexParser]   ULEB128[dm_method_diff] @ 0x112223 = 338
[DexParser]   ULEB128[dm_access_flags] @ 0x112225 = 65537
[DexParser]   ULEB128[dm_code_off] @ 0x112228 = 39336
[DexParser]   === EXP-031.6 CODE_ITEM @ offset=0x39336 for <init> ===
[DexParser]   registers_size: 2
[DexParser]   ins_size: 2
[DexParser]   outs_size: 1
[DexParser]   tries_size: 0
[DexParser]   debug_info_off: 0x0
[DexParser]   insns_size: 6 ← KEY FIELD!
[DexParser]   ✅ EXTRACTED 6 INSTRUCTIONS!
[DexParser]   First opcodes: 015b 0044 1070 0298 0000 
[DexParser]   → Virtual method[0]:
[DexParser]   ULEB128[vm_method_diff] @ 0x112231 = 339
[DexParser]   ULEB128[vm_access_flags] @ 0x112233 = 17
[DexParser]   ULEB128[vm_code_off] @ 0x112234 = 38760
[DexParser]   === EXP-031.6 CODE_ITEM @ offset=0x38760 for add ===
[DexParser]   registers_size: 2
[DexParser]   ins_size: 2
[DexParser]   outs_size: 1
[DexParser]   tries_size: 0
[DexParser]   debug_info_off: 0x0
[DexParser]   insns_size: 6 ← KEY FIELD!
[DexParser]   ✅ EXTRACTED 6 INSTRUCTIONS!
[DexParser]   First opcodes: 0122 00db 1070 02d3 0001 
[DexParser]   → Virtual method[1]:
[DexParser]   ULEB128[vm_method_diff] @ 0x112237 = 1
[DexParser]   ULEB128[vm_access_flags] @ 0x112238 = 17
[DexParser]   ULEB128[vm_code_off] @ 0x112239 = 38788
[DexParser]   === EXP-031.6 CODE_ITEM @ offset=0x38788 for addAll ===
[DexParser]   registers_size: 2
[DexParser]   ins_size: 2
[DexParser]   outs_size: 1
[DexParser]   tries_size: 0
[DexParser]   debug_info_off: 0x0
[DexParser]   insns_size: 6 ← KEY FIELD!
[DexParser]   ✅ EXTRACTED 6 INSTRUCTIONS!
[DexParser]   First opcodes: 0122 00db 1070 02d3 0001 
[DexParser]   → Virtual method[2]:
[DexParser]   ULEB128[vm_method_diff] @ 0x112242 = 1
[DexParser]   ULEB128[vm_access_flags] @ 0x112243 = 17
[DexParser]   ULEB128[vm_code_off] @ 0x112244 = 39364
[DexParser]   === EXP-031.6 CODE_ITEM @ offset=0x39364 for clear ===
[DexParser]   registers_size: 2
[DexParser]   ins_size: 1
[DexParser]   outs_size: 1
[DexParser]   tries_size: 0
[DexParser]   debug_info_off: 0x0
[DexParser]   insns_size: 8 ← KEY FIELD!
[DexParser]   ✅ EXTRACTED 8 INSTRUCTIONS!
[DexParser]   First opcodes: 1054 0044 0054 0030 106e 
[DexParser]   → Virtual method[3]:
[DexParser]   ULEB128[vm_method_diff] @ 0x112247 = 1
[DexParser]   ULEB128[vm_access_flags] @ 0x112248 = 17
[DexParser]   ULEB128[vm_code_off] @ 0x112249 = 38816
[DexParser]   === EXP-031.6 CODE_ITEM @ offset=0x38816 for contains ===
[DexParser]   registers_size: 3
[DexParser]   ins_size: 2
[DexParser]   outs_size: 2
[DexParser]   tries_size: 0
[DexParser]   debug_info_off: 0x0
[DexParser]   insns_size: 14 ← KEY FIELD!
[DexParser]   ✅ EXTRACTED 14 INSTRUCTIONS!
[DexParser]   First opcodes: 1054 0044 0054 0030 206e 
[DexParser]   → Virtual method[4]:
[DexParser]   ULEB128[vm_method_diff] @ 0x112252 = 1
[DexParser]   ULEB128[vm_access_flags] @ 0x112253 = 17
[DexParser]   ULEB128[vm_code_off] @ 0x112254 = 38860
[DexParser]   === EXP-031.6 CODE_ITEM @ offset=0x38860 for containsAll ===
[DexParser]   registers_size: 3
[DexParser]   ins_size: 2
[DexParser]   outs_size: 2
[DexParser]   tries_size: 0
[DexParser]   debug_info_off: 0x0
[DexParser]   insns_size: 24 ← KEY FIELD!
[DexParser]   ✅ EXTRACTED 24 INSTRUCTIONS!
[DexParser]   First opcodes: 1072 02fa 0002 020c 1072 
[DexParser]   → Virtual method[5]:
[DexParser]   ULEB128[vm_method_diff] @ 0x112257 = 1
[DexParser]   ULEB128[vm_access_flags] @ 0x112258 = 17
[DexParser]   ULEB128[vm_code_off] @ 0x112259 = 38924
[DexParser]   === EXP-031.6 CODE_ITEM @ offset=0x38924 for isEmpty ===
[DexParser]   registers_size: 2
[DexParser]   ins_size: 1
[DexParser]   outs_size: 0
[DexParser]   tries_size: 0
[DexParser]   debug_info_off: 0x0
[DexParser]   insns_size: 12 ← KEY FIELD!
[DexParser]   ✅ EXTRACTED 12 INSTRUCTIONS!
[DexParser]   First opcodes: 1054 0044 0054 0030 0052 
[DexParser]   → Virtual method[6]:
[DexParser]   ULEB128[vm_method_diff] @ 0x112262 = 1
[DexParser]   ULEB128[vm_access_flags] @ 0x112263 = 17
[DexParser]   ULEB128[vm_code_off] @ 0x112264 = 39300
[DexParser]   === EXP-031.6 CODE_ITEM @ offset=0x39300 for iterator ===
[DexParser]   registers_size: 4
[DexParser]   ins_size: 1
[DexParser]   outs_size: 3
[DexParser]   tries_size: 0
[DexParser]   debug_info_off: 0x0
[DexParser]   insns_size: 9 ← KEY FIELD!
[DexParser]   ✅ EXTRACTED 9 INSTRUCTIONS!
[DexParser]   First opcodes: 0022 006b 3154 0044 1212 
[DexParser]   → Virtual method[7]:
[DexParser]   ULEB128[vm_method_diff] @ 0x112267 = 1
[DexParser]   ULEB128[vm_access_flags] @ 0x112268 = 17
[DexParser]   ULEB128[vm_code_off] @ 0x112269 = 38964
[DexParser]   === EXP-031.6 CODE_ITEM @ offset=0x38964 for remove ===
[DexParser]   registers_size: 4
[DexParser]   ins_size: 2
[DexParser]   outs_size: 2
[DexParser]   tries_size: 0
[DexParser]   debug_info_off: 0x0
[DexParser]   insns_size: 17 ← KEY FIELD!
[DexParser]   ✅ EXTRACTED 17 INSTRUCTIONS!
[DexParser]   First opcodes: 2054 0044 0154 0030 206e 
[DexParser]   → Virtual method[8]:
[DexParser]   ULEB128[vm_method_diff] @ 0x112272 = 1
[DexParser]   ULEB128[vm_access_flags] @ 0x112273 = 17
[DexParser]   ULEB128[vm_code_off] @ 0x112274 = 39016
[DexParser]   === EXP-031.6 CODE_ITEM @ offset=0x39016 for removeAll ===
[DexParser]   registers_size: 8
[DexParser]   ins_size: 2
[DexParser]   outs_size: 3
[DexParser]   tries_size: 0
[DexParser]   debug_info_off: 0x0
[DexParser]   insns_size: 32 ← KEY FIELD!
[DexParser]   ✅ EXTRACTED 32 INSTRUCTIONS!
[DexParser]   First opcodes: 6054 0044 0154 0030 1152 
[DexParser]   → Virtual method[9]:
[DexParser]   ULEB128[vm_method_diff] @ 0x112277 = 1
[DexParser]   ULEB128[vm_access_flags] @ 0x112278 = 17
[DexParser]   ULEB128[vm_code_off] @ 0x112279 = 39096
[DexParser]   === EXP-031.6 CODE_ITEM @ offset=0x39096 for retainAll ===
[DexParser]   registers_size: 8
[DexParser]   ins_size: 2
[DexParser]   outs_size: 3
[DexParser]   tries_size: 0
[DexParser]   debug_info_off: 0x0
[DexParser]   insns_size: 32 ← KEY FIELD!
[DexParser]   ✅ EXTRACTED 32 INSTRUCTIONS!
[DexParser]   First opcodes: 6054 0044 0154 0030 1152 
[DexParser]   → Virtual method[10]:
[DexParser]   ULEB128[vm_method_diff] @ 0x112282 = 1
[DexParser]   ULEB128[vm_access_flags] @ 0x112283 = 17
[DexParser]   ULEB128[vm_code_off] @ 0x112284 = 39176
[DexParser]   === EXP-031.6 CODE_ITEM @ offset=0x39176 for size ===
[DexParser]   registers_size: 2
[DexParser]   ins_size: 1
[DexParser]   outs_size: 0
[DexParser]   tries_size: 0
[DexParser]   debug_info_off: 0x0
[DexParser]   insns_size: 7 ← KEY FIELD!
[DexParser]   ✅ EXTRACTED 7 INSTRUCTIONS!
[DexParser]   First opcodes: 1054 0044 0054 0030 0052 
[DexParser]   → Virtual method[11]:
[DexParser]   ULEB128[vm_method_diff] @ 0x112287 = 1
[DexParser]   ULEB128[vm_access_flags] @ 0x112288 = 17
[DexParser]   ULEB128[vm_code_off] @ 0x112289 = 39208
[DexParser]   === EXP-031.6 CODE_ITEM @ offset=0x39208 for toArray ===
[DexParser]   registers_size: 6
[DexParser]   ins_size: 1
[DexParser]   outs_size: 3
[DexParser]   tries_size: 0
[DexParser]   debug_info_off: 0x86685
[DexParser]   insns_size: 22 ← KEY FIELD!
[DexParser]   ✅ EXTRACTED 22 INSTRUCTIONS!
[DexParser]   First opcodes: 5054 0044 0154 0030 1152 
[DexParser]   → Virtual method[12]:
[DexParser]   ULEB128[vm_method_diff] @ 0x112292 = 1
[DexParser]   ULEB128[vm_access_flags] @ 0x112293 = 17
[DexParser]   ULEB128[vm_code_off] @ 0x112294 = 39268
[DexParser]   === EXP-031.6 CODE_ITEM @ offset=0x39268 for toArray ===
[DexParser]   registers_size: 4
[DexParser]   ins_size: 2
[DexParser]   outs_size: 3
[DexParser]   tries_size: 0
[DexParser]   debug_info_off: 0x86691
[DexParser]   insns_size: 8 ← KEY FIELD!
[DexParser]   ✅ EXTRACTED 8 INSTRUCTIONS!
[DexParser]   First opcodes: 2054 0044 1112 306e 0111 
[DexParser]   → Result: 1 direct methods, 13 virtual methods
[DexParser] CLASS_DEF[24] @ offset 0x22744:
[DexParser]   class_idx: 111 (max valid: 337)
[DexParser]   access_flags: 0x1025
[DexParser]   superclass_idx: 206
[DexParser]   class_data_off: 0x112297
[DexParser]   → Resolved name: [Ld/a;]
[DexParser]   → Parsing class_data at 0x112297
[DexParser]   === EXP-031.6 CLASS_DATA PARSING @ offset=0x112297 ===
[DexParser]   First bytes: 00 00 04 00 e0 02 09 84 b4 02 01 09 c4 b4 02 01 09 a4 b4 02 01 09 e4 b3 02 00 00 01 01 e4 02 81 
[DexParser]   ULEB128[static_fields_size] @ 0x112297 = 0
[DexParser]   ULEB128[instance_fields_size] @ 0x112298 = 0
[DexParser]   ULEB128[direct_methods_size] @ 0x112299 = 4
[DexParser]   ULEB128[virtual_methods_size] @ 0x112300 = 0
[DexParser]   → Header: static=0, instance=0, direct=4, virtual=0
[DexParser]   → Direct method[0]:
[DexParser]   ULEB128[dm_method_diff] @ 0x112301 = 352
[DexParser]   ULEB128[dm_access_flags] @ 0x112303 = 9
[DexParser]   ULEB128[dm_code_off] @ 0x112304 = 39428
[DexParser]   === EXP-031.6 CODE_ITEM @ offset=0x39428 for a ===
[DexParser]   registers_size: 1
[DexParser]   ins_size: 1
[DexParser]   outs_size: 1
[DexParser]   tries_size: 0
[DexParser]   debug_info_off: 0x0
[DexParser]   insns_size: 7 ← KEY FIELD!
[DexParser]   ✅ EXTRACTED 7 INSTRUCTIONS!
[DexParser]   First opcodes: 001f 0031 106e 0087 0000 
[DexParser]   → Direct method[1]:
[DexParser]   ULEB128[dm_method_diff] @ 0x112307 = 1
[DexParser]   ULEB128[dm_access_flags] @ 0x112308 = 9
[DexParser]   ULEB128[dm_code_off] @ 0x112309 = 39492
[DexParser]   === EXP-031.6 CODE_ITEM @ offset=0x39492 for b ===
[DexParser]   registers_size: 1
[DexParser]   ins_size: 1
[DexParser]   outs_size: 1
[DexParser]   tries_size: 0
[DexParser]   debug_info_off: 0x0
[DexParser]   insns_size: 7 ← KEY FIELD!
[DexParser]   ✅ EXTRACTED 7 INSTRUCTIONS!
[DexParser]   First opcodes: 001f 0031 106e 0088 0000 
[DexParser]   → Direct method[2]:
[DexParser]   ULEB128[dm_method_diff] @ 0x112312 = 1
[DexParser]   ULEB128[dm_access_flags] @ 0x112313 = 9
[DexParser]   ULEB128[dm_code_off] @ 0x112314 = 39460
[DexParser]   === EXP-031.6 CODE_ITEM @ offset=0x39460 for c ===
[DexParser]   registers_size: 1
[DexParser]   ins_size: 1
[DexParser]   outs_size: 1
[DexParser]   tries_size: 0
[DexParser]   debug_info_off: 0x0
[DexParser]   insns_size: 7 ← KEY FIELD!
[DexParser]   ✅ EXTRACTED 7 INSTRUCTIONS!
[DexParser]   First opcodes: 001f 0031 106e 0089 0000 
[DexParser]   → Direct method[3]:
[DexParser]   ULEB128[dm_method_diff] @ 0x112317 = 1
[DexParser]   ULEB128[dm_access_flags] @ 0x112318 = 9
[DexParser]   ULEB128[dm_code_off] @ 0x112319 = 39396
[DexParser]   === EXP-031.6 CODE_ITEM @ offset=0x39396 for d ===
[DexParser]   registers_size: 1
[DexParser]   ins_size: 1
[DexParser]   outs_size: 1
[DexParser]   tries_size: 0
[DexParser]   debug_info_off: 0x0
[DexParser]   insns_size: 7 ← KEY FIELD!
[DexParser]   ✅ EXTRACTED 7 INSTRUCTIONS!
[DexParser]   First opcodes: 001f 0031 106e 008a 0000 
[DexParser]   → Result: 4 direct methods, 0 virtual methods
[DexParser] CLASS_DEF[25] @ offset 0x22776:
[DexParser]   class_idx: 113 (max valid: 337)
[DexParser]   access_flags: 0x17
[DexParser]   superclass_idx: 25
[DexParser]   class_data_off: 0x112322
[DexParser]   → Resolved name: [Ldubrowgn/microtimer/AlarmReceiver;]
[DexParser]   → Parsing class_data at 0x112322
[DexParser]   === EXP-031.6 CLASS_DATA PARSING @ offset=0x112322 ===
[DexParser]   First bytes: 00 00 01 01 e4 02 81 80 04 e4 b4 02 e5 02 11 fc b4 02 01 06 02 08 4b 99 20 45 01 01 11 01 11 01 
[DexParser]   ULEB128[static_fields_size] @ 0x112322 = 0
[DexParser]   ULEB128[instance_fields_size] @ 0x112323 = 0
[DexParser]   ULEB128[direct_methods_size] @ 0x112324 = 1
[DexParser]   ULEB128[virtual_methods_size] @ 0x112325 = 1
[DexParser]   → Header: static=0, instance=0, direct=1, virtual=1
[DexParser]   → Direct method[0]:
[DexParser]   ULEB128[dm_method_diff] @ 0x112326 = 356
[DexParser]   ULEB128[dm_access_flags] @ 0x112328 = 65537
[DexParser]   ULEB128[dm_code_off] @ 0x112331 = 39524
[DexParser]   === EXP-031.6 CODE_ITEM @ offset=0x39524 for <init> ===
[DexParser]   registers_size: 1
[DexParser]   ins_size: 1
[DexParser]   outs_size: 1
[DexParser]   tries_size: 0
[DexParser]   debug_info_off: 0x0
[DexParser]   insns_size: 4 ← KEY FIELD!
[DexParser]   ✅ EXTRACTED 4 INSTRUCTIONS!
[DexParser]   First opcodes: 1070 0042 0000 000e 
[DexParser]   → Virtual method[0]:
[DexParser]   ULEB128[vm_method_diff] @ 0x112334 = 357
[DexParser]   ULEB128[vm_access_flags] @ 0x112336 = 17
[DexParser]   ULEB128[vm_code_off] @ 0x112337 = 39548
[DexParser]   === EXP-031.6 CODE_ITEM @ offset=0x39548 for onReceive ===
[DexParser]   registers_size: 10
[DexParser]   ins_size: 3
[DexParser]   outs_size: 4
[DexParser]   tries_size: 0
[DexParser]   debug_info_off: 0x0
[DexParser]   insns_size: 170 ← KEY FIELD!
[DexParser]   ✅ EXTRACTED 170 INSTRUCTIONS!
[DexParser]   First opcodes: 001c 0071 106e 0278 0000 
[DexParser]   → Result: 1 direct methods, 1 virtual methods
[DexParser] CLASS_DEF[26] @ offset 0x22808:
[DexParser]   class_idx: 114 (max valid: 337)
[DexParser]   access_flags: 0x17
[DexParser]   superclass_idx: 12
[DexParser]   class_data_off: 0x112340
[DexParser]   → Resolved name: [Ldubrowgn/microtimer/MainActivity;]
[DexParser]   → Parsing class_data at 0x112340
[DexParser]   === EXP-031.6 CLASS_DATA PARSING @ offset=0x112340 ===
[DexParser]   First bytes: 01 06 02 08 4b 99 20 45 01 01 11 01 11 01 01 01 01 01 01 e6 02 81 80 04 80 ba 02 03 09 c0 ba 02 
[DexParser]   ULEB128[static_fields_size] @ 0x112340 = 1
[DexParser]   ULEB128[instance_fields_size] @ 0x112341 = 6
[DexParser]   ULEB128[direct_methods_size] @ 0x112342 = 2
[DexParser]   ULEB128[virtual_methods_size] @ 0x112343 = 8
[DexParser]   → Header: static=1, instance=6, direct=2, virtual=8
[DexParser]   ULEB128[sf_field_diff] @ 0x112344 = 75
[DexParser]   ULEB128[sf_access_flags] @ 0x112345 = 4121
[DexParser]   ULEB128[if_field_diff] @ 0x112347 = 69
[DexParser]   ULEB128[if_access_flags] @ 0x112348 = 1
[DexParser]   ULEB128[if_field_diff] @ 0x112349 = 1
[DexParser]   ULEB128[if_access_flags] @ 0x112350 = 17
[DexParser]   ULEB128[if_field_diff] @ 0x112351 = 1
[DexParser]   ULEB128[if_access_flags] @ 0x112352 = 17
[DexParser]   ULEB128[if_field_diff] @ 0x112353 = 1
[DexParser]   ULEB128[if_access_flags] @ 0x112354 = 1
[DexParser]   ULEB128[if_field_diff] @ 0x112355 = 1
[DexParser]   ULEB128[if_access_flags] @ 0x112356 = 1
[DexParser]   ULEB128[if_field_diff] @ 0x112357 = 1
[DexParser]   ULEB128[if_access_flags] @ 0x112358 = 1
[DexParser]   → Direct method[0]:
[DexParser]   ULEB128[dm_method_diff] @ 0x112359 = 358
[DexParser]   ULEB128[dm_access_flags] @ 0x112361 = 65537
[DexParser]   ULEB128[dm_code_off] @ 0x112364 = 40192
[DexParser]   === EXP-031.6 CODE_ITEM @ offset=0x40192 for <init> ===
[DexParser]   registers_size: 3
[DexParser]   ins_size: 1
[DexParser]   outs_size: 2
[DexParser]   tries_size: 0
[DexParser]   debug_info_off: 0x0
[DexParser]   insns_size: 23 ← KEY FIELD!
[DexParser]   ✅ EXTRACTED 23 INSTRUCTIONS!
[DexParser]   First opcodes: 1070 001a 0002 0022 0111 
[DexParser]   → Direct method[1]:
[DexParser]   ULEB128[dm_method_diff] @ 0x112367 = 3
[DexParser]   ULEB128[dm_access_flags] @ 0x112368 = 9
[DexParser]   ULEB128[dm_code_off] @ 0x112369 = 40256
[DexParser]   === EXP-031.6 CODE_ITEM @ offset=0x40256 for c ===
[DexParser]   registers_size: 2
[DexParser]   ins_size: 1
[DexParser]   outs_size: 2
[DexParser]   tries_size: 0
[DexParser]   debug_info_off: 0x0
[DexParser]   insns_size: 10 ← KEY FIELD!
[DexParser]   ✅ EXTRACTED 10 INSTRUCTIONS!
[DexParser]   First opcodes: 001c 0072 106e 0278 0000 
[DexParser]   → Virtual method[0]:
[DexParser]   ULEB128[vm_method_diff] @ 0x112372 = 359
[DexParser]   ULEB128[vm_access_flags] @ 0x112374 = 17
[DexParser]   ULEB128[vm_code_off] @ 0x112375 = 40032
[DexParser]   === EXP-031.6 CODE_ITEM @ offset=0x40032 for a ===
[DexParser]   registers_size: 5
[DexParser]   ins_size: 2
[DexParser]   outs_size: 5
[DexParser]   tries_size: 0
[DexParser]   debug_info_off: 0x0
[DexParser]   insns_size: 71 ← KEY FIELD!
[DexParser]   ✅ EXTRACTED 71 INSTRUCTIONS!
[DexParser]   First opcodes: 4054 0117 0122 00d6 021a 
[DexParser]   → Virtual method[1]:
[DexParser]   ULEB128[vm_method_diff] @ 0x112378 = 1
[DexParser]   ULEB128[vm_access_flags] @ 0x112379 = 17
[DexParser]   ULEB128[vm_code_off] @ 0x112380 = 39904
[DexParser]   === EXP-031.6 CODE_ITEM @ offset=0x39904 for b ===
[DexParser]   registers_size: 6
[DexParser]   ins_size: 2
[DexParser]   outs_size: 4
[DexParser]   tries_size: 0
[DexParser]   debug_info_off: 0x0
[DexParser]   insns_size: 56 ← KEY FIELD!
[DexParser]   ✅ EXTRACTED 56 INSTRUCTIONS!
[DexParser]   First opcodes: 5054 0117 1071 000d 0000 
[DexParser]   → Virtual method[2]:
[DexParser]   ULEB128[vm_method_diff] @ 0x112383 = 2
[DexParser]   ULEB128[vm_access_flags] @ 0x112384 = 17
[DexParser]   ULEB128[vm_code_off] @ 0x112385 = 43840
[DexParser]   === EXP-031.6 CODE_ITEM @ offset=0x43840 for d ===
[DexParser]   registers_size: 4
[DexParser]   ins_size: 2
[DexParser]   outs_size: 2
[DexParser]   tries_size: 0
[DexParser]   debug_info_off: 0x0
[DexParser]   insns_size: 33 ← KEY FIELD!
[DexParser]   ✅ EXTRACTED 33 INSTRUCTIONS!
[DexParser]   First opcodes: 2054 0046 0152 00ff 01da 
[DexParser]   → Virtual method[3]:
[DexParser]   ULEB128[vm_method_diff] @ 0x112388 = 1
[DexParser]   ULEB128[vm_access_flags] @ 0x112389 = 17
[DexParser]   ULEB128[vm_code_off] @ 0x112390 = 44536
[DexParser]   === EXP-031.6 CODE_ITEM @ offset=0x44536 for e ===
[DexParser]   registers_size: 18
[DexParser]   ins_size: 2
[DexParser]   outs_size: 5
[DexParser]   tries_size: 0
[DexParser]   debug_info_off: 0x0
[DexParser]   insns_size: 366 ← KEY FIELD!
[DexParser]   ✅ EXTRACTED 366 INSTRUCTIONS!
[DexParser]   First opcodes: 0008 0010 0174 0355 0011 
[DexParser]   → Virtual method[4]:
[DexParser]   ULEB128[vm_method_diff] @ 0x112393 = 1
[DexParser]   ULEB128[vm_access_flags] @ 0x112394 = 17
[DexParser]   ULEB128[vm_code_off] @ 0x112395 = 40292
[DexParser]   === EXP-031.6 CODE_ITEM @ offset=0x40292 for onCreate ===
[DexParser]   registers_size: 27
[DexParser]   ins_size: 2
[DexParser]   outs_size: 14
[DexParser]   tries_size: 3
[DexParser]   debug_info_off: 0x0
[DexParser]   insns_size: 1725 ← KEY FIELD!
[DexParser]   ✅ EXTRACTED 1725 INSTRUCTIONS!
[DexParser]   First opcodes: 0108 0019 001a 03c2 1071 
[DexParser]   → Virtual method[5]:
[DexParser]   ULEB128[vm_method_diff] @ 0x112398 = 1
[DexParser]   ULEB128[vm_access_flags] @ 0x112399 = 17
[DexParser]   ULEB128[vm_code_off] @ 0x112400 = 43804
[DexParser]   === EXP-031.6 CODE_ITEM @ offset=0x43804 for onDestroy ===
[DexParser]   registers_size: 2
[DexParser]   ins_size: 1
[DexParser]   outs_size: 1
[DexParser]   tries_size: 0
[DexParser]   debug_info_off: 0x0
[DexParser]   insns_size: 9 ← KEY FIELD!
[DexParser]   ✅ EXTRACTED 9 INSTRUCTIONS!
[DexParser]   First opcodes: 001a 03c4 1071 0169 0000 
[DexParser]   → Virtual method[6]:
[DexParser]   ULEB128[vm_method_diff] @ 0x112403 = 1
[DexParser]   ULEB128[vm_access_flags] @ 0x112404 = 17
[DexParser]   ULEB128[vm_code_off] @ 0x112405 = 43924
[DexParser]   === EXP-031.6 CODE_ITEM @ offset=0x43924 for onPause ===
[DexParser]   registers_size: 10
[DexParser]   ins_size: 1
[DexParser]   outs_size: 5
[DexParser]   tries_size: 1
[DexParser]   debug_info_off: 0x0
[DexParser]   insns_size: 202 ← KEY FIELD!
[DexParser]   ✅ EXTRACTED 202 INSTRUCTIONS!
[DexParser]   First opcodes: 001a 03c8 1071 0169 0000 
[DexParser]   → Virtual method[7]:
[DexParser]   ULEB128[vm_method_diff] @ 0x112408 = 1
[DexParser]   ULEB128[vm_access_flags] @ 0x112409 = 17
[DexParser]   ULEB128[vm_code_off] @ 0x112410 = 44360
[DexParser]   === EXP-031.6 CODE_ITEM @ offset=0x44360 for onResume ===
[DexParser]   registers_size: 8
[DexParser]   ins_size: 1
[DexParser]   outs_size: 2
[DexParser]   tries_size: 0
[DexParser]   debug_info_off: 0x0
[DexParser]   insns_size: 80 ← KEY FIELD!
[DexParser]   ✅ EXTRACTED 80 INSTRUCTIONS!
[DexParser]   First opcodes: 001a 03cc 1071 0169 0000 
[DexParser]   → Result: 2 direct methods, 8 virtual methods
[DexParser] CLASS_DEF[27] @ offset 0x22840:
[DexParser]   class_idx: 115 (max valid: 337)
[DexParser]   access_flags: 0x17
[DexParser]   superclass_idx: 82
[DexParser]   class_data_off: 0x112413
[DexParser]   → Resolved name: [Ldubrowgn/microtimer/RoTimeControl;]
[DexParser]   → Parsing class_data at 0x112413
[DexParser]   === EXP-031.6 CLASS_DATA PARSING @ offset=0x112413 ===
[DexParser]   First bytes: 00 01 02 02 4c 01 f0 02 81 80 04 e4 e1 02 01 81 80 04 8c e2 02 f2 02 11 c0 e2 02 01 11 90 e4 02 
[DexParser]   ULEB128[static_fields_size] @ 0x112413 = 0
[DexParser]   ULEB128[instance_fields_size] @ 0x112414 = 1
[DexParser]   ULEB128[direct_methods_size] @ 0x112415 = 2
[DexParser]   ULEB128[virtual_methods_size] @ 0x112416 = 2
[DexParser]   → Header: static=0, instance=1, direct=2, virtual=2
[DexParser]   ULEB128[if_field_diff] @ 0x112417 = 76
[DexParser]   ULEB128[if_access_flags] @ 0x112418 = 1
[DexParser]   → Direct method[0]:
[DexParser]   ULEB128[dm_method_diff] @ 0x112419 = 368
[DexParser]   ULEB128[dm_access_flags] @ 0x112421 = 65537
[DexParser]   ULEB128[dm_code_off] @ 0x112424 = 45284
[DexParser]   === EXP-031.6 CODE_ITEM @ offset=0x45284 for <init> ===
[DexParser]   registers_size: 3
[DexParser]   ins_size: 2
[DexParser]   outs_size: 2
[DexParser]   tries_size: 0
[DexParser]   debug_info_off: 0x86696
[DexParser]   insns_size: 12 ← KEY FIELD!
[DexParser]   ✅ EXTRACTED 12 INSTRUCTIONS!
[DexParser]   First opcodes: 001a 02c9 2071 0010 0002 
[DexParser]   → Direct method[1]:
[DexParser]   ULEB128[dm_method_diff] @ 0x112427 = 1
[DexParser]   ULEB128[dm_access_flags] @ 0x112428 = 65537
[DexParser]   ULEB128[dm_code_off] @ 0x112431 = 45324
[DexParser]   === EXP-031.6 CODE_ITEM @ offset=0x45324 for <init> ===
[DexParser]   registers_size: 4
[DexParser]   ins_size: 3
[DexParser]   outs_size: 3
[DexParser]   tries_size: 0
[DexParser]   debug_info_off: 0x86701
[DexParser]   insns_size: 17 ← KEY FIELD!
[DexParser]   ✅ EXTRACTED 17 INSTRUCTIONS!
[DexParser]   First opcodes: 001a 02c9 2071 0010 0002 
[DexParser]   → Virtual method[0]:
[DexParser]   ULEB128[vm_method_diff] @ 0x112434 = 370
[DexParser]   ULEB128[vm_access_flags] @ 0x112436 = 17
[DexParser]   ULEB128[vm_code_off] @ 0x112437 = 45376
[DexParser]   === EXP-031.6 CODE_ITEM @ offset=0x45376 for a ===
[DexParser]   registers_size: 5
[DexParser]   ins_size: 1
[DexParser]   outs_size: 3
[DexParser]   tries_size: 0
[DexParser]   debug_info_off: 0x0
[DexParser]   insns_size: 95 ← KEY FIELD!
[DexParser]   ✅ EXTRACTED 95 INSTRUCTIONS!
[DexParser]   First opcodes: 0022 0054 e112 3070 00db 
[DexParser]   → Virtual method[1]:
[DexParser]   ULEB128[vm_method_diff] @ 0x112440 = 1
[DexParser]   ULEB128[vm_access_flags] @ 0x112441 = 17
[DexParser]   ULEB128[vm_code_off] @ 0x112442 = 45584
[DexParser]   === EXP-031.6 CODE_ITEM @ offset=0x45584 for b ===
[DexParser]   registers_size: 3
[DexParser]   ins_size: 2
[DexParser]   outs_size: 2
[DexParser]   tries_size: 0
[DexParser]   debug_info_off: 0x0
[DexParser]   insns_size: 26 ← KEY FIELD!
[DexParser]   ✅ EXTRACTED 26 INSTRUCTIONS!
[DexParser]   First opcodes: 1054 004c 0038 0011 0238 
[DexParser]   → Result: 2 direct methods, 2 virtual methods
[DexParser] CLASS_DEF[28] @ offset 0x22872:
[DexParser]   class_idx: 116 (max valid: 337)
[DexParser]   access_flags: 0x1025
[DexParser]   superclass_idx: 206
[DexParser]   class_data_off: 0x112445
[DexParser]   → Resolved name: [Ldubrowgn/microtimer/db/Database;]
[DexParser]   → Parsing class_data at 0x112445
[DexParser]   === EXP-031.6 CLASS_DATA PARSING @ offset=0x112445 ===
[DexParser]   First bytes: 00 0a 02 0e 4d 41 01 01 01 01 01 11 01 01 01 01 01 11 01 11 01 11 01 11 f4 02 81 80 04 f4 e9 02 
[DexParser]   ULEB128[static_fields_size] @ 0x112445 = 0
[DexParser]   ULEB128[instance_fields_size] @ 0x112446 = 10
[DexParser]   ULEB128[direct_methods_size] @ 0x112447 = 2
[DexParser]   ULEB128[virtual_methods_size] @ 0x112448 = 14
[DexParser]   → Header: static=0, instance=10, direct=2, virtual=14
[DexParser]   ULEB128[if_field_diff] @ 0x112449 = 77
[DexParser]   ULEB128[if_access_flags] @ 0x112450 = 65
[DexParser]   ULEB128[if_field_diff] @ 0x112451 = 1
[DexParser]   ULEB128[if_access_flags] @ 0x112452 = 1
[DexParser]   ULEB128[if_field_diff] @ 0x112453 = 1
[DexParser]   ULEB128[if_access_flags] @ 0x112454 = 1
[DexParser]   ULEB128[if_field_diff] @ 0x112455 = 1
[DexParser]   ULEB128[if_access_flags] @ 0x112456 = 17
[DexParser]   ULEB128[if_field_diff] @ 0x112457 = 1
[DexParser]   ULEB128[if_access_flags] @ 0x112458 = 1
[DexParser]   ULEB128[if_field_diff] @ 0x112459 = 1
[DexParser]   ULEB128[if_access_flags] @ 0x112460 = 1
[DexParser]   ULEB128[if_field_diff] @ 0x112461 = 1
[DexParser]   ULEB128[if_access_flags] @ 0x112462 = 17
[DexParser]   ULEB128[if_field_diff] @ 0x112463 = 1
[DexParser]   ULEB128[if_access_flags] @ 0x112464 = 17
[DexParser]   ULEB128[if_field_diff] @ 0x112465 = 1
[DexParser]   ULEB128[if_access_flags] @ 0x112466 = 17
[DexParser]   ULEB128[if_field_diff] @ 0x112467 = 1
[DexParser]   ULEB128[if_access_flags] @ 0x112468 = 17
[DexParser]   → Direct method[0]:
[DexParser]   ULEB128[dm_method_diff] @ 0x112469 = 372
[DexParser]   ULEB128[dm_access_flags] @ 0x112471 = 65537
[DexParser]   ULEB128[dm_code_off] @ 0x112474 = 46324
[DexParser]   === EXP-031.6 CODE_ITEM @ offset=0x46324 for <init> ===
[DexParser]   registers_size: 3
[DexParser]   ins_size: 1
[DexParser]   outs_size: 2
[DexParser]   tries_size: 0
[DexParser]   debug_info_off: 0x0
[DexParser]   insns_size: 52 ← KEY FIELD!
[DexParser]   ✅ EXTRACTED 52 INSTRUCTIONS!
[DexParser]   First opcodes: 1070 0298 0002 106e 0179 
[DexParser]   → Direct method[1]:
[DexParser]   ULEB128[dm_method_diff] @ 0x112477 = 15
[DexParser]   ULEB128[dm_access_flags] @ 0x112478 = 9
[DexParser]   ULEB128[dm_code_off] @ 0x112479 = 46136
[DexParser]   === EXP-031.6 CODE_ITEM @ offset=0x46136 for o ===
[DexParser]   registers_size: 3
[DexParser]   ins_size: 2
[DexParser]   outs_size: 2
[DexParser]   tries_size: 0
[DexParser]   debug_info_off: 0x0
[DexParser]   insns_size: 25 ← KEY FIELD!
[DexParser]   ✅ EXTRACTED 25 INSTRUCTIONS!
[DexParser]   First opcodes: 206e 027c 0021 000a 0038 
[DexParser]   → Virtual method[0]:
[DexParser]   ULEB128[vm_method_diff] @ 0x112482 = 373
[DexParser]   ULEB128[vm_access_flags] @ 0x112484 = 1025
[DexParser]   ULEB128[vm_code_off] @ 0x112486 = 0
[DexParser]   → Virtual method[1]:
[DexParser]   ULEB128[vm_method_diff] @ 0x112487 = 1
[DexParser]   ULEB128[vm_access_flags] @ 0x112488 = 17
[DexParser]   ULEB128[vm_code_off] @ 0x112489 = 46444
[DexParser]   === EXP-031.6 CODE_ITEM @ offset=0x46444 for b ===
[DexParser]   registers_size: 4
[DexParser]   ins_size: 1
[DexParser]   outs_size: 2
[DexParser]   tries_size: 0
[DexParser]   debug_info_off: 0x0
[DexParser]   insns_size: 39 ← KEY FIELD!
[DexParser]   ✅ EXTRACTED 39 INSTRUCTIONS!
[DexParser]   First opcodes: 3055 0051 0038 0003 1628 
[DexParser]   → Virtual method[2]:
[DexParser]   ULEB128[vm_method_diff] @ 0x112492 = 1
[DexParser]   ULEB128[vm_access_flags] @ 0x112493 = 17
[DexParser]   ULEB128[vm_code_off] @ 0x112494 = 46540
[DexParser]   === EXP-031.6 CODE_ITEM @ offset=0x46540 for c ===
[DexParser]   registers_size: 3
[DexParser]   ins_size: 1
[DexParser]   outs_size: 2
[DexParser]   tries_size: 0
[DexParser]   debug_info_off: 0x0
[DexParser]   insns_size: 41 ← KEY FIELD!
[DexParser]   ✅ EXTRACTED 41 INSTRUCTIONS!
[DexParser]   First opcodes: 106e 017c 0002 000c 1072 
[DexParser]   → Virtual method[3]:
[DexParser]   ULEB128[vm_method_diff] @ 0x112497 = 1
[DexParser]   ULEB128[vm_access_flags] @ 0x112498 = 17
[DexParser]   ULEB128[vm_code_off] @ 0x112499 = 46640
[DexParser]   === EXP-031.6 CODE_ITEM @ offset=0x46640 for d ===
[DexParser]   registers_size: 1
[DexParser]   ins_size: 1
[DexParser]   outs_size: 1
[DexParser]   tries_size: 0
[DexParser]   debug_info_off: 0x0
[DexParser]   insns_size: 7 ← KEY FIELD!
[DexParser]   ✅ EXTRACTED 7 INSTRUCTIONS!
[DexParser]   First opcodes: 106e 0176 0000 106e 0180 
[DexParser]   → Virtual method[4]:
[DexParser]   ULEB128[vm_method_diff] @ 0x112502 = 1
[DexParser]   ULEB128[vm_access_flags] @ 0x112503 = 1025
[DexParser]   ULEB128[vm_code_off] @ 0x112505 = 0
[DexParser]   → Virtual method[5]:
[DexParser]   ULEB128[vm_method_diff] @ 0x112506 = 1
[DexParser]   ULEB128[vm_access_flags] @ 0x112507 = 1025
[DexParser]   ULEB128[vm_code_off] @ 0x112509 = 0
[DexParser]   → Virtual method[6]:
[DexParser]   ULEB128[vm_method_diff] @ 0x112510 = 1
[DexParser]   ULEB128[vm_access_flags] @ 0x112511 = 1
[DexParser]   ULEB128[vm_code_off] @ 0x112512 = 46204
[DexParser]   === EXP-031.6 CODE_ITEM @ offset=0x46204 for g ===
[DexParser]   registers_size: 3
[DexParser]   ins_size: 2
[DexParser]   outs_size: 2
[DexParser]   tries_size: 0
[DexParser]   debug_info_off: 0x0
[DexParser]   insns_size: 8 ← KEY FIELD!
[DexParser]   ✅ EXTRACTED 8 INSTRUCTIONS!
[DexParser]   First opcodes: 001a 029d 2071 0010 0002 
[DexParser]   → Virtual method[7]:
[DexParser]   ULEB128[vm_method_diff] @ 0x112515 = 1
[DexParser]   ULEB128[vm_access_flags] @ 0x112516 = 17
[DexParser]   ULEB128[vm_code_off] @ 0x112517 = 46096
[DexParser]   === EXP-031.6 CODE_ITEM @ offset=0x46096 for h ===
[DexParser]   registers_size: 2
[DexParser]   ins_size: 1
[DexParser]   outs_size: 1
[DexParser]   tries_size: 0
[DexParser]   debug_info_off: 0x0
[DexParser]   insns_size: 12 ← KEY FIELD!
[DexParser]   ✅ EXTRACTED 12 INSTRUCTIONS!
[DexParser]   First opcodes: 1054 004f 0038 0003 0011 
[DexParser]   → Virtual method[8]:
[DexParser]   ULEB128[vm_method_diff] @ 0x112520 = 1
[DexParser]   ULEB128[vm_access_flags] @ 0x112521 = 17
[DexParser]   ULEB128[vm_code_off] @ 0x112522 = 46284
[DexParser]   === EXP-031.6 CODE_ITEM @ offset=0x46284 for i ===
[DexParser]   registers_size: 2
[DexParser]   ins_size: 1
[DexParser]   outs_size: 1
[DexParser]   tries_size: 0
[DexParser]   debug_info_off: 0x0
[DexParser]   insns_size: 12 ← KEY FIELD!
[DexParser]   ✅ EXTRACTED 12 INSTRUCTIONS!
[DexParser]   First opcodes: 1054 004e 0038 0003 0011 
[DexParser]   → Virtual method[9]:
[DexParser]   ULEB128[vm_method_diff] @ 0x112525 = 1
[DexParser]   ULEB128[vm_access_flags] @ 0x112526 = 4161
[DexParser]   ULEB128[vm_code_off] @ 0x112528 = 46260
[DexParser]   === EXP-031.6 CODE_ITEM @ offset=0x46260 for j ===
[DexParser]   registers_size: 2
[DexParser]   ins_size: 1
[DexParser]   outs_size: 0
[DexParser]   tries_size: 0
[DexParser]   debug_info_off: 0x0
[DexParser]   insns_size: 3 ← KEY FIELD!
[DexParser]   ✅ EXTRACTED 3 INSTRUCTIONS!
[DexParser]   First opcodes: 0062 012b 0011 
[DexParser]   → Virtual method[10]:
[DexParser]   ULEB128[vm_method_diff] @ 0x112531 = 1
[DexParser]   ULEB128[vm_access_flags] @ 0x112532 = 4161
[DexParser]   ULEB128[vm_code_off] @ 0x112534 = 46236
[DexParser]   === EXP-031.6 CODE_ITEM @ offset=0x46236 for k ===
[DexParser]   registers_size: 2
[DexParser]   ins_size: 1
[DexParser]   outs_size: 0
[DexParser]   tries_size: 0
[DexParser]   debug_info_off: 0x0
[DexParser]   insns_size: 3 ← KEY FIELD!
[DexParser]   ✅ EXTRACTED 3 INSTRUCTIONS!
[DexParser]   First opcodes: 0062 012a 0011 
[DexParser]   → Virtual method[11]:
[DexParser]   ULEB128[vm_method_diff] @ 0x112537 = 1
[DexParser]   ULEB128[vm_access_flags] @ 0x112538 = 17
[DexParser]   ULEB128[vm_code_off] @ 0x112539 = 46672
[DexParser]   === EXP-031.6 CODE_ITEM @ offset=0x46672 for l ===
[DexParser]   registers_size: 3
[DexParser]   ins_size: 1
[DexParser]   outs_size: 2
[DexParser]   tries_size: 0
[DexParser]   debug_info_off: 0x0
[DexParser]   insns_size: 30 ← KEY FIELD!
[DexParser]   ✅ EXTRACTED 30 INSTRUCTIONS!
[DexParser]   First opcodes: 106e 0176 0002 106e 017c 
[DexParser]   → Virtual method[12]:
[DexParser]   ULEB128[vm_method_diff] @ 0x112542 = 1
[DexParser]   ULEB128[vm_access_flags] @ 0x112543 = 17
[DexParser]   ULEB128[vm_code_off] @ 0x112544 = 46748
[DexParser]   === EXP-031.6 CODE_ITEM @ offset=0x46748 for m ===
[DexParser]   registers_size: 5
[DexParser]   ins_size: 1
[DexParser]   outs_size: 3
[DexParser]   tries_size: 0
[DexParser]   debug_info_off: 0x0
[DexParser]   insns_size: 49 ← KEY FIELD!
[DexParser]   ✅ EXTRACTED 49 INSTRUCTIONS!
[DexParser]   First opcodes: 106e 017c 0004 000c 1072 
[DexParser]   → Virtual method[13]:
[DexParser]   ULEB128[vm_method_diff] @ 0x112547 = 1
[DexParser]   ULEB128[vm_access_flags] @ 0x112548 = 17
[DexParser]   ULEB128[vm_code_off] @ 0x112549 = 46012
[DexParser]   === EXP-031.6 CODE_ITEM @ offset=0x46012 for n ===
[DexParser]   registers_size: 4
[DexParser]   ins_size: 3
[DexParser]   outs_size: 3
[DexParser]   tries_size: 0
[DexParser]   debug_info_off: 0x0
[DexParser]   insns_size: 34 ← KEY FIELD!
[DexParser]   ✅ EXTRACTED 34 INSTRUCTIONS!
[DexParser]   First opcodes: 106e 0176 0001 106e 0177 
[DexParser]   → Result: 2 direct methods, 14 virtual methods
[DexParser] CLASS_DEF[29] @ offset 0x22904:
[DexParser]   class_idx: 125 (max valid: 337)
[DexParser]   access_flags: 0x17
[DexParser]   superclass_idx: 206
[DexParser]   class_data_off: 0x112552
[DexParser]   → Resolved name: [Le/d;]
[DexParser]   → Parsing class_data at 0x112552
[DexParser]   === EXP-031.6 CLASS_DATA PARSING @ offset=0x112552 ===
[DexParser]   First bytes: 00 0f 01 01 6a 11 01 11 01 11 01 11 01 11 01 11 01 11 01 11 01 11 01 11 01 11 01 11 01 11 01 11 
[DexParser]   ULEB128[static_fields_size] @ 0x112552 = 0
[DexParser]   ULEB128[instance_fields_size] @ 0x112553 = 15
[DexParser]   ULEB128[direct_methods_size] @ 0x112554 = 1
[DexParser]   ULEB128[virtual_methods_size] @ 0x112555 = 1
[DexParser]   → Header: static=0, instance=15, direct=1, virtual=1
[DexParser]   ULEB128[if_field_diff] @ 0x112556 = 106
[DexParser]   ULEB128[if_access_flags] @ 0x112557 = 17
[DexParser]   ULEB128[if_field_diff] @ 0x112558 = 1
[DexParser]   ULEB128[if_access_flags] @ 0x112559 = 17
[DexParser]   ULEB128[if_field_diff] @ 0x112560 = 1
[DexParser]   ULEB128[if_access_flags] @ 0x112561 = 17
[DexParser]   ULEB128[if_field_diff] @ 0x112562 = 1
[DexParser]   ULEB128[if_access_flags] @ 0x112563 = 17
[DexParser]   ULEB128[if_field_diff] @ 0x112564 = 1
[DexParser]   ULEB128[if_access_flags] @ 0x112565 = 17
[DexParser]   ULEB128[if_field_diff] @ 0x112566 = 1
[DexParser]   ULEB128[if_access_flags] @ 0x112567 = 17
[DexParser]   ULEB128[if_field_diff] @ 0x112568 = 1
[DexParser]   ULEB128[if_access_flags] @ 0x112569 = 17
[DexParser]   ULEB128[if_field_diff] @ 0x112570 = 1
[DexParser]   ULEB128[if_access_flags] @ 0x112571 = 17
[DexParser]   ULEB128[if_field_diff] @ 0x112572 = 1
[DexParser]   ULEB128[if_access_flags] @ 0x112573 = 17
[DexParser]   ULEB128[if_field_diff] @ 0x112574 = 1
[DexParser]   ULEB128[if_access_flags] @ 0x112575 = 17
[DexParser]   ULEB128[if_field_diff] @ 0x112576 = 1
[DexParser]   ULEB128[if_access_flags] @ 0x112577 = 17
[DexParser]   ULEB128[if_field_diff] @ 0x112578 = 1
[DexParser]   ULEB128[if_access_flags] @ 0x112579 = 17
[DexParser]   ULEB128[if_field_diff] @ 0x112580 = 1
[DexParser]   ULEB128[if_access_flags] @ 0x112581 = 17
[DexParser]   ULEB128[if_field_diff] @ 0x112582 = 1
[DexParser]   ULEB128[if_access_flags] @ 0x112583 = 17
[DexParser]   ULEB128[if_field_diff] @ 0x112584 = 1
[DexParser]   ULEB128[if_access_flags] @ 0x112585 = 17
[DexParser]   → Direct method[0]:
[DexParser]   ULEB128[dm_method_diff] @ 0x112586 = 422
[DexParser]   ULEB128[dm_access_flags] @ 0x112588 = 65537
[DexParser]   ULEB128[dm_code_off] @ 0x112591 = 47976
[DexParser]   === EXP-031.6 CODE_ITEM @ offset=0x47976 for <init> ===
[DexParser]   registers_size: 15
[DexParser]   ins_size: 14
[DexParser]   outs_size: 2
[DexParser]   tries_size: 0
[DexParser]   debug_info_off: 0x0
[DexParser]   insns_size: 61 ← KEY FIELD!
[DexParser]   ✅ EXTRACTED 61 INSTRUCTIONS!
[DexParser]   First opcodes: 001a 02c9 2071 0010 0002 
[DexParser]   → Virtual method[0]:
[DexParser]   ULEB128[vm_method_diff] @ 0x112594 = 423
[DexParser]   ULEB128[vm_access_flags] @ 0x112596 = 17
[DexParser]   ULEB128[vm_code_off] @ 0x112597 = 47888
[DexParser]   === EXP-031.6 CODE_ITEM @ offset=0x47888 for a ===
[DexParser]   registers_size: 5
[DexParser]   ins_size: 3
[DexParser]   outs_size: 2
[DexParser]   tries_size: 0
[DexParser]   debug_info_off: 0x0
[DexParser]   insns_size: 35 ← KEY FIELD!
[DexParser]   ✅ EXTRACTED 35 INSTRUCTIONS!
[DexParser]   First opcodes: 1012 0112 4337 0004 0401 
[DexParser]   → Result: 1 direct methods, 1 virtual methods
[DexParser] CLASS_DEF[30] @ offset 0x22936:
[DexParser]   class_idx: 126 (max valid: 337)
[DexParser]   access_flags: 0x1025
[DexParser]   superclass_idx: 206
[DexParser]   class_data_off: 0x112600
[DexParser]   → Resolved name: [Le/e0;]
[DexParser]   → Parsing class_data at 0x112600
[DexParser]   === EXP-031.6 CLASS_DATA PARSING @ offset=0x112600 ===
[DexParser]   First bytes: 00 03 01 03 79 11 01 11 01 11 a8 03 81 80 04 c8 c5 03 a9 03 11 f4 c4 03 01 81 08 00 01 11 98 c6 
[DexParser]   ULEB128[static_fields_size] @ 0x112600 = 0
[DexParser]   ULEB128[instance_fields_size] @ 0x112601 = 3
[DexParser]   ULEB128[direct_methods_size] @ 0x112602 = 1
[DexParser]   ULEB128[virtual_methods_size] @ 0x112603 = 3
[DexParser]   → Header: static=0, instance=3, direct=1, virtual=3
[DexParser]   ULEB128[if_field_diff] @ 0x112604 = 121
[DexParser]   ULEB128[if_access_flags] @ 0x112605 = 17
[DexParser]   ULEB128[if_field_diff] @ 0x112606 = 1
[DexParser]   ULEB128[if_access_flags] @ 0x112607 = 17
[DexParser]   ULEB128[if_field_diff] @ 0x112608 = 1
[DexParser]   ULEB128[if_access_flags] @ 0x112609 = 17
[DexParser]   → Direct method[0]:
[DexParser]   ULEB128[dm_method_diff] @ 0x112610 = 424
[DexParser]   ULEB128[dm_access_flags] @ 0x112612 = 65537
[DexParser]   ULEB128[dm_code_off] @ 0x112615 = 58056
[DexParser]   === EXP-031.6 CODE_ITEM @ offset=0x58056 for <init> ===
[DexParser]   registers_size: 3
[DexParser]   ins_size: 2
[DexParser]   outs_size: 3
[DexParser]   tries_size: 0
[DexParser]   debug_info_off: 0x0
[DexParser]   insns_size: 31 ← KEY FIELD!
[DexParser]   ✅ EXTRACTED 31 INSTRUCTIONS!
[DexParser]   First opcodes: 001a 02e1 2071 0010 0002 
[DexParser]   → Virtual method[0]:
[DexParser]   ULEB128[vm_method_diff] @ 0x112618 = 425
[DexParser]   ULEB128[vm_access_flags] @ 0x112620 = 17
[DexParser]   ULEB128[vm_code_off] @ 0x112621 = 57972
[DexParser]   === EXP-031.6 CODE_ITEM @ offset=0x57972 for a ===
[DexParser]   registers_size: 4
[DexParser]   ins_size: 1
[DexParser]   outs_size: 2
[DexParser]   tries_size: 0
[DexParser]   debug_info_off: 0x0
[DexParser]   insns_size: 33 ← KEY FIELD!
[DexParser]   ✅ EXTRACTED 33 INSTRUCTIONS!
[DexParser]   First opcodes: 106e 01aa 0003 000c 3154 
[DexParser]   → Virtual method[1]:
[DexParser]   ULEB128[vm_method_diff] @ 0x112624 = 1
[DexParser]   ULEB128[vm_access_flags] @ 0x112625 = 1025
[DexParser]   ULEB128[vm_code_off] @ 0x112627 = 0
[DexParser]   → Virtual method[2]:
[DexParser]   ULEB128[vm_method_diff] @ 0x112628 = 1
[DexParser]   ULEB128[vm_access_flags] @ 0x112629 = 17
[DexParser]   ULEB128[vm_code_off] @ 0x112630 = 58136
[DexParser]   === EXP-031.6 CODE_ITEM @ offset=0x58136 for c ===
[DexParser]   registers_size: 3
[DexParser]   ins_size: 2
[DexParser]   outs_size: 2
[DexParser]   tries_size: 0
[DexParser]   debug_info_off: 0x0
[DexParser]   insns_size: 22 ← KEY FIELD!
[DexParser]   ✅ EXTRACTED 22 INSTRUCTIONS!
[DexParser]   First opcodes: 001a 044a 2071 0010 0002 
[DexParser]   → Result: 1 direct methods, 3 virtual methods
[DexParser] CLASS_DEF[31] @ offset 0x22968:
[DexParser]   class_idx: 127 (max valid: 337)
[DexParser]   access_flags: 0x1537
[DexParser]   superclass_idx: 206
[DexParser]   class_data_off: 0x112633
[DexParser]   → Resolved name: [Le/e;]
[DexParser]   → Parsing class_data at 0x112633
[DexParser]   === EXP-031.6 CLASS_DATA PARSING @ offset=0x112633 ===
[DexParser]   First bytes: 00 00 00 01 ac 03 81 08 00 01 00 01 01 7d 19 b2 03 89 80 04 c0 fa 02 b3 03 81 08 00 01 00 01 02 
[DexParser]   ULEB128[static_fields_size] @ 0x112633 = 0
[DexParser]   ULEB128[instance_fields_size] @ 0x112634 = 0
[DexParser]   ULEB128[direct_methods_size] @ 0x112635 = 0
[DexParser]   ULEB128[virtual_methods_size] @ 0x112636 = 1
[DexParser]   → Header: static=0, instance=0, direct=0, virtual=1
[DexParser]   → Virtual method[0]:
[DexParser]   ULEB128[vm_method_diff] @ 0x112637 = 428
[DexParser]   ULEB128[vm_access_flags] @ 0x112639 = 1025
[DexParser]   ULEB128[vm_code_off] @ 0x112641 = 0
[DexParser]   → Result: 0 direct methods, 1 virtual methods
[DexParser] CLASS_DEF[32] @ offset 0x23000:
[DexParser]   class_idx: 130 (max valid: 337)
[DexParser]   access_flags: 0x1537
[DexParser]   superclass_idx: 206
[DexParser]   class_data_off: 0x112642
[DexParser]   → Resolved name: [Le/h;]
[DexParser]   → Parsing class_data at 0x112642
[DexParser]   === EXP-031.6 CLASS_DATA PARSING @ offset=0x112642 ===
[DexParser]   First bytes: 01 00 01 01 7d 19 b2 03 89 80 04 c0 fa 02 b3 03 81 08 00 01 00 01 02 7f 19 b8 03 89 80 04 f8 fc 
[DexParser]   ULEB128[static_fields_size] @ 0x112642 = 1
[DexParser]   ULEB128[instance_fields_size] @ 0x112643 = 0
[DexParser]   ULEB128[direct_methods_size] @ 0x112644 = 1
[DexParser]   ULEB128[virtual_methods_size] @ 0x112645 = 1
[DexParser]   → Header: static=1, instance=0, direct=1, virtual=1
[DexParser]   ULEB128[sf_field_diff] @ 0x112646 = 125
[DexParser]   ULEB128[sf_access_flags] @ 0x112647 = 25
[DexParser]   → Direct method[0]:
[DexParser]   ULEB128[dm_method_diff] @ 0x112648 = 434
[DexParser]   ULEB128[dm_access_flags] @ 0x112650 = 65545
[DexParser]   ULEB128[dm_code_off] @ 0x112653 = 48448
[DexParser]   === EXP-031.6 CODE_ITEM @ offset=0x48448 for <clinit> ===
[DexParser]   registers_size: 3
[DexParser]   ins_size: 0
[DexParser]   outs_size: 3
[DexParser]   tries_size: 0
[DexParser]   debug_info_off: 0x0
[DexParser]   insns_size: 13 ← KEY FIELD!
[DexParser]   ✅ EXTRACTED 13 INSTRUCTIONS!
[DexParser]   First opcodes: 0013 0024 0113 002e 021a 
[DexParser]   → Virtual method[0]:
[DexParser]   ULEB128[vm_method_diff] @ 0x112656 = 435
[DexParser]   ULEB128[vm_access_flags] @ 0x112658 = 1025
[DexParser]   ULEB128[vm_code_off] @ 0x112660 = 0
[DexParser]   → Result: 1 direct methods, 1 virtual methods
[DexParser] CLASS_DEF[33] @ offset 0x23032:
[DexParser]   class_idx: 132 (max valid: 337)
[DexParser]   access_flags: 0x1537
[DexParser]   superclass_idx: 206
[DexParser]   class_data_off: 0x112661
[DexParser]   → Resolved name: [Le/j;]
[DexParser]   → Parsing class_data at 0x112661
[DexParser]   === EXP-031.6 CLASS_DATA PARSING @ offset=0x112661 ===
[DexParser]   First bytes: 01 00 01 02 7f 19 b8 03 89 80 04 f8 fc 02 b9 03 81 08 00 01 81 08 00 00 00 03 00 bb 03 88 a0 04 
[DexParser]   ULEB128[static_fields_size] @ 0x112661 = 1
[DexParser]   ULEB128[instance_fields_size] @ 0x112662 = 0
[DexParser]   ULEB128[direct_methods_size] @ 0x112663 = 1
[DexParser]   ULEB128[virtual_methods_size] @ 0x112664 = 2
[DexParser]   → Header: static=1, instance=0, direct=1, virtual=2
[DexParser]   ULEB128[sf_field_diff] @ 0x112665 = 127
[DexParser]   ULEB128[sf_access_flags] @ 0x112666 = 25
[DexParser]   → Direct method[0]:
[DexParser]   ULEB128[dm_method_diff] @ 0x112667 = 440
[DexParser]   ULEB128[dm_access_flags] @ 0x112669 = 65545
[DexParser]   ULEB128[dm_code_off] @ 0x112672 = 48760
[DexParser]   === EXP-031.6 CODE_ITEM @ offset=0x48760 for <clinit> ===
[DexParser]   registers_size: 3
[DexParser]   ins_size: 0
[DexParser]   outs_size: 3
[DexParser]   tries_size: 0
[DexParser]   debug_info_off: 0x0
[DexParser]   insns_size: 13 ← KEY FIELD!
[DexParser]   ✅ EXTRACTED 13 INSTRUCTIONS!
[DexParser]   First opcodes: 0013 0024 0113 002e 021a 
[DexParser]   → Virtual method[0]:
[DexParser]   ULEB128[vm_method_diff] @ 0x112675 = 441
[DexParser]   ULEB128[vm_access_flags] @ 0x112677 = 1025
[DexParser]   ULEB128[vm_code_off] @ 0x112679 = 0
[DexParser]   → Virtual method[1]:
[DexParser]   ULEB128[vm_method_diff] @ 0x112680 = 1
[DexParser]   ULEB128[vm_access_flags] @ 0x112681 = 1025
[DexParser]   ULEB128[vm_code_off] @ 0x112683 = 0
[DexParser]   → Result: 1 direct methods, 2 virtual methods
[DexParser] CLASS_DEF[34] @ offset 0x23064:
[DexParser]   class_idx: 133 (max valid: 337)
[DexParser]   access_flags: 0x5121
[DexParser]   superclass_idx: 206
[DexParser]   class_data_off: 0x112684
[DexParser]   → Resolved name: [Le/k;]
[DexParser]   → Parsing class_data at 0x112684
[DexParser]   === EXP-031.6 CLASS_DATA PARSING @ offset=0x112684 ===
[DexParser]   First bytes: 00 00 03 00 bb 03 88 a0 04 c4 fd 02 01 89 20 d8 fd 02 01 89 20 a4 fd 02 00 04 01 01 80 01 11 01 
[DexParser]   ULEB128[static_fields_size] @ 0x112684 = 0
[DexParser]   ULEB128[instance_fields_size] @ 0x112685 = 0
[DexParser]   ULEB128[direct_methods_size] @ 0x112686 = 3
[DexParser]   ULEB128[virtual_methods_size] @ 0x112687 = 0
[DexParser]   → Header: static=0, instance=0, direct=3, virtual=0
[DexParser]   → Direct method[0]:
[DexParser]   ULEB128[dm_method_diff] @ 0x112688 = 443
[DexParser]   ULEB128[dm_access_flags] @ 0x112690 = 69640
[DexParser]   ULEB128[dm_code_off] @ 0x112693 = 48836
[DexParser]   === EXP-031.6 CODE_ITEM @ offset=0x48836 for <clinit> ===
[DexParser]   registers_size: 0
[DexParser]   ins_size: 0
[DexParser]   outs_size: 0
[DexParser]   tries_size: 0
[DexParser]   debug_info_off: 0x0
[DexParser]   insns_size: 1 ← KEY FIELD!
[DexParser]   ✅ EXTRACTED 1 INSTRUCTIONS!
[DexParser]   First opcodes: 000e 
[DexParser]   → Direct method[1]:
[DexParser]   ULEB128[dm_method_diff] @ 0x112696 = 1
[DexParser]   ULEB128[dm_access_flags] @ 0x112697 = 4105
[DexParser]   ULEB128[dm_code_off] @ 0x112699 = 48856
[DexParser]   === EXP-031.6 CODE_ITEM @ offset=0x48856 for a ===
[DexParser]   registers_size: 1
[DexParser]   ins_size: 1
[DexParser]   outs_size: 1
[DexParser]   tries_size: 0
[DexParser]   debug_info_off: 0x0
[DexParser]   insns_size: 9 ← KEY FIELD!
[DexParser]   ✅ EXTRACTED 9 INSTRUCTIONS!
[DexParser]   First opcodes: 0039 0003 000e 0022 00ba 
[DexParser]   → Direct method[2]:
[DexParser]   ULEB128[dm_method_diff] @ 0x112702 = 1
[DexParser]   ULEB128[dm_access_flags] @ 0x112703 = 4105
[DexParser]   ULEB128[dm_code_off] @ 0x112705 = 48804
[DexParser]   === EXP-031.6 CODE_ITEM @ offset=0x48804 for b ===
[DexParser]   registers_size: 1
[DexParser]   ins_size: 1
[DexParser]   outs_size: 0
[DexParser]   tries_size: 0
[DexParser]   debug_info_off: 0x0
[DexParser]   insns_size: 7 ← KEY FIELD!
[DexParser]   ✅ EXTRACTED 7 INSTRUCTIONS!
[DexParser]   First opcodes: 0038 0005 00d8 ff00 000f 
[DexParser]   → Result: 3 direct methods, 0 virtual methods
[DexParser] CLASS_DEF[35] @ offset 0x23096:
[DexParser]   class_idx: 134 (max valid: 337)
[DexParser]   access_flags: 0x17
[DexParser]   superclass_idx: 206
[DexParser]   class_data_off: 0x112708
[DexParser]   → Resolved name: [Le/l;]
[DexParser]   → Parsing class_data at 0x112708
[DexParser]   === EXP-031.6 CLASS_DATA PARSING @ offset=0x112708 ===
[DexParser]   First bytes: 00 04 01 01 80 01 11 01 11 01 11 01 01 be 03 81 80 04 ac ff 02 bf 03 11 fc fd 02 00 04 01 01 84 
[DexParser]   ULEB128[static_fields_size] @ 0x112708 = 0
[DexParser]   ULEB128[instance_fields_size] @ 0x112709 = 4
[DexParser]   ULEB128[direct_methods_size] @ 0x112710 = 1
[DexParser]   ULEB128[virtual_methods_size] @ 0x112711 = 1
[DexParser]   → Header: static=0, instance=4, direct=1, virtual=1
[DexParser]   ULEB128[if_field_diff] @ 0x112712 = 128
[DexParser]   ULEB128[if_access_flags] @ 0x112714 = 17
[DexParser]   ULEB128[if_field_diff] @ 0x112715 = 1
[DexParser]   ULEB128[if_access_flags] @ 0x112716 = 17
[DexParser]   ULEB128[if_field_diff] @ 0x112717 = 1
[DexParser]   ULEB128[if_access_flags] @ 0x112718 = 17
[DexParser]   ULEB128[if_field_diff] @ 0x112719 = 1
[DexParser]   ULEB128[if_access_flags] @ 0x112720 = 1
[DexParser]   → Direct method[0]:
[DexParser]   ULEB128[dm_method_diff] @ 0x112721 = 446
[DexParser]   ULEB128[dm_access_flags] @ 0x112723 = 65537
[DexParser]   ULEB128[dm_code_off] @ 0x112726 = 49068
[DexParser]   === EXP-031.6 CODE_ITEM @ offset=0x49068 for <init> ===
[DexParser]   registers_size: 3
[DexParser]   ins_size: 2
[DexParser]   outs_size: 1
[DexParser]   tries_size: 0
[DexParser]   debug_info_off: 0x0
[DexParser]   insns_size: 16 ← KEY FIELD!
[DexParser]   ✅ EXTRACTED 16 INSTRUCTIONS!
[DexParser]   First opcodes: 1070 0298 0001 2023 0146 
[DexParser]   → Virtual method[0]:
[DexParser]   ULEB128[vm_method_diff] @ 0x112729 = 447
[DexParser]   ULEB128[vm_access_flags] @ 0x112731 = 17
[DexParser]   ULEB128[vm_code_off] @ 0x112732 = 48892
[DexParser]   === EXP-031.6 CODE_ITEM @ offset=0x48892 for a ===
[DexParser]   registers_size: 11
[DexParser]   ins_size: 1
[DexParser]   outs_size: 1
[DexParser]   tries_size: 2
[DexParser]   debug_info_off: 0x0
[DexParser]   insns_size: 70 ← KEY FIELD!
[DexParser]   ✅ EXTRACTED 70 INSTRUCTIONS!
[DexParser]   First opcodes: 0a1d a055 0083 0039 0005 
[DexParser]   → Result: 1 direct methods, 1 virtual methods
[DexParser] CLASS_DEF[36] @ offset 0x23128:
[DexParser]   class_idx: 135 (max valid: 337)
[DexParser]   access_flags: 0x17
[DexParser]   superclass_idx: 206
[DexParser]   class_data_off: 0x112735
[DexParser]   → Resolved name: [Le/m;]
[DexParser]   → Parsing class_data at 0x112735
[DexParser]   === EXP-031.6 CLASS_DATA PARSING @ offset=0x112735 ===
[DexParser]   First bytes: 00 04 01 01 84 01 11 01 11 01 11 01 11 c0 03 81 80 04 dc ff 02 c1 03 11 e0 80 03 00 01 01 02 88 
[DexParser]   ULEB128[static_fields_size] @ 0x112735 = 0
[DexParser]   ULEB128[instance_fields_size] @ 0x112736 = 4
[DexParser]   ULEB128[direct_methods_size] @ 0x112737 = 1
[DexParser]   ULEB128[virtual_methods_size] @ 0x112738 = 1
[DexParser]   → Header: static=0, instance=4, direct=1, virtual=1
[DexParser]   ULEB128[if_field_diff] @ 0x112739 = 132
[DexParser]   ULEB128[if_access_flags] @ 0x112741 = 17
[DexParser]   ULEB128[if_field_diff] @ 0x112742 = 1
[DexParser]   ULEB128[if_access_flags] @ 0x112743 = 17
[DexParser]   ULEB128[if_field_diff] @ 0x112744 = 1
[DexParser]   ULEB128[if_access_flags] @ 0x112745 = 17
[DexParser]   ULEB128[if_field_diff] @ 0x112746 = 1
[DexParser]   ULEB128[if_access_flags] @ 0x112747 = 17
[DexParser]   → Direct method[0]:
[DexParser]   ULEB128[dm_method_diff] @ 0x112748 = 448
[DexParser]   ULEB128[dm_access_flags] @ 0x112750 = 65537
[DexParser]   ULEB128[dm_code_off] @ 0x112753 = 49116
[DexParser]   === EXP-031.6 CODE_ITEM @ offset=0x49116 for <init> ===
[DexParser]   registers_size: 7
[DexParser]   ins_size: 4
[DexParser]   outs_size: 2
[DexParser]   tries_size: 0
[DexParser]   debug_info_off: 0x0
[DexParser]   insns_size: 57 ← KEY FIELD!
[DexParser]   ✅ EXTRACTED 57 INSTRUCTIONS!
[DexParser]   First opcodes: 1070 0298 0003 345b 0084 
[DexParser]   → Virtual method[0]:
[DexParser]   ULEB128[vm_method_diff] @ 0x112756 = 449
[DexParser]   ULEB128[vm_access_flags] @ 0x112758 = 17
[DexParser]   ULEB128[vm_code_off] @ 0x112759 = 49248
[DexParser]   === EXP-031.6 CODE_ITEM @ offset=0x49248 for a ===
[DexParser]   registers_size: 10
[DexParser]   ins_size: 2
[DexParser]   outs_size: 2
[DexParser]   tries_size: 0
[DexParser]   debug_info_off: 0x0
[DexParser]   insns_size: 82 ← KEY FIELD!
[DexParser]   ✅ EXTRACTED 82 INSTRUCTIONS!
[DexParser]   First opcodes: 001a 0371 2071 0010 0009 
[DexParser]   → Result: 1 direct methods, 1 virtual methods
[DexParser] CLASS_DEF[37] @ offset 0x23160:
[DexParser]   class_idx: 136 (max valid: 337)
[DexParser]   access_flags: 0x17
[DexParser]   superclass_idx: 206
[DexParser]   class_data_off: 0x112762
[DexParser]   → Resolved name: [Le/n;]
[DexParser]   → Parsing class_data at 0x112762
[DexParser]   === EXP-031.6 CLASS_DATA PARSING @ offset=0x112762 ===
[DexParser]   First bytes: 00 01 01 02 88 01 91 20 c2 03 81 80 04 88 84 03 c3 03 11 94 82 03 01 11 a4 84 03 01 0d 02 04 96 
[DexParser]   ULEB128[static_fields_size] @ 0x112762 = 0
[DexParser]   ULEB128[instance_fields_size] @ 0x112763 = 1
[DexParser]   ULEB128[direct_methods_size] @ 0x112764 = 1
[DexParser]   ULEB128[virtual_methods_size] @ 0x112765 = 2
[DexParser]   → Header: static=0, instance=1, direct=1, virtual=2
[DexParser]   ULEB128[if_field_diff] @ 0x112766 = 136
[DexParser]   ULEB128[if_access_flags] @ 0x112768 = 4113
[DexParser]   → Direct method[0]:
[DexParser]   ULEB128[dm_method_diff] @ 0x112770 = 450
[DexParser]   ULEB128[dm_access_flags] @ 0x112772 = 65537
[DexParser]   ULEB128[dm_code_off] @ 0x112775 = 49672
[DexParser]   === EXP-031.6 CODE_ITEM @ offset=0x49672 for <init> ===
[DexParser]   registers_size: 2
[DexParser]   ins_size: 2
[DexParser]   outs_size: 1
[DexParser]   tries_size: 0
[DexParser]   debug_info_off: 0x0
[DexParser]   insns_size: 6 ← KEY FIELD!
[DexParser]   ✅ EXTRACTED 6 INSTRUCTIONS!
[DexParser]   First opcodes: 015b 0088 1070 0298 0000 
[DexParser]   → Virtual method[0]:
[DexParser]   ULEB128[vm_method_diff] @ 0x112778 = 451
[DexParser]   ULEB128[vm_access_flags] @ 0x112780 = 17
[DexParser]   ULEB128[vm_code_off] @ 0x112781 = 49428
[DexParser]   === EXP-031.6 CODE_ITEM @ offset=0x49428 for a ===
[DexParser]   registers_size: 5
[DexParser]   ins_size: 1
[DexParser]   outs_size: 3
[DexParser]   tries_size: 2
[DexParser]   debug_info_off: 0x0
[DexParser]   insns_size: 101 ← KEY FIELD!
[DexParser]   ✅ EXTRACTED 101 INSTRUCTIONS!
[DexParser]   First opcodes: 4054 0088 0122 0134 1070 
[DexParser]   → Virtual method[1]:
[DexParser]   ULEB128[vm_method_diff] @ 0x112784 = 1
[DexParser]   ULEB128[vm_access_flags] @ 0x112785 = 17
[DexParser]   ULEB128[vm_code_off] @ 0x112786 = 49700
[DexParser]   === EXP-031.6 CODE_ITEM @ offset=0x49700 for run ===
[DexParser]   registers_size: 6
[DexParser]   ins_size: 1
[DexParser]   outs_size: 3
[DexParser]   tries_size: 6
[DexParser]   debug_info_off: 0x0
[DexParser]   insns_size: 186 ← KEY FIELD!
[DexParser]   ✅ EXTRACTED 186 INSTRUCTIONS!
[DexParser]   First opcodes: 5054 0088 0054 0089 0054 
[DexParser]   → Result: 1 direct methods, 2 virtual methods
[DexParser] CLASS_DEF[38] @ offset 0x23192:
[DexParser]   class_idx: 137 (max valid: 337)
[DexParser]   access_flags: 0x17
[DexParser]   superclass_idx: 206
[DexParser]   class_data_off: 0x112789
[DexParser]   → Resolved name: [Le/o;]
[DexParser]   → Parsing class_data at 0x112789
[DexParser]   === EXP-031.6 CLASS_DATA PARSING @ offset=0x112789 ===
[DexParser]   First bytes: 01 0d 02 04 96 01 19 89 01 11 01 11 01 11 01 11 01 11 01 11 01 41 01 41 01 11 01 11 01 11 01 11 
[DexParser]   ULEB128[static_fields_size] @ 0x112789 = 1
[DexParser]   ULEB128[instance_fields_size] @ 0x112790 = 13
[DexParser]   ULEB128[direct_methods_size] @ 0x112791 = 2
[DexParser]   ULEB128[virtual_methods_size] @ 0x112792 = 4
[DexParser]   → Header: static=1, instance=13, direct=2, virtual=4
[DexParser]   ULEB128[sf_field_diff] @ 0x112793 = 150
[DexParser]   ULEB128[sf_access_flags] @ 0x112795 = 25
[DexParser]   ULEB128[if_field_diff] @ 0x112796 = 137
[DexParser]   ULEB128[if_access_flags] @ 0x112798 = 17
[DexParser]   ULEB128[if_field_diff] @ 0x112799 = 1
[DexParser]   ULEB128[if_access_flags] @ 0x112800 = 17
[DexParser]   ULEB128[if_field_diff] @ 0x112801 = 1
[DexParser]   ULEB128[if_access_flags] @ 0x112802 = 17
[DexParser]   ULEB128[if_field_diff] @ 0x112803 = 1
[DexParser]   ULEB128[if_access_flags] @ 0x112804 = 17
[DexParser]   ULEB128[if_field_diff] @ 0x112805 = 1
[DexParser]   ULEB128[if_access_flags] @ 0x112806 = 17
[DexParser]   ULEB128[if_field_diff] @ 0x112807 = 1
[DexParser]   ULEB128[if_access_flags] @ 0x112808 = 17
[DexParser]   ULEB128[if_field_diff] @ 0x112809 = 1
[DexParser]   ULEB128[if_access_flags] @ 0x112810 = 65
[DexParser]   ULEB128[if_field_diff] @ 0x112811 = 1
[DexParser]   ULEB128[if_access_flags] @ 0x112812 = 65
[DexParser]   ULEB128[if_field_diff] @ 0x112813 = 1
[DexParser]   ULEB128[if_access_flags] @ 0x112814 = 17
[DexParser]   ULEB128[if_field_diff] @ 0x112815 = 1
[DexParser]   ULEB128[if_access_flags] @ 0x112816 = 17
[DexParser]   ULEB128[if_field_diff] @ 0x112817 = 1
[DexParser]   ULEB128[if_access_flags] @ 0x112818 = 17
[DexParser]   ULEB128[if_field_diff] @ 0x112819 = 1
[DexParser]   ULEB128[if_access_flags] @ 0x112820 = 17
[DexParser]   ULEB128[if_field_diff] @ 0x112821 = 1
[DexParser]   ULEB128[if_access_flags] @ 0x112822 = 17
[DexParser]   → Direct method[0]:
[DexParser]   ULEB128[dm_method_diff] @ 0x112823 = 453
[DexParser]   ULEB128[dm_access_flags] @ 0x112825 = 65545
[DexParser]   ULEB128[dm_code_off] @ 0x112828 = 50260
[DexParser]   === EXP-031.6 CODE_ITEM @ offset=0x50260 for <clinit> ===
[DexParser]   registers_size: 3
[DexParser]   ins_size: 0
[DexParser]   outs_size: 3
[DexParser]   tries_size: 0
[DexParser]   debug_info_off: 0x0
[DexParser]   insns_size: 13 ← KEY FIELD!
[DexParser]   ✅ EXTRACTED 13 INSTRUCTIONS!
[DexParser]   First opcodes: 001a 009c 011a 022b 021a 
[DexParser]   → Direct method[1]:
[DexParser]   ULEB128[dm_method_diff] @ 0x112831 = 1
[DexParser]   ULEB128[dm_access_flags] @ 0x112832 = 65665
[DexParser]   ULEB128[dm_code_off] @ 0x112835 = 50304
[DexParser]   === EXP-031.6 CODE_ITEM @ offset=0x50304 for <init> ===
[DexParser]   registers_size: 10
[DexParser]   ins_size: 5
[DexParser]   outs_size: 3
[DexParser]   tries_size: 0
[DexParser]   debug_info_off: 0x0
[DexParser]   insns_size: 254 ← KEY FIELD!
[DexParser]   ✅ EXTRACTED 254 INSTRUCTIONS!
[DexParser]   First opcodes: 001a 02e1 2071 0010 0006 
[DexParser]   → Virtual method[0]:
[DexParser]   ULEB128[vm_method_diff] @ 0x112838 = 455
[DexParser]   ULEB128[vm_access_flags] @ 0x112840 = 17
[DexParser]   ULEB128[vm_code_off] @ 0x112841 = 50828
[DexParser]   === EXP-031.6 CODE_ITEM @ offset=0x50828 for a ===
[DexParser]   registers_size: 14
[DexParser]   ins_size: 2
[DexParser]   outs_size: 4
[DexParser]   tries_size: 2
[DexParser]   debug_info_off: 0x0
[DexParser]   insns_size: 315 ← KEY FIELD!
[DexParser]   ✅ EXTRACTED 315 INSTRUCTIONS!
[DexParser]   First opcodes: d054 0099 0122 0134 1070 
[DexParser]   → Virtual method[1]:
[DexParser]   ULEB128[vm_method_diff] @ 0x112844 = 1
[DexParser]   ULEB128[vm_access_flags] @ 0x112845 = 17
[DexParser]   ULEB128[vm_code_off] @ 0x112846 = 50152
[DexParser]   === EXP-031.6 CODE_ITEM @ offset=0x50152 for b ===
[DexParser]   registers_size: 4
[DexParser]   ins_size: 1
[DexParser]   outs_size: 2
[DexParser]   tries_size: 0
[DexParser]   debug_info_off: 0x0
[DexParser]   insns_size: 46 ← KEY FIELD!
[DexParser]   ✅ EXTRACTED 46 INSTRUCTIONS!
[DexParser]   First opcodes: 3054 0089 0054 004d 1112 
[DexParser]   → Virtual method[2]:
[DexParser]   ULEB128[vm_method_diff] @ 0x112849 = 1
[DexParser]   ULEB128[vm_access_flags] @ 0x112850 = 17
[DexParser]   ULEB128[vm_code_off] @ 0x112851 = 51500
[DexParser]   === EXP-031.6 CODE_ITEM @ offset=0x51500 for c ===
[DexParser]   registers_size: 9
[DexParser]   ins_size: 3
[DexParser]   outs_size: 2
[DexParser]   tries_size: 0
[DexParser]   debug_info_off: 0x0
[DexParser]   insns_size: 93 ← KEY FIELD!
[DexParser]   ✅ EXTRACTED 93 INSTRUCTIONS!
[DexParser]   First opcodes: 0022 00d6 011a 009e 2070 
[DexParser]   → Virtual method[3]:
[DexParser]   ULEB128[vm_method_diff] @ 0x112854 = 1
[DexParser]   ULEB128[vm_access_flags] @ 0x112855 = 17
[DexParser]   ULEB128[vm_code_off] @ 0x112856 = 51704
[DexParser]   === EXP-031.6 CODE_ITEM @ offset=0x51704 for d ===
[DexParser]   registers_size: 15
[DexParser]   ins_size: 2
[DexParser]   outs_size: 3
[DexParser]   tries_size: 13
[DexParser]   debug_info_off: 0x0
[DexParser]   insns_size: 157 ← KEY FIELD!
[DexParser]   ✅ EXTRACTED 157 INSTRUCTIONS!
[DexParser]   First opcodes: 001a 02e1 2071 0010 000e 
[DexParser]   → Result: 2 direct methods, 4 virtual methods
[DexParser] CLASS_DEF[39] @ offset 0x23224:
[DexParser]   class_idx: 138 (max valid: 337)
[DexParser]   access_flags: 0x4113
[DexParser]   superclass_idx: 206
[DexParser]   class_data_off: 0x112859
[DexParser]   → Resolved name: [Le/p;]
[DexParser]   → Parsing class_data at 0x112859
[DexParser]   === EXP-031.6 CLASS_DATA PARSING @ offset=0x112859 ===
[DexParser]   First bytes: 00 02 01 01 97 01 91 20 01 91 20 cb 03 81 a0 04 c0 97 03 cc 03 11 e0 97 03 00 02 01 01 99 01 11 
[DexParser]   ULEB128[static_fields_size] @ 0x112859 = 0
[DexParser]   ULEB128[instance_fields_size] @ 0x112860 = 2
[DexParser]   ULEB128[direct_methods_size] @ 0x112861 = 1
[DexParser]   ULEB128[virtual_methods_size] @ 0x112862 = 1
[DexParser]   → Header: static=0, instance=2, direct=1, virtual=1
[DexParser]   ULEB128[if_field_diff] @ 0x112863 = 151
[DexParser]   ULEB128[if_access_flags] @ 0x112865 = 4113
[DexParser]   ULEB128[if_field_diff] @ 0x112867 = 1
[DexParser]   ULEB128[if_access_flags] @ 0x112868 = 4113
[DexParser]   → Direct method[0]:
[DexParser]   ULEB128[dm_method_diff] @ 0x112870 = 459
[DexParser]   ULEB128[dm_access_flags] @ 0x112872 = 69633
[DexParser]   ULEB128[dm_code_off] @ 0x112875 = 52160
[DexParser]   === EXP-031.6 CODE_ITEM @ offset=0x52160 for <init> ===
[DexParser]   registers_size: 3
[DexParser]   ins_size: 3
[DexParser]   outs_size: 1
[DexParser]   tries_size: 0
[DexParser]   debug_info_off: 0x0
[DexParser]   insns_size: 8 ← KEY FIELD!
[DexParser]   ✅ EXTRACTED 8 INSTRUCTIONS!
[DexParser]   First opcodes: 0259 0097 015b 0098 1070 
[DexParser]   → Virtual method[0]:
[DexParser]   ULEB128[vm_method_diff] @ 0x112878 = 460
[DexParser]   ULEB128[vm_access_flags] @ 0x112880 = 17
[DexParser]   ULEB128[vm_code_off] @ 0x112881 = 52192
[DexParser]   === EXP-031.6 CODE_ITEM @ offset=0x52192 for run ===
[DexParser]   registers_size: 18
[DexParser]   ins_size: 1
[DexParser]   outs_size: 3
[DexParser]   tries_size: 3
[DexParser]   debug_info_off: 0x0
[DexParser]   insns_size: 182 ← KEY FIELD!
[DexParser]   ✅ EXTRACTED 182 INSTRUCTIONS!
[DexParser]   First opcodes: 0108 0011 1052 0097 0212 
[DexParser]   → Result: 1 direct methods, 1 virtual methods
[DexParser] CLASS_DEF[40] @ offset 0x23256:
[DexParser]   class_idx: 139 (max valid: 337)
[DexParser]   access_flags: 0x17
[DexParser]   superclass_idx: 206
[DexParser]   class_data_off: 0x112884
[DexParser]   → Resolved name: [Le/q;]
[DexParser]   → Parsing class_data at 0x112884
[DexParser]   === EXP-031.6 CLASS_DATA PARSING @ offset=0x112884 ===
[DexParser]   First bytes: 00 02 01 01 99 01 11 01 91 20 cd 03 81 80 04 80 9b 03 ce 03 11 ac 9b 03 00 03 01 01 9b 01 91 20 
[DexParser]   ULEB128[static_fields_size] @ 0x112884 = 0
[DexParser]   ULEB128[instance_fields_size] @ 0x112885 = 2
[DexParser]   ULEB128[direct_methods_size] @ 0x112886 = 1
[DexParser]   ULEB128[virtual_methods_size] @ 0x112887 = 1
[DexParser]   → Header: static=0, instance=2, direct=1, virtual=1
[DexParser]   ULEB128[if_field_diff] @ 0x112888 = 153
[DexParser]   ULEB128[if_access_flags] @ 0x112890 = 17
[DexParser]   ULEB128[if_field_diff] @ 0x112891 = 1
[DexParser]   ULEB128[if_access_flags] @ 0x112892 = 4113
[DexParser]   → Direct method[0]:
[DexParser]   ULEB128[dm_method_diff] @ 0x112894 = 461
[DexParser]   ULEB128[dm_access_flags] @ 0x112896 = 65537
[DexParser]   ULEB128[dm_code_off] @ 0x112899 = 52608
[DexParser]   === EXP-031.6 CODE_ITEM @ offset=0x52608 for <init> ===
[DexParser]   registers_size: 3
[DexParser]   ins_size: 3
[DexParser]   outs_size: 2
[DexParser]   tries_size: 0
[DexParser]   debug_info_off: 0x0
[DexParser]   insns_size: 13 ← KEY FIELD!
[DexParser]   ✅ EXTRACTED 13 INSTRUCTIONS!
[DexParser]   First opcodes: 015b 009a 011a 0455 2071 
[DexParser]   → Virtual method[0]:
[DexParser]   ULEB128[vm_method_diff] @ 0x112902 = 462
[DexParser]   ULEB128[vm_access_flags] @ 0x112904 = 17
[DexParser]   ULEB128[vm_code_off] @ 0x112905 = 52652
[DexParser]   === EXP-031.6 CODE_ITEM @ offset=0x52652 for a ===
[DexParser]   registers_size: 5
[DexParser]   ins_size: 2
[DexParser]   outs_size: 3
[DexParser]   tries_size: 1
[DexParser]   debug_info_off: 0x0
[DexParser]   insns_size: 44 ← KEY FIELD!
[DexParser]   ✅ EXTRACTED 44 INSTRUCTIONS!
[DexParser]   First opcodes: 001a 0455 2071 0010 0004 
[DexParser]   → Result: 1 direct methods, 1 virtual methods
[DexParser] CLASS_DEF[41] @ offset 0x23288:
[DexParser]   class_idx: 140 (max valid: 337)
[DexParser]   access_flags: 0x4113
[DexParser]   superclass_idx: 206
[DexParser]   class_data_off: 0x112908
[DexParser]   → Resolved name: [Le/r;]
[DexParser]   → Parsing class_data at 0x112908
[DexParser]   === EXP-031.6 CLASS_DATA PARSING @ offset=0x112908 ===
[DexParser]   First bytes: 00 03 01 01 9b 01 91 20 01 91 20 01 91 20 cf 03 81 a0 04 a0 9c 03 d0 03 11 c4 9c 03 00 01 01 02 
[DexParser]   ULEB128[static_fields_size] @ 0x112908 = 0
[DexParser]   ULEB128[instance_fields_size] @ 0x112909 = 3
[DexParser]   ULEB128[direct_methods_size] @ 0x112910 = 1
[DexParser]   ULEB128[virtual_methods_size] @ 0x112911 = 1
[DexParser]   → Header: static=0, instance=3, direct=1, virtual=1
[DexParser]   ULEB128[if_field_diff] @ 0x112912 = 155
[DexParser]   ULEB128[if_access_flags] @ 0x112914 = 4113
[DexParser]   ULEB128[if_field_diff] @ 0x112916 = 1
[DexParser]   ULEB128[if_access_flags] @ 0x112917 = 4113
[DexParser]   ULEB128[if_field_diff] @ 0x112919 = 1
[DexParser]   ULEB128[if_access_flags] @ 0x112920 = 4113
[DexParser]   → Direct method[0]:
[DexParser]   ULEB128[dm_method_diff] @ 0x112922 = 463
[DexParser]   ULEB128[dm_access_flags] @ 0x112924 = 69633
[DexParser]   ULEB128[dm_code_off] @ 0x112927 = 52768
[DexParser]   === EXP-031.6 CODE_ITEM @ offset=0x52768 for <init> ===
[DexParser]   registers_size: 4
[DexParser]   ins_size: 4
[DexParser]   outs_size: 1
[DexParser]   tries_size: 0
[DexParser]   debug_info_off: 0x0
[DexParser]   insns_size: 10 ← KEY FIELD!
[DexParser]   ✅ EXTRACTED 10 INSTRUCTIONS!
[DexParser]   First opcodes: 0359 009b 015b 009c 025b 
[DexParser]   → Virtual method[0]:
[DexParser]   ULEB128[vm_method_diff] @ 0x112930 = 464
[DexParser]   ULEB128[vm_access_flags] @ 0x112932 = 17
[DexParser]   ULEB128[vm_code_off] @ 0x112933 = 52804
[DexParser]   === EXP-031.6 CODE_ITEM @ offset=0x52804 for run ===
[DexParser]   registers_size: 5
[DexParser]   ins_size: 1
[DexParser]   outs_size: 2
[DexParser]   tries_size: 1
[DexParser]   debug_info_off: 0x0
[DexParser]   insns_size: 118 ← KEY FIELD!
[DexParser]   ✅ EXTRACTED 118 INSTRUCTIONS!
[DexParser]   First opcodes: 4052 009b 002b 006e 0000 
[DexParser]   → Result: 1 direct methods, 1 virtual methods
[DexParser] CLASS_DEF[42] @ offset 0x23320:
[DexParser]   class_idx: 142 (max valid: 337)
[DexParser]   access_flags: 0x17
[DexParser]   superclass_idx: 206
[DexParser]   class_data_off: 0x112936
[DexParser]   → Resolved name: [Le/t;]
[DexParser]   → Parsing class_data at 0x112936
[DexParser]   === EXP-031.6 CLASS_DATA PARSING @ offset=0x112936 ===
[DexParser]   First bytes: 00 01 01 02 9f 01 91 20 d6 03 81 80 04 b8 a0 03 d7 03 11 d4 a0 03 01 11 bc a1 03 00 0a 01 00 a0 
[DexParser]   ULEB128[static_fields_size] @ 0x112936 = 0
[DexParser]   ULEB128[instance_fields_size] @ 0x112937 = 1
[DexParser]   ULEB128[direct_methods_size] @ 0x112938 = 1
[DexParser]   ULEB128[virtual_methods_size] @ 0x112939 = 2
[DexParser]   → Header: static=0, instance=1, direct=1, virtual=2
[DexParser]   ULEB128[if_field_diff] @ 0x112940 = 159
[DexParser]   ULEB128[if_access_flags] @ 0x112942 = 4113
[DexParser]   → Direct method[0]:
[DexParser]   ULEB128[dm_method_diff] @ 0x112944 = 470
[DexParser]   ULEB128[dm_access_flags] @ 0x112946 = 65537
[DexParser]   ULEB128[dm_code_off] @ 0x112949 = 53304
[DexParser]   === EXP-031.6 CODE_ITEM @ offset=0x53304 for <init> ===
[DexParser]   registers_size: 2
[DexParser]   ins_size: 2
[DexParser]   outs_size: 1
[DexParser]   tries_size: 0
[DexParser]   debug_info_off: 0x0
[DexParser]   insns_size: 6 ← KEY FIELD!
[DexParser]   ✅ EXTRACTED 6 INSTRUCTIONS!
[DexParser]   First opcodes: 015b 009f 1070 0298 0000 
[DexParser]   → Virtual method[0]:
[DexParser]   ULEB128[vm_method_diff] @ 0x112952 = 471
[DexParser]   ULEB128[vm_access_flags] @ 0x112954 = 17
[DexParser]   ULEB128[vm_code_off] @ 0x112955 = 53332
[DexParser]   === EXP-031.6 CODE_ITEM @ offset=0x53332 for onServiceConnected ===
[DexParser]   registers_size: 4
[DexParser]   ins_size: 3
[DexParser]   outs_size: 2
[DexParser]   tries_size: 0
[DexParser]   debug_info_off: 0x0
[DexParser]   insns_size: 44 ← KEY FIELD!
[DexParser]   ✅ EXTRACTED 44 INSTRUCTIONS!
[DexParser]   First opcodes: 001a 039e 2071 0010 0002 
[DexParser]   → Virtual method[1]:
[DexParser]   ULEB128[vm_method_diff] @ 0x112958 = 1
[DexParser]   ULEB128[vm_access_flags] @ 0x112959 = 17
[DexParser]   ULEB128[vm_code_off] @ 0x112960 = 53436
[DexParser]   === EXP-031.6 CODE_ITEM @ offset=0x53436 for onServiceDisconnected ===
[DexParser]   registers_size: 4
[DexParser]   ins_size: 2
[DexParser]   outs_size: 2
[DexParser]   tries_size: 0
[DexParser]   debug_info_off: 0x0
[DexParser]   insns_size: 18 ← KEY FIELD!
[DexParser]   ✅ EXTRACTED 18 INSTRUCTIONS!
[DexParser]   First opcodes: 001a 039e 2071 0010 0003 
[DexParser]   → Result: 1 direct methods, 2 virtual methods
[DexParser] CLASS_DEF[43] @ offset 0x23352:
[DexParser]   class_idx: 143 (max valid: 337)
[DexParser]   access_flags: 0x17
[DexParser]   superclass_idx: 206
[DexParser]   class_data_off: 0x112963
[DexParser]   → Resolved name: [Le/u;]
[DexParser]   → Parsing class_data at 0x112963
[DexParser]   === EXP-031.6 CLASS_DATA PARSING @ offset=0x112963 ===
[DexParser]   First bytes: 00 0a 01 00 a0 01 11 01 11 01 11 01 01 01 01 01 01 01 11 01 11 01 11 01 11 d9 03 81 80 04 f0 a1 
[DexParser]   ULEB128[static_fields_size] @ 0x112963 = 0
[DexParser]   ULEB128[instance_fields_size] @ 0x112964 = 10
[DexParser]   ULEB128[direct_methods_size] @ 0x112965 = 1
[DexParser]   ULEB128[virtual_methods_size] @ 0x112966 = 0
[DexParser]   → Header: static=0, instance=10, direct=1, virtual=0
[DexParser]   ULEB128[if_field_diff] @ 0x112967 = 160
[DexParser]   ULEB128[if_access_flags] @ 0x112969 = 17
[DexParser]   ULEB128[if_field_diff] @ 0x112970 = 1
[DexParser]   ULEB128[if_access_flags] @ 0x112971 = 17
[DexParser]   ULEB128[if_field_diff] @ 0x112972 = 1
[DexParser]   ULEB128[if_access_flags] @ 0x112973 = 17
[DexParser]   ULEB128[if_field_diff] @ 0x112974 = 1
[DexParser]   ULEB128[if_access_flags] @ 0x112975 = 1
[DexParser]   ULEB128[if_field_diff] @ 0x112976 = 1
[DexParser]   ULEB128[if_access_flags] @ 0x112977 = 1
[DexParser]   ULEB128[if_field_diff] @ 0x112978 = 1
[DexParser]   ULEB128[if_access_flags] @ 0x112979 = 1
[DexParser]   ULEB128[if_field_diff] @ 0x112980 = 1
[DexParser]   ULEB128[if_access_flags] @ 0x112981 = 17
[DexParser]   ULEB128[if_field_diff] @ 0x112982 = 1
[DexParser]   ULEB128[if_access_flags] @ 0x112983 = 17
[DexParser]   ULEB128[if_field_diff] @ 0x112984 = 1
[DexParser]   ULEB128[if_access_flags] @ 0x112985 = 17
[DexParser]   ULEB128[if_field_diff] @ 0x112986 = 1
[DexParser]   ULEB128[if_access_flags] @ 0x112987 = 17
[DexParser]   → Direct method[0]:
[DexParser]   ULEB128[dm_method_diff] @ 0x112988 = 473
[DexParser]   ULEB128[dm_access_flags] @ 0x112990 = 65537
[DexParser]   ULEB128[dm_code_off] @ 0x112993 = 53488
[DexParser]   === EXP-031.6 CODE_ITEM @ offset=0x53488 for <init> ===
[DexParser]   registers_size: 8
[DexParser]   ins_size: 6
[DexParser]   outs_size: 4
[DexParser]   tries_size: 0
[DexParser]   debug_info_off: 0x0
[DexParser]   insns_size: 73 ← KEY FIELD!
[DexParser]   ✅ EXTRACTED 73 INSTRUCTIONS!
[DexParser]   First opcodes: 1070 0298 0002 245b 00a0 
[DexParser]   → Result: 1 direct methods, 0 virtual methods
[DexParser] CLASS_DEF[44] @ offset 0x23384:
[DexParser]   class_idx: 145 (max valid: 337)
[DexParser]   access_flags: 0x17
[DexParser]   superclass_idx: 65
[DexParser]   class_data_off: 0x112996
[DexParser]   → Resolved name: [Le/w;]
[DexParser]   → Parsing class_data at 0x112996
[DexParser]   === EXP-031.6 CLASS_DATA PARSING @ offset=0x112996 ===
[DexParser]   First bytes: 00 01 01 01 ac 01 91 20 e0 03 81 80 04 8c aa 03 e1 03 11 a8 aa 03 00 01 02 00 af 01 01 ea 03 81 
[DexParser]   ULEB128[static_fields_size] @ 0x112996 = 0
[DexParser]   ULEB128[instance_fields_size] @ 0x112997 = 1
[DexParser]   ULEB128[direct_methods_size] @ 0x112998 = 1
[DexParser]   ULEB128[virtual_methods_size] @ 0x112999 = 1
[DexParser]   → Header: static=0, instance=1, direct=1, virtual=1
[DexParser]   ULEB128[if_field_diff] @ 0x113000 = 172
[DexParser]   ULEB128[if_access_flags] @ 0x113002 = 4113
[DexParser]   → Direct method[0]:
[DexParser]   ULEB128[dm_method_diff] @ 0x113004 = 480
[DexParser]   ULEB128[dm_access_flags] @ 0x113006 = 65537
[DexParser]   ULEB128[dm_code_off] @ 0x113009 = 54540
[DexParser]   === EXP-031.6 CODE_ITEM @ offset=0x54540 for <init> ===
[DexParser]   registers_size: 2
[DexParser]   ins_size: 2
[DexParser]   outs_size: 1
[DexParser]   tries_size: 0
[DexParser]   debug_info_off: 0x0
[DexParser]   insns_size: 6 ← KEY FIELD!
[DexParser]   ✅ EXTRACTED 6 INSTRUCTIONS!
[DexParser]   First opcodes: 015b 00ac 1070 00b0 0000 
[DexParser]   → Virtual method[0]:
[DexParser]   ULEB128[vm_method_diff] @ 0x113012 = 481
[DexParser]   ULEB128[vm_access_flags] @ 0x113014 = 17
[DexParser]   ULEB128[vm_code_off] @ 0x113015 = 54568
[DexParser]   === EXP-031.6 CODE_ITEM @ offset=0x54568 for onCallbackDied ===
[DexParser]   registers_size: 4
[DexParser]   ins_size: 3
[DexParser]   outs_size: 2
[DexParser]   tries_size: 0
[DexParser]   debug_info_off: 0x0
[DexParser]   insns_size: 22 ← KEY FIELD!
[DexParser]   ✅ EXTRACTED 22 INSTRUCTIONS!
[DexParser]   First opcodes: 021f 0082 001a 02ac 2071 
[DexParser]   → Result: 1 direct methods, 1 virtual methods
[DexParser] CLASS_DEF[45] @ offset 0x23416:
[DexParser]   class_idx: 147 (max valid: 337)
[DexParser]   access_flags: 0x17
[DexParser]   superclass_idx: 206
[DexParser]   class_data_off: 0x113018
[DexParser]   → Resolved name: [Le/y;]
[DexParser]   → Parsing class_data at 0x113018
[DexParser]   === EXP-031.6 CLASS_DATA PARSING @ offset=0x113018 ===
[DexParser]   First bytes: 00 01 02 00 af 01 01 ea 03 81 80 04 80 af 03 01 81 80 04 a8 af 03 00 02 01 00 b0 01 11 01 11 ec 
[DexParser]   ULEB128[static_fields_size] @ 0x113018 = 0
[DexParser]   ULEB128[instance_fields_size] @ 0x113019 = 1
[DexParser]   ULEB128[direct_methods_size] @ 0x113020 = 2
[DexParser]   ULEB128[virtual_methods_size] @ 0x113021 = 0
[DexParser]   → Header: static=0, instance=1, direct=2, virtual=0
[DexParser]   ULEB128[if_field_diff] @ 0x113022 = 175
[DexParser]   ULEB128[if_access_flags] @ 0x113024 = 1
[DexParser]   → Direct method[0]:
[DexParser]   ULEB128[dm_method_diff] @ 0x113025 = 490
[DexParser]   ULEB128[dm_access_flags] @ 0x113027 = 65537
[DexParser]   ULEB128[dm_code_off] @ 0x113030 = 55168
[DexParser]   === EXP-031.6 CODE_ITEM @ offset=0x55168 for <init> ===
[DexParser]   registers_size: 2
[DexParser]   ins_size: 1
[DexParser]   outs_size: 1
[DexParser]   tries_size: 0
[DexParser]   debug_info_off: 0x86707
[DexParser]   insns_size: 11 ← KEY FIELD!
[DexParser]   ✅ EXTRACTED 11 INSTRUCTIONS!
[DexParser]   First opcodes: 1070 0298 0001 0022 00f9 
[DexParser]   → Direct method[1]:
[DexParser]   ULEB128[dm_method_diff] @ 0x113033 = 1
[DexParser]   ULEB128[dm_access_flags] @ 0x113034 = 65537
[DexParser]   ULEB128[dm_code_off] @ 0x113037 = 55208
[DexParser]   === EXP-031.6 CODE_ITEM @ offset=0x55208 for <init> ===
[DexParser]   registers_size: 2
[DexParser]   ins_size: 2
[DexParser]   outs_size: 1
[DexParser]   tries_size: 0
[DexParser]   debug_info_off: 0x86711
[DexParser]   insns_size: 7 ← KEY FIELD!
[DexParser]   ✅ EXTRACTED 7 INSTRUCTIONS!
[DexParser]   First opcodes: 1070 0298 0000 0112 015b 
[DexParser]   → Result: 2 direct methods, 0 virtual methods
[DexParser] CLASS_DEF[46] @ offset 0x23448:
[DexParser]   class_idx: 148 (max valid: 337)
[DexParser]   access_flags: 0x17
[DexParser]   superclass_idx: 206
[DexParser]   class_data_off: 0x113040
[DexParser]   → Resolved name: [Le/z;]
[DexParser]   → Parsing class_data at 0x113040
[DexParser]   === EXP-031.6 CLASS_DATA PARSING @ offset=0x113040 ===
[DexParser]   First bytes: 00 02 01 00 b0 01 11 01 11 ec 03 81 80 04 c8 af 03 00 07 01 03 b2 01 11 01 11 01 11 01 11 01 11 
[DexParser]   ULEB128[static_fields_size] @ 0x113040 = 0
[DexParser]   ULEB128[instance_fields_size] @ 0x113041 = 2
[DexParser]   ULEB128[direct_methods_size] @ 0x113042 = 1
[DexParser]   ULEB128[virtual_methods_size] @ 0x113043 = 0
[DexParser]   → Header: static=0, instance=2, direct=1, virtual=0
[DexParser]   ULEB128[if_field_diff] @ 0x113044 = 176
[DexParser]   ULEB128[if_access_flags] @ 0x113046 = 17
[DexParser]   ULEB128[if_field_diff] @ 0x113047 = 1
[DexParser]   ULEB128[if_access_flags] @ 0x113048 = 17
[DexParser]   → Direct method[0]:
[DexParser]   ULEB128[dm_method_diff] @ 0x113049 = 492
[DexParser]   ULEB128[dm_access_flags] @ 0x113051 = 65537
[DexParser]   ULEB128[dm_code_off] @ 0x113054 = 55240
[DexParser]   === EXP-031.6 CODE_ITEM @ offset=0x55240 for <init> ===
[DexParser]   registers_size: 3
[DexParser]   ins_size: 3
[DexParser]   outs_size: 1
[DexParser]   tries_size: 0
[DexParser]   debug_info_off: 0x0
[DexParser]   insns_size: 8 ← KEY FIELD!
[DexParser]   ✅ EXTRACTED 8 INSTRUCTIONS!
[DexParser]   First opcodes: 1070 0298 0000 015c 00b0 
[DexParser]   → Result: 1 direct methods, 0 virtual methods
[DexParser] CLASS_DEF[47] @ offset 0x23480:
[DexParser]   class_idx: 149 (max valid: 337)
[DexParser]   access_flags: 0x17
[DexParser]   superclass_idx: 206
[DexParser]   class_data_off: 0x113057
[DexParser]   → Resolved name: [Lf/a;]
[DexParser]   → Parsing class_data at 0x113057
[DexParser]   === EXP-031.6 CLASS_DATA PARSING @ offset=0x113057 ===
[DexParser]   First bytes: 00 07 01 03 b2 01 11 01 11 01 11 01 11 01 11 01 11 01 11 ed 03 81 80 04 a4 ca 03 ee 03 11 d4 c6 
[DexParser]   ULEB128[static_fields_size] @ 0x113057 = 0
[DexParser]   ULEB128[instance_fields_size] @ 0x113058 = 7
[DexParser]   ULEB128[direct_methods_size] @ 0x113059 = 1
[DexParser]   ULEB128[virtual_methods_size] @ 0x113060 = 3
[DexParser]   → Header: static=0, instance=7, direct=1, virtual=3
[DexParser]   ULEB128[if_field_diff] @ 0x113061 = 178
[DexParser]   ULEB128[if_access_flags] @ 0x113063 = 17
[DexParser]   ULEB128[if_field_diff] @ 0x113064 = 1
[DexParser]   ULEB128[if_access_flags] @ 0x113065 = 17
[DexParser]   ULEB128[if_field_diff] @ 0x113066 = 1
[DexParser]   ULEB128[if_access_flags] @ 0x113067 = 17
[DexParser]   ULEB128[if_field_diff] @ 0x113068 = 1
[DexParser]   ULEB128[if_access_flags] @ 0x113069 = 17
[DexParser]   ULEB128[if_field_diff] @ 0x113070 = 1
[DexParser]   ULEB128[if_access_flags] @ 0x113071 = 17
[DexParser]   ULEB128[if_field_diff] @ 0x113072 = 1
[DexParser]   ULEB128[if_access_flags] @ 0x113073 = 17
[DexParser]   ULEB128[if_field_diff] @ 0x113074 = 1
[DexParser]   ULEB128[if_access_flags] @ 0x113075 = 17
[DexParser]   → Direct method[0]:
[DexParser]   ULEB128[dm_method_diff] @ 0x113076 = 493
[DexParser]   ULEB128[dm_access_flags] @ 0x113078 = 65537
[DexParser]   ULEB128[dm_code_off] @ 0x113081 = 58660
[DexParser]   === EXP-031.6 CODE_ITEM @ offset=0x58660 for <init> ===
[DexParser]   registers_size: 7
[DexParser]   ins_size: 7
[DexParser]   outs_size: 2
[DexParser]   tries_size: 0
[DexParser]   debug_info_off: 0x0
[DexParser]   insns_size: 109 ← KEY FIELD!
[DexParser]   ✅ EXTRACTED 109 INSTRUCTIONS!
[DexParser]   First opcodes: 1070 0298 0000 015b 00b2 
[DexParser]   → Virtual method[0]:
[DexParser]   ULEB128[vm_method_diff] @ 0x113084 = 494
[DexParser]   ULEB128[vm_access_flags] @ 0x113086 = 17
[DexParser]   ULEB128[vm_code_off] @ 0x113087 = 58196
[DexParser]   === EXP-031.6 CODE_ITEM @ offset=0x58196 for equals ===
[DexParser]   registers_size: 10
[DexParser]   ins_size: 2
[DexParser]   outs_size: 2
[DexParser]   tries_size: 0
[DexParser]   debug_info_off: 0x0
[DexParser]   insns_size: 102 ← KEY FIELD!
[DexParser]   ✅ EXTRACTED 102 INSTRUCTIONS!
[DexParser]   First opcodes: 1012 9833 0003 000f 9120 
[DexParser]   → Virtual method[1]:
[DexParser]   ULEB128[vm_method_diff] @ 0x113090 = 1
[DexParser]   ULEB128[vm_access_flags] @ 0x113091 = 17
[DexParser]   ULEB128[vm_code_off] @ 0x113092 = 58416
[DexParser]   === EXP-031.6 CODE_ITEM @ offset=0x58416 for hashCode ===
[DexParser]   registers_size: 3
[DexParser]   ins_size: 1
[DexParser]   outs_size: 1
[DexParser]   tries_size: 0
[DexParser]   debug_info_off: 0x0
[DexParser]   insns_size: 29 ← KEY FIELD!
[DexParser]   ✅ EXTRACTED 29 INSTRUCTIONS!
[DexParser]   First opcodes: 2054 00b2 106e 02ad 0000 
[DexParser]   → Virtual method[2]:
[DexParser]   ULEB128[vm_method_diff] @ 0x113095 = 1
[DexParser]   ULEB128[vm_access_flags] @ 0x113096 = 17
[DexParser]   ULEB128[vm_code_off] @ 0x113097 = 58492
[DexParser]   === EXP-031.6 CODE_ITEM @ offset=0x58492 for toString ===
[DexParser]   registers_size: 3
[DexParser]   ins_size: 1
[DexParser]   outs_size: 2
[DexParser]   tries_size: 0
[DexParser]   debug_info_off: 0x0
[DexParser]   insns_size: 76 ← KEY FIELD!
[DexParser]   ✅ EXTRACTED 76 INSTRUCTIONS!
[DexParser]   First opcodes: 0022 00d6 011a 007c 2070 
[DexParser]   → Result: 1 direct methods, 3 virtual methods
[DexParser] CLASS_DEF[48] @ offset 0x23512:
[DexParser]   class_idx: 150 (max valid: 337)
[DexParser]   access_flags: 0x17
[DexParser]   superclass_idx: 206
[DexParser]   class_data_off: 0x113100
[DexParser]   → Resolved name: [Lf/b;]
[DexParser]   → Parsing class_data at 0x113100
[DexParser]   === EXP-031.6 CLASS_DATA PARSING @ offset=0x113100 ===
[DexParser]   First bytes: 00 05 01 03 b9 01 11 01 11 01 11 01 11 01 11 f1 03 81 80 04 f8 cf 03 f2 03 11 f0 cc 03 01 11 84 
[DexParser]   ULEB128[static_fields_size] @ 0x113100 = 0
[DexParser]   ULEB128[instance_fields_size] @ 0x113101 = 5
[DexParser]   ULEB128[direct_methods_size] @ 0x113102 = 1
[DexParser]   ULEB128[virtual_methods_size] @ 0x113103 = 3
[DexParser]   → Header: static=0, instance=5, direct=1, virtual=3
[DexParser]   ULEB128[if_field_diff] @ 0x113104 = 185
[DexParser]   ULEB128[if_access_flags] @ 0x113106 = 17
[DexParser]   ULEB128[if_field_diff] @ 0x113107 = 1
[DexParser]   ULEB128[if_access_flags] @ 0x113108 = 17
[DexParser]   ULEB128[if_field_diff] @ 0x113109 = 1
[DexParser]   ULEB128[if_access_flags] @ 0x113110 = 17
[DexParser]   ULEB128[if_field_diff] @ 0x113111 = 1
[DexParser]   ULEB128[if_access_flags] @ 0x113112 = 17
[DexParser]   ULEB128[if_field_diff] @ 0x113113 = 1
[DexParser]   ULEB128[if_access_flags] @ 0x113114 = 17
[DexParser]   → Direct method[0]:
[DexParser]   ULEB128[dm_method_diff] @ 0x113115 = 497
[DexParser]   ULEB128[dm_access_flags] @ 0x113117 = 65537
[DexParser]   ULEB128[dm_code_off] @ 0x113120 = 59384
[DexParser]   === EXP-031.6 CODE_ITEM @ offset=0x59384 for <init> ===
[DexParser]   registers_size: 6
[DexParser]   ins_size: 6
[DexParser]   outs_size: 1
[DexParser]   tries_size: 0
[DexParser]   debug_info_off: 0x0
[DexParser]   insns_size: 14 ← KEY FIELD!
[DexParser]   ✅ EXTRACTED 14 INSTRUCTIONS!
[DexParser]   First opcodes: 1070 0298 0000 015b 00b9 
[DexParser]   → Virtual method[0]:
[DexParser]   ULEB128[vm_method_diff] @ 0x113123 = 498
[DexParser]   ULEB128[vm_access_flags] @ 0x113125 = 17
[DexParser]   ULEB128[vm_code_off] @ 0x113126 = 58992
[DexParser]   === EXP-031.6 CODE_ITEM @ offset=0x58992 for equals ===
[DexParser]   registers_size: 5
[DexParser]   ins_size: 2
[DexParser]   outs_size: 2
[DexParser]   tries_size: 0
[DexParser]   debug_info_off: 0x0
[DexParser]   insns_size: 65 ← KEY FIELD!
[DexParser]   ✅ EXTRACTED 65 INSTRUCTIONS!
[DexParser]   First opcodes: 4333 0004 1412 040f 4020 
[DexParser]   → Virtual method[1]:
[DexParser]   ULEB128[vm_method_diff] @ 0x113129 = 1
[DexParser]   ULEB128[vm_access_flags] @ 0x113130 = 17
[DexParser]   ULEB128[vm_code_off] @ 0x113131 = 59140
[DexParser]   === EXP-031.6 CODE_ITEM @ offset=0x59140 for hashCode ===
[DexParser]   registers_size: 3
[DexParser]   ins_size: 1
[DexParser]   outs_size: 1
[DexParser]   tries_size: 0
[DexParser]   debug_info_off: 0x0
[DexParser]   insns_size: 43 ← KEY FIELD!
[DexParser]   ✅ EXTRACTED 43 INSTRUCTIONS!
[DexParser]   First opcodes: 2054 00b9 106e 02ad 0000 
[DexParser]   → Virtual method[2]:
[DexParser]   ULEB128[vm_method_diff] @ 0x113134 = 1
[DexParser]   ULEB128[vm_access_flags] @ 0x113135 = 17
[DexParser]   ULEB128[vm_code_off] @ 0x113136 = 59244
[DexParser]   === EXP-031.6 CODE_ITEM @ offset=0x59244 for toString ===
[DexParser]   registers_size: 3
[DexParser]   ins_size: 1
[DexParser]   outs_size: 2
[DexParser]   tries_size: 0
[DexParser]   debug_info_off: 0x0
[DexParser]   insns_size: 62 ← KEY FIELD!
[DexParser]   ✅ EXTRACTED 62 INSTRUCTIONS!
[DexParser]   First opcodes: 0022 00d6 011a 008f 2070 
[DexParser]   → Result: 1 direct methods, 3 virtual methods
[DexParser] CLASS_DEF[49] @ offset 0x23544:
[DexParser]   class_idx: 151 (max valid: 337)
[DexParser]   access_flags: 0x17
[DexParser]   superclass_idx: 206
[DexParser]   class_data_off: 0x113139
[DexParser]   → Resolved name: [Lf/c;]
[DexParser]   → Parsing class_data at 0x113139
[DexParser]   === EXP-031.6 CLASS_DATA PARSING @ offset=0x113139 ===
[DexParser]   First bytes: 00 04 01 01 be 01 11 01 11 01 11 01 11 f5 03 81 80 04 c8 cc 03 f6 03 11 90 cc 03 00 04 01 03 c2 
[DexParser]   ULEB128[static_fields_size] @ 0x113139 = 0
[DexParser]   ULEB128[instance_fields_size] @ 0x113140 = 4
[DexParser]   ULEB128[direct_methods_size] @ 0x113141 = 1
[DexParser]   ULEB128[virtual_methods_size] @ 0x113142 = 1
[DexParser]   → Header: static=0, instance=4, direct=1, virtual=1
[DexParser]   ULEB128[if_field_diff] @ 0x113143 = 190
[DexParser]   ULEB128[if_access_flags] @ 0x113145 = 17
[DexParser]   ULEB128[if_field_diff] @ 0x113146 = 1
[DexParser]   ULEB128[if_access_flags] @ 0x113147 = 17
[DexParser]   ULEB128[if_field_diff] @ 0x113148 = 1
[DexParser]   ULEB128[if_access_flags] @ 0x113149 = 17
[DexParser]   ULEB128[if_field_diff] @ 0x113150 = 1
[DexParser]   ULEB128[if_access_flags] @ 0x113151 = 17
[DexParser]   → Direct method[0]:
[DexParser]   ULEB128[dm_method_diff] @ 0x113152 = 501
[DexParser]   ULEB128[dm_access_flags] @ 0x113154 = 65537
[DexParser]   ULEB128[dm_code_off] @ 0x113157 = 58952
[DexParser]   === EXP-031.6 CODE_ITEM @ offset=0x58952 for <init> ===
[DexParser]   registers_size: 5
[DexParser]   ins_size: 5
[DexParser]   outs_size: 1
[DexParser]   tries_size: 0
[DexParser]   debug_info_off: 0x0
[DexParser]   insns_size: 12 ← KEY FIELD!
[DexParser]   ✅ EXTRACTED 12 INSTRUCTIONS!
[DexParser]   First opcodes: 1070 0298 0000 0159 00be 
[DexParser]   → Virtual method[0]:
[DexParser]   ULEB128[vm_method_diff] @ 0x113160 = 502
[DexParser]   ULEB128[vm_access_flags] @ 0x113162 = 17
[DexParser]   ULEB128[vm_code_off] @ 0x113163 = 58896
[DexParser]   === EXP-031.6 CODE_ITEM @ offset=0x58896 for compareTo ===
[DexParser]   registers_size: 4
[DexParser]   ins_size: 2
[DexParser]   outs_size: 2
[DexParser]   tries_size: 0
[DexParser]   debug_info_off: 0x0
[DexParser]   insns_size: 20 ← KEY FIELD!
[DexParser]   ✅ EXTRACTED 20 INSTRUCTIONS!
[DexParser]   First opcodes: 031f 0097 001a 03d5 2071 
[DexParser]   → Result: 1 direct methods, 1 virtual methods
[DexParser] CLASS_DEF[50] @ offset 0x23576:
[DexParser]   class_idx: 152 (max valid: 337)
[DexParser]   access_flags: 0x17
[DexParser]   superclass_idx: 206
[DexParser]   class_data_off: 0x113166
[DexParser]   → Resolved name: [Lf/d;]
[DexParser]   → Parsing class_data at 0x113166
[DexParser]   === EXP-031.6 CLASS_DATA PARSING @ offset=0x113166 ===
[DexParser]   First bytes: 00 04 01 03 c2 01 11 01 11 01 11 01 11 f7 03 81 80 04 90 d3 03 f8 03 11 a4 d0 03 01 11 b4 d1 03 
[DexParser]   ULEB128[static_fields_size] @ 0x113166 = 0
[DexParser]   ULEB128[instance_fields_size] @ 0x113167 = 4
[DexParser]   ULEB128[direct_methods_size] @ 0x113168 = 1
[DexParser]   ULEB128[virtual_methods_size] @ 0x113169 = 3
[DexParser]   → Header: static=0, instance=4, direct=1, virtual=3
[DexParser]   ULEB128[if_field_diff] @ 0x113170 = 194
[DexParser]   ULEB128[if_access_flags] @ 0x113172 = 17
[DexParser]   ULEB128[if_field_diff] @ 0x113173 = 1
[DexParser]   ULEB128[if_access_flags] @ 0x113174 = 17
[DexParser]   ULEB128[if_field_diff] @ 0x113175 = 1
[DexParser]   ULEB128[if_access_flags] @ 0x113176 = 17
[DexParser]   ULEB128[if_field_diff] @ 0x113177 = 1
[DexParser]   ULEB128[if_access_flags] @ 0x113178 = 17
[DexParser]   → Direct method[0]:
[DexParser]   ULEB128[dm_method_diff] @ 0x113179 = 503
[DexParser]   ULEB128[dm_access_flags] @ 0x113181 = 65537
[DexParser]   ULEB128[dm_code_off] @ 0x113184 = 59792
[DexParser]   === EXP-031.6 CODE_ITEM @ offset=0x59792 for <init> ===
[DexParser]   registers_size: 5
[DexParser]   ins_size: 5
[DexParser]   outs_size: 2
[DexParser]   tries_size: 0
[DexParser]   debug_info_off: 0x0
[DexParser]   insns_size: 40 ← KEY FIELD!
[DexParser]   ✅ EXTRACTED 40 INSTRUCTIONS!
[DexParser]   First opcodes: 1070 0298 0000 015b 00c2 
[DexParser]   → Virtual method[0]:
[DexParser]   ULEB128[vm_method_diff] @ 0x113187 = 504
[DexParser]   ULEB128[vm_access_flags] @ 0x113189 = 17
[DexParser]   ULEB128[vm_code_off] @ 0x113190 = 59428
[DexParser]   === EXP-031.6 CODE_ITEM @ offset=0x59428 for equals ===
[DexParser]   registers_size: 5
[DexParser]   ins_size: 2
[DexParser]   outs_size: 2
[DexParser]   tries_size: 0
[DexParser]   debug_info_off: 0x0
[DexParser]   insns_size: 63 ← KEY FIELD!
[DexParser]   ✅ EXTRACTED 63 INSTRUCTIONS!
[DexParser]   First opcodes: 4333 0004 1412 040f 4020 
[DexParser]   → Virtual method[1]:
[DexParser]   ULEB128[vm_method_diff] @ 0x113193 = 1
[DexParser]   ULEB128[vm_access_flags] @ 0x113194 = 17
[DexParser]   ULEB128[vm_code_off] @ 0x113195 = 59572
[DexParser]   === EXP-031.6 CODE_ITEM @ offset=0x59572 for hashCode ===
[DexParser]   registers_size: 3
[DexParser]   ins_size: 1
[DexParser]   outs_size: 2
[DexParser]   tries_size: 0
[DexParser]   debug_info_off: 0x0
[DexParser]   insns_size: 42 ← KEY FIELD!
[DexParser]   ✅ EXTRACTED 42 INSTRUCTIONS!
[DexParser]   First opcodes: 001a 0366 2154 00c2 2071 
[DexParser]   → Virtual method[2]:
[DexParser]   ULEB128[vm_method_diff] @ 0x113198 = 1
[DexParser]   ULEB128[vm_access_flags] @ 0x113199 = 17
[DexParser]   ULEB128[vm_code_off] @ 0x113200 = 59672
[DexParser]   === EXP-031.6 CODE_ITEM @ offset=0x59672 for toString ===
[DexParser]   registers_size: 3
[DexParser]   ins_size: 1
[DexParser]   outs_size: 2
[DexParser]   tries_size: 0
[DexParser]   debug_info_off: 0x0
[DexParser]   insns_size: 52 ← KEY FIELD!
[DexParser]   ✅ EXTRACTED 52 INSTRUCTIONS!
[DexParser]   First opcodes: 0022 00d6 011a 00a5 2070 
[DexParser]   → Result: 1 direct methods, 3 virtual methods
[DexParser] CLASS_DEF[51] @ offset 0x23608:
[DexParser]   class_idx: 153 (max valid: 337)
[DexParser]   access_flags: 0x17
[DexParser]   superclass_idx: 206
[DexParser]   class_data_off: 0x113203
[DexParser]   → Resolved name: [Lf/e;]
[DexParser]   → Parsing class_data at 0x113203
[DexParser]   === EXP-031.6 CLASS_DATA PARSING @ offset=0x113203 ===
[DexParser]   First bytes: 00 04 01 03 c6 01 11 01 11 01 11 01 11 fb 03 81 80 04 b4 d6 03 fc 03 11 f0 d3 03 01 11 f8 d4 03 
[DexParser]   ULEB128[static_fields_size] @ 0x113203 = 0
[DexParser]   ULEB128[instance_fields_size] @ 0x113204 = 4
[DexParser]   ULEB128[direct_methods_size] @ 0x113205 = 1
[DexParser]   ULEB128[virtual_methods_size] @ 0x113206 = 3
[DexParser]   → Header: static=0, instance=4, direct=1, virtual=3
[DexParser]   ULEB128[if_field_diff] @ 0x113207 = 198
[DexParser]   ULEB128[if_access_flags] @ 0x113209 = 17
[DexParser]   ULEB128[if_field_diff] @ 0x113210 = 1
[DexParser]   ULEB128[if_access_flags] @ 0x113211 = 17
[DexParser]   ULEB128[if_field_diff] @ 0x113212 = 1
[DexParser]   ULEB128[if_access_flags] @ 0x113213 = 17
[DexParser]   ULEB128[if_field_diff] @ 0x113214 = 1
[DexParser]   ULEB128[if_access_flags] @ 0x113215 = 17
[DexParser]   → Direct method[0]:
[DexParser]   ULEB128[dm_method_diff] @ 0x113216 = 507
[DexParser]   ULEB128[dm_access_flags] @ 0x113218 = 65537
[DexParser]   ULEB128[dm_code_off] @ 0x113221 = 60212
[DexParser]   === EXP-031.6 CODE_ITEM @ offset=0x60212 for <init> ===
[DexParser]   registers_size: 5
[DexParser]   ins_size: 4
[DexParser]   outs_size: 2
[DexParser]   tries_size: 0
[DexParser]   debug_info_off: 0x0
[DexParser]   insns_size: 19 ← KEY FIELD!
[DexParser]   ✅ EXTRACTED 19 INSTRUCTIONS!
[DexParser]   First opcodes: 001a 030b 2071 0010 0003 
[DexParser]   → Virtual method[0]:
[DexParser]   ULEB128[vm_method_diff] @ 0x113224 = 508
[DexParser]   ULEB128[vm_access_flags] @ 0x113226 = 17
[DexParser]   ULEB128[vm_code_off] @ 0x113227 = 59888
[DexParser]   === EXP-031.6 CODE_ITEM @ offset=0x59888 for equals ===
[DexParser]   registers_size: 6
[DexParser]   ins_size: 2
[DexParser]   outs_size: 2
[DexParser]   tries_size: 0
[DexParser]   debug_info_off: 0x0
[DexParser]   insns_size: 59 ← KEY FIELD!
[DexParser]   ✅ EXTRACTED 59 INSTRUCTIONS!
[DexParser]   First opcodes: 1012 5433 0003 000f 5120 
[DexParser]   → Virtual method[1]:
[DexParser]   ULEB128[vm_method_diff] @ 0x113230 = 1
[DexParser]   ULEB128[vm_access_flags] @ 0x113231 = 17
[DexParser]   ULEB128[vm_code_off] @ 0x113232 = 60024
[DexParser]   === EXP-031.6 CODE_ITEM @ offset=0x60024 for hashCode ===
[DexParser]   registers_size: 3
[DexParser]   ins_size: 1
[DexParser]   outs_size: 1
[DexParser]   tries_size: 0
[DexParser]   debug_info_off: 0x0
[DexParser]   insns_size: 25 ← KEY FIELD!
[DexParser]   ✅ EXTRACTED 25 INSTRUCTIONS!
[DexParser]   First opcodes: 2054 00c6 106e 02ad 0000 
[DexParser]   → Virtual method[2]:
[DexParser]   ULEB128[vm_method_diff] @ 0x113235 = 1
[DexParser]   ULEB128[vm_access_flags] @ 0x113236 = 17
[DexParser]   ULEB128[vm_code_off] @ 0x113237 = 60092
[DexParser]   === EXP-031.6 CODE_ITEM @ offset=0x60092 for toString ===
[DexParser]   registers_size: 3
[DexParser]   ins_size: 1
[DexParser]   outs_size: 2
[DexParser]   tries_size: 0
[DexParser]   debug_info_off: 0x0
[DexParser]   insns_size: 52 ← KEY FIELD!
[DexParser]   ✅ EXTRACTED 52 INSTRUCTIONS!
[DexParser]   First opcodes: 0022 00d6 011a 0225 2070 
[DexParser]   → Result: 1 direct methods, 3 virtual methods
[DexParser] CLASS_DEF[52] @ offset 0x23640:
[DexParser]   class_idx: 155 (max valid: 337)
[DexParser]   access_flags: 0x1537
[DexParser]   superclass_idx: 206
[DexParser]   class_data_off: 0x113240
[DexParser]   → Resolved name: [Lg/b;]
[DexParser]   → Parsing class_data at 0x113240
[DexParser]   === EXP-031.6 CLASS_DATA PARSING @ offset=0x113240 ===
[DexParser]   First bytes: 00 00 00 0d 82 04 81 08 00 01 81 08 00 01 81 08 00 01 81 08 00 01 81 08 00 01 81 08 00 01 81 08 
[DexParser]   ULEB128[static_fields_size] @ 0x113240 = 0
[DexParser]   ULEB128[instance_fields_size] @ 0x113241 = 0
[DexParser]   ULEB128[direct_methods_size] @ 0x113242 = 0
[DexParser]   ULEB128[virtual_methods_size] @ 0x113243 = 13
[DexParser]   → Header: static=0, instance=0, direct=0, virtual=13
[DexParser]   → Virtual method[0]:
[DexParser]   ULEB128[vm_method_diff] @ 0x113244 = 514
[DexParser]   ULEB128[vm_access_flags] @ 0x113246 = 1025
[DexParser]   ULEB128[vm_code_off] @ 0x113248 = 0
[DexParser]   → Virtual method[1]:
[DexParser]   ULEB128[vm_method_diff] @ 0x113249 = 1
[DexParser]   ULEB128[vm_access_flags] @ 0x113250 = 1025
[DexParser]   ULEB128[vm_code_off] @ 0x113252 = 0
[DexParser]   → Virtual method[2]:
[DexParser]   ULEB128[vm_method_diff] @ 0x113253 = 1
[DexParser]   ULEB128[vm_access_flags] @ 0x113254 = 1025
[DexParser]   ULEB128[vm_code_off] @ 0x113256 = 0
[DexParser]   → Virtual method[3]:
[DexParser]   ULEB128[vm_method_diff] @ 0x113257 = 1
[DexParser]   ULEB128[vm_access_flags] @ 0x113258 = 1025
[DexParser]   ULEB128[vm_code_off] @ 0x113260 = 0
[DexParser]   → Virtual method[4]:
[DexParser]   ULEB128[vm_method_diff] @ 0x113261 = 1
[DexParser]   ULEB128[vm_access_flags] @ 0x113262 = 1025
[DexParser]   ULEB128[vm_code_off] @ 0x113264 = 0
[DexParser]   → Virtual method[5]:
[DexParser]   ULEB128[vm_method_diff] @ 0x113265 = 1
[DexParser]   ULEB128[vm_access_flags] @ 0x113266 = 1025
[DexParser]   ULEB128[vm_code_off] @ 0x113268 = 0
[DexParser]   → Virtual method[6]:
[DexParser]   ULEB128[vm_method_diff] @ 0x113269 = 1
[DexParser]   ULEB128[vm_access_flags] @ 0x113270 = 1025
[DexParser]   ULEB128[vm_code_off] @ 0x113272 = 0
[DexParser]   → Virtual method[7]:
[DexParser]   ULEB128[vm_method_diff] @ 0x113273 = 1
[DexParser]   ULEB128[vm_access_flags] @ 0x113274 = 1025
[DexParser]   ULEB128[vm_code_off] @ 0x113276 = 0
[DexParser]   → Virtual method[8]:
[DexParser]   ULEB128[vm_method_diff] @ 0x113277 = 1
[DexParser]   ULEB128[vm_access_flags] @ 0x113278 = 1025
[DexParser]   ULEB128[vm_code_off] @ 0x113280 = 0
[DexParser]   → Virtual method[9]:
[DexParser]   ULEB128[vm_method_diff] @ 0x113281 = 1
[DexParser]   ULEB128[vm_access_flags] @ 0x113282 = 1025
[DexParser]   ULEB128[vm_code_off] @ 0x113284 = 0
[DexParser]   → Virtual method[10]:
[DexParser]   ULEB128[vm_method_diff] @ 0x113285 = 1
[DexParser]   ULEB128[vm_access_flags] @ 0x113286 = 1025
[DexParser]   ULEB128[vm_code_off] @ 0x113288 = 0
[DexParser]   → Virtual method[11]:
[DexParser]   ULEB128[vm_method_diff] @ 0x113289 = 1
[DexParser]   ULEB128[vm_access_flags] @ 0x113290 = 1025
[DexParser]   ULEB128[vm_code_off] @ 0x113292 = 0
[DexParser]   → Virtual method[12]:
[DexParser]   ULEB128[vm_method_diff] @ 0x113293 = 1
[DexParser]   ULEB128[vm_access_flags] @ 0x113294 = 1025
[DexParser]   ULEB128[vm_code_off] @ 0x113296 = 0
[DexParser]   → Result: 0 direct methods, 13 virtual methods
[DexParser] CLASS_DEF[53] @ offset 0x23672:
[DexParser]   class_idx: 156 (max valid: 337)
[DexParser]   access_flags: 0x1025
[DexParser]   superclass_idx: 206
[DexParser]   class_data_off: 0x113297
[DexParser]   → Resolved name: [Lg/c;]
[DexParser]   → Parsing class_data at 0x113297
[DexParser]   === EXP-031.6 CLASS_DATA PARSING @ offset=0x113297 ===
[DexParser]   First bytes: 00 01 02 05 cb 01 11 8f 04 81 80 04 c0 d7 03 01 09 dc d7 03 91 04 81 08 00 01 81 08 00 01 81 08 
[DexParser]   ULEB128[static_fields_size] @ 0x113297 = 0
[DexParser]   ULEB128[instance_fields_size] @ 0x113298 = 1
[DexParser]   ULEB128[direct_methods_size] @ 0x113299 = 2
[DexParser]   ULEB128[virtual_methods_size] @ 0x113300 = 5
[DexParser]   → Header: static=0, instance=1, direct=2, virtual=5
[DexParser]   ULEB128[if_field_diff] @ 0x113301 = 203
[DexParser]   ULEB128[if_access_flags] @ 0x113303 = 17
[DexParser]   → Direct method[0]:
[DexParser]   ULEB128[dm_method_diff] @ 0x113304 = 527
[DexParser]   ULEB128[dm_access_flags] @ 0x113306 = 65537
[DexParser]   ULEB128[dm_code_off] @ 0x113309 = 60352
[DexParser]   === EXP-031.6 CODE_ITEM @ offset=0x60352 for <init> ===
[DexParser]   registers_size: 2
[DexParser]   ins_size: 2
[DexParser]   outs_size: 1
[DexParser]   tries_size: 0
[DexParser]   debug_info_off: 0x0
[DexParser]   insns_size: 6 ← KEY FIELD!
[DexParser]   ✅ EXTRACTED 6 INSTRUCTIONS!
[DexParser]   First opcodes: 1070 0298 0000 0159 00cb 
[DexParser]   → Direct method[1]:
[DexParser]   ULEB128[dm_method_diff] @ 0x113312 = 1
[DexParser]   ULEB128[dm_access_flags] @ 0x113313 = 9
[DexParser]   ULEB128[dm_code_off] @ 0x113314 = 60380
[DexParser]   === EXP-031.6 CODE_ITEM @ offset=0x60380 for a ===
[DexParser]   registers_size: 8
[DexParser]   ins_size: 1
[DexParser]   outs_size: 3
[DexParser]   tries_size: 1
[DexParser]   debug_info_off: 0x0
[DexParser]   insns_size: 106 ← KEY FIELD!
[DexParser]   ✅ EXTRACTED 106 INSTRUCTIONS!
[DexParser]   First opcodes: 001a 0051 2071 0460 0007 
[DexParser]   → Virtual method[0]:
[DexParser]   ULEB128[vm_method_diff] @ 0x113317 = 529
[DexParser]   ULEB128[vm_access_flags] @ 0x113319 = 1025
[DexParser]   ULEB128[vm_code_off] @ 0x113321 = 0
[DexParser]   → Virtual method[1]:
[DexParser]   ULEB128[vm_method_diff] @ 0x113322 = 1
[DexParser]   ULEB128[vm_access_flags] @ 0x113323 = 1025
[DexParser]   ULEB128[vm_code_off] @ 0x113325 = 0
[DexParser]   → Virtual method[2]:
[DexParser]   ULEB128[vm_method_diff] @ 0x113326 = 1
[DexParser]   ULEB128[vm_access_flags] @ 0x113327 = 1025
[DexParser]   ULEB128[vm_code_off] @ 0x113329 = 0
[DexParser]   → Virtual method[3]:
[DexParser]   ULEB128[vm_method_diff] @ 0x113330 = 1
[DexParser]   ULEB128[vm_access_flags] @ 0x113331 = 1025
[DexParser]   ULEB128[vm_code_off] @ 0x113333 = 0
[DexParser]   → Virtual method[4]:
[DexParser]   ULEB128[vm_method_diff] @ 0x113334 = 1
[DexParser]   ULEB128[vm_access_flags] @ 0x113335 = 1025
[DexParser]   ULEB128[vm_code_off] @ 0x113337 = 0
[DexParser]   → Result: 2 direct methods, 5 virtual methods
[DexParser] CLASS_DEF[54] @ offset 0x23704:
[DexParser]   class_idx: 157 (max valid: 337)
[DexParser]   access_flags: 0x1537
[DexParser]   superclass_idx: 206
[DexParser]   class_data_off: 0x0
[DexParser]   → Resolved name: [Lg/d;]
[DexParser]   → NO class_data (off=0x0, size=0x116876)
[DexParser]   → Result: 0 direct methods, 0 virtual methods
[DexParser] CLASS_DEF[55] @ offset 0x23736:
[DexParser]   class_idx: 158 (max valid: 337)
[DexParser]   access_flags: 0x1537
[DexParser]   superclass_idx: 206
[DexParser]   class_data_off: 0x113338
[DexParser]   → Resolved name: [Lg/e;]
[DexParser]   → Parsing class_data at 0x113338
[DexParser]   === EXP-031.6 CLASS_DATA PARSING @ offset=0x113338 ===
[DexParser]   First bytes: 00 00 00 02 96 04 81 08 00 01 81 08 00 00 00 00 02 98 04 81 08 00 01 81 08 00 00 00 00 02 9a 04 
[DexParser]   ULEB128[static_fields_size] @ 0x113338 = 0
[DexParser]   ULEB128[instance_fields_size] @ 0x113339 = 0
[DexParser]   ULEB128[direct_methods_size] @ 0x113340 = 0
[DexParser]   ULEB128[virtual_methods_size] @ 0x113341 = 2
[DexParser]   → Header: static=0, instance=0, direct=0, virtual=2
[DexParser]   → Virtual method[0]:
[DexParser]   ULEB128[vm_method_diff] @ 0x113342 = 534
[DexParser]   ULEB128[vm_access_flags] @ 0x113344 = 1025
[DexParser]   ULEB128[vm_code_off] @ 0x113346 = 0
[DexParser]   → Virtual method[1]:
[DexParser]   ULEB128[vm_method_diff] @ 0x113347 = 1
[DexParser]   ULEB128[vm_access_flags] @ 0x113348 = 1025
[DexParser]   ULEB128[vm_code_off] @ 0x113350 = 0
[DexParser]   → Result: 0 direct methods, 2 virtual methods
[DexParser] CLASS_DEF[56] @ offset 0x23768:
[DexParser]   class_idx: 159 (max valid: 337)
[DexParser]   access_flags: 0x1537
[DexParser]   superclass_idx: 206
[DexParser]   class_data_off: 0x113351
[DexParser]   → Resolved name: [Lg/f;]
[DexParser]   → Parsing class_data at 0x113351
[DexParser]   === EXP-031.6 CLASS_DATA PARSING @ offset=0x113351 ===
[DexParser]   First bytes: 00 00 00 02 98 04 81 08 00 01 81 08 00 00 00 00 02 9a 04 81 08 00 01 81 08 00 00 02 01 01 cc 01 
[DexParser]   ULEB128[static_fields_size] @ 0x113351 = 0
[DexParser]   ULEB128[instance_fields_size] @ 0x113352 = 0
[DexParser]   ULEB128[direct_methods_size] @ 0x113353 = 0
[DexParser]   ULEB128[virtual_methods_size] @ 0x113354 = 2
[DexParser]   → Header: static=0, instance=0, direct=0, virtual=2
[DexParser]   → Virtual method[0]:
[DexParser]   ULEB128[vm_method_diff] @ 0x113355 = 536
[DexParser]   ULEB128[vm_access_flags] @ 0x113357 = 1025
[DexParser]   ULEB128[vm_code_off] @ 0x113359 = 0
[DexParser]   → Virtual method[1]:
[DexParser]   ULEB128[vm_method_diff] @ 0x113360 = 1
[DexParser]   ULEB128[vm_access_flags] @ 0x113361 = 1025
[DexParser]   ULEB128[vm_code_off] @ 0x113363 = 0
[DexParser]   → Result: 0 direct methods, 2 virtual methods
[DexParser] CLASS_DEF[57] @ offset 0x23800:
[DexParser]   class_idx: 160 (max valid: 337)
[DexParser]   access_flags: 0x1537
[DexParser]   superclass_idx: 206
[DexParser]   class_data_off: 0x113364
[DexParser]   → Resolved name: [Lg/g;]
[DexParser]   → Parsing class_data at 0x113364
[DexParser]   === EXP-031.6 CLASS_DATA PARSING @ offset=0x113364 ===
[DexParser]   First bytes: 00 00 00 02 9a 04 81 08 00 01 81 08 00 00 02 01 01 cc 01 91 20 01 91 20 9e 04 81 a0 04 e0 da 03 
[DexParser]   ULEB128[static_fields_size] @ 0x113364 = 0
[DexParser]   ULEB128[instance_fields_size] @ 0x113365 = 0
[DexParser]   ULEB128[direct_methods_size] @ 0x113366 = 0
[DexParser]   ULEB128[virtual_methods_size] @ 0x113367 = 2
[DexParser]   → Header: static=0, instance=0, direct=0, virtual=2
[DexParser]   → Virtual method[0]:
[DexParser]   ULEB128[vm_method_diff] @ 0x113368 = 538
[DexParser]   ULEB128[vm_access_flags] @ 0x113370 = 1025
[DexParser]   ULEB128[vm_code_off] @ 0x113372 = 0
[DexParser]   → Virtual method[1]:
[DexParser]   ULEB128[vm_method_diff] @ 0x113373 = 1
[DexParser]   ULEB128[vm_access_flags] @ 0x113374 = 1025
[DexParser]   ULEB128[vm_code_off] @ 0x113376 = 0
[DexParser]   → Result: 0 direct methods, 2 virtual methods
[DexParser] CLASS_DEF[58] @ offset 0x23832:
[DexParser]   class_idx: 162 (max valid: 337)
[DexParser]   access_flags: 0x4113
[DexParser]   superclass_idx: 206
[DexParser]   class_data_off: 0x113377
[DexParser]   → Resolved name: [Lh/a;]
[DexParser]   → Parsing class_data at 0x113377
[DexParser]   === EXP-031.6 CLASS_DATA PARSING @ offset=0x113377 ===
[DexParser]   First bytes: 00 02 01 01 cc 01 91 20 01 91 20 9e 04 81 a0 04 e0 da 03 9f 04 11 d0 d9 03 00 02 01 01 d1 01 91 
[DexParser]   ULEB128[static_fields_size] @ 0x113377 = 0
[DexParser]   ULEB128[instance_fields_size] @ 0x113378 = 2
[DexParser]   ULEB128[direct_methods_size] @ 0x113379 = 1
[DexParser]   ULEB128[virtual_methods_size] @ 0x113380 = 1
[DexParser]   → Header: static=0, instance=2, direct=1, virtual=1
[DexParser]   ULEB128[if_field_diff] @ 0x113381 = 204
[DexParser]   ULEB128[if_access_flags] @ 0x113383 = 4113
[DexParser]   ULEB128[if_field_diff] @ 0x113385 = 1
[DexParser]   ULEB128[if_access_flags] @ 0x113386 = 4113
[DexParser]   → Direct method[0]:
[DexParser]   ULEB128[dm_method_diff] @ 0x113388 = 542
[DexParser]   ULEB128[dm_access_flags] @ 0x113390 = 69633
[DexParser]   ULEB128[dm_code_off] @ 0x113393 = 60768
[DexParser]   === EXP-031.6 CODE_ITEM @ offset=0x60768 for <init> ===
[DexParser]   registers_size: 3
[DexParser]   ins_size: 3
[DexParser]   outs_size: 1
[DexParser]   tries_size: 0
[DexParser]   debug_info_off: 0x0
[DexParser]   insns_size: 8 ← KEY FIELD!
[DexParser]   ✅ EXTRACTED 8 INSTRUCTIONS!
[DexParser]   First opcodes: 0159 00cc 025b 00cd 1070 
[DexParser]   → Virtual method[0]:
[DexParser]   ULEB128[vm_method_diff] @ 0x113396 = 543
[DexParser]   ULEB128[vm_access_flags] @ 0x113398 = 17
[DexParser]   ULEB128[vm_code_off] @ 0x113399 = 60624
[DexParser]   === EXP-031.6 CODE_ITEM @ offset=0x60624 for newCursor ===
[DexParser]   registers_size: 6
[DexParser]   ins_size: 5
[DexParser]   outs_size: 4
[DexParser]   tries_size: 0
[DexParser]   debug_info_off: 0x0
[DexParser]   insns_size: 64 ← KEY FIELD!
[DexParser]   ✅ EXTRACTED 64 INSTRUCTIONS!
[DexParser]   First opcodes: 1252 00cc 1054 00cd 022b 
[DexParser]   → Result: 1 direct methods, 1 virtual methods
[DexParser] CLASS_DEF[59] @ offset 0x23864:
[DexParser]   class_idx: 165 (max valid: 337)
[DexParser]   access_flags: 0x4113
[DexParser]   superclass_idx: 206
[DexParser]   class_data_off: 0x113402
[DexParser]   → Resolved name: [Lh/d;]
[DexParser]   → Parsing class_data at 0x113402
[DexParser]   === EXP-031.6 CLASS_DATA PARSING @ offset=0x113402 ===
[DexParser]   First bytes: 00 02 01 01 d1 01 91 20 01 91 20 b2 04 81 a0 04 d4 e0 03 b3 04 11 f4 e0 03 00 02 01 01 d3 01 11 
[DexParser]   ULEB128[static_fields_size] @ 0x113402 = 0
[DexParser]   ULEB128[instance_fields_size] @ 0x113403 = 2
[DexParser]   ULEB128[direct_methods_size] @ 0x113404 = 1
[DexParser]   ULEB128[virtual_methods_size] @ 0x113405 = 1
[DexParser]   → Header: static=0, instance=2, direct=1, virtual=1
[DexParser]   ULEB128[if_field_diff] @ 0x113406 = 209
[DexParser]   ULEB128[if_access_flags] @ 0x113408 = 4113
[DexParser]   ULEB128[if_field_diff] @ 0x113410 = 1
[DexParser]   ULEB128[if_access_flags] @ 0x113411 = 4113
[DexParser]   → Direct method[0]:
[DexParser]   ULEB128[dm_method_diff] @ 0x113413 = 562
[DexParser]   ULEB128[dm_access_flags] @ 0x113415 = 69633
[DexParser]   ULEB128[dm_code_off] @ 0x113418 = 61524
[DexParser]   === EXP-031.6 CODE_ITEM @ offset=0x61524 for <init> ===
[DexParser]   registers_size: 3
[DexParser]   ins_size: 3
[DexParser]   outs_size: 1
[DexParser]   tries_size: 0
[DexParser]   debug_info_off: 0x0
[DexParser]   insns_size: 8 ← KEY FIELD!
[DexParser]   ✅ EXTRACTED 8 INSTRUCTIONS!
[DexParser]   First opcodes: 1070 0298 0000 015b 00d1 
[DexParser]   → Virtual method[0]:
[DexParser]   ULEB128[vm_method_diff] @ 0x113421 = 563
[DexParser]   ULEB128[vm_access_flags] @ 0x113423 = 17
[DexParser]   ULEB128[vm_code_off] @ 0x113424 = 61556
[DexParser]   === EXP-031.6 CODE_ITEM @ offset=0x61556 for onCorruption ===
[DexParser]   registers_size: 5
[DexParser]   ins_size: 2
[DexParser]   outs_size: 2
[DexParser]   tries_size: 2
[DexParser]   debug_info_off: 0x0
[DexParser]   insns_size: 154 ← KEY FIELD!
[DexParser]   ✅ EXTRACTED 154 INSTRUCTIONS!
[DexParser]   First opcodes: 001a 001a 3154 00d1 2071 
[DexParser]   → Result: 1 direct methods, 1 virtual methods
[DexParser] CLASS_DEF[60] @ offset 0x23896:
[DexParser]   class_idx: 166 (max valid: 337)
[DexParser]   access_flags: 0x17
[DexParser]   superclass_idx: 210
[DexParser]   class_data_off: 0x113427
[DexParser]   → Resolved name: [Lh/e;]
[DexParser]   → Parsing class_data at 0x113427
[DexParser]   === EXP-031.6 CLASS_DATA PARSING @ offset=0x113427 ===
[DexParser]   First bytes: 00 02 01 01 d3 01 11 01 11 b4 04 81 80 04 ec e3 03 b5 04 11 d4 e3 03 01 07 01 0a dc 01 99 20 d5 
[DexParser]   ULEB128[static_fields_size] @ 0x113427 = 0
[DexParser]   ULEB128[instance_fields_size] @ 0x113428 = 2
[DexParser]   ULEB128[direct_methods_size] @ 0x113429 = 1
[DexParser]   ULEB128[virtual_methods_size] @ 0x113430 = 1
[DexParser]   → Header: static=0, instance=2, direct=1, virtual=1
[DexParser]   ULEB128[if_field_diff] @ 0x113431 = 211
[DexParser]   ULEB128[if_access_flags] @ 0x113433 = 17
[DexParser]   ULEB128[if_field_diff] @ 0x113434 = 1
[DexParser]   ULEB128[if_access_flags] @ 0x113435 = 17
[DexParser]   → Direct method[0]:
[DexParser]   ULEB128[dm_method_diff] @ 0x113436 = 564
[DexParser]   ULEB128[dm_access_flags] @ 0x113438 = 65537
[DexParser]   ULEB128[dm_code_off] @ 0x113441 = 61932
[DexParser]   === EXP-031.6 CODE_ITEM @ offset=0x61932 for <init> ===
[DexParser]   registers_size: 4
[DexParser]   ins_size: 3
[DexParser]   outs_size: 2
[DexParser]   tries_size: 0
[DexParser]   debug_info_off: 0x0
[DexParser]   insns_size: 13 ← KEY FIELD!
[DexParser]   ✅ EXTRACTED 13 INSTRUCTIONS!
[DexParser]   First opcodes: 001a 02ad 2071 0006 0002 
[DexParser]   → Virtual method[0]:
[DexParser]   ULEB128[vm_method_diff] @ 0x113444 = 565
[DexParser]   ULEB128[vm_access_flags] @ 0x113446 = 17
[DexParser]   ULEB128[vm_code_off] @ 0x113447 = 61908
[DexParser]   === EXP-031.6 CODE_ITEM @ offset=0x61908 for getCause ===
[DexParser]   registers_size: 2
[DexParser]   ins_size: 1
[DexParser]   outs_size: 0
[DexParser]   tries_size: 0
[DexParser]   debug_info_off: 0x0
[DexParser]   insns_size: 3 ← KEY FIELD!
[DexParser]   ✅ EXTRACTED 3 INSTRUCTIONS!
[DexParser]   First opcodes: 1054 00d4 0011 
[DexParser]   → Result: 1 direct methods, 1 virtual methods
[DexParser] CLASS_DEF[61] @ offset 0x23928:
[DexParser]   class_idx: 167 (max valid: 337)
[DexParser]   access_flags: 0x17
[DexParser]   superclass_idx: 40
[DexParser]   class_data_off: 0x113450
[DexParser]   → Resolved name: [Lh/f;]
[DexParser]   → Parsing class_data at 0x113450
[DexParser]   === EXP-031.6 CLASS_DATA PARSING @ offset=0x113450 ===
[DexParser]   First bytes: 01 07 01 0a dc 01 99 20 d5 01 11 01 11 01 11 01 11 01 01 01 11 01 01 b6 04 81 80 04 c4 e8 03 b7 
[DexParser]   ULEB128[static_fields_size] @ 0x113450 = 1
[DexParser]   ULEB128[instance_fields_size] @ 0x113451 = 7
[DexParser]   ULEB128[direct_methods_size] @ 0x113452 = 1
[DexParser]   ULEB128[virtual_methods_size] @ 0x113453 = 10
[DexParser]   → Header: static=1, instance=7, direct=1, virtual=10
[DexParser]   ULEB128[sf_field_diff] @ 0x113454 = 220
[DexParser]   ULEB128[sf_access_flags] @ 0x113456 = 4121
[DexParser]   ULEB128[if_field_diff] @ 0x113458 = 213
[DexParser]   ULEB128[if_access_flags] @ 0x113460 = 17
[DexParser]   ULEB128[if_field_diff] @ 0x113461 = 1
[DexParser]   ULEB128[if_access_flags] @ 0x113462 = 17
[DexParser]   ULEB128[if_field_diff] @ 0x113463 = 1
[DexParser]   ULEB128[if_access_flags] @ 0x113464 = 17
[DexParser]   ULEB128[if_field_diff] @ 0x113465 = 1
[DexParser]   ULEB128[if_access_flags] @ 0x113466 = 17
[DexParser]   ULEB128[if_field_diff] @ 0x113467 = 1
[DexParser]   ULEB128[if_access_flags] @ 0x113468 = 1
[DexParser]   ULEB128[if_field_diff] @ 0x113469 = 1
[DexParser]   ULEB128[if_access_flags] @ 0x113470 = 17
[DexParser]   ULEB128[if_field_diff] @ 0x113471 = 1
[DexParser]   ULEB128[if_access_flags] @ 0x113472 = 1
[DexParser]   → Direct method[0]:
[DexParser]   ULEB128[dm_method_diff] @ 0x113473 = 566
[DexParser]   ULEB128[dm_access_flags] @ 0x113475 = 65537
[DexParser]   ULEB128[dm_code_off] @ 0x113478 = 62532
[DexParser]   === EXP-031.6 CODE_ITEM @ offset=0x62532 for <init> ===
[DexParser]   registers_size: 13
[DexParser]   ins_size: 6
[DexParser]   outs_size: 6
[DexParser]   tries_size: 0
[DexParser]   debug_info_off: 0x0
[DexParser]   insns_size: 60 ← KEY FIELD!
[DexParser]   ✅ EXTRACTED 60 INSTRUCTIONS!
[DexParser]   First opcodes: 001a 02c9 2071 0010 0008 
[DexParser]   → Virtual method[0]:
[DexParser]   ULEB128[vm_method_diff] @ 0x113481 = 567
[DexParser]   ULEB128[vm_access_flags] @ 0x113483 = 17
[DexParser]   ULEB128[vm_code_off] @ 0x113484 = 62668
[DexParser]   === EXP-031.6 CODE_ITEM @ offset=0x62668 for close ===
[DexParser]   registers_size: 4
[DexParser]   ins_size: 1
[DexParser]   outs_size: 2
[DexParser]   tries_size: 1
[DexParser]   debug_info_off: 0x0
[DexParser]   insns_size: 27 ← KEY FIELD!
[DexParser]   ✅ EXTRACTED 27 INSTRUCTIONS!
[DexParser]   First opcodes: 3054 00da 0155 00e5 206e 
[DexParser]   → Virtual method[1]:
[DexParser]   ULEB128[vm_method_diff] @ 0x113487 = 1
[DexParser]   ULEB128[vm_access_flags] @ 0x113488 = 17
[DexParser]   ULEB128[vm_code_off] @ 0x113489 = 62752
[DexParser]   === EXP-031.6 CODE_ITEM @ offset=0x62752 for onConfigure ===
[DexParser]   registers_size: 6
[DexParser]   ins_size: 2
[DexParser]   outs_size: 3
[DexParser]   tries_size: 1
[DexParser]   debug_info_off: 0x0
[DexParser]   insns_size: 38 ← KEY FIELD!
[DexParser]   ✅ EXTRACTED 38 INSTRUCTIONS!
[DexParser]   First opcodes: 001a 02e3 2071 0010 0005 
[DexParser]   → Virtual method[2]:
[DexParser]   ULEB128[vm_method_diff] @ 0x113492 = 1
[DexParser]   ULEB128[vm_access_flags] @ 0x113493 = 17
[DexParser]   ULEB128[vm_code_off] @ 0x113494 = 62856
[DexParser]   === EXP-031.6 CODE_ITEM @ offset=0x62856 for onCreate ===
[DexParser]   registers_size: 4
[DexParser]   ins_size: 2
[DexParser]   outs_size: 3
[DexParser]   tries_size: 1
[DexParser]   debug_info_off: 0x0
[DexParser]   insns_size: 23 ← KEY FIELD!
[DexParser]   ✅ EXTRACTED 23 INSTRUCTIONS!
[DexParser]   First opcodes: 001a 0444 2071 0010 0003 
[DexParser]   → Virtual method[3]:
[DexParser]   ULEB128[vm_method_diff] @ 0x113497 = 1
[DexParser]   ULEB128[vm_access_flags] @ 0x113498 = 17
[DexParser]   ULEB128[vm_code_off] @ 0x113499 = 62932
[DexParser]   === EXP-031.6 CODE_ITEM @ offset=0x62932 for onDowngrade ===
[DexParser]   registers_size: 5
[DexParser]   ins_size: 4
[DexParser]   outs_size: 4
[DexParser]   tries_size: 1
[DexParser]   debug_info_off: 0x0
[DexParser]   insns_size: 26 ← KEY FIELD!
[DexParser]   ✅ EXTRACTED 26 INSTRUCTIONS!
[DexParser]   First opcodes: 001a 02e3 2071 0010 0002 
[DexParser]   → Virtual method[4]:
[DexParser]   ULEB128[vm_method_diff] @ 0x113502 = 1
[DexParser]   ULEB128[vm_access_flags] @ 0x113503 = 17
[DexParser]   ULEB128[vm_code_off] @ 0x113504 = 63012
[DexParser]   === EXP-031.6 CODE_ITEM @ offset=0x63012 for onOpen ===
[DexParser]   registers_size: 4
[DexParser]   ins_size: 2
[DexParser]   outs_size: 3
[DexParser]   tries_size: 1
[DexParser]   debug_info_off: 0x0
[DexParser]   insns_size: 31 ← KEY FIELD!
[DexParser]   ✅ EXTRACTED 31 INSTRUCTIONS!
[DexParser]   First opcodes: 001a 02e3 2071 0010 0003 
[DexParser]   → Virtual method[5]:
[DexParser]   ULEB128[vm_method_diff] @ 0x113507 = 1
[DexParser]   ULEB128[vm_access_flags] @ 0x113508 = 17
[DexParser]   ULEB128[vm_code_off] @ 0x113509 = 63104
[DexParser]   === EXP-031.6 CODE_ITEM @ offset=0x63104 for onUpgrade ===
[DexParser]   registers_size: 5
[DexParser]   ins_size: 4
[DexParser]   outs_size: 4
[DexParser]   tries_size: 1
[DexParser]   debug_info_off: 0x0
[DexParser]   insns_size: 26 ← KEY FIELD!
[DexParser]   ✅ EXTRACTED 26 INSTRUCTIONS!
[DexParser]   First opcodes: 001a 0444 2071 0010 0002 
[DexParser]   → Virtual method[6]:
[DexParser]   ULEB128[vm_method_diff] @ 0x113512 = 1
[DexParser]   ULEB128[vm_access_flags] @ 0x113513 = 17
[DexParser]   ULEB128[vm_code_off] @ 0x113514 = 62348
[DexParser]   === EXP-031.6 CODE_ITEM @ offset=0x62348 for q ===
[DexParser]   registers_size: 5
[DexParser]   ins_size: 2
[DexParser]   outs_size: 2
[DexParser]   tries_size: 2
[DexParser]   debug_info_off: 0x0
[DexParser]   insns_size: 53 ← KEY FIELD!
[DexParser]   ✅ EXTRACTED 53 INSTRUCTIONS!
[DexParser]   First opcodes: 3054 00da 3155 00db 0212 
[DexParser]   → Virtual method[7]:
[DexParser]   ULEB128[vm_method_diff] @ 0x113517 = 1
[DexParser]   ULEB128[vm_access_flags] @ 0x113518 = 17
[DexParser]   ULEB128[vm_code_off] @ 0x113519 = 62492
[DexParser]   === EXP-031.6 CODE_ITEM @ offset=0x62492 for s ===
[DexParser]   registers_size: 3
[DexParser]   ins_size: 2
[DexParser]   outs_size: 2
[DexParser]   tries_size: 0
[DexParser]   debug_info_off: 0x0
[DexParser]   insns_size: 12 ← KEY FIELD!
[DexParser]   ✅ EXTRACTED 12 INSTRUCTIONS!
[DexParser]   First opcodes: 001a 0444 2071 0010 0002 
[DexParser]   → Virtual method[8]:
[DexParser]   ULEB128[vm_method_diff] @ 0x113522 = 1
[DexParser]   ULEB128[vm_access_flags] @ 0x113523 = 17
[DexParser]   ULEB128[vm_code_off] @ 0x113524 = 61976
[DexParser]   === EXP-031.6 CODE_ITEM @ offset=0x61976 for u ===
[DexParser]   registers_size: 3
[DexParser]   ins_size: 2
[DexParser]   outs_size: 2
[DexParser]   tries_size: 0
[DexParser]   debug_info_off: 0x0
[DexParser]   insns_size: 17 ← KEY FIELD!
[DexParser]   ✅ EXTRACTED 17 INSTRUCTIONS!
[DexParser]   First opcodes: 001a 0486 0238 0007 106e 
[DexParser]   → Virtual method[9]:
[DexParser]   ULEB128[vm_method_diff] @ 0x113527 = 1
[DexParser]   ULEB128[vm_access_flags] @ 0x113528 = 17
[DexParser]   ULEB128[vm_code_off] @ 0x113529 = 62028
[DexParser]   === EXP-031.6 CODE_ITEM @ offset=0x62028 for v ===
[DexParser]   registers_size: 7
[DexParser]   ins_size: 2
[DexParser]   outs_size: 2
[DexParser]   tries_size: 4
[DexParser]   debug_info_off: 0x0
[DexParser]   insns_size: 128 ← KEY FIELD!
[DexParser]   ✅ EXTRACTED 128 INSTRUCTIONS!
[DexParser]   First opcodes: 106e 0078 0005 000c 5155 
[DexParser]   → Result: 1 direct methods, 10 virtual methods
[DexParser] CLASS_DEF[62] @ offset 0x23960:
[DexParser]   class_idx: 170 (max valid: 337)
[DexParser]   access_flags: 0x17
[DexParser]   superclass_idx: 206
[DexParser]   class_data_off: 0x113532
[DexParser]   → Resolved name: [Li/a;]
[DexParser]   → Parsing class_data at 0x113532
[DexParser]   === EXP-031.6 CLASS_DATA PARSING @ offset=0x113532 ===
[DexParser]   First bytes: 01 04 02 02 e9 01 19 e5 01 11 01 11 01 11 01 01 c9 04 89 80 04 d4 f0 03 01 81 80 04 f4 f0 03 cb 
[DexParser]   ULEB128[static_fields_size] @ 0x113532 = 1
[DexParser]   ULEB128[instance_fields_size] @ 0x113533 = 4
[DexParser]   ULEB128[direct_methods_size] @ 0x113534 = 2
[DexParser]   ULEB128[virtual_methods_size] @ 0x113535 = 2
[DexParser]   → Header: static=1, instance=4, direct=2, virtual=2
[DexParser]   ULEB128[sf_field_diff] @ 0x113536 = 233
[DexParser]   ULEB128[sf_access_flags] @ 0x113538 = 25
[DexParser]   ULEB128[if_field_diff] @ 0x113539 = 229
[DexParser]   ULEB128[if_access_flags] @ 0x113541 = 17
[DexParser]   ULEB128[if_field_diff] @ 0x113542 = 1
[DexParser]   ULEB128[if_access_flags] @ 0x113543 = 17
[DexParser]   ULEB128[if_field_diff] @ 0x113544 = 1
[DexParser]   ULEB128[if_access_flags] @ 0x113545 = 17
[DexParser]   ULEB128[if_field_diff] @ 0x113546 = 1
[DexParser]   ULEB128[if_access_flags] @ 0x113547 = 1
[DexParser]   → Direct method[0]:
[DexParser]   ULEB128[dm_method_diff] @ 0x113548 = 585
[DexParser]   ULEB128[dm_access_flags] @ 0x113550 = 65545
[DexParser]   ULEB128[dm_code_off] @ 0x113553 = 63572
[DexParser]   === EXP-031.6 CODE_ITEM @ offset=0x63572 for <clinit> ===
[DexParser]   registers_size: 1
[DexParser]   ins_size: 0
[DexParser]   outs_size: 1
[DexParser]   tries_size: 0
[DexParser]   debug_info_off: 0x0
[DexParser]   insns_size: 8 ← KEY FIELD!
[DexParser]   ✅ EXTRACTED 8 INSTRUCTIONS!
[DexParser]   First opcodes: 0022 00f5 1070 0303 0000 
[DexParser]   → Direct method[1]:
[DexParser]   ULEB128[dm_method_diff] @ 0x113556 = 1
[DexParser]   ULEB128[dm_access_flags] @ 0x113557 = 65537
[DexParser]   ULEB128[dm_code_off] @ 0x113560 = 63604
[DexParser]   === EXP-031.6 CODE_ITEM @ offset=0x63604 for <init> ===
[DexParser]   registers_size: 5
[DexParser]   ins_size: 4
[DexParser]   outs_size: 3
[DexParser]   tries_size: 1
[DexParser]   debug_info_off: 0x0
[DexParser]   insns_size: 48 ← KEY FIELD!
[DexParser]   ✅ EXTRACTED 48 INSTRUCTIONS!
[DexParser]   First opcodes: 1070 0298 0001 145c 00e5 
[DexParser]   → Virtual method[0]:
[DexParser]   ULEB128[vm_method_diff] @ 0x113563 = 587
[DexParser]   ULEB128[vm_access_flags] @ 0x113565 = 17
[DexParser]   ULEB128[vm_code_off] @ 0x113566 = 63728
[DexParser]   === EXP-031.6 CODE_ITEM @ offset=0x63728 for a ===
[DexParser]   registers_size: 4
[DexParser]   ins_size: 2
[DexParser]   outs_size: 3
[DexParser]   tries_size: 1
[DexParser]   debug_info_off: 0x0
[DexParser]   insns_size: 55 ← KEY FIELD!
[DexParser]   ✅ EXTRACTED 55 INSTRUCTIONS!
[DexParser]   First opcodes: 2054 00e7 1072 0341 0000 
[DexParser]   → Virtual method[1]:
[DexParser]   ULEB128[vm_method_diff] @ 0x113569 = 1
[DexParser]   ULEB128[vm_access_flags] @ 0x113570 = 17
[DexParser]   ULEB128[vm_code_off] @ 0x113571 = 63872
[DexParser]   === EXP-031.6 CODE_ITEM @ offset=0x63872 for b ===
[DexParser]   registers_size: 2
[DexParser]   ins_size: 1
[DexParser]   outs_size: 1
[DexParser]   tries_size: 1
[DexParser]   debug_info_off: 0x0
[DexParser]   insns_size: 13 ← KEY FIELD!
[DexParser]   ✅ EXTRACTED 13 INSTRUCTIONS!
[DexParser]   First opcodes: 1054 00e8 0038 0005 106e 
[DexParser]   → Result: 2 direct methods, 2 virtual methods
[DexParser] CLASS_DEF[63] @ offset 0x23992:
[DexParser]   class_idx: 171 (max valid: 337)
[DexParser]   access_flags: 0x17
[DexParser]   superclass_idx: 206
[DexParser]   class_data_off: 0x113574
[DexParser]   → Resolved name: [Lj/a;]
[DexParser]   → Parsing class_data at 0x113574
[DexParser]   === EXP-031.6 CLASS_DATA PARSING @ offset=0x113574 ===
[DexParser]   First bytes: 00 00 00 02 ce 04 11 bc f3 03 01 11 d8 f3 03 00 03 01 0a ea 01 11 01 11 01 11 d0 04 81 80 04 ec 
[DexParser]   ULEB128[static_fields_size] @ 0x113574 = 0
[DexParser]   ULEB128[instance_fields_size] @ 0x113575 = 0
[DexParser]   ULEB128[direct_methods_size] @ 0x113576 = 0
[DexParser]   ULEB128[virtual_methods_size] @ 0x113577 = 2
[DexParser]   → Header: static=0, instance=0, direct=0, virtual=2
[DexParser]   → Virtual method[0]:
[DexParser]   ULEB128[vm_method_diff] @ 0x113578 = 590
[DexParser]   ULEB128[vm_access_flags] @ 0x113580 = 17
[DexParser]   ULEB128[vm_code_off] @ 0x113581 = 63932
[DexParser]   === EXP-031.6 CODE_ITEM @ offset=0x63932 for createFromParcel ===
[DexParser]   registers_size: 3
[DexParser]   ins_size: 2
[DexParser]   outs_size: 2
[DexParser]   tries_size: 0
[DexParser]   debug_info_off: 0x0
[DexParser]   insns_size: 6 ← KEY FIELD!
[DexParser]   ✅ EXTRACTED 6 INSTRUCTIONS!
[DexParser]   First opcodes: 0022 0064 2070 00f9 0020 
[DexParser]   → Virtual method[1]:
[DexParser]   ULEB128[vm_method_diff] @ 0x113584 = 1
[DexParser]   ULEB128[vm_access_flags] @ 0x113585 = 17
[DexParser]   ULEB128[vm_code_off] @ 0x113586 = 63960
[DexParser]   === EXP-031.6 CODE_ITEM @ offset=0x63960 for newArray ===
[DexParser]   registers_size: 2
[DexParser]   ins_size: 2
[DexParser]   outs_size: 0
[DexParser]   tries_size: 0
[DexParser]   debug_info_off: 0x0
[DexParser]   insns_size: 3 ← KEY FIELD!
[DexParser]   ✅ EXTRACTED 3 INSTRUCTIONS!
[DexParser]   First opcodes: 1123 0147 0111 
[DexParser]   → Result: 0 direct methods, 2 virtual methods
[DexParser] CLASS_DEF[64] @ offset 0x24024:
[DexParser]   class_idx: 172 (max valid: 337)
[DexParser]   access_flags: 0x1025
[DexParser]   superclass_idx: 206
[DexParser]   class_data_off: 0x113589
[DexParser]   → Resolved name: [Lj/b;]
[DexParser]   → Parsing class_data at 0x113589
[DexParser]   === EXP-031.6 CLASS_DATA PARSING @ offset=0x113589 ===
[DexParser]   First bytes: 00 03 01 0a ea 01 11 01 11 01 11 d0 04 81 80 04 ec fc 03 d1 04 81 08 00 01 11 a4 fa 03 01 11 a0 
[DexParser]   ULEB128[static_fields_size] @ 0x113589 = 0
[DexParser]   ULEB128[instance_fields_size] @ 0x113590 = 3
[DexParser]   ULEB128[direct_methods_size] @ 0x113591 = 1
[DexParser]   ULEB128[virtual_methods_size] @ 0x113592 = 10
[DexParser]   → Header: static=0, instance=3, direct=1, virtual=10
[DexParser]   ULEB128[if_field_diff] @ 0x113593 = 234
[DexParser]   ULEB128[if_access_flags] @ 0x113595 = 17
[DexParser]   ULEB128[if_field_diff] @ 0x113596 = 1
[DexParser]   ULEB128[if_access_flags] @ 0x113597 = 17
[DexParser]   ULEB128[if_field_diff] @ 0x113598 = 1
[DexParser]   ULEB128[if_access_flags] @ 0x113599 = 17
[DexParser]   → Direct method[0]:
[DexParser]   ULEB128[dm_method_diff] @ 0x113600 = 592
[DexParser]   ULEB128[dm_access_flags] @ 0x113602 = 65537
[DexParser]   ULEB128[dm_code_off] @ 0x113605 = 65132
[DexParser]   === EXP-031.6 CODE_ITEM @ offset=0x65132 for <init> ===
[DexParser]   registers_size: 4
[DexParser]   ins_size: 4
[DexParser]   outs_size: 1
[DexParser]   tries_size: 0
[DexParser]   debug_info_off: 0x0
[DexParser]   insns_size: 10 ← KEY FIELD!
[DexParser]   ✅ EXTRACTED 10 INSTRUCTIONS!
[DexParser]   First opcodes: 1070 0298 0000 015b 00ea 
[DexParser]   → Virtual method[0]:
[DexParser]   ULEB128[vm_method_diff] @ 0x113608 = 593
[DexParser]   ULEB128[vm_access_flags] @ 0x113610 = 1025
[DexParser]   ULEB128[vm_code_off] @ 0x113612 = 0
[DexParser]   → Virtual method[1]:
[DexParser]   ULEB128[vm_method_diff] @ 0x113613 = 1
[DexParser]   ULEB128[vm_access_flags] @ 0x113614 = 17
[DexParser]   ULEB128[vm_code_off] @ 0x113615 = 64804
[DexParser]   === EXP-031.6 CODE_ITEM @ offset=0x64804 for b ===
[DexParser]   registers_size: 6
[DexParser]   ins_size: 2
[DexParser]   outs_size: 3
[DexParser]   tries_size: 0
[DexParser]   debug_info_off: 0x0
[DexParser]   insns_size: 53 ← KEY FIELD!
[DexParser]   ✅ EXTRACTED 53 INSTRUCTIONS!
[DexParser]   First opcodes: 106e 0278 0005 000c 4154 
[DexParser]   → Virtual method[2]:
[DexParser]   ULEB128[vm_method_diff] @ 0x113618 = 1
[DexParser]   ULEB128[vm_access_flags] @ 0x113619 = 17
[DexParser]   ULEB128[vm_code_off] @ 0x113620 = 64928
[DexParser]   === EXP-031.6 CODE_ITEM @ offset=0x64928 for c ===
[DexParser]   registers_size: 7
[DexParser]   ins_size: 2
[DexParser]   outs_size: 3
[DexParser]   tries_size: 0
[DexParser]   debug_info_off: 0x0
[DexParser]   insns_size: 39 ← KEY FIELD!
[DexParser]   ✅ EXTRACTED 39 INSTRUCTIONS!
[DexParser]   First opcodes: 5054 00ea 206e 0120 0060 
[DexParser]   → Virtual method[3]:
[DexParser]   ULEB128[vm_method_diff] @ 0x113623 = 1
[DexParser]   ULEB128[vm_access_flags] @ 0x113624 = 17
[DexParser]   ULEB128[vm_code_off] @ 0x113625 = 65024
[DexParser]   === EXP-031.6 CODE_ITEM @ offset=0x65024 for d ===
[DexParser]   registers_size: 7
[DexParser]   ins_size: 2
[DexParser]   outs_size: 3
[DexParser]   tries_size: 0
[DexParser]   debug_info_off: 0x0
[DexParser]   insns_size: 46 ← KEY FIELD!
[DexParser]   ✅ EXTRACTED 46 INSTRUCTIONS!
[DexParser]   First opcodes: 106e 0278 0006 000c 5154 
[DexParser]   → Virtual method[4]:
[DexParser]   ULEB128[vm_method_diff] @ 0x113628 = 1
[DexParser]   ULEB128[vm_access_flags] @ 0x113629 = 1025
[DexParser]   ULEB128[vm_code_off] @ 0x113631 = 0
[DexParser]   → Virtual method[5]:
[DexParser]   ULEB128[vm_method_diff] @ 0x113632 = 1
[DexParser]   ULEB128[vm_access_flags] @ 0x113633 = 17
[DexParser]   ULEB128[vm_code_off] @ 0x113634 = 64544
[DexParser]   === EXP-031.6 CODE_ITEM @ offset=0x64544 for f ===
[DexParser]   registers_size: 3
[DexParser]   ins_size: 3
[DexParser]   outs_size: 2
[DexParser]   tries_size: 0
[DexParser]   debug_info_off: 0x0
[DexParser]   insns_size: 17 ← KEY FIELD!
[DexParser]   ✅ EXTRACTED 17 INSTRUCTIONS!
[DexParser]   First opcodes: 206e 0255 0020 020a 0239 
[DexParser]   → Virtual method[6]:
[DexParser]   ULEB128[vm_method_diff] @ 0x113637 = 1
[DexParser]   ULEB128[vm_access_flags] @ 0x113638 = 17
[DexParser]   ULEB128[vm_code_off] @ 0x113639 = 64480
[DexParser]   === EXP-031.6 CODE_ITEM @ offset=0x64480 for g ===
[DexParser]   registers_size: 3
[DexParser]   ins_size: 3
[DexParser]   outs_size: 2
[DexParser]   tries_size: 0
[DexParser]   debug_info_off: 0x0
[DexParser]   insns_size: 23 ← KEY FIELD!
[DexParser]   ✅ EXTRACTED 23 INSTRUCTIONS!
[DexParser]   First opcodes: 206e 0255 0020 020a 0239 
[DexParser]   → Virtual method[7]:
[DexParser]   ULEB128[vm_method_diff] @ 0x113642 = 1
[DexParser]   ULEB128[vm_access_flags] @ 0x113643 = 17
[DexParser]   ULEB128[vm_code_off] @ 0x113644 = 64596
[DexParser]   === EXP-031.6 CODE_ITEM @ offset=0x64596 for h ===
[DexParser]   registers_size: 4
[DexParser]   ins_size: 1
[DexParser]   outs_size: 3
[DexParser]   tries_size: 1
[DexParser]   debug_info_off: 0x0
[DexParser]   insns_size: 83 ← KEY FIELD!
[DexParser]   ✅ EXTRACTED 83 INSTRUCTIONS!
[DexParser]   First opcodes: 3007 001f 00ad 0054 00ee 
[DexParser]   → Virtual method[8]:
[DexParser]   ULEB128[vm_method_diff] @ 0x113647 = 1
[DexParser]   ULEB128[vm_access_flags] @ 0x113648 = 1025
[DexParser]   ULEB128[vm_code_off] @ 0x113650 = 0
[DexParser]   → Virtual method[9]:
[DexParser]   ULEB128[vm_method_diff] @ 0x113651 = 1
[DexParser]   ULEB128[vm_access_flags] @ 0x113652 = 17
[DexParser]   ULEB128[vm_code_off] @ 0x113653 = 65168
[DexParser]   === EXP-031.6 CODE_ITEM @ offset=0x65168 for j ===
[DexParser]   registers_size: 5
[DexParser]   ins_size: 2
[DexParser]   outs_size: 3
[DexParser]   tries_size: 2
[DexParser]   debug_info_off: 0x0
[DexParser]   insns_size: 151 ← KEY FIELD!
[DexParser]   ✅ EXTRACTED 151 INSTRUCTIONS!
[DexParser]   First opcodes: 0012 0439 000b 3407 041f 
[DexParser]   → Result: 1 direct methods, 10 virtual methods
[DexParser] CLASS_DEF[65] @ offset 0x24056:
[DexParser]   class_idx: 174 (max valid: 337)
[DexParser]   access_flags: 0x1537
[DexParser]   superclass_idx: 206
[DexParser]   class_data_off: 0x0
[DexParser]   → Resolved name: [Lj/d;]
[DexParser]   → NO class_data (off=0x0, size=0x116876)
[DexParser]   → Result: 0 direct methods, 0 virtual methods
[DexParser] CLASS_DEF[66] @ offset 0x24088:
[DexParser]   class_idx: 273 (max valid: 337)
[DexParser]   access_flags: 0x17
[DexParser]   superclass_idx: 206
[DexParser]   class_data_off: 0x113656
[DexParser]   → Resolved name: [Lk/a;]
[DexParser]   → Parsing class_data at 0x113656
[DexParser]   === EXP-031.6 CLASS_DATA PARSING @ offset=0x113656 ===
[DexParser]   First bytes: 00 01 01 02 ff 01 01 c6 06 81 80 04 90 82 04 c7 06 11 f4 ff 03 01 11 d4 80 04 00 00 01 00 c9 06 
[DexParser]   ULEB128[static_fields_size] @ 0x113656 = 0
[DexParser]   ULEB128[instance_fields_size] @ 0x113657 = 1
[DexParser]   ULEB128[direct_methods_size] @ 0x113658 = 1
[DexParser]   ULEB128[virtual_methods_size] @ 0x113659 = 2
[DexParser]   → Header: static=0, instance=1, direct=1, virtual=2
[DexParser]   ULEB128[if_field_diff] @ 0x113660 = 255
[DexParser]   ULEB128[if_access_flags] @ 0x113662 = 1
[DexParser]   → Direct method[0]:
[DexParser]   ULEB128[dm_method_diff] @ 0x113663 = 838
[DexParser]   ULEB128[dm_access_flags] @ 0x113665 = 65537
[DexParser]   ULEB128[dm_code_off] @ 0x113668 = 65808
[DexParser]   === EXP-031.6 CODE_ITEM @ offset=0x65808 for <init> ===
[DexParser]   registers_size: 2
[DexParser]   ins_size: 2
[DexParser]   outs_size: 1
[DexParser]   tries_size: 0
[DexParser]   debug_info_off: 0x0
[DexParser]   insns_size: 6 ← KEY FIELD!
[DexParser]   ✅ EXTRACTED 6 INSTRUCTIONS!
[DexParser]   First opcodes: 1070 0298 0000 0159 00ff 
[DexParser]   → Virtual method[0]:
[DexParser]   ULEB128[vm_method_diff] @ 0x113671 = 839
[DexParser]   ULEB128[vm_access_flags] @ 0x113673 = 17
[DexParser]   ULEB128[vm_code_off] @ 0x113674 = 65524
[DexParser]   === EXP-031.6 CODE_ITEM @ offset=0x65524 for a ===
[DexParser]   registers_size: 4
[DexParser]   ins_size: 1
[DexParser]   outs_size: 2
[DexParser]   tries_size: 0
[DexParser]   debug_info_off: 0x0
[DexParser]   insns_size: 39 ← KEY FIELD!
[DexParser]   ✅ EXTRACTED 39 INSTRUCTIONS!
[DexParser]   First opcodes: 3052 00ff 0113 2710 2071 
[DexParser]   → Virtual method[1]:
[DexParser]   ULEB128[vm_method_diff] @ 0x113677 = 1
[DexParser]   ULEB128[vm_access_flags] @ 0x113678 = 17
[DexParser]   ULEB128[vm_code_off] @ 0x113679 = 65620
[DexParser]   === EXP-031.6 CODE_ITEM @ offset=0x65620 for toString ===
[DexParser]   registers_size: 6
[DexParser]   ins_size: 1
[DexParser]   outs_size: 2
[DexParser]   tries_size: 0
[DexParser]   debug_info_off: 0x0
[DexParser]   insns_size: 86 ← KEY FIELD!
[DexParser]   ✅ EXTRACTED 86 INSTRUCTIONS!
[DexParser]   First opcodes: 0062 0067 5152 00ff 0213 
[DexParser]   → Result: 1 direct methods, 2 virtual methods
[DexParser] CLASS_DEF[67] @ offset 0x24120:
[DexParser]   class_idx: 274 (max valid: 337)
[DexParser]   access_flags: 0x5121
[DexParser]   superclass_idx: 206
[DexParser]   class_data_off: 0x113682
[DexParser]   → Resolved name: [Lk/b;]
[DexParser]   → Parsing class_data at 0x113682
[DexParser]   === EXP-031.6 CLASS_DATA PARSING @ offset=0x113682 ===
[DexParser]   First bytes: 00 00 01 00 c9 06 c9 20 ac 82 04 00 03 01 01 80 02 91 20 01 91 20 01 91 20 ca 06 81 a0 04 c8 82 
[DexParser]   ULEB128[static_fields_size] @ 0x113682 = 0
[DexParser]   ULEB128[instance_fields_size] @ 0x113683 = 0
[DexParser]   ULEB128[direct_methods_size] @ 0x113684 = 1
[DexParser]   ULEB128[virtual_methods_size] @ 0x113685 = 0
[DexParser]   → Header: static=0, instance=0, direct=1, virtual=0
[DexParser]   → Direct method[0]:
[DexParser]   ULEB128[dm_method_diff] @ 0x113686 = 841
[DexParser]   ULEB128[dm_access_flags] @ 0x113688 = 4169
[DexParser]   ULEB128[dm_code_off] @ 0x113690 = 65836
[DexParser]   === EXP-031.6 CODE_ITEM @ offset=0x65836 for a ===
[DexParser]   registers_size: 1
[DexParser]   ins_size: 1
[DexParser]   outs_size: 1
[DexParser]   tries_size: 0
[DexParser]   debug_info_off: 0x0
[DexParser]   insns_size: 5 ← KEY FIELD!
[DexParser]   ✅ EXTRACTED 5 INSTRUCTIONS!
[DexParser]   First opcodes: 106e 0025 0000 000a 000f 
[DexParser]   → Result: 1 direct methods, 0 virtual methods
[DexParser] CLASS_DEF[68] @ offset 0x24152:
[DexParser]   class_idx: 275 (max valid: 337)
[DexParser]   access_flags: 0x4113
[DexParser]   superclass_idx: 206
[DexParser]   class_data_off: 0x113693
[DexParser]   → Resolved name: [Lk/c;]
[DexParser]   → Parsing class_data at 0x113693
[DexParser]   === EXP-031.6 CLASS_DATA PARSING @ offset=0x113693 ===
[DexParser]   First bytes: 00 03 01 01 80 02 91 20 01 91 20 01 91 20 ca 06 81 a0 04 c8 82 04 cb 06 11 ec 82 04 00 02 01 01 
[DexParser]   ULEB128[static_fields_size] @ 0x113693 = 0
[DexParser]   ULEB128[instance_fields_size] @ 0x113694 = 3
[DexParser]   ULEB128[direct_methods_size] @ 0x113695 = 1
[DexParser]   ULEB128[virtual_methods_size] @ 0x113696 = 1
[DexParser]   → Header: static=0, instance=3, direct=1, virtual=1
[DexParser]   ULEB128[if_field_diff] @ 0x113697 = 256
[DexParser]   ULEB128[if_access_flags] @ 0x113699 = 4113
[DexParser]   ULEB128[if_field_diff] @ 0x113701 = 1
[DexParser]   ULEB128[if_access_flags] @ 0x113702 = 4113
[DexParser]   ULEB128[if_field_diff] @ 0x113704 = 1
[DexParser]   ULEB128[if_access_flags] @ 0x113705 = 4113
[DexParser]   → Direct method[0]:
[DexParser]   ULEB128[dm_method_diff] @ 0x113707 = 842
[DexParser]   ULEB128[dm_access_flags] @ 0x113709 = 69633
[DexParser]   ULEB128[dm_code_off] @ 0x113712 = 65864
[DexParser]   === EXP-031.6 CODE_ITEM @ offset=0x65864 for <init> ===
[DexParser]   registers_size: 4
[DexParser]   ins_size: 4
[DexParser]   outs_size: 1
[DexParser]   tries_size: 0
[DexParser]   debug_info_off: 0x0
[DexParser]   insns_size: 10 ← KEY FIELD!
[DexParser]   ✅ EXTRACTED 10 INSTRUCTIONS!
[DexParser]   First opcodes: 0359 0100 015b 0101 025b 
[DexParser]   → Virtual method[0]:
[DexParser]   ULEB128[vm_method_diff] @ 0x113715 = 843
[DexParser]   ULEB128[vm_access_flags] @ 0x113717 = 17
[DexParser]   ULEB128[vm_code_off] @ 0x113718 = 65900
[DexParser]   === EXP-031.6 CODE_ITEM @ offset=0x65900 for run ===
[DexParser]   registers_size: 6
[DexParser]   ins_size: 1
[DexParser]   outs_size: 2
[DexParser]   tries_size: 0
[DexParser]   debug_info_off: 0x0
[DexParser]   insns_size: 44 ← KEY FIELD!
[DexParser]   ✅ EXTRACTED 44 INSTRUCTIONS!
[DexParser]   First opcodes: 5052 0100 5154 0102 021a 
[DexParser]   → Result: 1 direct methods, 1 virtual methods
[DexParser] CLASS_DEF[69] @ offset 0x24184:
[DexParser]   class_idx: 276 (max valid: 337)
[DexParser]   access_flags: 0x4113
[DexParser]   superclass_idx: 206
[DexParser]   class_data_off: 0x113721
[DexParser]   → Resolved name: [Lk/d;]
[DexParser]   → Parsing class_data at 0x113721
[DexParser]   === EXP-031.6 CLASS_DATA PARSING @ offset=0x113721 ===
[DexParser]   First bytes: 00 02 01 01 83 02 91 20 01 91 20 cc 06 81 a0 04 d4 83 04 cd 06 11 f4 83 04 00 02 01 01 89 02 91 
[DexParser]   ULEB128[static_fields_size] @ 0x113721 = 0
[DexParser]   ULEB128[instance_fields_size] @ 0x113722 = 2
[DexParser]   ULEB128[direct_methods_size] @ 0x113723 = 1
[DexParser]   ULEB128[virtual_methods_size] @ 0x113724 = 1
[DexParser]   → Header: static=0, instance=2, direct=1, virtual=1
[DexParser]   ULEB128[if_field_diff] @ 0x113725 = 259
[DexParser]   ULEB128[if_access_flags] @ 0x113727 = 4113
[DexParser]   ULEB128[if_field_diff] @ 0x113729 = 1
[DexParser]   ULEB128[if_access_flags] @ 0x113730 = 4113
[DexParser]   → Direct method[0]:
[DexParser]   ULEB128[dm_method_diff] @ 0x113732 = 844
[DexParser]   ULEB128[dm_access_flags] @ 0x113734 = 69633
[DexParser]   ULEB128[dm_code_off] @ 0x113737 = 66004
[DexParser]   === EXP-031.6 CODE_ITEM @ offset=0x66004 for <init> ===
[DexParser]   registers_size: 3
[DexParser]   ins_size: 3
[DexParser]   outs_size: 1
[DexParser]   tries_size: 0
[DexParser]   debug_info_off: 0x0
[DexParser]   insns_size: 8 ← KEY FIELD!
[DexParser]   ✅ EXTRACTED 8 INSTRUCTIONS!
[DexParser]   First opcodes: 0259 0103 015b 0104 1070 
[DexParser]   → Virtual method[0]:
[DexParser]   ULEB128[vm_method_diff] @ 0x113740 = 845
[DexParser]   ULEB128[vm_access_flags] @ 0x113742 = 17
[DexParser]   ULEB128[vm_code_off] @ 0x113743 = 66036
[DexParser]   === EXP-031.6 CODE_ITEM @ offset=0x66036 for onClick ===
[DexParser]   registers_size: 12
[DexParser]   ins_size: 2
[DexParser]   outs_size: 3
[DexParser]   tries_size: 4
[DexParser]   debug_info_off: 0x0
[DexParser]   insns_size: 356 ← KEY FIELD!
[DexParser]   ✅ EXTRACTED 356 INSTRUCTIONS!
[DexParser]   First opcodes: 0b1a 038d 1012 a152 0103 
[DexParser]   → Result: 1 direct methods, 1 virtual methods
[DexParser] CLASS_DEF[70] @ offset 0x24216:
[DexParser]   class_idx: 278 (max valid: 337)
[DexParser]   access_flags: 0x4113
[DexParser]   superclass_idx: 206
[DexParser]   class_data_off: 0x113746
[DexParser]   → Resolved name: [Lk/f;]
[DexParser]   → Parsing class_data at 0x113746
[DexParser]   === EXP-031.6 CLASS_DATA PARSING @ offset=0x113746 ===
[DexParser]   First bytes: 00 02 01 01 89 02 91 20 01 91 20 d1 06 81 a0 04 d0 91 04 d2 06 11 f0 91 04 00 08 01 08 8b 02 11 
[DexParser]   ULEB128[static_fields_size] @ 0x113746 = 0
[DexParser]   ULEB128[instance_fields_size] @ 0x113747 = 2
[DexParser]   ULEB128[direct_methods_size] @ 0x113748 = 1
[DexParser]   ULEB128[virtual_methods_size] @ 0x113749 = 1
[DexParser]   → Header: static=0, instance=2, direct=1, virtual=1
[DexParser]   ULEB128[if_field_diff] @ 0x113750 = 265
[DexParser]   ULEB128[if_access_flags] @ 0x113752 = 4113
[DexParser]   ULEB128[if_field_diff] @ 0x113754 = 1
[DexParser]   ULEB128[if_access_flags] @ 0x113755 = 4113
[DexParser]   → Direct method[0]:
[DexParser]   ULEB128[dm_method_diff] @ 0x113757 = 849
[DexParser]   ULEB128[dm_access_flags] @ 0x113759 = 69633
[DexParser]   ULEB128[dm_code_off] @ 0x113762 = 67792
[DexParser]   === EXP-031.6 CODE_ITEM @ offset=0x67792 for <init> ===
[DexParser]   registers_size: 3
[DexParser]   ins_size: 3
[DexParser]   outs_size: 1
[DexParser]   tries_size: 0
[DexParser]   debug_info_off: 0x0
[DexParser]   insns_size: 8 ← KEY FIELD!
[DexParser]   ✅ EXTRACTED 8 INSTRUCTIONS!
[DexParser]   First opcodes: 0259 0109 015b 010a 1070 
[DexParser]   → Virtual method[0]:
[DexParser]   ULEB128[vm_method_diff] @ 0x113765 = 850
[DexParser]   ULEB128[vm_access_flags] @ 0x113767 = 17
[DexParser]   ULEB128[vm_code_off] @ 0x113768 = 67824
[DexParser]   === EXP-031.6 CODE_ITEM @ offset=0x67824 for onClick ===
[DexParser]   registers_size: 4
[DexParser]   ins_size: 2
[DexParser]   outs_size: 2
[DexParser]   tries_size: 0
[DexParser]   debug_info_off: 0x0
[DexParser]   insns_size: 52 ← KEY FIELD!
[DexParser]   ✅ EXTRACTED 52 INSTRUCTIONS!
[DexParser]   First opcodes: 2352 0109 2054 010a 011a 
[DexParser]   → Result: 1 direct methods, 1 virtual methods
[DexParser] CLASS_DEF[71] @ offset 0x24248:
[DexParser]   class_idx: 279 (max valid: 337)
[DexParser]   access_flags: 0x17
[DexParser]   superclass_idx: 85
[DexParser]   class_data_off: 0x113771
[DexParser]   → Resolved name: [Lk/g;]
[DexParser]   → Parsing class_data at 0x113771
[DexParser]   === EXP-031.6 CLASS_DATA PARSING @ offset=0x113771 ===
[DexParser]   First bytes: 00 08 01 08 8b 02 11 01 01 01 01 01 01 01 01 01 11 01 11 01 11 d3 06 81 80 04 c8 93 04 d4 06 11 
[DexParser]   ULEB128[static_fields_size] @ 0x113771 = 0
[DexParser]   ULEB128[instance_fields_size] @ 0x113772 = 8
[DexParser]   ULEB128[direct_methods_size] @ 0x113773 = 1
[DexParser]   ULEB128[virtual_methods_size] @ 0x113774 = 8
[DexParser]   → Header: static=0, instance=8, direct=1, virtual=8
[DexParser]   ULEB128[if_field_diff] @ 0x113775 = 267
[DexParser]   ULEB128[if_access_flags] @ 0x113777 = 17
[DexParser]   ULEB128[if_field_diff] @ 0x113778 = 1
[DexParser]   ULEB128[if_access_flags] @ 0x113779 = 1
[DexParser]   ULEB128[if_field_diff] @ 0x113780 = 1
[DexParser]   ULEB128[if_access_flags] @ 0x113781 = 1
[DexParser]   ULEB128[if_field_diff] @ 0x113782 = 1
[DexParser]   ULEB128[if_access_flags] @ 0x113783 = 1
[DexParser]   ULEB128[if_field_diff] @ 0x113784 = 1
[DexParser]   ULEB128[if_access_flags] @ 0x113785 = 1
[DexParser]   ULEB128[if_field_diff] @ 0x113786 = 1
[DexParser]   ULEB128[if_access_flags] @ 0x113787 = 17
[DexParser]   ULEB128[if_field_diff] @ 0x113788 = 1
[DexParser]   ULEB128[if_access_flags] @ 0x113789 = 17
[DexParser]   ULEB128[if_field_diff] @ 0x113790 = 1
[DexParser]   ULEB128[if_access_flags] @ 0x113791 = 17
[DexParser]   → Direct method[0]:
[DexParser]   ULEB128[dm_method_diff] @ 0x113792 = 851
[DexParser]   ULEB128[dm_access_flags] @ 0x113794 = 65537
[DexParser]   ULEB128[dm_code_off] @ 0x113797 = 68040
[DexParser]   === EXP-031.6 CODE_ITEM @ offset=0x68040 for <init> ===
[DexParser]   registers_size: 11
[DexParser]   ins_size: 3
[DexParser]   outs_size: 4
[DexParser]   tries_size: 0
[DexParser]   debug_info_off: 0x0
[DexParser]   insns_size: 232 ← KEY FIELD!
[DexParser]   ✅ EXTRACTED 232 INSTRUCTIONS!
[DexParser]   First opcodes: 001a 02c9 2071 0010 0009 
[DexParser]   → Virtual method[0]:
[DexParser]   ULEB128[vm_method_diff] @ 0x113800 = 852
[DexParser]   ULEB128[vm_access_flags] @ 0x113802 = 17
[DexParser]   ULEB128[vm_code_off] @ 0x113803 = 68592
[DexParser]   === EXP-031.6 CODE_ITEM @ offset=0x68592 for a ===
[DexParser]   registers_size: 8
[DexParser]   ins_size: 1
[DexParser]   outs_size: 2
[DexParser]   tries_size: 0
[DexParser]   debug_info_off: 0x0
[DexParser]   insns_size: 91 ← KEY FIELD!
[DexParser]   ✅ EXTRACTED 91 INSTRUCTIONS!
[DexParser]   First opcodes: 7054 010b 0154 0116 7254 
[DexParser]   → Virtual method[1]:
[DexParser]   ULEB128[vm_method_diff] @ 0x113806 = 1
[DexParser]   ULEB128[vm_access_flags] @ 0x113807 = 17
[DexParser]   ULEB128[vm_code_off] @ 0x113808 = 67944
[DexParser]   === EXP-031.6 CODE_ITEM @ offset=0x67944 for getAlarm ===
[DexParser]   registers_size: 2
[DexParser]   ins_size: 1
[DexParser]   outs_size: 0
[DexParser]   tries_size: 0
[DexParser]   debug_info_off: 0x0
[DexParser]   insns_size: 3 ← KEY FIELD!
[DexParser]   ✅ EXTRACTED 3 INSTRUCTIONS!
[DexParser]   First opcodes: 1054 010b 0011 
[DexParser]   → Virtual method[2]:
[DexParser]   ULEB128[vm_method_diff] @ 0x113811 = 1
[DexParser]   ULEB128[vm_access_flags] @ 0x113812 = 17
[DexParser]   ULEB128[vm_code_off] @ 0x113813 = 67968
[DexParser]   === EXP-031.6 CODE_ITEM @ offset=0x67968 for getOnDelete ===
[DexParser]   registers_size: 2
[DexParser]   ins_size: 1
[DexParser]   outs_size: 0
[DexParser]   tries_size: 0
[DexParser]   debug_info_off: 0x0
[DexParser]   insns_size: 3 ← KEY FIELD!
[DexParser]   ✅ EXTRACTED 3 INSTRUCTIONS!
[DexParser]   First opcodes: 1054 010c 0011 
[DexParser]   → Virtual method[3]:
[DexParser]   ULEB128[vm_method_diff] @ 0x113816 = 1
[DexParser]   ULEB128[vm_access_flags] @ 0x113817 = 17
[DexParser]   ULEB128[vm_code_off] @ 0x113818 = 67992
[DexParser]   === EXP-031.6 CODE_ITEM @ offset=0x67992 for getOnPause ===
[DexParser]   registers_size: 2
[DexParser]   ins_size: 1
[DexParser]   outs_size: 0
[DexParser]   tries_size: 0
[DexParser]   debug_info_off: 0x0
[DexParser]   insns_size: 3 ← KEY FIELD!
[DexParser]   ✅ EXTRACTED 3 INSTRUCTIONS!
[DexParser]   First opcodes: 1054 010d 0011 
[DexParser]   → Virtual method[4]:
[DexParser]   ULEB128[vm_method_diff] @ 0x113821 = 1
[DexParser]   ULEB128[vm_access_flags] @ 0x113822 = 17
[DexParser]   ULEB128[vm_code_off] @ 0x113823 = 68016
[DexParser]   === EXP-031.6 CODE_ITEM @ offset=0x68016 for getOnResume ===
[DexParser]   registers_size: 2
[DexParser]   ins_size: 1
[DexParser]   outs_size: 0
[DexParser]   tries_size: 0
[DexParser]   debug_info_off: 0x0
[DexParser]   insns_size: 3 ← KEY FIELD!
[DexParser]   ✅ EXTRACTED 3 INSTRUCTIONS!
[DexParser]   First opcodes: 1054 010e 0011 
[DexParser]   → Virtual method[5]:
[DexParser]   ULEB128[vm_method_diff] @ 0x113826 = 1
[DexParser]   ULEB128[vm_access_flags] @ 0x113827 = 17
[DexParser]   ULEB128[vm_code_off] @ 0x113828 = 68520
[DexParser]   === EXP-031.6 CODE_ITEM @ offset=0x68520 for setOnDelete ===
[DexParser]   registers_size: 2
[DexParser]   ins_size: 2
[DexParser]   outs_size: 0
[DexParser]   tries_size: 0
[DexParser]   debug_info_off: 0x0
[DexParser]   insns_size: 3 ← KEY FIELD!
[DexParser]   ✅ EXTRACTED 3 INSTRUCTIONS!
[DexParser]   First opcodes: 015b 010c 000e 
[DexParser]   → Virtual method[6]:
[DexParser]   ULEB128[vm_method_diff] @ 0x113831 = 1
[DexParser]   ULEB128[vm_access_flags] @ 0x113832 = 17
[DexParser]   ULEB128[vm_code_off] @ 0x113833 = 68544
[DexParser]   === EXP-031.6 CODE_ITEM @ offset=0x68544 for setOnPause ===
[DexParser]   registers_size: 2
[DexParser]   ins_size: 2
[DexParser]   outs_size: 0
[DexParser]   tries_size: 0
[DexParser]   debug_info_off: 0x0
[DexParser]   insns_size: 3 ← KEY FIELD!
[DexParser]   ✅ EXTRACTED 3 INSTRUCTIONS!
[DexParser]   First opcodes: 015b 010d 000e 
[DexParser]   → Virtual method[7]:
[DexParser]   ULEB128[vm_method_diff] @ 0x113836 = 1
[DexParser]   ULEB128[vm_access_flags] @ 0x113837 = 17
[DexParser]   ULEB128[vm_code_off] @ 0x113838 = 68568
[DexParser]   === EXP-031.6 CODE_ITEM @ offset=0x68568 for setOnResume ===
[DexParser]   registers_size: 2
[DexParser]   ins_size: 2
[DexParser]   outs_size: 0
[DexParser]   tries_size: 0
[DexParser]   debug_info_off: 0x0
[DexParser]   insns_size: 3 ← KEY FIELD!
[DexParser]   ✅ EXTRACTED 3 INSTRUCTIONS!
[DexParser]   First opcodes: 015b 010e 000e 
[DexParser]   → Result: 1 direct methods, 8 virtual methods
[DexParser] CLASS_DEF[72] @ offset 0x24280:
[DexParser]   class_idx: 280 (max valid: 337)
[DexParser]   access_flags: 0x1025
[DexParser]   superclass_idx: 206
[DexParser]   class_data_off: 0x113841
[DexParser]   → Resolved name: [Lk/h;]
[DexParser]   → Parsing class_data at 0x113841
[DexParser]   === EXP-031.6 CLASS_DATA PARSING @ offset=0x113841 ===
[DexParser]   First bytes: 02 00 02 00 93 02 19 01 19 dc 06 88 a0 04 b8 99 04 01 09 dc 99 04 00 04 01 04 95 02 11 01 01 01 
[DexParser]   ULEB128[static_fields_size] @ 0x113841 = 2
[DexParser]   ULEB128[instance_fields_size] @ 0x113842 = 0
[DexParser]   ULEB128[direct_methods_size] @ 0x113843 = 2
[DexParser]   ULEB128[virtual_methods_size] @ 0x113844 = 0
[DexParser]   → Header: static=2, instance=0, direct=2, virtual=0
[DexParser]   ULEB128[sf_field_diff] @ 0x113845 = 275
[DexParser]   ULEB128[sf_access_flags] @ 0x113847 = 25
[DexParser]   ULEB128[sf_field_diff] @ 0x113848 = 1
[DexParser]   ULEB128[sf_access_flags] @ 0x113849 = 25
[DexParser]   → Direct method[0]:
[DexParser]   ULEB128[dm_method_diff] @ 0x113850 = 860
[DexParser]   ULEB128[dm_access_flags] @ 0x113852 = 69640
[DexParser]   ULEB128[dm_code_off] @ 0x113855 = 68792
[DexParser]   === EXP-031.6 CODE_ITEM @ offset=0x68792 for <clinit> ===
[DexParser]   registers_size: 2
[DexParser]   ins_size: 0
[DexParser]   outs_size: 0
[DexParser]   tries_size: 0
[DexParser]   debug_info_off: 0x0
[DexParser]   insns_size: 10 ← KEY FIELD!
[DexParser]   ✅ EXTRACTED 10 INSTRUCTIONS!
[DexParser]   First opcodes: 0012 0123 0145 0169 0113 
[DexParser]   → Direct method[1]:
[DexParser]   ULEB128[dm_method_diff] @ 0x113858 = 1
[DexParser]   ULEB128[dm_access_flags] @ 0x113859 = 9
[DexParser]   ULEB128[dm_code_off] @ 0x113860 = 68828
[DexParser]   === EXP-031.6 CODE_ITEM @ offset=0x68828 for a ===
[DexParser]   registers_size: 4
[DexParser]   ins_size: 1
[DexParser]   outs_size: 3
[DexParser]   tries_size: 0
[DexParser]   debug_info_off: 0x0
[DexParser]   insns_size: 82 ← KEY FIELD!
[DexParser]   ✅ EXTRACTED 82 INSTRUCTIONS!
[DexParser]   First opcodes: 001a 02c9 2071 0010 0003 
[DexParser]   → Result: 2 direct methods, 0 virtual methods
[DexParser] CLASS_DEF[73] @ offset 0x24312:
[DexParser]   class_idx: 281 (max valid: 337)
[DexParser]   access_flags: 0x17
[DexParser]   superclass_idx: 206
[DexParser]   class_data_off: 0x113863
[DexParser]   → Resolved name: [Ll/a;]
[DexParser]   → Parsing class_data at 0x113863
[DexParser]   === EXP-031.6 CLASS_DATA PARSING @ offset=0x113863 ===
[DexParser]   First bytes: 00 04 01 04 95 02 11 01 01 01 01 01 01 de 06 81 80 04 d8 a2 04 df 06 11 8c a3 04 01 11 bc a1 04 
[DexParser]   ULEB128[static_fields_size] @ 0x113863 = 0
[DexParser]   ULEB128[instance_fields_size] @ 0x113864 = 4
[DexParser]   ULEB128[direct_methods_size] @ 0x113865 = 1
[DexParser]   ULEB128[virtual_methods_size] @ 0x113866 = 4
[DexParser]   → Header: static=0, instance=4, direct=1, virtual=4
[DexParser]   ULEB128[if_field_diff] @ 0x113867 = 277
[DexParser]   ULEB128[if_access_flags] @ 0x113869 = 17
[DexParser]   ULEB128[if_field_diff] @ 0x113870 = 1
[DexParser]   ULEB128[if_access_flags] @ 0x113871 = 1
[DexParser]   ULEB128[if_field_diff] @ 0x113872 = 1
[DexParser]   ULEB128[if_access_flags] @ 0x113873 = 1
[DexParser]   ULEB128[if_field_diff] @ 0x113874 = 1
[DexParser]   ULEB128[if_access_flags] @ 0x113875 = 1
[DexParser]   → Direct method[0]:
[DexParser]   ULEB128[dm_method_diff] @ 0x113876 = 862
[DexParser]   ULEB128[dm_access_flags] @ 0x113878 = 65537
[DexParser]   ULEB128[dm_code_off] @ 0x113881 = 69976
[DexParser]   === EXP-031.6 CODE_ITEM @ offset=0x69976 for <init> ===
[DexParser]   registers_size: 3
[DexParser]   ins_size: 2
[DexParser]   outs_size: 2
[DexParser]   tries_size: 0
[DexParser]   debug_info_off: 0x0
[DexParser]   insns_size: 18 ← KEY FIELD!
[DexParser]   ✅ EXTRACTED 18 INSTRUCTIONS!
[DexParser]   First opcodes: 1070 0298 0001 125b 0115 
[DexParser]   → Virtual method[0]:
[DexParser]   ULEB128[vm_method_diff] @ 0x113884 = 863
[DexParser]   ULEB128[vm_access_flags] @ 0x113886 = 17
[DexParser]   ULEB128[vm_code_off] @ 0x113887 = 70028
[DexParser]   === EXP-031.6 CODE_ITEM @ offset=0x70028 for a ===
[DexParser]   registers_size: 7
[DexParser]   ins_size: 1
[DexParser]   outs_size: 2
[DexParser]   tries_size: 0
[DexParser]   debug_info_off: 0x0
[DexParser]   insns_size: 29 ← KEY FIELD!
[DexParser]   ✅ EXTRACTED 29 INSTRUCTIONS!
[DexParser]   First opcodes: 0071 00b7 0000 000b 6254 
[DexParser]   → Virtual method[1]:
[DexParser]   ULEB128[vm_method_diff] @ 0x113890 = 1
[DexParser]   ULEB128[vm_access_flags] @ 0x113891 = 17
[DexParser]   ULEB128[vm_code_off] @ 0x113892 = 69820
[DexParser]   === EXP-031.6 CODE_ITEM @ offset=0x69820 for equals ===
[DexParser]   registers_size: 5
[DexParser]   ins_size: 2
[DexParser]   outs_size: 2
[DexParser]   tries_size: 0
[DexParser]   debug_info_off: 0x0
[DexParser]   insns_size: 24 ← KEY FIELD!
[DexParser]   ✅ EXTRACTED 24 INSTRUCTIONS!
[DexParser]   First opcodes: 1012 4333 0003 000f 4120 
[DexParser]   → Virtual method[2]:
[DexParser]   ULEB128[vm_method_diff] @ 0x113895 = 1
[DexParser]   ULEB128[vm_access_flags] @ 0x113896 = 17
[DexParser]   ULEB128[vm_code_off] @ 0x113897 = 69884
[DexParser]   === EXP-031.6 CODE_ITEM @ offset=0x69884 for hashCode ===
[DexParser]   registers_size: 2
[DexParser]   ins_size: 1
[DexParser]   outs_size: 1
[DexParser]   tries_size: 0
[DexParser]   debug_info_off: 0x0
[DexParser]   insns_size: 7 ← KEY FIELD!
[DexParser]   ✅ EXTRACTED 7 INSTRUCTIONS!
[DexParser]   First opcodes: 1054 0115 106e 029c 0000 
[DexParser]   → Virtual method[3]:
[DexParser]   ULEB128[vm_method_diff] @ 0x113900 = 1
[DexParser]   ULEB128[vm_access_flags] @ 0x113901 = 17
[DexParser]   ULEB128[vm_code_off] @ 0x113902 = 69916
[DexParser]   === EXP-031.6 CODE_ITEM @ offset=0x69916 for toString ===
[DexParser]   registers_size: 3
[DexParser]   ins_size: 1
[DexParser]   outs_size: 2
[DexParser]   tries_size: 0
[DexParser]   debug_info_off: 0x0
[DexParser]   insns_size: 22 ← KEY FIELD!
[DexParser]   ✅ EXTRACTED 22 INSTRUCTIONS!
[DexParser]   First opcodes: 0022 00d6 011a 005d 2070 
[DexParser]   → Result: 1 direct methods, 4 virtual methods
[DexParser] CLASS_DEF[74] @ offset 0x24344:
[DexParser]   class_idx: 284 (max valid: 337)
[DexParser]   access_flags: 0x17
[DexParser]   superclass_idx: 206
[DexParser]   class_data_off: 0x113905
[DexParser]   → Resolved name: [Ll/d;]
[DexParser]   → Parsing class_data at 0x113905
[DexParser]   === EXP-031.6 CLASS_DATA PARSING @ offset=0x113905 ===
[DexParser]   First bytes: 00 05 01 00 9d 02 11 01 11 01 11 01 11 01 11 e9 06 81 80 04 d8 a0 04 00 01 02 00 a2 02 91 20 ea 
[DexParser]   ULEB128[static_fields_size] @ 0x113905 = 0
[DexParser]   ULEB128[instance_fields_size] @ 0x113906 = 5
[DexParser]   ULEB128[direct_methods_size] @ 0x113907 = 1
[DexParser]   ULEB128[virtual_methods_size] @ 0x113908 = 0
[DexParser]   → Header: static=0, instance=5, direct=1, virtual=0
[DexParser]   ULEB128[if_field_diff] @ 0x113909 = 285
[DexParser]   ULEB128[if_access_flags] @ 0x113911 = 17
[DexParser]   ULEB128[if_field_diff] @ 0x113912 = 1
[DexParser]   ULEB128[if_access_flags] @ 0x113913 = 17
[DexParser]   ULEB128[if_field_diff] @ 0x113914 = 1
[DexParser]   ULEB128[if_access_flags] @ 0x113915 = 17
[DexParser]   ULEB128[if_field_diff] @ 0x113916 = 1
[DexParser]   ULEB128[if_access_flags] @ 0x113917 = 17
[DexParser]   ULEB128[if_field_diff] @ 0x113918 = 1
[DexParser]   ULEB128[if_access_flags] @ 0x113919 = 17
[DexParser]   → Direct method[0]:
[DexParser]   ULEB128[dm_method_diff] @ 0x113920 = 873
[DexParser]   ULEB128[dm_access_flags] @ 0x113922 = 65537
[DexParser]   ULEB128[dm_code_off] @ 0x113925 = 69720
[DexParser]   === EXP-031.6 CODE_ITEM @ offset=0x69720 for <init> ===
[DexParser]   registers_size: 4
[DexParser]   ins_size: 2
[DexParser]   outs_size: 4
[DexParser]   tries_size: 0
[DexParser]   debug_info_off: 0x0
[DexParser]   insns_size: 41 ← KEY FIELD!
[DexParser]   ✅ EXTRACTED 41 INSTRUCTIONS!
[DexParser]   First opcodes: 1070 0298 0002 0022 0077 
[DexParser]   → Result: 1 direct methods, 0 virtual methods
[DexParser] CLASS_DEF[75] @ offset 0x24376:
[DexParser]   class_idx: 285 (max valid: 337)
[DexParser]   access_flags: 0x17
[DexParser]   superclass_idx: 206
[DexParser]   class_data_off: 0x113928
[DexParser]   → Resolved name: [Ll/e;]
[DexParser]   → Parsing class_data at 0x113928
[DexParser]   === EXP-031.6 CLASS_DATA PARSING @ offset=0x113928 ===
[DexParser]   First bytes: 00 01 02 00 a2 02 91 20 ea 06 81 80 04 d0 b3 04 01 09 d8 a3 04 00 03 01 02 a3 02 01 01 41 01 11 
[DexParser]   ULEB128[static_fields_size] @ 0x113928 = 0
[DexParser]   ULEB128[instance_fields_size] @ 0x113929 = 1
[DexParser]   ULEB128[direct_methods_size] @ 0x113930 = 2
[DexParser]   ULEB128[virtual_methods_size] @ 0x113931 = 0
[DexParser]   → Header: static=0, instance=1, direct=2, virtual=0
[DexParser]   ULEB128[if_field_diff] @ 0x113932 = 290
[DexParser]   ULEB128[if_access_flags] @ 0x113934 = 4113
[DexParser]   → Direct method[0]:
[DexParser]   ULEB128[dm_method_diff] @ 0x113936 = 874
[DexParser]   ULEB128[dm_access_flags] @ 0x113938 = 65537
[DexParser]   ULEB128[dm_code_off] @ 0x113941 = 72144
[DexParser]   === EXP-031.6 CODE_ITEM @ offset=0x72144 for <init> ===
[DexParser]   registers_size: 2
[DexParser]   ins_size: 2
[DexParser]   outs_size: 1
[DexParser]   tries_size: 0
[DexParser]   debug_info_off: 0x0
[DexParser]   insns_size: 6 ← KEY FIELD!
[DexParser]   ✅ EXTRACTED 6 INSTRUCTIONS!
[DexParser]   First opcodes: 015b 0122 1070 0298 0000 
[DexParser]   → Direct method[1]:
[DexParser]   ULEB128[dm_method_diff] @ 0x113944 = 1
[DexParser]   ULEB128[dm_access_flags] @ 0x113945 = 9
[DexParser]   ULEB128[dm_code_off] @ 0x113946 = 70104
[DexParser]   === EXP-031.6 CODE_ITEM @ offset=0x70104 for a ===
[DexParser]   registers_size: 30
[DexParser]   ins_size: 1
[DexParser]   outs_size: 7
[DexParser]   tries_size: 11
[DexParser]   debug_info_off: 0x0
[DexParser]   insns_size: 953 ← KEY FIELD!
[DexParser]   ✅ EXTRACTED 953 INSTRUCTIONS!
[DexParser]   First opcodes: 0008 001d 011a 040f 0222 
[DexParser]   → Result: 2 direct methods, 0 virtual methods
[DexParser] CLASS_DEF[76] @ offset 0x24408:
[DexParser]   class_idx: 286 (max valid: 337)
[DexParser]   access_flags: 0x17
[DexParser]   superclass_idx: 206
[DexParser]   class_data_off: 0x113949
[DexParser]   → Resolved name: [Lm/a;]
[DexParser]   → Parsing class_data at 0x113949
[DexParser]   === EXP-031.6 CLASS_DATA PARSING @ offset=0x113949 ===
[DexParser]   First bytes: 00 03 01 02 a3 02 01 01 41 01 11 ec 06 81 80 04 8c b5 04 ed 06 11 ec b3 04 01 11 cc b4 04 00 01 
[DexParser]   ULEB128[static_fields_size] @ 0x113949 = 0
[DexParser]   ULEB128[instance_fields_size] @ 0x113950 = 3
[DexParser]   ULEB128[direct_methods_size] @ 0x113951 = 1
[DexParser]   ULEB128[virtual_methods_size] @ 0x113952 = 2
[DexParser]   → Header: static=0, instance=3, direct=1, virtual=2
[DexParser]   ULEB128[if_field_diff] @ 0x113953 = 291
[DexParser]   ULEB128[if_access_flags] @ 0x113955 = 1
[DexParser]   ULEB128[if_field_diff] @ 0x113956 = 1
[DexParser]   ULEB128[if_access_flags] @ 0x113957 = 65
[DexParser]   ULEB128[if_field_diff] @ 0x113958 = 1
[DexParser]   ULEB128[if_access_flags] @ 0x113959 = 17
[DexParser]   → Direct method[0]:
[DexParser]   ULEB128[dm_method_diff] @ 0x113960 = 876
[DexParser]   ULEB128[dm_access_flags] @ 0x113962 = 65537
[DexParser]   ULEB128[dm_code_off] @ 0x113965 = 72332
[DexParser]   === EXP-031.6 CODE_ITEM @ offset=0x72332 for <init> ===
[DexParser]   registers_size: 2
[DexParser]   ins_size: 2
[DexParser]   outs_size: 1
[DexParser]   tries_size: 0
[DexParser]   debug_info_off: 0x0
[DexParser]   insns_size: 12 ← KEY FIELD!
[DexParser]   ✅ EXTRACTED 12 INSTRUCTIONS!
[DexParser]   First opcodes: 1070 0298 0000 015b 0123 
[DexParser]   → Virtual method[0]:
[DexParser]   ULEB128[vm_method_diff] @ 0x113968 = 877
[DexParser]   ULEB128[vm_access_flags] @ 0x113970 = 17
[DexParser]   ULEB128[vm_code_off] @ 0x113971 = 72172
[DexParser]   === EXP-031.6 CODE_ITEM @ offset=0x72172 for a ===
[DexParser]   registers_size: 4
[DexParser]   ins_size: 1
[DexParser]   outs_size: 1
[DexParser]   tries_size: 1
[DexParser]   debug_info_off: 0x0
[DexParser]   insns_size: 34 ← KEY FIELD!
[DexParser]   ✅ EXTRACTED 34 INSTRUCTIONS!
[DexParser]   First opcodes: 3054 0124 0162 005c 1032 
[DexParser]   → Virtual method[1]:
[DexParser]   ULEB128[vm_method_diff] @ 0x113974 = 1
[DexParser]   ULEB128[vm_access_flags] @ 0x113975 = 17
[DexParser]   ULEB128[vm_code_off] @ 0x113976 = 72268
[DexParser]   === EXP-031.6 CODE_ITEM @ offset=0x72268 for toString ===
[DexParser]   registers_size: 3
[DexParser]   ins_size: 1
[DexParser]   outs_size: 1
[DexParser]   tries_size: 0
[DexParser]   debug_info_off: 0x0
[DexParser]   insns_size: 23 ← KEY FIELD!
[DexParser]   ✅ EXTRACTED 23 INSTRUCTIONS!
[DexParser]   First opcodes: 2054 0124 0162 005c 1032 
[DexParser]   → Result: 1 direct methods, 2 virtual methods
[DexParser] CLASS_DEF[77] @ offset 0x24440:
[DexParser]   class_idx: 287 (max valid: 337)
[DexParser]   access_flags: 0x17
[DexParser]   superclass_idx: 206
[DexParser]   class_data_off: 0x113979
[DexParser]   → Resolved name: [Lm/b;]
[DexParser]   → Parsing class_data at 0x113979
[DexParser]   === EXP-031.6 CLASS_DATA PARSING @ offset=0x113979 ===
[DexParser]   First bytes: 00 01 01 04 a6 02 11 ef 06 81 a0 04 ec b6 04 f0 06 11 e8 b5 04 01 11 b4 b5 04 01 11 a0 b6 04 01 
[DexParser]   ULEB128[static_fields_size] @ 0x113979 = 0
[DexParser]   ULEB128[instance_fields_size] @ 0x113980 = 1
[DexParser]   ULEB128[direct_methods_size] @ 0x113981 = 1
[DexParser]   ULEB128[virtual_methods_size] @ 0x113982 = 4
[DexParser]   → Header: static=0, instance=1, direct=1, virtual=4
[DexParser]   ULEB128[if_field_diff] @ 0x113983 = 294
[DexParser]   ULEB128[if_access_flags] @ 0x113985 = 17
[DexParser]   → Direct method[0]:
[DexParser]   ULEB128[dm_method_diff] @ 0x113986 = 879
[DexParser]   ULEB128[dm_access_flags] @ 0x113988 = 69633
[DexParser]   ULEB128[dm_code_off] @ 0x113991 = 72556
[DexParser]   === EXP-031.6 CODE_ITEM @ offset=0x72556 for <init> ===
[DexParser]   registers_size: 2
[DexParser]   ins_size: 2
[DexParser]   outs_size: 1
[DexParser]   tries_size: 0
[DexParser]   debug_info_off: 0x0
[DexParser]   insns_size: 6 ← KEY FIELD!
[DexParser]   ✅ EXTRACTED 6 INSTRUCTIONS!
[DexParser]   First opcodes: 1070 0298 0000 0159 0126 
[DexParser]   → Virtual method[0]:
[DexParser]   ULEB128[vm_method_diff] @ 0x113994 = 880
[DexParser]   ULEB128[vm_access_flags] @ 0x113996 = 17
[DexParser]   ULEB128[vm_code_off] @ 0x113997 = 72424
[DexParser]   === EXP-031.6 CODE_ITEM @ offset=0x72424 for compareTo ===
[DexParser]   registers_size: 4
[DexParser]   ins_size: 2
[DexParser]   outs_size: 0
[DexParser]   tries_size: 0
[DexParser]   debug_info_off: 0x0
[DexParser]   insns_size: 20 ← KEY FIELD!
[DexParser]   ✅ EXTRACTED 20 INSTRUCTIONS!
[DexParser]   First opcodes: 031f 011f 3352 0126 2052 
[DexParser]   → Virtual method[1]:
[DexParser]   ULEB128[vm_method_diff] @ 0x114000 = 1
[DexParser]   ULEB128[vm_access_flags] @ 0x114001 = 17
[DexParser]   ULEB128[vm_code_off] @ 0x114002 = 72372
[DexParser]   === EXP-031.6 CODE_ITEM @ offset=0x72372 for equals ===
[DexParser]   registers_size: 4
[DexParser]   ins_size: 2
[DexParser]   outs_size: 0
[DexParser]   tries_size: 0
[DexParser]   debug_info_off: 0x0
[DexParser]   insns_size: 17 ← KEY FIELD!
[DexParser]   ✅ EXTRACTED 17 INSTRUCTIONS!
[DexParser]   First opcodes: 3020 011f 0112 0039 0003 
[DexParser]   → Virtual method[2]:
[DexParser]   ULEB128[vm_method_diff] @ 0x114005 = 1
[DexParser]   ULEB128[vm_access_flags] @ 0x114006 = 17
[DexParser]   ULEB128[vm_code_off] @ 0x114007 = 72480
[DexParser]   === EXP-031.6 CODE_ITEM @ offset=0x72480 for hashCode ===
[DexParser]   registers_size: 2
[DexParser]   ins_size: 1
[DexParser]   outs_size: 1
[DexParser]   tries_size: 0
[DexParser]   debug_info_off: 0x0
[DexParser]   insns_size: 7 ← KEY FIELD!
[DexParser]   ✅ EXTRACTED 7 INSTRUCTIONS!
[DexParser]   First opcodes: 1052 0126 1071 0289 0000 
[DexParser]   → Virtual method[3]:
[DexParser]   ULEB128[vm_method_diff] @ 0x114010 = 1
[DexParser]   ULEB128[vm_access_flags] @ 0x114011 = 17
[DexParser]   ULEB128[vm_code_off] @ 0x114012 = 72512
[DexParser]   === EXP-031.6 CODE_ITEM @ offset=0x72512 for toString ===
[DexParser]   registers_size: 5
[DexParser]   ins_size: 1
[DexParser]   outs_size: 2
[DexParser]   tries_size: 0
[DexParser]   debug_info_off: 0x0
[DexParser]   insns_size: 14 ← KEY FIELD!
[DexParser]   ✅ EXTRACTED 14 INSTRUCTIONS!
[DexParser]   First opcodes: 4052 0126 0081 0218 ffff 
[DexParser]   → Result: 1 direct methods, 4 virtual methods
[DexParser] CLASS_DEF[78] @ offset 0x24472:
[DexParser]   class_idx: 288 (max valid: 337)
[DexParser]   access_flags: 0x17
[DexParser]   superclass_idx: 210
[DexParser]   class_data_off: 0x0
[DexParser]   → Resolved name: [Lm/c;]
[DexParser]   → NO class_data (off=0x0, size=0x116876)
[DexParser]   → Result: 0 direct methods, 0 virtual methods
[DexParser] CLASS_DEF[79] @ offset 0x24504:
[DexParser]   class_idx: 289 (max valid: 337)
[DexParser]   access_flags: 0x17
[DexParser]   superclass_idx: 206
[DexParser]   class_data_off: 0x114015
[DexParser]   → Resolved name: [Lm/d;]
[DexParser]   → Parsing class_data at 0x114015
[DexParser]   === EXP-031.6 CLASS_DATA PARSING @ offset=0x114015 ===
[DexParser]   First bytes: 01 00 01 01 a7 02 19 f5 06 89 80 04 a0 b7 04 f7 06 11 88 b7 04 00 00 01 02 f8 06 81 80 04 dc b8 
[DexParser]   ULEB128[static_fields_size] @ 0x114015 = 1
[DexParser]   ULEB128[instance_fields_size] @ 0x114016 = 0
[DexParser]   ULEB128[direct_methods_size] @ 0x114017 = 1
[DexParser]   ULEB128[virtual_methods_size] @ 0x114018 = 1
[DexParser]   → Header: static=1, instance=0, direct=1, virtual=1
[DexParser]   ULEB128[sf_field_diff] @ 0x114019 = 295
[DexParser]   ULEB128[sf_access_flags] @ 0x114021 = 25
[DexParser]   → Direct method[0]:
[DexParser]   ULEB128[dm_method_diff] @ 0x114022 = 885
[DexParser]   ULEB128[dm_access_flags] @ 0x114024 = 65545
[DexParser]   ULEB128[dm_code_off] @ 0x114027 = 72608
[DexParser]   === EXP-031.6 CODE_ITEM @ offset=0x72608 for <clinit> ===
[DexParser]   registers_size: 1
[DexParser]   ins_size: 0
[DexParser]   outs_size: 1
[DexParser]   tries_size: 0
[DexParser]   debug_info_off: 0x0
[DexParser]   insns_size: 8 ← KEY FIELD!
[DexParser]   ✅ EXTRACTED 8 INSTRUCTIONS!
[DexParser]   First opcodes: 0022 0121 1070 0376 0000 
[DexParser]   → Virtual method[0]:
[DexParser]   ULEB128[vm_method_diff] @ 0x114030 = 887
[DexParser]   ULEB128[vm_access_flags] @ 0x114032 = 17
[DexParser]   ULEB128[vm_code_off] @ 0x114033 = 72584
[DexParser]   === EXP-031.6 CODE_ITEM @ offset=0x72584 for toString ===
[DexParser]   registers_size: 2
[DexParser]   ins_size: 1
[DexParser]   outs_size: 0
[DexParser]   tries_size: 0
[DexParser]   debug_info_off: 0x0
[DexParser]   insns_size: 3 ← KEY FIELD!
[DexParser]   ✅ EXTRACTED 3 INSTRUCTIONS!
[DexParser]   First opcodes: 001a 0386 0011 
[DexParser]   → Result: 1 direct methods, 1 virtual methods
[DexParser] CLASS_DEF[80] @ offset 0x24536:
[DexParser]   class_idx: 290 (max valid: 337)
[DexParser]   access_flags: 0x1025
[DexParser]   superclass_idx: 236
[DexParser]   class_data_off: 0x114036
[DexParser]   → Resolved name: [Ln/a;]
[DexParser]   → Parsing class_data at 0x114036
[DexParser]   === EXP-031.6 CLASS_DATA PARSING @ offset=0x114036 ===
[DexParser]   First bytes: 00 00 01 02 f8 06 81 80 04 dc b8 04 f9 06 11 e4 b7 04 01 11 c0 b7 04 00 00 01 02 fb 06 81 80 04 
[DexParser]   ULEB128[static_fields_size] @ 0x114036 = 0
[DexParser]   ULEB128[instance_fields_size] @ 0x114037 = 0
[DexParser]   ULEB128[direct_methods_size] @ 0x114038 = 1
[DexParser]   ULEB128[virtual_methods_size] @ 0x114039 = 2
[DexParser]   → Header: static=0, instance=0, direct=1, virtual=2
[DexParser]   → Direct method[0]:
[DexParser]   ULEB128[dm_method_diff] @ 0x114040 = 888
[DexParser]   ULEB128[dm_access_flags] @ 0x114042 = 65537
[DexParser]   ULEB128[dm_code_off] @ 0x114045 = 72796
[DexParser]   === EXP-031.6 CODE_ITEM @ offset=0x72796 for <init> ===
[DexParser]   registers_size: 1
[DexParser]   ins_size: 1
[DexParser]   outs_size: 1
[DexParser]   tries_size: 0
[DexParser]   debug_info_off: 0x0
[DexParser]   insns_size: 4 ← KEY FIELD!
[DexParser]   ✅ EXTRACTED 4 INSTRUCTIONS!
[DexParser]   First opcodes: 1070 02e5 0000 000e 
[DexParser]   → Virtual method[0]:
[DexParser]   ULEB128[vm_method_diff] @ 0x114048 = 889
[DexParser]   ULEB128[vm_access_flags] @ 0x114050 = 17
[DexParser]   ULEB128[vm_code_off] @ 0x114051 = 72676
[DexParser]   === EXP-031.6 CODE_ITEM @ offset=0x72676 for remove ===
[DexParser]   registers_size: 6
[DexParser]   ins_size: 2
[DexParser]   outs_size: 2
[DexParser]   tries_size: 0
[DexParser]   debug_info_off: 0x0
[DexParser]   insns_size: 51 ← KEY FIELD!
[DexParser]   ✅ EXTRACTED 51 INSTRUCTIONS!
[DexParser]   First opcodes: 4007 001f 012d 106e 03e4 
[DexParser]   → Virtual method[1]:
[DexParser]   ULEB128[vm_method_diff] @ 0x114054 = 1
[DexParser]   ULEB128[vm_access_flags] @ 0x114055 = 17
[DexParser]   ULEB128[vm_code_off] @ 0x114056 = 72640
[DexParser]   === EXP-031.6 CODE_ITEM @ offset=0x72640 for size ===
[DexParser]   registers_size: 2
[DexParser]   ins_size: 1
[DexParser]   outs_size: 1
[DexParser]   tries_size: 0
[DexParser]   debug_info_off: 0x0
[DexParser]   insns_size: 9 ← KEY FIELD!
[DexParser]   ✅ EXTRACTED 9 INSTRUCTIONS!
[DexParser]   First opcodes: 1007 001f 012d 106e 03e3 
[DexParser]   → Result: 1 direct methods, 2 virtual methods
[DexParser] CLASS_DEF[81] @ offset 0x24568:
[DexParser]   class_idx: 291 (max valid: 337)
[DexParser]   access_flags: 0x1025
[DexParser]   superclass_idx: 237
[DexParser]   class_data_off: 0x114059
[DexParser]   → Resolved name: [Ln/b;]
[DexParser]   → Parsing class_data at 0x114059
[DexParser]   === EXP-031.6 CLASS_DATA PARSING @ offset=0x114059 ===
[DexParser]   First bytes: 00 00 01 02 fb 06 81 80 04 90 b9 04 fc 06 81 08 00 01 51 f4 b8 04 01 00 01 09 a8 02 19 82 07 89 
[DexParser]   ULEB128[static_fields_size] @ 0x114059 = 0
[DexParser]   ULEB128[instance_fields_size] @ 0x114060 = 0
[DexParser]   ULEB128[direct_methods_size] @ 0x114061 = 1
[DexParser]   ULEB128[virtual_methods_size] @ 0x114062 = 2
[DexParser]   → Header: static=0, instance=0, direct=1, virtual=2
[DexParser]   → Direct method[0]:
[DexParser]   ULEB128[dm_method_diff] @ 0x114063 = 891
[DexParser]   ULEB128[dm_access_flags] @ 0x114065 = 65537
[DexParser]   ULEB128[dm_code_off] @ 0x114068 = 72848
[DexParser]   === EXP-031.6 CODE_ITEM @ offset=0x72848 for <init> ===
[DexParser]   registers_size: 1
[DexParser]   ins_size: 1
[DexParser]   outs_size: 1
[DexParser]   tries_size: 0
[DexParser]   debug_info_off: 0x0
[DexParser]   insns_size: 4 ← KEY FIELD!
[DexParser]   ✅ EXTRACTED 4 INSTRUCTIONS!
[DexParser]   First opcodes: 1070 02e6 0000 000e 
[DexParser]   → Virtual method[0]:
[DexParser]   ULEB128[vm_method_diff] @ 0x114071 = 892
[DexParser]   ULEB128[vm_access_flags] @ 0x114073 = 1025
[DexParser]   ULEB128[vm_code_off] @ 0x114075 = 0
[DexParser]   → Virtual method[1]:
[DexParser]   ULEB128[vm_method_diff] @ 0x114076 = 1
[DexParser]   ULEB128[vm_access_flags] @ 0x114077 = 81
[DexParser]   ULEB128[vm_code_off] @ 0x114078 = 72820
[DexParser]   === EXP-031.6 CODE_ITEM @ offset=0x72820 for size ===
[DexParser]   registers_size: 2
[DexParser]   ins_size: 1
[DexParser]   outs_size: 1
[DexParser]   tries_size: 0
[DexParser]   debug_info_off: 0x0
[DexParser]   insns_size: 5 ← KEY FIELD!
[DexParser]   ✅ EXTRACTED 5 INSTRUCTIONS!
[DexParser]   First opcodes: 106e 037c 0001 000a 000f 
[DexParser]   → Result: 1 direct methods, 2 virtual methods
[DexParser] CLASS_DEF[82] @ offset 0x24600:
[DexParser]   class_idx: 296 (max valid: 337)
[DexParser]   access_flags: 0x17
[DexParser]   superclass_idx: 206
[DexParser]   class_data_off: 0x114081
[DexParser]   → Resolved name: [Ln/g;]
[DexParser]   → Parsing class_data at 0x114081
[DexParser]   === EXP-031.6 CLASS_DATA PARSING @ offset=0x114081 ===
[DexParser]   First bytes: 01 00 01 09 a8 02 19 82 07 89 80 04 90 bd 04 84 07 d1 20 b0 bd 04 01 11 88 bc 04 01 11 9c bc 04 
[DexParser]   ULEB128[static_fields_size] @ 0x114081 = 1
[DexParser]   ULEB128[instance_fields_size] @ 0x114082 = 0
[DexParser]   ULEB128[direct_methods_size] @ 0x114083 = 1
[DexParser]   ULEB128[virtual_methods_size] @ 0x114084 = 9
[DexParser]   → Header: static=1, instance=0, direct=1, virtual=9
[DexParser]   ULEB128[sf_field_diff] @ 0x114085 = 296
[DexParser]   ULEB128[sf_access_flags] @ 0x114087 = 25
[DexParser]   → Direct method[0]:
[DexParser]   ULEB128[dm_method_diff] @ 0x114088 = 898
[DexParser]   ULEB128[dm_access_flags] @ 0x114090 = 65545
[DexParser]   ULEB128[dm_code_off] @ 0x114093 = 73360
[DexParser]   === EXP-031.6 CODE_ITEM @ offset=0x73360 for <clinit> ===
[DexParser]   registers_size: 1
[DexParser]   ins_size: 0
[DexParser]   outs_size: 1
[DexParser]   tries_size: 0
[DexParser]   debug_info_off: 0x0
[DexParser]   insns_size: 8 ← KEY FIELD!
[DexParser]   ✅ EXTRACTED 8 INSTRUCTIONS!
[DexParser]   First opcodes: 0022 0128 1070 0383 0000 
[DexParser]   → Virtual method[0]:
[DexParser]   ULEB128[vm_method_diff] @ 0x114096 = 900
[DexParser]   ULEB128[vm_access_flags] @ 0x114098 = 4177
[DexParser]   ULEB128[vm_code_off] @ 0x114100 = 73392
[DexParser]   === EXP-031.6 CODE_ITEM @ offset=0x73392 for add ===
[DexParser]   registers_size: 3
[DexParser]   ins_size: 2
[DexParser]   outs_size: 2
[DexParser]   tries_size: 0
[DexParser]   debug_info_off: 0x0
[DexParser]   insns_size: 8 ← KEY FIELD!
[DexParser]   ✅ EXTRACTED 8 INSTRUCTIONS!
[DexParser]   First opcodes: 0222 00db 001a 0203 2070 
[DexParser]   → Virtual method[1]:
[DexParser]   ULEB128[vm_method_diff] @ 0x114103 = 1
[DexParser]   ULEB128[vm_access_flags] @ 0x114104 = 17
[DexParser]   ULEB128[vm_code_off] @ 0x114105 = 73224
[DexParser]   === EXP-031.6 CODE_ITEM @ offset=0x73224 for hasNext ===
[DexParser]   registers_size: 2
[DexParser]   ins_size: 1
[DexParser]   outs_size: 0
[DexParser]   tries_size: 0
[DexParser]   debug_info_off: 0x0
[DexParser]   insns_size: 2 ← KEY FIELD!
[DexParser]   ✅ EXTRACTED 2 INSTRUCTIONS!
[DexParser]   First opcodes: 0012 000f 
[DexParser]   → Virtual method[2]:
[DexParser]   ULEB128[vm_method_diff] @ 0x114108 = 1
[DexParser]   ULEB128[vm_access_flags] @ 0x114109 = 17
[DexParser]   ULEB128[vm_code_off] @ 0x114110 = 73244
[DexParser]   === EXP-031.6 CODE_ITEM @ offset=0x73244 for hasPrevious ===
[DexParser]   registers_size: 2
[DexParser]   ins_size: 1
[DexParser]   outs_size: 0
[DexParser]   tries_size: 0
[DexParser]   debug_info_off: 0x0
[DexParser]   insns_size: 2 ← KEY FIELD!
[DexParser]   ✅ EXTRACTED 2 INSTRUCTIONS!
[DexParser]   First opcodes: 0012 000f 
[DexParser]   → Virtual method[3]:
[DexParser]   ULEB128[vm_method_diff] @ 0x114113 = 1
[DexParser]   ULEB128[vm_access_flags] @ 0x114114 = 17
[DexParser]   ULEB128[vm_code_off] @ 0x114115 = 73304
[DexParser]   === EXP-031.6 CODE_ITEM @ offset=0x73304 for next ===
[DexParser]   registers_size: 2
[DexParser]   ins_size: 1
[DexParser]   outs_size: 1
[DexParser]   tries_size: 0
[DexParser]   debug_info_off: 0x0
[DexParser]   insns_size: 6 ← KEY FIELD!
[DexParser]   ✅ EXTRACTED 6 INSTRUCTIONS!
[DexParser]   First opcodes: 0022 0101 1070 0323 0000 
[DexParser]   → Virtual method[4]:
[DexParser]   ULEB128[vm_method_diff] @ 0x114118 = 1
[DexParser]   ULEB128[vm_access_flags] @ 0x114119 = 17
[DexParser]   ULEB128[vm_code_off] @ 0x114120 = 73264
[DexParser]   === EXP-031.6 CODE_ITEM @ offset=0x73264 for nextIndex ===
[DexParser]   registers_size: 2
[DexParser]   ins_size: 1
[DexParser]   outs_size: 0
[DexParser]   tries_size: 0
[DexParser]   debug_info_off: 0x0
[DexParser]   insns_size: 2 ← KEY FIELD!
[DexParser]   ✅ EXTRACTED 2 INSTRUCTIONS!
[DexParser]   First opcodes: 0012 000f 
[DexParser]   → Virtual method[5]:
[DexParser]   ULEB128[vm_method_diff] @ 0x114123 = 1
[DexParser]   ULEB128[vm_access_flags] @ 0x114124 = 17
[DexParser]   ULEB128[vm_code_off] @ 0x114125 = 73332
[DexParser]   === EXP-031.6 CODE_ITEM @ offset=0x73332 for previous ===
[DexParser]   registers_size: 2
[DexParser]   ins_size: 1
[DexParser]   outs_size: 1
[DexParser]   tries_size: 0
[DexParser]   debug_info_off: 0x0
[DexParser]   insns_size: 6 ← KEY FIELD!
[DexParser]   ✅ EXTRACTED 6 INSTRUCTIONS!
[DexParser]   First opcodes: 0022 0101 1070 0323 0000 
[DexParser]   → Virtual method[6]:
[DexParser]   ULEB128[vm_method_diff] @ 0x114128 = 1
[DexParser]   ULEB128[vm_access_flags] @ 0x114129 = 17
[DexParser]   ULEB128[vm_code_off] @ 0x114130 = 73284
[DexParser]   === EXP-031.6 CODE_ITEM @ offset=0x73284 for previousIndex ===
[DexParser]   registers_size: 2
[DexParser]   ins_size: 1
[DexParser]   outs_size: 0
[DexParser]   tries_size: 0
[DexParser]   debug_info_off: 0x0
[DexParser]   insns_size: 2 ← KEY FIELD!
[DexParser]   ✅ EXTRACTED 2 INSTRUCTIONS!
[DexParser]   First opcodes: f012 000f 
[DexParser]   → Virtual method[7]:
[DexParser]   ULEB128[vm_method_diff] @ 0x114133 = 1
[DexParser]   ULEB128[vm_access_flags] @ 0x114134 = 17
[DexParser]   ULEB128[vm_code_off] @ 0x114135 = 73424
[DexParser]   === EXP-031.6 CODE_ITEM @ offset=0x73424 for remove ===
[DexParser]   registers_size: 3
[DexParser]   ins_size: 1
[DexParser]   outs_size: 2
[DexParser]   tries_size: 0
[DexParser]   debug_info_off: 0x0
[DexParser]   insns_size: 8 ← KEY FIELD!
[DexParser]   ✅ EXTRACTED 8 INSTRUCTIONS!
[DexParser]   First opcodes: 0022 00db 011a 0203 2070 
[DexParser]   → Virtual method[8]:
[DexParser]   ULEB128[vm_method_diff] @ 0x114138 = 1
[DexParser]   ULEB128[vm_access_flags] @ 0x114139 = 4177
[DexParser]   ULEB128[vm_code_off] @ 0x114141 = 73456
[DexParser]   === EXP-031.6 CODE_ITEM @ offset=0x73456 for set ===
[DexParser]   registers_size: 3
[DexParser]   ins_size: 2
[DexParser]   outs_size: 2
[DexParser]   tries_size: 0
[DexParser]   debug_info_off: 0x0
[DexParser]   insns_size: 8 ← KEY FIELD!
[DexParser]   ✅ EXTRACTED 8 INSTRUCTIONS!
[DexParser]   First opcodes: 0222 00db 001a 0203 2070 
[DexParser]   → Result: 1 direct methods, 9 virtual methods
[DexParser] CLASS_DEF[83] @ offset 0x24632:
[DexParser]   class_idx: 297 (max valid: 337)
[DexParser]   access_flags: 0x17
[DexParser]   superclass_idx: 206
[DexParser]   class_data_off: 0x114144
[DexParser]   → Resolved name: [Ln/h;]
[DexParser]   → Parsing class_data at 0x114144
[DexParser]   === EXP-031.6 CLASS_DATA PARSING @ offset=0x114144 ===
[DexParser]   First bytes: 01 00 01 1a a9 02 19 8d 07 89 80 04 88 c5 04 8f 07 d1 20 a8 c5 04 01 d1 20 90 be 04 01 11 b0 be 
[DexParser]   ULEB128[static_fields_size] @ 0x114144 = 1
[DexParser]   ULEB128[instance_fields_size] @ 0x114145 = 0
[DexParser]   ULEB128[direct_methods_size] @ 0x114146 = 1
[DexParser]   ULEB128[virtual_methods_size] @ 0x114147 = 26
[DexParser]   → Header: static=1, instance=0, direct=1, virtual=26
[DexParser]   ULEB128[sf_field_diff] @ 0x114148 = 297
[DexParser]   ULEB128[sf_access_flags] @ 0x114150 = 25
[DexParser]   → Direct method[0]:
[DexParser]   ULEB128[dm_method_diff] @ 0x114151 = 909
[DexParser]   ULEB128[dm_access_flags] @ 0x114153 = 65545
[DexParser]   ULEB128[dm_code_off] @ 0x114156 = 74376
[DexParser]   === EXP-031.6 CODE_ITEM @ offset=0x74376 for <clinit> ===
[DexParser]   registers_size: 1
[DexParser]   ins_size: 0
[DexParser]   outs_size: 1
[DexParser]   tries_size: 0
[DexParser]   debug_info_off: 0x0
[DexParser]   insns_size: 8 ← KEY FIELD!
[DexParser]   ✅ EXTRACTED 8 INSTRUCTIONS!
[DexParser]   First opcodes: 0022 0129 1070 038e 0000 
[DexParser]   → Virtual method[0]:
[DexParser]   ULEB128[vm_method_diff] @ 0x114159 = 911
[DexParser]   ULEB128[vm_access_flags] @ 0x114161 = 4177
[DexParser]   ULEB128[vm_code_off] @ 0x114163 = 74408
[DexParser]   === EXP-031.6 CODE_ITEM @ offset=0x74408 for add ===
[DexParser]   registers_size: 3
[DexParser]   ins_size: 3
[DexParser]   outs_size: 2
[DexParser]   tries_size: 0
[DexParser]   debug_info_off: 0x86727
[DexParser]   insns_size: 8 ← KEY FIELD!
[DexParser]   ✅ EXTRACTED 8 INSTRUCTIONS!
[DexParser]   First opcodes: 0122 00db 021a 0203 2070 
[DexParser]   → Virtual method[1]:
[DexParser]   ULEB128[vm_method_diff] @ 0x114166 = 1
[DexParser]   ULEB128[vm_access_flags] @ 0x114167 = 4177
[DexParser]   ULEB128[vm_code_off] @ 0x114169 = 73488
[DexParser]   === EXP-031.6 CODE_ITEM @ offset=0x73488 for add ===
[DexParser]   registers_size: 3
[DexParser]   ins_size: 2
[DexParser]   outs_size: 2
[DexParser]   tries_size: 0
[DexParser]   debug_info_off: 0x86711
[DexParser]   insns_size: 8 ← KEY FIELD!
[DexParser]   ✅ EXTRACTED 8 INSTRUCTIONS!
[DexParser]   First opcodes: 0222 00db 001a 0203 2070 
[DexParser]   → Virtual method[2]:
[DexParser]   ULEB128[vm_method_diff] @ 0x114172 = 1
[DexParser]   ULEB128[vm_access_flags] @ 0x114173 = 17
[DexParser]   ULEB128[vm_code_off] @ 0x114174 = 73520
[DexParser]   === EXP-031.6 CODE_ITEM @ offset=0x73520 for addAll ===
[DexParser]   registers_size: 3
[DexParser]   ins_size: 3
[DexParser]   outs_size: 2
[DexParser]   tries_size: 0
[DexParser]   debug_info_off: 0x86727
[DexParser]   insns_size: 8 ← KEY FIELD!
[DexParser]   ✅ EXTRACTED 8 INSTRUCTIONS!
[DexParser]   First opcodes: 0122 00db 021a 0203 2070 
[DexParser]   → Virtual method[3]:
[DexParser]   ULEB128[vm_method_diff] @ 0x114177 = 1
[DexParser]   ULEB128[vm_access_flags] @ 0x114178 = 17
[DexParser]   ULEB128[vm_code_off] @ 0x114179 = 73552
[DexParser]   === EXP-031.6 CODE_ITEM @ offset=0x73552 for addAll ===
[DexParser]   registers_size: 3
[DexParser]   ins_size: 2
[DexParser]   outs_size: 2
[DexParser]   tries_size: 0
[DexParser]   debug_info_off: 0x86711
[DexParser]   insns_size: 8 ← KEY FIELD!
[DexParser]   ✅ EXTRACTED 8 INSTRUCTIONS!
[DexParser]   First opcodes: 0222 00db 001a 0203 2070 
[DexParser]   → Virtual method[4]:
[DexParser]   ULEB128[vm_method_diff] @ 0x114182 = 1
[DexParser]   ULEB128[vm_access_flags] @ 0x114183 = 17
[DexParser]   ULEB128[vm_code_off] @ 0x114184 = 74440
[DexParser]   === EXP-031.6 CODE_ITEM @ offset=0x74440 for clear ===
[DexParser]   registers_size: 3
[DexParser]   ins_size: 1
[DexParser]   outs_size: 2
[DexParser]   tries_size: 0
[DexParser]   debug_info_off: 0x0
[DexParser]   insns_size: 8 ← KEY FIELD!
[DexParser]   ✅ EXTRACTED 8 INSTRUCTIONS!
[DexParser]   First opcodes: 0022 00db 011a 0203 2070 
[DexParser]   → Virtual method[5]:
[DexParser]   ULEB128[vm_method_diff] @ 0x114187 = 1
[DexParser]   ULEB128[vm_access_flags] @ 0x114188 = 17
[DexParser]   ULEB128[vm_code_off] @ 0x114189 = 73584
[DexParser]   === EXP-031.6 CODE_ITEM @ offset=0x73584 for contains ===
[DexParser]   registers_size: 4
[DexParser]   ins_size: 2
[DexParser]   outs_size: 2
[DexParser]   tries_size: 0
[DexParser]   debug_info_off: 0x0
[DexParser]   insns_size: 14 ← KEY FIELD!
[DexParser]   ✅ EXTRACTED 14 INSTRUCTIONS!
[DexParser]   First opcodes: 3020 00dc 0112 0039 0003 
[DexParser]   → Virtual method[6]:
[DexParser]   ULEB128[vm_method_diff] @ 0x114192 = 1
[DexParser]   ULEB128[vm_access_flags] @ 0x114193 = 17
[DexParser]   ULEB128[vm_code_off] @ 0x114194 = 73628
[DexParser]   === EXP-031.6 CODE_ITEM @ offset=0x73628 for containsAll ===
[DexParser]   registers_size: 3
[DexParser]   ins_size: 2
[DexParser]   outs_size: 2
[DexParser]   tries_size: 0
[DexParser]   debug_info_off: 0x0
[DexParser]   insns_size: 10 ← KEY FIELD!
[DexParser]   ✅ EXTRACTED 10 INSTRUCTIONS!
[DexParser]   First opcodes: 001a 02f7 2071 0010 0002 
[DexParser]   → Virtual method[7]:
[DexParser]   ULEB128[vm_method_diff] @ 0x114197 = 1
[DexParser]   ULEB128[vm_access_flags] @ 0x114198 = 17
[DexParser]   ULEB128[vm_code_off] @ 0x114199 = 73664
[DexParser]   === EXP-031.6 CODE_ITEM @ offset=0x73664 for equals ===
[DexParser]   registers_size: 3
[DexParser]   ins_size: 2
[DexParser]   outs_size: 1
[DexParser]   tries_size: 0
[DexParser]   debug_info_off: 0x0
[DexParser]   insns_size: 16 ← KEY FIELD!
[DexParser]   ✅ EXTRACTED 16 INSTRUCTIONS!
[DexParser]   First opcodes: 2020 00fb 0038 000c 021f 
[DexParser]   → Virtual method[8]:
[DexParser]   ULEB128[vm_method_diff] @ 0x114202 = 1
[DexParser]   ULEB128[vm_access_flags] @ 0x114203 = 17
[DexParser]   ULEB128[vm_code_off] @ 0x114204 = 73956
[DexParser]   === EXP-031.6 CODE_ITEM @ offset=0x73956 for get ===
[DexParser]   registers_size: 5
[DexParser]   ins_size: 2
[DexParser]   outs_size: 2
[DexParser]   tries_size: 0
[DexParser]   debug_info_off: 0x0
[DexParser]   insns_size: 25 ← KEY FIELD!
[DexParser]   ✅ EXTRACTED 25 INSTRUCTIONS!
[DexParser]   First opcodes: 0022 00c4 0122 00d6 021a 
[DexParser]   → Virtual method[9]:
[DexParser]   ULEB128[vm_method_diff] @ 0x114207 = 1
[DexParser]   ULEB128[vm_access_flags] @ 0x114208 = 17
[DexParser]   ULEB128[vm_code_off] @ 0x114209 = 73828
[DexParser]   === EXP-031.6 CODE_ITEM @ offset=0x73828 for hashCode ===
[DexParser]   registers_size: 2
[DexParser]   ins_size: 1
[DexParser]   outs_size: 0
[DexParser]   tries_size: 0
[DexParser]   debug_info_off: 0x0
[DexParser]   insns_size: 2 ← KEY FIELD!
[DexParser]   ✅ EXTRACTED 2 INSTRUCTIONS!
[DexParser]   First opcodes: 1012 000f 
[DexParser]   → Virtual method[10]:
[DexParser]   ULEB128[vm_method_diff] @ 0x114212 = 1
[DexParser]   ULEB128[vm_access_flags] @ 0x114213 = 17
[DexParser]   ULEB128[vm_code_off] @ 0x114214 = 73848
[DexParser]   === EXP-031.6 CODE_ITEM @ offset=0x73848 for indexOf ===
[DexParser]   registers_size: 4
[DexParser]   ins_size: 2
[DexParser]   outs_size: 2
[DexParser]   tries_size: 0
[DexParser]   debug_info_off: 0x0
[DexParser]   insns_size: 14 ← KEY FIELD!
[DexParser]   ✅ EXTRACTED 14 INSTRUCTIONS!
[DexParser]   First opcodes: 3020 00dc f112 0039 0003 
[DexParser]   → Virtual method[11]:
[DexParser]   ULEB128[vm_method_diff] @ 0x114217 = 1
[DexParser]   ULEB128[vm_access_flags] @ 0x114218 = 17
[DexParser]   ULEB128[vm_code_off] @ 0x114219 = 73712
[DexParser]   === EXP-031.6 CODE_ITEM @ offset=0x73712 for isEmpty ===
[DexParser]   registers_size: 2
[DexParser]   ins_size: 1
[DexParser]   outs_size: 0
[DexParser]   tries_size: 0
[DexParser]   debug_info_off: 0x0
[DexParser]   insns_size: 2 ← KEY FIELD!
[DexParser]   ✅ EXTRACTED 2 INSTRUCTIONS!
[DexParser]   First opcodes: 1012 000f 
[DexParser]   → Virtual method[12]:
[DexParser]   ULEB128[vm_method_diff] @ 0x114222 = 1
[DexParser]   ULEB128[vm_access_flags] @ 0x114223 = 17
[DexParser]   ULEB128[vm_code_off] @ 0x114224 = 74176
[DexParser]   === EXP-031.6 CODE_ITEM @ offset=0x74176 for iterator ===
[DexParser]   registers_size: 2
[DexParser]   ins_size: 1
[DexParser]   outs_size: 0
[DexParser]   tries_size: 0
[DexParser]   debug_info_off: 0x0
[DexParser]   insns_size: 3 ← KEY FIELD!
[DexParser]   ✅ EXTRACTED 3 INSTRUCTIONS!
[DexParser]   First opcodes: 0062 0128 0011 
[DexParser]   → Virtual method[13]:
[DexParser]   ULEB128[vm_method_diff] @ 0x114227 = 1
[DexParser]   ULEB128[vm_access_flags] @ 0x114228 = 17
[DexParser]   ULEB128[vm_code_off] @ 0x114229 = 73892
[DexParser]   === EXP-031.6 CODE_ITEM @ offset=0x73892 for lastIndexOf ===
[DexParser]   registers_size: 4
[DexParser]   ins_size: 2
[DexParser]   outs_size: 2
[DexParser]   tries_size: 0
[DexParser]   debug_info_off: 0x0
[DexParser]   insns_size: 14 ← KEY FIELD!
[DexParser]   ✅ EXTRACTED 14 INSTRUCTIONS!
[DexParser]   First opcodes: 3020 00dc f112 0039 0003 
[DexParser]   → Virtual method[14]:
[DexParser]   ULEB128[vm_method_diff] @ 0x114232 = 1
[DexParser]   ULEB128[vm_access_flags] @ 0x114233 = 17
[DexParser]   ULEB128[vm_code_off] @ 0x114234 = 74284
[DexParser]   === EXP-031.6 CODE_ITEM @ offset=0x74284 for listIterator ===
[DexParser]   registers_size: 2
[DexParser]   ins_size: 1
[DexParser]   outs_size: 0
[DexParser]   tries_size: 0
[DexParser]   debug_info_off: 0x86707
[DexParser]   insns_size: 3 ← KEY FIELD!
[DexParser]   ✅ EXTRACTED 3 INSTRUCTIONS!
[DexParser]   First opcodes: 0062 0128 0011 
[DexParser]   → Virtual method[15]:
[DexParser]   ULEB128[vm_method_diff] @ 0x114237 = 1
[DexParser]   ULEB128[vm_access_flags] @ 0x114238 = 17
[DexParser]   ULEB128[vm_code_off] @ 0x114239 = 74308
[DexParser]   === EXP-031.6 CODE_ITEM @ offset=0x74308 for listIterator ===
[DexParser]   registers_size: 5
[DexParser]   ins_size: 2
[DexParser]   outs_size: 2
[DexParser]   tries_size: 0
[DexParser]   debug_info_off: 0x86711
[DexParser]   insns_size: 25 ← KEY FIELD!
[DexParser]   ✅ EXTRACTED 25 INSTRUCTIONS!
[DexParser]   First opcodes: 0439 0005 0462 0128 0411 
[DexParser]   → Virtual method[16]:
[DexParser]   ULEB128[vm_method_diff] @ 0x114242 = 1
[DexParser]   ULEB128[vm_access_flags] @ 0x114243 = 4177
[DexParser]   ULEB128[vm_code_off] @ 0x114245 = 74024
[DexParser]   === EXP-031.6 CODE_ITEM @ offset=0x74024 for remove ===
[DexParser]   registers_size: 3
[DexParser]   ins_size: 2
[DexParser]   outs_size: 2
[DexParser]   tries_size: 0
[DexParser]   debug_info_off: 0x86696
[DexParser]   insns_size: 8 ← KEY FIELD!
[DexParser]   ✅ EXTRACTED 8 INSTRUCTIONS!
[DexParser]   First opcodes: 0222 00db 001a 0203 2070 
[DexParser]   → Virtual method[17]:
[DexParser]   ULEB128[vm_method_diff] @ 0x114248 = 1
[DexParser]   ULEB128[vm_access_flags] @ 0x114249 = 17
[DexParser]   ULEB128[vm_code_off] @ 0x114250 = 73732
[DexParser]   === EXP-031.6 CODE_ITEM @ offset=0x73732 for remove ===
[DexParser]   registers_size: 3
[DexParser]   ins_size: 2
[DexParser]   outs_size: 2
[DexParser]   tries_size: 0
[DexParser]   debug_info_off: 0x86711
[DexParser]   insns_size: 8 ← KEY FIELD!
[DexParser]   ✅ EXTRACTED 8 INSTRUCTIONS!
[DexParser]   First opcodes: 0222 00db 001a 0203 2070 
[DexParser]   → Virtual method[18]:
[DexParser]   ULEB128[vm_method_diff] @ 0x114253 = 1
[DexParser]   ULEB128[vm_access_flags] @ 0x114254 = 17
[DexParser]   ULEB128[vm_code_off] @ 0x114255 = 73764
[DexParser]   === EXP-031.6 CODE_ITEM @ offset=0x73764 for removeAll ===
[DexParser]   registers_size: 3
[DexParser]   ins_size: 2
[DexParser]   outs_size: 2
[DexParser]   tries_size: 0
[DexParser]   debug_info_off: 0x0
[DexParser]   insns_size: 8 ← KEY FIELD!
[DexParser]   ✅ EXTRACTED 8 INSTRUCTIONS!
[DexParser]   First opcodes: 0222 00db 001a 0203 2070 
[DexParser]   → Virtual method[19]:
[DexParser]   ULEB128[vm_method_diff] @ 0x114258 = 1
[DexParser]   ULEB128[vm_access_flags] @ 0x114259 = 17
[DexParser]   ULEB128[vm_code_off] @ 0x114260 = 73796
[DexParser]   === EXP-031.6 CODE_ITEM @ offset=0x73796 for retainAll ===
[DexParser]   registers_size: 3
[DexParser]   ins_size: 2
[DexParser]   outs_size: 2
[DexParser]   tries_size: 0
[DexParser]   debug_info_off: 0x0
[DexParser]   insns_size: 8 ← KEY FIELD!
[DexParser]   ✅ EXTRACTED 8 INSTRUCTIONS!
[DexParser]   First opcodes: 0222 00db 001a 0203 2070 
[DexParser]   → Virtual method[20]:
[DexParser]   ULEB128[vm_method_diff] @ 0x114263 = 1
[DexParser]   ULEB128[vm_access_flags] @ 0x114264 = 4177
[DexParser]   ULEB128[vm_code_off] @ 0x114266 = 74056
[DexParser]   === EXP-031.6 CODE_ITEM @ offset=0x74056 for set ===
[DexParser]   registers_size: 3
[DexParser]   ins_size: 3
[DexParser]   outs_size: 2
[DexParser]   tries_size: 0
[DexParser]   debug_info_off: 0x0
[DexParser]   insns_size: 8 ← KEY FIELD!
[DexParser]   ✅ EXTRACTED 8 INSTRUCTIONS!
[DexParser]   First opcodes: 0122 00db 021a 0203 2070 
[DexParser]   → Virtual method[21]:
[DexParser]   ULEB128[vm_method_diff] @ 0x114269 = 1
[DexParser]   ULEB128[vm_access_flags] @ 0x114270 = 81
[DexParser]   ULEB128[vm_code_off] @ 0x114271 = 73936
[DexParser]   === EXP-031.6 CODE_ITEM @ offset=0x73936 for size ===
[DexParser]   registers_size: 2
[DexParser]   ins_size: 1
[DexParser]   outs_size: 0
[DexParser]   tries_size: 0
[DexParser]   debug_info_off: 0x0
[DexParser]   insns_size: 2 ← KEY FIELD!
[DexParser]   ✅ EXTRACTED 2 INSTRUCTIONS!
[DexParser]   First opcodes: 0012 000f 
[DexParser]   → Virtual method[22]:
[DexParser]   ULEB128[vm_method_diff] @ 0x114274 = 1
[DexParser]   ULEB128[vm_access_flags] @ 0x114275 = 17
[DexParser]   ULEB128[vm_code_off] @ 0x114276 = 74200
[DexParser]   === EXP-031.6 CODE_ITEM @ offset=0x74200 for subList ===
[DexParser]   registers_size: 6
[DexParser]   ins_size: 3
[DexParser]   outs_size: 2
[DexParser]   tries_size: 0
[DexParser]   debug_info_off: 0x0
[DexParser]   insns_size: 33 ← KEY FIELD!
[DexParser]   ✅ EXTRACTED 33 INSTRUCTIONS!
[DexParser]   First opcodes: 0439 0005 0539 0003 0311 
[DexParser]   → Virtual method[23]:
[DexParser]   ULEB128[vm_method_diff] @ 0x114279 = 1
[DexParser]   ULEB128[vm_access_flags] @ 0x114280 = 17
[DexParser]   ULEB128[vm_code_off] @ 0x114281 = 74088
[DexParser]   === EXP-031.6 CODE_ITEM @ offset=0x74088 for toArray ===
[DexParser]   registers_size: 2
[DexParser]   ins_size: 1
[DexParser]   outs_size: 1
[DexParser]   tries_size: 0
[DexParser]   debug_info_off: 0x86707
[DexParser]   insns_size: 5 ← KEY FIELD!
[DexParser]   ✅ EXTRACTED 5 INSTRUCTIONS!
[DexParser]   First opcodes: 1071 0017 0001 000c 0011 
[DexParser]   → Virtual method[24]:
[DexParser]   ULEB128[vm_method_diff] @ 0x114284 = 1
[DexParser]   ULEB128[vm_access_flags] @ 0x114285 = 17
[DexParser]   ULEB128[vm_code_off] @ 0x114286 = 74116
[DexParser]   === EXP-031.6 CODE_ITEM @ offset=0x74116 for toArray ===
[DexParser]   registers_size: 3
[DexParser]   ins_size: 2
[DexParser]   outs_size: 2
[DexParser]   tries_size: 0
[DexParser]   debug_info_off: 0x86711
[DexParser]   insns_size: 10 ← KEY FIELD!
[DexParser]   ✅ EXTRACTED 10 INSTRUCTIONS!
[DexParser]   First opcodes: 001a 0294 2071 0010 0002 
[DexParser]   → Virtual method[25]:
[DexParser]   ULEB128[vm_method_diff] @ 0x114289 = 1
[DexParser]   ULEB128[vm_access_flags] @ 0x114290 = 17
[DexParser]   ULEB128[vm_code_off] @ 0x114291 = 74152
[DexParser]   === EXP-031.6 CODE_ITEM @ offset=0x74152 for toString ===
[DexParser]   registers_size: 2
[DexParser]   ins_size: 1
[DexParser]   outs_size: 0
[DexParser]   tries_size: 0
[DexParser]   debug_info_off: 0x0
[DexParser]   insns_size: 3 ← KEY FIELD!
[DexParser]   ✅ EXTRACTED 3 INSTRUCTIONS!
[DexParser]   First opcodes: 001a 0278 0011 
[DexParser]   → Result: 1 direct methods, 26 virtual methods
[DexParser] CLASS_DEF[84] @ offset 0x24664:
[DexParser]   class_idx: 298 (max valid: 337)
[DexParser]   access_flags: 0x17
[DexParser]   superclass_idx: 206
[DexParser]   class_data_off: 0x114294
[DexParser]   → Resolved name: [Ln/i;]
[DexParser]   → Parsing class_data at 0x114294
[DexParser]   === EXP-031.6 CLASS_DATA PARSING @ offset=0x114294 ===
[DexParser]   First bytes: 01 00 01 0f aa 02 19 a9 07 89 80 04 c8 c8 04 ab 07 11 e8 c8 04 01 11 e8 c5 04 01 11 fc c5 04 01 
[DexParser]   ULEB128[static_fields_size] @ 0x114294 = 1
[DexParser]   ULEB128[instance_fields_size] @ 0x114295 = 0
[DexParser]   ULEB128[direct_methods_size] @ 0x114296 = 1
[DexParser]   ULEB128[virtual_methods_size] @ 0x114297 = 15
[DexParser]   → Header: static=1, instance=0, direct=1, virtual=15
[DexParser]   ULEB128[sf_field_diff] @ 0x114298 = 298
[DexParser]   ULEB128[sf_access_flags] @ 0x114300 = 25
[DexParser]   → Direct method[0]:
[DexParser]   ULEB128[dm_method_diff] @ 0x114301 = 937
[DexParser]   ULEB128[dm_access_flags] @ 0x114303 = 65545
[DexParser]   ULEB128[dm_code_off] @ 0x114306 = 74824
[DexParser]   === EXP-031.6 CODE_ITEM @ offset=0x74824 for <clinit> ===
[DexParser]   registers_size: 1
[DexParser]   ins_size: 0
[DexParser]   outs_size: 1
[DexParser]   tries_size: 0
[DexParser]   debug_info_off: 0x0
[DexParser]   insns_size: 8 ← KEY FIELD!
[DexParser]   ✅ EXTRACTED 8 INSTRUCTIONS!
[DexParser]   First opcodes: 0022 012a 1070 03aa 0000 
[DexParser]   → Virtual method[0]:
[DexParser]   ULEB128[vm_method_diff] @ 0x114309 = 939
[DexParser]   ULEB128[vm_access_flags] @ 0x114311 = 17
[DexParser]   ULEB128[vm_code_off] @ 0x114312 = 74856
[DexParser]   === EXP-031.6 CODE_ITEM @ offset=0x74856 for clear ===
[DexParser]   registers_size: 3
[DexParser]   ins_size: 1
[DexParser]   outs_size: 2
[DexParser]   tries_size: 0
[DexParser]   debug_info_off: 0x0
[DexParser]   insns_size: 8 ← KEY FIELD!
[DexParser]   ✅ EXTRACTED 8 INSTRUCTIONS!
[DexParser]   First opcodes: 0022 00db 011a 0203 2070 
[DexParser]   → Virtual method[1]:
[DexParser]   ULEB128[vm_method_diff] @ 0x114315 = 1
[DexParser]   ULEB128[vm_access_flags] @ 0x114316 = 17
[DexParser]   ULEB128[vm_code_off] @ 0x114317 = 74472
[DexParser]   === EXP-031.6 CODE_ITEM @ offset=0x74472 for containsKey ===
[DexParser]   registers_size: 2
[DexParser]   ins_size: 2
[DexParser]   outs_size: 0
[DexParser]   tries_size: 0
[DexParser]   debug_info_off: 0x0
[DexParser]   insns_size: 2 ← KEY FIELD!
[DexParser]   ✅ EXTRACTED 2 INSTRUCTIONS!
[DexParser]   First opcodes: 0112 010f 
[DexParser]   → Virtual method[2]:
[DexParser]   ULEB128[vm_method_diff] @ 0x114320 = 1
[DexParser]   ULEB128[vm_access_flags] @ 0x114321 = 17
[DexParser]   ULEB128[vm_code_off] @ 0x114322 = 74492
[DexParser]   === EXP-031.6 CODE_ITEM @ offset=0x74492 for containsValue ===
[DexParser]   registers_size: 4
[DexParser]   ins_size: 2
[DexParser]   outs_size: 2
[DexParser]   tries_size: 0
[DexParser]   debug_info_off: 0x0
[DexParser]   insns_size: 14 ← KEY FIELD!
[DexParser]   ✅ EXTRACTED 14 INSTRUCTIONS!
[DexParser]   First opcodes: 3020 00dc 0112 0039 0003 
[DexParser]   → Virtual method[3]:
[DexParser]   ULEB128[vm_method_diff] @ 0x114325 = 1
[DexParser]   ULEB128[vm_access_flags] @ 0x114326 = 81
[DexParser]   ULEB128[vm_code_off] @ 0x114327 = 74776
[DexParser]   === EXP-031.6 CODE_ITEM @ offset=0x74776 for entrySet ===
[DexParser]   registers_size: 2
[DexParser]   ins_size: 1
[DexParser]   outs_size: 0
[DexParser]   tries_size: 0
[DexParser]   debug_info_off: 0x0
[DexParser]   insns_size: 3 ← KEY FIELD!
[DexParser]   ✅ EXTRACTED 3 INSTRUCTIONS!
[DexParser]   First opcodes: 0062 012b 0011 
[DexParser]   → Virtual method[4]:
[DexParser]   ULEB128[vm_method_diff] @ 0x114330 = 1
[DexParser]   ULEB128[vm_access_flags] @ 0x114331 = 17
[DexParser]   ULEB128[vm_code_off] @ 0x114332 = 74536
[DexParser]   === EXP-031.6 CODE_ITEM @ offset=0x74536 for equals ===
[DexParser]   registers_size: 3
[DexParser]   ins_size: 2
[DexParser]   outs_size: 1
[DexParser]   tries_size: 0
[DexParser]   debug_info_off: 0x0
[DexParser]   insns_size: 16 ← KEY FIELD!
[DexParser]   ✅ EXTRACTED 16 INSTRUCTIONS!
[DexParser]   First opcodes: 2020 00ff 0038 000c 021f 
[DexParser]   → Virtual method[5]:
[DexParser]   ULEB128[vm_method_diff] @ 0x114335 = 1
[DexParser]   ULEB128[vm_access_flags] @ 0x114336 = 4177
[DexParser]   ULEB128[vm_code_off] @ 0x114338 = 74644
[DexParser]   === EXP-031.6 CODE_ITEM @ offset=0x74644 for get ===
[DexParser]   registers_size: 2
[DexParser]   ins_size: 2
[DexParser]   outs_size: 0
[DexParser]   tries_size: 0
[DexParser]   debug_info_off: 0x0
[DexParser]   insns_size: 2 ← KEY FIELD!
[DexParser]   ✅ EXTRACTED 2 INSTRUCTIONS!
[DexParser]   First opcodes: 0112 0111 
[DexParser]   → Virtual method[6]:
[DexParser]   ULEB128[vm_method_diff] @ 0x114341 = 1
[DexParser]   ULEB128[vm_access_flags] @ 0x114342 = 17
[DexParser]   ULEB128[vm_code_off] @ 0x114343 = 74604
[DexParser]   === EXP-031.6 CODE_ITEM @ offset=0x74604 for hashCode ===
[DexParser]   registers_size: 2
[DexParser]   ins_size: 1
[DexParser]   outs_size: 0
[DexParser]   tries_size: 0
[DexParser]   debug_info_off: 0x0
[DexParser]   insns_size: 2 ← KEY FIELD!
[DexParser]   ✅ EXTRACTED 2 INSTRUCTIONS!
[DexParser]   First opcodes: 0012 000f 
[DexParser]   → Virtual method[7]:
[DexParser]   ULEB128[vm_method_diff] @ 0x114346 = 1
[DexParser]   ULEB128[vm_access_flags] @ 0x114347 = 17
[DexParser]   ULEB128[vm_code_off] @ 0x114348 = 74584
[DexParser]   === EXP-031.6 CODE_ITEM @ offset=0x74584 for isEmpty ===
[DexParser]   registers_size: 2
[DexParser]   ins_size: 1
[DexParser]   outs_size: 0
[DexParser]   tries_size: 0
[DexParser]   debug_info_off: 0x0
[DexParser]   insns_size: 2 ← KEY FIELD!
[DexParser]   ✅ EXTRACTED 2 INSTRUCTIONS!
[DexParser]   First opcodes: 1012 000f 
[DexParser]   → Virtual method[8]:
[DexParser]   ULEB128[vm_method_diff] @ 0x114351 = 1
[DexParser]   ULEB128[vm_access_flags] @ 0x114352 = 81
[DexParser]   ULEB128[vm_code_off] @ 0x114353 = 74800
[DexParser]   === EXP-031.6 CODE_ITEM @ offset=0x74800 for keySet ===
[DexParser]   registers_size: 2
[DexParser]   ins_size: 1
[DexParser]   outs_size: 0
[DexParser]   tries_size: 0
[DexParser]   debug_info_off: 0x0
[DexParser]   insns_size: 3 ← KEY FIELD!
[DexParser]   ✅ EXTRACTED 3 INSTRUCTIONS!
[DexParser]   First opcodes: 0062 012b 0011 
[DexParser]   → Virtual method[9]:
[DexParser]   ULEB128[vm_method_diff] @ 0x114356 = 1
[DexParser]   ULEB128[vm_access_flags] @ 0x114357 = 4177
[DexParser]   ULEB128[vm_code_off] @ 0x114359 = 74664
[DexParser]   === EXP-031.6 CODE_ITEM @ offset=0x74664 for put ===
[DexParser]   registers_size: 3
[DexParser]   ins_size: 3
[DexParser]   outs_size: 2
[DexParser]   tries_size: 0
[DexParser]   debug_info_off: 0x0
[DexParser]   insns_size: 8 ← KEY FIELD!
[DexParser]   ✅ EXTRACTED 8 INSTRUCTIONS!
[DexParser]   First opcodes: 0122 00db 021a 0203 2070 
[DexParser]   → Virtual method[10]:
[DexParser]   ULEB128[vm_method_diff] @ 0x114362 = 1
[DexParser]   ULEB128[vm_access_flags] @ 0x114363 = 17
[DexParser]   ULEB128[vm_code_off] @ 0x114364 = 74888
[DexParser]   === EXP-031.6 CODE_ITEM @ offset=0x74888 for putAll ===
[DexParser]   registers_size: 3
[DexParser]   ins_size: 2
[DexParser]   outs_size: 2
[DexParser]   tries_size: 0
[DexParser]   debug_info_off: 0x0
[DexParser]   insns_size: 8 ← KEY FIELD!
[DexParser]   ✅ EXTRACTED 8 INSTRUCTIONS!
[DexParser]   First opcodes: 0222 00db 001a 0203 2070 
[DexParser]   → Virtual method[11]:
[DexParser]   ULEB128[vm_method_diff] @ 0x114367 = 1
[DexParser]   ULEB128[vm_access_flags] @ 0x114368 = 17
[DexParser]   ULEB128[vm_code_off] @ 0x114369 = 74696
[DexParser]   === EXP-031.6 CODE_ITEM @ offset=0x74696 for remove ===
[DexParser]   registers_size: 3
[DexParser]   ins_size: 2
[DexParser]   outs_size: 2
[DexParser]   tries_size: 0
[DexParser]   debug_info_off: 0x0
[DexParser]   insns_size: 8 ← KEY FIELD!
[DexParser]   ✅ EXTRACTED 8 INSTRUCTIONS!
[DexParser]   First opcodes: 0222 00db 001a 0203 2070 
[DexParser]   → Virtual method[12]:
[DexParser]   ULEB128[vm_method_diff] @ 0x114372 = 1
[DexParser]   ULEB128[vm_access_flags] @ 0x114373 = 81
[DexParser]   ULEB128[vm_code_off] @ 0x114374 = 74624
[DexParser]   === EXP-031.6 CODE_ITEM @ offset=0x74624 for size ===
[DexParser]   registers_size: 2
[DexParser]   ins_size: 1
[DexParser]   outs_size: 0
[DexParser]   tries_size: 0
[DexParser]   debug_info_off: 0x0
[DexParser]   insns_size: 2 ← KEY FIELD!
[DexParser]   ✅ EXTRACTED 2 INSTRUCTIONS!
[DexParser]   First opcodes: 0012 000f 
[DexParser]   → Virtual method[13]:
[DexParser]   ULEB128[vm_method_diff] @ 0x114377 = 1
[DexParser]   ULEB128[vm_access_flags] @ 0x114378 = 17
[DexParser]   ULEB128[vm_code_off] @ 0x114379 = 74728
[DexParser]   === EXP-031.6 CODE_ITEM @ offset=0x74728 for toString ===
[DexParser]   registers_size: 2
[DexParser]   ins_size: 1
[DexParser]   outs_size: 0
[DexParser]   tries_size: 0
[DexParser]   debug_info_off: 0x0
[DexParser]   insns_size: 3 ← KEY FIELD!
[DexParser]   ✅ EXTRACTED 3 INSTRUCTIONS!
[DexParser]   First opcodes: 001a 0487 0011 
[DexParser]   → Virtual method[14]:
[DexParser]   ULEB128[vm_method_diff] @ 0x114382 = 1
[DexParser]   ULEB128[vm_access_flags] @ 0x114383 = 81
[DexParser]   ULEB128[vm_code_off] @ 0x114384 = 74752
[DexParser]   === EXP-031.6 CODE_ITEM @ offset=0x74752 for values ===
[DexParser]   registers_size: 2
[DexParser]   ins_size: 1
[DexParser]   outs_size: 0
[DexParser]   tries_size: 0
[DexParser]   debug_info_off: 0x0
[DexParser]   insns_size: 3 ← KEY FIELD!
[DexParser]   ✅ EXTRACTED 3 INSTRUCTIONS!
[DexParser]   First opcodes: 0062 0129 0011 
[DexParser]   → Result: 1 direct methods, 15 virtual methods
[DexParser] CLASS_DEF[85] @ offset 0x24696:
[DexParser]   class_idx: 299 (max valid: 337)
[DexParser]   access_flags: 0x17
[DexParser]   superclass_idx: 206
[DexParser]   class_data_off: 0x114387
[DexParser]   → Resolved name: [Ln/j;]
[DexParser]   → Parsing class_data at 0x114387
[DexParser]   === EXP-031.6 CLASS_DATA PARSING @ offset=0x114387 ===
[DexParser]   First bytes: 01 00 01 10 ab 02 19 ba 07 89 80 04 f4 cc 04 bc 07 d1 20 a8 c9 04 01 11 c8 c9 04 01 11 94 cd 04 
[DexParser]   ULEB128[static_fields_size] @ 0x114387 = 1
[DexParser]   ULEB128[instance_fields_size] @ 0x114388 = 0
[DexParser]   ULEB128[direct_methods_size] @ 0x114389 = 1
[DexParser]   ULEB128[virtual_methods_size] @ 0x114390 = 16
[DexParser]   → Header: static=1, instance=0, direct=1, virtual=16
[DexParser]   ULEB128[sf_field_diff] @ 0x114391 = 299
[DexParser]   ULEB128[sf_access_flags] @ 0x114393 = 25
[DexParser]   → Direct method[0]:
[DexParser]   ULEB128[dm_method_diff] @ 0x114394 = 954
[DexParser]   ULEB128[dm_access_flags] @ 0x114396 = 65545
[DexParser]   ULEB128[dm_code_off] @ 0x114399 = 75380
[DexParser]   === EXP-031.6 CODE_ITEM @ offset=0x75380 for <clinit> ===
[DexParser]   registers_size: 1
[DexParser]   ins_size: 0
[DexParser]   outs_size: 1
[DexParser]   tries_size: 0
[DexParser]   debug_info_off: 0x0
[DexParser]   insns_size: 8 ← KEY FIELD!
[DexParser]   ✅ EXTRACTED 8 INSTRUCTIONS!
[DexParser]   First opcodes: 0022 012b 1070 03bb 0000 
[DexParser]   → Virtual method[0]:
[DexParser]   ULEB128[vm_method_diff] @ 0x114402 = 956
[DexParser]   ULEB128[vm_access_flags] @ 0x114404 = 4177
[DexParser]   ULEB128[vm_code_off] @ 0x114406 = 74920
[DexParser]   === EXP-031.6 CODE_ITEM @ offset=0x74920 for add ===
[DexParser]   registers_size: 3
[DexParser]   ins_size: 2
[DexParser]   outs_size: 2
[DexParser]   tries_size: 0
[DexParser]   debug_info_off: 0x0
[DexParser]   insns_size: 8 ← KEY FIELD!
[DexParser]   ✅ EXTRACTED 8 INSTRUCTIONS!
[DexParser]   First opcodes: 0222 00db 001a 0203 2070 
[DexParser]   → Virtual method[1]:
[DexParser]   ULEB128[vm_method_diff] @ 0x114409 = 1
[DexParser]   ULEB128[vm_access_flags] @ 0x114410 = 17
[DexParser]   ULEB128[vm_code_off] @ 0x114411 = 74952
[DexParser]   === EXP-031.6 CODE_ITEM @ offset=0x74952 for addAll ===
[DexParser]   registers_size: 3
[DexParser]   ins_size: 2
[DexParser]   outs_size: 2
[DexParser]   tries_size: 0
[DexParser]   debug_info_off: 0x0
[DexParser]   insns_size: 8 ← KEY FIELD!
[DexParser]   ✅ EXTRACTED 8 INSTRUCTIONS!
[DexParser]   First opcodes: 0222 00db 001a 0203 2070 
[DexParser]   → Virtual method[2]:
[DexParser]   ULEB128[vm_method_diff] @ 0x114414 = 1
[DexParser]   ULEB128[vm_access_flags] @ 0x114415 = 17
[DexParser]   ULEB128[vm_code_off] @ 0x114416 = 75412
[DexParser]   === EXP-031.6 CODE_ITEM @ offset=0x75412 for clear ===
[DexParser]   registers_size: 3
[DexParser]   ins_size: 1
[DexParser]   outs_size: 2
[DexParser]   tries_size: 0
[DexParser]   debug_info_off: 0x0
[DexParser]   insns_size: 8 ← KEY FIELD!
[DexParser]   ✅ EXTRACTED 8 INSTRUCTIONS!
[DexParser]   First opcodes: 0022 00db 011a 0203 2070 
[DexParser]   → Virtual method[3]:
[DexParser]   ULEB128[vm_method_diff] @ 0x114419 = 1
[DexParser]   ULEB128[vm_access_flags] @ 0x114420 = 17
[DexParser]   ULEB128[vm_code_off] @ 0x114421 = 74984
[DexParser]   === EXP-031.6 CODE_ITEM @ offset=0x74984 for contains ===
[DexParser]   registers_size: 4
[DexParser]   ins_size: 2
[DexParser]   outs_size: 2
[DexParser]   tries_size: 0
[DexParser]   debug_info_off: 0x0
[DexParser]   insns_size: 14 ← KEY FIELD!
[DexParser]   ✅ EXTRACTED 14 INSTRUCTIONS!
[DexParser]   First opcodes: 3020 00dc 0112 0039 0003 
[DexParser]   → Virtual method[4]:
[DexParser]   ULEB128[vm_method_diff] @ 0x114424 = 1
[DexParser]   ULEB128[vm_access_flags] @ 0x114425 = 17
[DexParser]   ULEB128[vm_code_off] @ 0x114426 = 75028
[DexParser]   === EXP-031.6 CODE_ITEM @ offset=0x75028 for containsAll ===
[DexParser]   registers_size: 3
[DexParser]   ins_size: 2
[DexParser]   outs_size: 2
[DexParser]   tries_size: 0
[DexParser]   debug_info_off: 0x0
[DexParser]   insns_size: 10 ← KEY FIELD!
[DexParser]   ✅ EXTRACTED 10 INSTRUCTIONS!
[DexParser]   First opcodes: 001a 02f7 2071 0010 0002 
[DexParser]   → Virtual method[5]:
[DexParser]   ULEB128[vm_method_diff] @ 0x114429 = 1
[DexParser]   ULEB128[vm_access_flags] @ 0x114430 = 17
[DexParser]   ULEB128[vm_code_off] @ 0x114431 = 75064
[DexParser]   === EXP-031.6 CODE_ITEM @ offset=0x75064 for equals ===
[DexParser]   registers_size: 3
[DexParser]   ins_size: 2
[DexParser]   outs_size: 1
[DexParser]   tries_size: 0
[DexParser]   debug_info_off: 0x0
[DexParser]   insns_size: 16 ← KEY FIELD!
[DexParser]   ✅ EXTRACTED 16 INSTRUCTIONS!
[DexParser]   First opcodes: 2020 0103 0038 000c 021f 
[DexParser]   → Virtual method[6]:
[DexParser]   ULEB128[vm_method_diff] @ 0x114434 = 1
[DexParser]   ULEB128[vm_access_flags] @ 0x114435 = 17
[DexParser]   ULEB128[vm_code_off] @ 0x114436 = 75228
[DexParser]   === EXP-031.6 CODE_ITEM @ offset=0x75228 for hashCode ===
[DexParser]   registers_size: 2
[DexParser]   ins_size: 1
[DexParser]   outs_size: 0
[DexParser]   tries_size: 0
[DexParser]   debug_info_off: 0x0
[DexParser]   insns_size: 2 ← KEY FIELD!
[DexParser]   ✅ EXTRACTED 2 INSTRUCTIONS!
[DexParser]   First opcodes: 0012 000f 
[DexParser]   → Virtual method[7]:
[DexParser]   ULEB128[vm_method_diff] @ 0x114439 = 1
[DexParser]   ULEB128[vm_access_flags] @ 0x114440 = 17
[DexParser]   ULEB128[vm_code_off] @ 0x114441 = 75112
[DexParser]   === EXP-031.6 CODE_ITEM @ offset=0x75112 for isEmpty ===
[DexParser]   registers_size: 2
[DexParser]   ins_size: 1
[DexParser]   outs_size: 0
[DexParser]   tries_size: 0
[DexParser]   debug_info_off: 0x0
[DexParser]   insns_size: 2 ← KEY FIELD!
[DexParser]   ✅ EXTRACTED 2 INSTRUCTIONS!
[DexParser]   First opcodes: 1012 000f 
[DexParser]   → Virtual method[8]:
[DexParser]   ULEB128[vm_method_diff] @ 0x114444 = 1
[DexParser]   ULEB128[vm_access_flags] @ 0x114445 = 17
[DexParser]   ULEB128[vm_code_off] @ 0x114446 = 75356
[DexParser]   === EXP-031.6 CODE_ITEM @ offset=0x75356 for iterator ===
[DexParser]   registers_size: 2
[DexParser]   ins_size: 1
[DexParser]   outs_size: 0
[DexParser]   tries_size: 0
[DexParser]   debug_info_off: 0x0
[DexParser]   insns_size: 3 ← KEY FIELD!
[DexParser]   ✅ EXTRACTED 3 INSTRUCTIONS!
[DexParser]   First opcodes: 0062 0128 0011 
[DexParser]   → Virtual method[9]:
[DexParser]   ULEB128[vm_method_diff] @ 0x114449 = 1
[DexParser]   ULEB128[vm_access_flags] @ 0x114450 = 17
[DexParser]   ULEB128[vm_code_off] @ 0x114451 = 75132
[DexParser]   === EXP-031.6 CODE_ITEM @ offset=0x75132 for remove ===
[DexParser]   registers_size: 3
[DexParser]   ins_size: 2
[DexParser]   outs_size: 2
[DexParser]   tries_size: 0
[DexParser]   debug_info_off: 0x0
[DexParser]   insns_size: 8 ← KEY FIELD!
[DexParser]   ✅ EXTRACTED 8 INSTRUCTIONS!
[DexParser]   First opcodes: 0222 00db 001a 0203 2070 
[DexParser]   → Virtual method[10]:
[DexParser]   ULEB128[vm_method_diff] @ 0x114454 = 1
[DexParser]   ULEB128[vm_access_flags] @ 0x114455 = 17
[DexParser]   ULEB128[vm_code_off] @ 0x114456 = 75164
[DexParser]   === EXP-031.6 CODE_ITEM @ offset=0x75164 for removeAll ===
[DexParser]   registers_size: 3
[DexParser]   ins_size: 2
[DexParser]   outs_size: 2
[DexParser]   tries_size: 0
[DexParser]   debug_info_off: 0x0
[DexParser]   insns_size: 8 ← KEY FIELD!
[DexParser]   ✅ EXTRACTED 8 INSTRUCTIONS!
[DexParser]   First opcodes: 0222 00db 001a 0203 2070 
[DexParser]   → Virtual method[11]:
[DexParser]   ULEB128[vm_method_diff] @ 0x114459 = 1
[DexParser]   ULEB128[vm_access_flags] @ 0x114460 = 17
[DexParser]   ULEB128[vm_code_off] @ 0x114461 = 75196
[DexParser]   === EXP-031.6 CODE_ITEM @ offset=0x75196 for retainAll ===
[DexParser]   registers_size: 3
[DexParser]   ins_size: 2
[DexParser]   outs_size: 2
[DexParser]   tries_size: 0
[DexParser]   debug_info_off: 0x0
[DexParser]   insns_size: 8 ← KEY FIELD!
[DexParser]   ✅ EXTRACTED 8 INSTRUCTIONS!
[DexParser]   First opcodes: 0222 00db 001a 0203 2070 
[DexParser]   → Virtual method[12]:
[DexParser]   ULEB128[vm_method_diff] @ 0x114464 = 1
[DexParser]   ULEB128[vm_access_flags] @ 0x114465 = 81
[DexParser]   ULEB128[vm_code_off] @ 0x114466 = 75248
[DexParser]   === EXP-031.6 CODE_ITEM @ offset=0x75248 for size ===
[DexParser]   registers_size: 2
[DexParser]   ins_size: 1
[DexParser]   outs_size: 0
[DexParser]   tries_size: 0
[DexParser]   debug_info_off: 0x0
[DexParser]   insns_size: 2 ← KEY FIELD!
[DexParser]   ✅ EXTRACTED 2 INSTRUCTIONS!
[DexParser]   First opcodes: 0012 000f 
[DexParser]   → Virtual method[13]:
[DexParser]   ULEB128[vm_method_diff] @ 0x114469 = 1
[DexParser]   ULEB128[vm_access_flags] @ 0x114470 = 17
[DexParser]   ULEB128[vm_code_off] @ 0x114471 = 75268
[DexParser]   === EXP-031.6 CODE_ITEM @ offset=0x75268 for toArray ===
[DexParser]   registers_size: 2
[DexParser]   ins_size: 1
[DexParser]   outs_size: 1
[DexParser]   tries_size: 0
[DexParser]   debug_info_off: 0x86707
[DexParser]   insns_size: 5 ← KEY FIELD!
[DexParser]   ✅ EXTRACTED 5 INSTRUCTIONS!
[DexParser]   First opcodes: 1071 0017 0001 000c 0011 
[DexParser]   → Virtual method[14]:
[DexParser]   ULEB128[vm_method_diff] @ 0x114474 = 1
[DexParser]   ULEB128[vm_access_flags] @ 0x114475 = 17
[DexParser]   ULEB128[vm_code_off] @ 0x114476 = 75296
[DexParser]   === EXP-031.6 CODE_ITEM @ offset=0x75296 for toArray ===
[DexParser]   registers_size: 3
[DexParser]   ins_size: 2
[DexParser]   outs_size: 2
[DexParser]   tries_size: 0
[DexParser]   debug_info_off: 0x86711
[DexParser]   insns_size: 10 ← KEY FIELD!
[DexParser]   ✅ EXTRACTED 10 INSTRUCTIONS!
[DexParser]   First opcodes: 001a 0294 2071 0010 0002 
[DexParser]   → Virtual method[15]:
[DexParser]   ULEB128[vm_method_diff] @ 0x114479 = 1
[DexParser]   ULEB128[vm_access_flags] @ 0x114480 = 17
[DexParser]   ULEB128[vm_code_off] @ 0x114481 = 75332
[DexParser]   === EXP-031.6 CODE_ITEM @ offset=0x75332 for toString ===
[DexParser]   registers_size: 2
[DexParser]   ins_size: 1
[DexParser]   outs_size: 0
[DexParser]   tries_size: 0
[DexParser]   debug_info_off: 0x0
[DexParser]   insns_size: 3 ← KEY FIELD!
[DexParser]   ✅ EXTRACTED 3 INSTRUCTIONS!
[DexParser]   First opcodes: 001a 0278 0011 
[DexParser]   → Result: 1 direct methods, 16 virtual methods
[DexParser] CLASS_DEF[86] @ offset 0x24728:
[DexParser]   class_idx: 300 (max valid: 337)
[DexParser]   access_flags: 0x17
[DexParser]   superclass_idx: 206
[DexParser]   class_data_off: 0x114484
[DexParser]   → Resolved name: [Lo/a;]
[DexParser]   → Parsing class_data at 0x114484
[DexParser]   === EXP-031.6 CLASS_DATA PARSING @ offset=0x114484 ===
[DexParser]   First bytes: 00 04 01 0a ac 02 11 01 01 01 01 01 01 cc 07 81 80 04 cc cf 04 cd 07 11 c8 d0 04 01 11 88 d0 04 
[DexParser]   ULEB128[static_fields_size] @ 0x114484 = 0
[DexParser]   ULEB128[instance_fields_size] @ 0x114485 = 4
[DexParser]   ULEB128[direct_methods_size] @ 0x114486 = 1
[DexParser]   ULEB128[virtual_methods_size] @ 0x114487 = 10
[DexParser]   → Header: static=0, instance=4, direct=1, virtual=10
[DexParser]   ULEB128[if_field_diff] @ 0x114488 = 300
[DexParser]   ULEB128[if_access_flags] @ 0x114490 = 17
[DexParser]   ULEB128[if_field_diff] @ 0x114491 = 1
[DexParser]   ULEB128[if_access_flags] @ 0x114492 = 1
[DexParser]   ULEB128[if_field_diff] @ 0x114493 = 1
[DexParser]   ULEB128[if_access_flags] @ 0x114494 = 1
[DexParser]   ULEB128[if_field_diff] @ 0x114495 = 1
[DexParser]   ULEB128[if_access_flags] @ 0x114496 = 1
[DexParser]   → Direct method[0]:
[DexParser]   ULEB128[dm_method_diff] @ 0x114497 = 972
[DexParser]   ULEB128[dm_access_flags] @ 0x114499 = 65537
[DexParser]   ULEB128[dm_code_off] @ 0x114502 = 75724
[DexParser]   === EXP-031.6 CODE_ITEM @ offset=0x75724 for <init> ===
[DexParser]   registers_size: 4
[DexParser]   ins_size: 3
[DexParser]   outs_size: 2
[DexParser]   tries_size: 0
[DexParser]   debug_info_off: 0x0
[DexParser]   insns_size: 22 ← KEY FIELD!
[DexParser]   ✅ EXTRACTED 22 INSTRUCTIONS!
[DexParser]   First opcodes: 001a 038f 2071 0010 0002 
[DexParser]   → Virtual method[0]:
[DexParser]   ULEB128[vm_method_diff] @ 0x114505 = 973
[DexParser]   ULEB128[vm_access_flags] @ 0x114507 = 17
[DexParser]   ULEB128[vm_code_off] @ 0x114508 = 75848
[DexParser]   === EXP-031.6 CODE_ITEM @ offset=0x75848 for a ===
[DexParser]   registers_size: 3
[DexParser]   ins_size: 1
[DexParser]   outs_size: 1
[DexParser]   tries_size: 0
[DexParser]   debug_info_off: 0x0
[DexParser]   insns_size: 17 ← KEY FIELD!
[DexParser]   ✅ EXTRACTED 17 INSTRUCTIONS!
[DexParser]   First opcodes: 2054 012c 1071 03db 0000 
[DexParser]   → Virtual method[1]:
[DexParser]   ULEB128[vm_method_diff] @ 0x114511 = 1
[DexParser]   ULEB128[vm_access_flags] @ 0x114512 = 17
[DexParser]   ULEB128[vm_code_off] @ 0x114513 = 75784
[DexParser]   === EXP-031.6 CODE_ITEM @ offset=0x75784 for add ===
[DexParser]   registers_size: 4
[DexParser]   ins_size: 2
[DexParser]   outs_size: 3
[DexParser]   tries_size: 0
[DexParser]   debug_info_off: 0x0
[DexParser]   insns_size: 24 ← KEY FIELD!
[DexParser]   ✅ EXTRACTED 24 INSTRUCTIONS!
[DexParser]   First opcodes: 106e 03cd 0002 2052 012d 
[DexParser]   → Virtual method[2]:
[DexParser]   ULEB128[vm_method_diff] @ 0x114516 = 1
[DexParser]   ULEB128[vm_access_flags] @ 0x114517 = 17
[DexParser]   ULEB128[vm_code_off] @ 0x114518 = 75444
[DexParser]   === EXP-031.6 CODE_ITEM @ offset=0x75444 for hasNext ===
[DexParser]   registers_size: 3
[DexParser]   ins_size: 1
[DexParser]   outs_size: 0
[DexParser]   tries_size: 0
[DexParser]   debug_info_off: 0x0
[DexParser]   insns_size: 12 ← KEY FIELD!
[DexParser]   ✅ EXTRACTED 12 INSTRUCTIONS!
[DexParser]   First opcodes: 2052 012d 2154 012c 1152 
[DexParser]   → Virtual method[3]:
[DexParser]   ULEB128[vm_method_diff] @ 0x114521 = 1
[DexParser]   ULEB128[vm_access_flags] @ 0x114522 = 17
[DexParser]   ULEB128[vm_code_off] @ 0x114523 = 75484
[DexParser]   === EXP-031.6 CODE_ITEM @ offset=0x75484 for hasPrevious ===
[DexParser]   registers_size: 2
[DexParser]   ins_size: 1
[DexParser]   outs_size: 0
[DexParser]   tries_size: 0
[DexParser]   debug_info_off: 0x0
[DexParser]   insns_size: 8 ← KEY FIELD!
[DexParser]   ✅ EXTRACTED 8 INSTRUCTIONS!
[DexParser]   First opcodes: 1052 012d 003d 0004 1012 
[DexParser]   → Virtual method[4]:
[DexParser]   ULEB128[vm_method_diff] @ 0x114526 = 1
[DexParser]   ULEB128[vm_access_flags] @ 0x114527 = 17
[DexParser]   ULEB128[vm_code_off] @ 0x114528 = 75568
[DexParser]   === EXP-031.6 CODE_ITEM @ offset=0x75568 for next ===
[DexParser]   registers_size: 4
[DexParser]   ins_size: 1
[DexParser]   outs_size: 1
[DexParser]   tries_size: 0
[DexParser]   debug_info_off: 0x0
[DexParser]   insns_size: 31 ← KEY FIELD!
[DexParser]   ✅ EXTRACTED 31 INSTRUCTIONS!
[DexParser]   First opcodes: 106e 03cd 0003 3052 012d 
[DexParser]   → Virtual method[5]:
[DexParser]   ULEB128[vm_method_diff] @ 0x114531 = 1
[DexParser]   ULEB128[vm_access_flags] @ 0x114532 = 17
[DexParser]   ULEB128[vm_code_off] @ 0x114533 = 75516
[DexParser]   === EXP-031.6 CODE_ITEM @ offset=0x75516 for nextIndex ===
[DexParser]   registers_size: 2
[DexParser]   ins_size: 1
[DexParser]   outs_size: 0
[DexParser]   tries_size: 0
[DexParser]   debug_info_off: 0x0
[DexParser]   insns_size: 3 ← KEY FIELD!
[DexParser]   ✅ EXTRACTED 3 INSTRUCTIONS!
[DexParser]   First opcodes: 1052 012d 000f 
[DexParser]   → Virtual method[6]:
[DexParser]   ULEB128[vm_method_diff] @ 0x114536 = 1
[DexParser]   ULEB128[vm_access_flags] @ 0x114537 = 17
[DexParser]   ULEB128[vm_code_off] @ 0x114538 = 75648
[DexParser]   === EXP-031.6 CODE_ITEM @ offset=0x75648 for previous ===
[DexParser]   registers_size: 4
[DexParser]   ins_size: 1
[DexParser]   outs_size: 1
[DexParser]   tries_size: 0
[DexParser]   debug_info_off: 0x0
[DexParser]   insns_size: 29 ← KEY FIELD!
[DexParser]   ✅ EXTRACTED 29 INSTRUCTIONS!
[DexParser]   First opcodes: 106e 03cd 0003 3052 012d 
[DexParser]   → Virtual method[7]:
[DexParser]   ULEB128[vm_method_diff] @ 0x114541 = 1
[DexParser]   ULEB128[vm_access_flags] @ 0x114542 = 17
[DexParser]   ULEB128[vm_code_off] @ 0x114543 = 75540
[DexParser]   === EXP-031.6 CODE_ITEM @ offset=0x75540 for previousIndex ===
[DexParser]   registers_size: 2
[DexParser]   ins_size: 1
[DexParser]   outs_size: 0
[DexParser]   tries_size: 0
[DexParser]   debug_info_off: 0x0
[DexParser]   insns_size: 5 ← KEY FIELD!
[DexParser]   ✅ EXTRACTED 5 INSTRUCTIONS!
[DexParser]   First opcodes: 1052 012d 00d8 ff00 000f 
[DexParser]   → Virtual method[8]:
[DexParser]   ULEB128[vm_method_diff] @ 0x114546 = 1
[DexParser]   ULEB128[vm_access_flags] @ 0x114547 = 17
[DexParser]   ULEB128[vm_code_off] @ 0x114548 = 75900
[DexParser]   === EXP-031.6 CODE_ITEM @ offset=0x75900 for remove ===
[DexParser]   registers_size: 4
[DexParser]   ins_size: 1
[DexParser]   outs_size: 2
[DexParser]   tries_size: 0
[DexParser]   debug_info_off: 0x0
[DexParser]   insns_size: 43 ← KEY FIELD!
[DexParser]   ✅ EXTRACTED 43 INSTRUCTIONS!
[DexParser]   First opcodes: 106e 03cd 0003 3052 012e 
[DexParser]   → Virtual method[9]:
[DexParser]   ULEB128[vm_method_diff] @ 0x114551 = 1
[DexParser]   ULEB128[vm_access_flags] @ 0x114552 = 17
[DexParser]   ULEB128[vm_code_off] @ 0x114553 = 76004
[DexParser]   === EXP-031.6 CODE_ITEM @ offset=0x76004 for set ===
[DexParser]   registers_size: 4
[DexParser]   ins_size: 2
[DexParser]   outs_size: 3
[DexParser]   tries_size: 0
[DexParser]   debug_info_off: 0x0
[DexParser]   insns_size: 31 ← KEY FIELD!
[DexParser]   ✅ EXTRACTED 31 INSTRUCTIONS!
[DexParser]   First opcodes: 106e 03cd 0002 2052 012e 
[DexParser]   → Result: 1 direct methods, 10 virtual methods
[DexParser] CLASS_DEF[87] @ offset 0x24760:
[DexParser]   class_idx: 303 (max valid: 337)
[DexParser]   access_flags: 0x17
[DexParser]   superclass_idx: 206
[DexParser]   class_data_off: 0x114556
[DexParser]   → Resolved name: [Lo/d;]
[DexParser]   → Parsing class_data at 0x114556
[DexParser]   === EXP-031.6 CLASS_DATA PARSING @ offset=0x114556 ===
[DexParser]   First bytes: 00 02 01 06 b8 02 11 01 11 fc 07 81 80 04 d8 ef 04 fd 07 11 dc ec 04 01 11 fc ed 04 01 11 a0 ee 
[DexParser]   ULEB128[static_fields_size] @ 0x114556 = 0
[DexParser]   ULEB128[instance_fields_size] @ 0x114557 = 2
[DexParser]   ULEB128[direct_methods_size] @ 0x114558 = 1
[DexParser]   ULEB128[virtual_methods_size] @ 0x114559 = 6
[DexParser]   → Header: static=0, instance=2, direct=1, virtual=6
[DexParser]   ULEB128[if_field_diff] @ 0x114560 = 312
[DexParser]   ULEB128[if_access_flags] @ 0x114562 = 17
[DexParser]   ULEB128[if_field_diff] @ 0x114563 = 1
[DexParser]   ULEB128[if_access_flags] @ 0x114564 = 17
[DexParser]   → Direct method[0]:
[DexParser]   ULEB128[dm_method_diff] @ 0x114565 = 1020
[DexParser]   ULEB128[dm_access_flags] @ 0x114567 = 65537
[DexParser]   ULEB128[dm_code_off] @ 0x114570 = 79832
[DexParser]   === EXP-031.6 CODE_ITEM @ offset=0x79832 for <init> ===
[DexParser]   registers_size: 4
[DexParser]   ins_size: 3
[DexParser]   outs_size: 2
[DexParser]   tries_size: 0
[DexParser]   debug_info_off: 0x0
[DexParser]   insns_size: 13 ← KEY FIELD!
[DexParser]   ✅ EXTRACTED 13 INSTRUCTIONS!
[DexParser]   First opcodes: 001a 0395 2071 0010 0002 
[DexParser]   → Virtual method[0]:
[DexParser]   ULEB128[vm_method_diff] @ 0x114573 = 1021
[DexParser]   ULEB128[vm_access_flags] @ 0x114575 = 17
[DexParser]   ULEB128[vm_code_off] @ 0x114576 = 79452
[DexParser]   === EXP-031.6 CODE_ITEM @ offset=0x79452 for equals ===
[DexParser]   registers_size: 4
[DexParser]   ins_size: 2
[DexParser]   outs_size: 2
[DexParser]   tries_size: 0
[DexParser]   debug_info_off: 0x0
[DexParser]   insns_size: 38 ← KEY FIELD!
[DexParser]   ✅ EXTRACTED 38 INSTRUCTIONS!
[DexParser]   First opcodes: 3020 00fe 0038 0022 031f 
[DexParser]   → Virtual method[1]:
[DexParser]   ULEB128[vm_method_diff] @ 0x114579 = 1
[DexParser]   ULEB128[vm_access_flags] @ 0x114580 = 17
[DexParser]   ULEB128[vm_code_off] @ 0x114581 = 79612
[DexParser]   === EXP-031.6 CODE_ITEM @ offset=0x79612 for getKey ===
[DexParser]   registers_size: 3
[DexParser]   ins_size: 1
[DexParser]   outs_size: 0
[DexParser]   tries_size: 0
[DexParser]   debug_info_off: 0x0
[DexParser]   insns_size: 9 ← KEY FIELD!
[DexParser]   ✅ EXTRACTED 9 INSTRUCTIONS!
[DexParser]   First opcodes: 2054 0138 0054 013e 2152 
[DexParser]   → Virtual method[2]:
[DexParser]   ULEB128[vm_method_diff] @ 0x114584 = 1
[DexParser]   ULEB128[vm_access_flags] @ 0x114585 = 17
[DexParser]   ULEB128[vm_code_off] @ 0x114586 = 79648
[DexParser]   === EXP-031.6 CODE_ITEM @ offset=0x79648 for getValue ===
[DexParser]   registers_size: 3
[DexParser]   ins_size: 1
[DexParser]   outs_size: 1
[DexParser]   tries_size: 0
[DexParser]   debug_info_off: 0x0
[DexParser]   insns_size: 12 ← KEY FIELD!
[DexParser]   ✅ EXTRACTED 12 INSTRUCTIONS!
[DexParser]   First opcodes: 2054 0138 0054 013f 1071 
[DexParser]   → Virtual method[3]:
[DexParser]   ULEB128[vm_method_diff] @ 0x114589 = 1
[DexParser]   ULEB128[vm_access_flags] @ 0x114590 = 17
[DexParser]   ULEB128[vm_code_off] @ 0x114591 = 79544
[DexParser]   === EXP-031.6 CODE_ITEM @ offset=0x79544 for hashCode ===
[DexParser]   registers_size: 4
[DexParser]   ins_size: 1
[DexParser]   outs_size: 1
[DexParser]   tries_size: 0
[DexParser]   debug_info_off: 0x0
[DexParser]   insns_size: 25 ← KEY FIELD!
[DexParser]   ✅ EXTRACTED 25 INSTRUCTIONS!
[DexParser]   First opcodes: 106e 03fe 0003 000c 0112 
[DexParser]   → Virtual method[4]:
[DexParser]   ULEB128[vm_method_diff] @ 0x114594 = 1
[DexParser]   ULEB128[vm_access_flags] @ 0x114595 = 17
[DexParser]   ULEB128[vm_code_off] @ 0x114596 = 79688
[DexParser]   === EXP-031.6 CODE_ITEM @ offset=0x79688 for setValue ===
[DexParser]   registers_size: 5
[DexParser]   ins_size: 2
[DexParser]   outs_size: 1
[DexParser]   tries_size: 0
[DexParser]   debug_info_off: 0x0
[DexParser]   insns_size: 26 ← KEY FIELD!
[DexParser]   ✅ EXTRACTED 26 INSTRUCTIONS!
[DexParser]   First opcodes: 3054 0138 106e 040c 0000 
[DexParser]   → Virtual method[5]:
[DexParser]   ULEB128[vm_method_diff] @ 0x114599 = 1
[DexParser]   ULEB128[vm_access_flags] @ 0x114600 = 17
[DexParser]   ULEB128[vm_code_off] @ 0x114601 = 79756
[DexParser]   === EXP-031.6 CODE_ITEM @ offset=0x79756 for toString ===
[DexParser]   registers_size: 3
[DexParser]   ins_size: 1
[DexParser]   outs_size: 2
[DexParser]   tries_size: 0
[DexParser]   debug_info_off: 0x0
[DexParser]   insns_size: 29 ← KEY FIELD!
[DexParser]   ✅ EXTRACTED 29 INSTRUCTIONS!
[DexParser]   First opcodes: 0022 00d6 1070 02bb 0000 
[DexParser]   → Result: 1 direct methods, 6 virtual methods
[DexParser] CLASS_DEF[88] @ offset 0x24792:
[DexParser]   class_idx: 304 (max valid: 337)
[DexParser]   access_flags: 0x1025
[DexParser]   superclass_idx: 206
[DexParser]   class_data_off: 0x114604
[DexParser]   → Resolved name: [Lo/e;]
[DexParser]   → Parsing class_data at 0x114604
[DexParser]   === EXP-031.6 CLASS_DATA PARSING @ offset=0x114604 ===
[DexParser]   First bytes: 00 04 01 04 ba 02 11 01 01 01 01 01 01 83 08 81 80 04 ac f0 04 84 08 11 e8 f0 04 01 11 98 f1 04 
[DexParser]   ULEB128[static_fields_size] @ 0x114604 = 0
[DexParser]   ULEB128[instance_fields_size] @ 0x114605 = 4
[DexParser]   ULEB128[direct_methods_size] @ 0x114606 = 1
[DexParser]   ULEB128[virtual_methods_size] @ 0x114607 = 4
[DexParser]   → Header: static=0, instance=4, direct=1, virtual=4
[DexParser]   ULEB128[if_field_diff] @ 0x114608 = 314
[DexParser]   ULEB128[if_access_flags] @ 0x114610 = 17
[DexParser]   ULEB128[if_field_diff] @ 0x114611 = 1
[DexParser]   ULEB128[if_access_flags] @ 0x114612 = 1
[DexParser]   ULEB128[if_field_diff] @ 0x114613 = 1
[DexParser]   ULEB128[if_access_flags] @ 0x114614 = 1
[DexParser]   ULEB128[if_field_diff] @ 0x114615 = 1
[DexParser]   ULEB128[if_access_flags] @ 0x114616 = 1
[DexParser]   → Direct method[0]:
[DexParser]   ULEB128[dm_method_diff] @ 0x114617 = 1027
[DexParser]   ULEB128[dm_access_flags] @ 0x114619 = 65537
[DexParser]   ULEB128[dm_code_off] @ 0x114622 = 79916
[DexParser]   === EXP-031.6 CODE_ITEM @ offset=0x79916 for <init> ===
[DexParser]   registers_size: 3
[DexParser]   ins_size: 2
[DexParser]   outs_size: 2
[DexParser]   tries_size: 0
[DexParser]   debug_info_off: 0x0
[DexParser]   insns_size: 21 ← KEY FIELD!
[DexParser]   ✅ EXTRACTED 21 INSTRUCTIONS!
[DexParser]   First opcodes: 001a 0395 2071 0010 0002 
[DexParser]   → Virtual method[0]:
[DexParser]   ULEB128[vm_method_diff] @ 0x114625 = 1028
[DexParser]   ULEB128[vm_access_flags] @ 0x114627 = 17
[DexParser]   ULEB128[vm_code_off] @ 0x114628 = 79976
[DexParser]   === EXP-031.6 CODE_ITEM @ offset=0x79976 for a ===
[DexParser]   registers_size: 3
[DexParser]   ins_size: 1
[DexParser]   outs_size: 1
[DexParser]   tries_size: 0
[DexParser]   debug_info_off: 0x0
[DexParser]   insns_size: 15 ← KEY FIELD!
[DexParser]   ✅ EXTRACTED 15 INSTRUCTIONS!
[DexParser]   First opcodes: 2054 013a 0052 0145 2152 
[DexParser]   → Virtual method[1]:
[DexParser]   ULEB128[vm_method_diff] @ 0x114631 = 1
[DexParser]   ULEB128[vm_access_flags] @ 0x114632 = 17
[DexParser]   ULEB128[vm_code_off] @ 0x114633 = 80024
[DexParser]   === EXP-031.6 CODE_ITEM @ offset=0x80024 for b ===
[DexParser]   registers_size: 4
[DexParser]   ins_size: 1
[DexParser]   outs_size: 0
[DexParser]   tries_size: 0
[DexParser]   debug_info_off: 0x0
[DexParser]   insns_size: 20 ← KEY FIELD!
[DexParser]   ✅ EXTRACTED 20 INSTRUCTIONS!
[DexParser]   First opcodes: 3052 013b 3154 013a 1252 
[DexParser]   → Virtual method[2]:
[DexParser]   ULEB128[vm_method_diff] @ 0x114636 = 1
[DexParser]   ULEB128[vm_access_flags] @ 0x114637 = 17
[DexParser]   ULEB128[vm_code_off] @ 0x114638 = 79876
[DexParser]   === EXP-031.6 CODE_ITEM @ offset=0x79876 for hasNext ===
[DexParser]   registers_size: 3
[DexParser]   ins_size: 1
[DexParser]   outs_size: 0
[DexParser]   tries_size: 0
[DexParser]   debug_info_off: 0x0
[DexParser]   insns_size: 12 ← KEY FIELD!
[DexParser]   ✅ EXTRACTED 12 INSTRUCTIONS!
[DexParser]   First opcodes: 2052 013b 2154 013a 1152 
[DexParser]   → Virtual method[3]:
[DexParser]   ULEB128[vm_method_diff] @ 0x114641 = 1
[DexParser]   ULEB128[vm_access_flags] @ 0x114642 = 17
[DexParser]   ULEB128[vm_code_off] @ 0x114643 = 80080
[DexParser]   === EXP-031.6 CODE_ITEM @ offset=0x80080 for remove ===
[DexParser]   registers_size: 4
[DexParser]   ins_size: 1
[DexParser]   outs_size: 2
[DexParser]   tries_size: 0
[DexParser]   debug_info_off: 0x0
[DexParser]   insns_size: 42 ← KEY FIELD!
[DexParser]   ✅ EXTRACTED 42 INSTRUCTIONS!
[DexParser]   First opcodes: 106e 0404 0003 3052 013c 
[DexParser]   → Result: 1 direct methods, 4 virtual methods
[DexParser] CLASS_DEF[89] @ offset 0x24824:
[DexParser]   class_idx: 305 (max valid: 337)
[DexParser]   access_flags: 0x17
[DexParser]   superclass_idx: 206
[DexParser]   class_data_off: 0x114646
[DexParser]   → Resolved name: [Lo/f;]
[DexParser]   → Parsing class_data at 0x114646
[DexParser]   === EXP-031.6 CLASS_DATA PARSING @ offset=0x114646 ===
[DexParser]   First bytes: 01 0d 03 18 cb 02 19 be 02 01 01 01 01 01 01 01 01 01 01 01 01 01 01 01 01 01 01 01 01 01 01 01 
[DexParser]   ULEB128[static_fields_size] @ 0x114646 = 1
[DexParser]   ULEB128[instance_fields_size] @ 0x114647 = 13
[DexParser]   ULEB128[direct_methods_size] @ 0x114648 = 3
[DexParser]   ULEB128[virtual_methods_size] @ 0x114649 = 24
[DexParser]   → Header: static=1, instance=13, direct=3, virtual=24
[DexParser]   ULEB128[sf_field_diff] @ 0x114650 = 331
[DexParser]   ULEB128[sf_access_flags] @ 0x114652 = 25
[DexParser]   ULEB128[if_field_diff] @ 0x114653 = 318
[DexParser]   ULEB128[if_access_flags] @ 0x114655 = 1
[DexParser]   ULEB128[if_field_diff] @ 0x114656 = 1
[DexParser]   ULEB128[if_access_flags] @ 0x114657 = 1
[DexParser]   ULEB128[if_field_diff] @ 0x114658 = 1
[DexParser]   ULEB128[if_access_flags] @ 0x114659 = 1
[DexParser]   ULEB128[if_field_diff] @ 0x114660 = 1
[DexParser]   ULEB128[if_access_flags] @ 0x114661 = 1
[DexParser]   ULEB128[if_field_diff] @ 0x114662 = 1
[DexParser]   ULEB128[if_access_flags] @ 0x114663 = 1
[DexParser]   ULEB128[if_field_diff] @ 0x114664 = 1
[DexParser]   ULEB128[if_access_flags] @ 0x114665 = 1
[DexParser]   ULEB128[if_field_diff] @ 0x114666 = 1
[DexParser]   ULEB128[if_access_flags] @ 0x114667 = 1
[DexParser]   ULEB128[if_field_diff] @ 0x114668 = 1
[DexParser]   ULEB128[if_access_flags] @ 0x114669 = 1
[DexParser]   ULEB128[if_field_diff] @ 0x114670 = 1
[DexParser]   ULEB128[if_access_flags] @ 0x114671 = 1
[DexParser]   ULEB128[if_field_diff] @ 0x114672 = 1
[DexParser]   ULEB128[if_access_flags] @ 0x114673 = 1
[DexParser]   ULEB128[if_field_diff] @ 0x114674 = 1
[DexParser]   ULEB128[if_access_flags] @ 0x114675 = 1
[DexParser]   ULEB128[if_field_diff] @ 0x114676 = 1
[DexParser]   ULEB128[if_access_flags] @ 0x114677 = 1
[DexParser]   ULEB128[if_field_diff] @ 0x114678 = 1
[DexParser]   ULEB128[if_access_flags] @ 0x114679 = 1
[DexParser]   → Direct method[0]:
[DexParser]   ULEB128[dm_method_diff] @ 0x114680 = 1032
[DexParser]   ULEB128[dm_access_flags] @ 0x114682 = 65545
[DexParser]   ULEB128[dm_code_off] @ 0x114685 = 83296
[DexParser]   === EXP-031.6 CODE_ITEM @ offset=0x83296 for <clinit> ===
[DexParser]   registers_size: 2
[DexParser]   ins_size: 0
[DexParser]   outs_size: 2
[DexParser]   tries_size: 0
[DexParser]   debug_info_off: 0x0
[DexParser]   insns_size: 17 ← KEY FIELD!
[DexParser]   ✅ EXTRACTED 17 INSTRUCTIONS!
[DexParser]   First opcodes: 0022 0077 1070 0193 0000 
[DexParser]   → Direct method[1]:
[DexParser]   ULEB128[dm_method_diff] @ 0x114688 = 1
[DexParser]   ULEB128[dm_access_flags] @ 0x114689 = 65537
[DexParser]   ULEB128[dm_code_off] @ 0x114692 = 83348
[DexParser]   === EXP-031.6 CODE_ITEM @ offset=0x83348 for <init> ===
[DexParser]   registers_size: 2
[DexParser]   ins_size: 1
[DexParser]   outs_size: 2
[DexParser]   tries_size: 0
[DexParser]   debug_info_off: 0x86707
[DexParser]   insns_size: 6 ← KEY FIELD!
[DexParser]   ✅ EXTRACTED 6 INSTRUCTIONS!
[DexParser]   First opcodes: 0013 0008 2070 040a 0001 
[DexParser]   → Direct method[2]:
[DexParser]   ULEB128[dm_method_diff] @ 0x114695 = 1
[DexParser]   ULEB128[dm_access_flags] @ 0x114696 = 65537
[DexParser]   ULEB128[dm_code_off] @ 0x114699 = 83376
[DexParser]   === EXP-031.6 CODE_ITEM @ offset=0x83376 for <init> ===
[DexParser]   registers_size: 6
[DexParser]   ins_size: 2
[DexParser]   outs_size: 1
[DexParser]   tries_size: 0
[DexParser]   debug_info_off: 0x86776
[DexParser]   insns_size: 44 ← KEY FIELD!
[DexParser]   ✅ EXTRACTED 44 INSTRUCTIONS!
[DexParser]   First opcodes: 1071 000a 0005 000c 5123 
[DexParser]   → Virtual method[0]:
[DexParser]   ULEB128[vm_method_diff] @ 0x114702 = 1035
[DexParser]   ULEB128[vm_access_flags] @ 0x114704 = 17
[DexParser]   ULEB128[vm_code_off] @ 0x114705 = 82152
[DexParser]   === EXP-031.6 CODE_ITEM @ offset=0x82152 for a ===
[DexParser]   registers_size: 9
[DexParser]   ins_size: 2
[DexParser]   outs_size: 2
[DexParser]   tries_size: 0
[DexParser]   debug_info_off: 0x0
[DexParser]   insns_size: 105 ← KEY FIELD!
[DexParser]   ✅ EXTRACTED 105 INSTRUCTIONS!
[DexParser]   First opcodes: 106e 040c 0007 206e 0416 
[DexParser]   → Virtual method[1]:
[DexParser]   ULEB128[vm_method_diff] @ 0x114708 = 1
[DexParser]   ULEB128[vm_access_flags] @ 0x114709 = 17
[DexParser]   ULEB128[vm_code_off] @ 0x114710 = 83480
[DexParser]   === EXP-031.6 CODE_ITEM @ offset=0x83480 for b ===
[DexParser]   registers_size: 2
[DexParser]   ins_size: 1
[DexParser]   outs_size: 1
[DexParser]   tries_size: 0
[DexParser]   debug_info_off: 0x0
[DexParser]   insns_size: 11 ← KEY FIELD!
[DexParser]   ✅ EXTRACTED 11 INSTRUCTIONS!
[DexParser]   First opcodes: 1055 014a 0039 0003 000e 
[DexParser]   → Virtual method[2]:
[DexParser]   ULEB128[vm_method_diff] @ 0x114713 = 1
[DexParser]   ULEB128[vm_access_flags] @ 0x114714 = 17
[DexParser]   ULEB128[vm_code_off] @ 0x114715 = 81732
[DexParser]   === EXP-031.6 CODE_ITEM @ offset=0x81732 for c ===
[DexParser]   registers_size: 4
[DexParser]   ins_size: 2
[DexParser]   outs_size: 2
[DexParser]   tries_size: 1
[DexParser]   debug_info_off: 0x0
[DexParser]   insns_size: 34 ← KEY FIELD!
[DexParser]   ✅ EXTRACTED 34 INSTRUCTIONS!
[DexParser]   First opcodes: 001a 0394 2071 0010 0003 
[DexParser]   → Virtual method[3]:
[DexParser]   ULEB128[vm_method_diff] @ 0x114718 = 1
[DexParser]   ULEB128[vm_access_flags] @ 0x114719 = 17
[DexParser]   ULEB128[vm_code_off] @ 0x114720 = 83520
[DexParser]   === EXP-031.6 CODE_ITEM @ offset=0x83520 for clear ===
[DexParser]   registers_size: 12
[DexParser]   ins_size: 1
[DexParser]   outs_size: 3
[DexParser]   tries_size: 0
[DexParser]   debug_info_off: 0x0
[DexParser]   insns_size: 90 ← KEY FIELD!
[DexParser]   ✅ EXTRACTED 90 INSTRUCTIONS!
[DexParser]   First opcodes: 106e 040c 000b 0022 013d 
[DexParser]   → Virtual method[4]:
[DexParser]   ULEB128[vm_method_diff] @ 0x114723 = 1
[DexParser]   ULEB128[vm_access_flags] @ 0x114724 = 17
[DexParser]   ULEB128[vm_code_off] @ 0x114725 = 81916
[DexParser]   === EXP-031.6 CODE_ITEM @ offset=0x81916 for containsKey ===
[DexParser]   registers_size: 2
[DexParser]   ins_size: 2
[DexParser]   outs_size: 2
[DexParser]   tries_size: 0
[DexParser]   debug_info_off: 0x0
[DexParser]   insns_size: 10 ← KEY FIELD!
[DexParser]   ✅ EXTRACTED 10 INSTRUCTIONS!
[DexParser]   First opcodes: 206e 0415 0010 010a 013a 
[DexParser]   → Virtual method[5]:
[DexParser]   ULEB128[vm_method_diff] @ 0x114728 = 1
[DexParser]   ULEB128[vm_access_flags] @ 0x114729 = 17
[DexParser]   ULEB128[vm_code_off] @ 0x114730 = 81952
[DexParser]   === EXP-031.6 CODE_ITEM @ offset=0x81952 for containsValue ===
[DexParser]   registers_size: 4
[DexParser]   ins_size: 2
[DexParser]   outs_size: 2
[DexParser]   tries_size: 0
[DexParser]   debug_info_off: 0x0
[DexParser]   insns_size: 32 ← KEY FIELD!
[DexParser]   ✅ EXTRACTED 32 INSTRUCTIONS!
[DexParser]   First opcodes: 2052 0143 f112 10b0 003a 
[DexParser]   → Virtual method[6]:
[DexParser]   ULEB128[vm_method_diff] @ 0x114733 = 1
[DexParser]   ULEB128[vm_access_flags] @ 0x114734 = 17
[DexParser]   ULEB128[vm_code_off] @ 0x114735 = 81832
[DexParser]   === EXP-031.6 CODE_ITEM @ offset=0x81832 for d ===
[DexParser]   registers_size: 4
[DexParser]   ins_size: 2
[DexParser]   outs_size: 2
[DexParser]   tries_size: 0
[DexParser]   debug_info_off: 0x0
[DexParser]   insns_size: 33 ← KEY FIELD!
[DexParser]   ✅ EXTRACTED 33 INSTRUCTIONS!
[DexParser]   First opcodes: 001a 02fb 2071 0010 0003 
[DexParser]   → Virtual method[7]:
[DexParser]   ULEB128[vm_method_diff] @ 0x114738 = 1
[DexParser]   ULEB128[vm_access_flags] @ 0x114739 = 17
[DexParser]   ULEB128[vm_code_off] @ 0x114740 = 83716
[DexParser]   === EXP-031.6 CODE_ITEM @ offset=0x83716 for e ===
[DexParser]   registers_size: 7
[DexParser]   ins_size: 2
[DexParser]   outs_size: 2
[DexParser]   tries_size: 0
[DexParser]   debug_info_off: 0x0
[DexParser]   insns_size: 124 ← KEY FIELD!
[DexParser]   ✅ EXTRACTED 124 INSTRUCTIONS!
[DexParser]   First opcodes: 5054 013e 0121 5252 0143 
[DexParser]   → Virtual method[8]:
[DexParser]   ULEB128[vm_method_diff] @ 0x114743 = 1
[DexParser]   ULEB128[vm_access_flags] @ 0x114744 = 17
[DexParser]   ULEB128[vm_code_off] @ 0x114745 = 83208
[DexParser]   === EXP-031.6 CODE_ITEM @ offset=0x83208 for entrySet ===
[DexParser]   registers_size: 3
[DexParser]   ins_size: 1
[DexParser]   outs_size: 3
[DexParser]   tries_size: 0
[DexParser]   debug_info_off: 0x0
[DexParser]   insns_size: 13 ← KEY FIELD!
[DexParser]   ✅ EXTRACTED 13 INSTRUCTIONS!
[DexParser]   First opcodes: 2054 0149 0039 000a 0022 
[DexParser]   → Virtual method[9]:
[DexParser]   ULEB128[vm_method_diff] @ 0x114748 = 1
[DexParser]   ULEB128[vm_access_flags] @ 0x114749 = 17
[DexParser]   ULEB128[vm_code_off] @ 0x114750 = 82032
[DexParser]   === EXP-031.6 CODE_ITEM @ offset=0x82032 for equals ===
[DexParser]   registers_size: 6
[DexParser]   ins_size: 2
[DexParser]   outs_size: 2
[DexParser]   tries_size: 0
[DexParser]   debug_info_off: 0x0
[DexParser]   insns_size: 36 ← KEY FIELD!
[DexParser]   ✅ EXTRACTED 36 INSTRUCTIONS!
[DexParser]   First opcodes: 1012 4532 0022 5120 00ff 
[DexParser]   → Virtual method[10]:
[DexParser]   ULEB128[vm_method_diff] @ 0x114753 = 1
[DexParser]   ULEB128[vm_access_flags] @ 0x114754 = 17
[DexParser]   ULEB128[vm_code_off] @ 0x114755 = 82380
[DexParser]   === EXP-031.6 CODE_ITEM @ offset=0x82380 for f ===
[DexParser]   registers_size: 7
[DexParser]   ins_size: 2
[DexParser]   outs_size: 2
[DexParser]   tries_size: 0
[DexParser]   debug_info_off: 0x0
[DexParser]   insns_size: 45 ← KEY FIELD!
[DexParser]   ✅ EXTRACTED 45 INSTRUCTIONS!
[DexParser]   First opcodes: 206e 0416 0065 000a 5152 
[DexParser]   → Virtual method[11]:
[DexParser]   ULEB128[vm_method_diff] @ 0x114758 = 1
[DexParser]   ULEB128[vm_access_flags] @ 0x114759 = 17
[DexParser]   ULEB128[vm_code_off] @ 0x114760 = 82488
[DexParser]   === EXP-031.6 CODE_ITEM @ offset=0x82488 for g ===
[DexParser]   registers_size: 3
[DexParser]   ins_size: 2
[DexParser]   outs_size: 1
[DexParser]   tries_size: 0
[DexParser]   debug_info_off: 0x0
[DexParser]   insns_size: 16 ← KEY FIELD!
[DexParser]   ✅ EXTRACTED 16 INSTRUCTIONS!
[DexParser]   First opcodes: 0238 0007 106e 029c 0002 
[DexParser]   → Virtual method[12]:
[DexParser]   ULEB128[vm_method_diff] @ 0x114763 = 1
[DexParser]   ULEB128[vm_access_flags] @ 0x114764 = 17
[DexParser]   ULEB128[vm_code_off] @ 0x114765 = 82716
[DexParser]   === EXP-031.6 CODE_ITEM @ offset=0x82716 for get ===
[DexParser]   registers_size: 3
[DexParser]   ins_size: 2
[DexParser]   outs_size: 2
[DexParser]   tries_size: 0
[DexParser]   debug_info_off: 0x0
[DexParser]   insns_size: 16 ← KEY FIELD!
[DexParser]   ✅ EXTRACTED 16 INSTRUCTIONS!
[DexParser]   First opcodes: 206e 0415 0021 020a 023b 
[DexParser]   → Virtual method[13]:
[DexParser]   ULEB128[vm_method_diff] @ 0x114768 = 1
[DexParser]   ULEB128[vm_access_flags] @ 0x114769 = 17
[DexParser]   ULEB128[vm_code_off] @ 0x114770 = 84188
[DexParser]   === EXP-031.6 CODE_ITEM @ offset=0x84188 for h ===
[DexParser]   registers_size: 9
[DexParser]   ins_size: 2
[DexParser]   outs_size: 4
[DexParser]   tries_size: 0
[DexParser]   debug_info_off: 0x0
[DexParser]   insns_size: 137 ← KEY FIELD!
[DexParser]   ✅ EXTRACTED 137 INSTRUCTIONS!
[DexParser]   First opcodes: 7052 0145 1112 10b0 7059 
[DexParser]   → Virtual method[14]:
[DexParser]   ULEB128[vm_method_diff] @ 0x114773 = 1
[DexParser]   ULEB128[vm_access_flags] @ 0x114774 = 17
[DexParser]   ULEB128[vm_code_off] @ 0x114775 = 82536
[DexParser]   === EXP-031.6 CODE_ITEM @ offset=0x82536 for hashCode ===
[DexParser]   registers_size: 7
[DexParser]   ins_size: 1
[DexParser]   outs_size: 3
[DexParser]   tries_size: 0
[DexParser]   debug_info_off: 0x0
[DexParser]   insns_size: 69 ← KEY FIELD!
[DexParser]   ✅ EXTRACTED 69 INSTRUCTIONS!
[DexParser]   First opcodes: 0022 012e 0112 3070 03fa 
[DexParser]   → Virtual method[15]:
[DexParser]   ULEB128[vm_method_diff] @ 0x114778 = 1
[DexParser]   ULEB128[vm_access_flags] @ 0x114779 = 17
[DexParser]   ULEB128[vm_code_off] @ 0x114780 = 84480
[DexParser]   === EXP-031.6 CODE_ITEM @ offset=0x84480 for i ===
[DexParser]   registers_size: 13
[DexParser]   ins_size: 2
[DexParser]   outs_size: 2
[DexParser]   tries_size: 0
[DexParser]   debug_info_off: 0x0
[DexParser]   insns_size: 115 ← KEY FIELD!
[DexParser]   ✅ EXTRACTED 115 INSTRUCTIONS!
[DexParser]   First opcodes: b054 013e 011a 0054 2071 
[DexParser]   → Virtual method[16]:
[DexParser]   ULEB128[vm_method_diff] @ 0x114783 = 1
[DexParser]   ULEB128[vm_access_flags] @ 0x114784 = 17
[DexParser]   ULEB128[vm_code_off] @ 0x114785 = 82120
[DexParser]   === EXP-031.6 CODE_ITEM @ offset=0x82120 for isEmpty ===
[DexParser]   registers_size: 2
[DexParser]   ins_size: 1
[DexParser]   outs_size: 0
[DexParser]   tries_size: 0
[DexParser]   debug_info_off: 0x0
[DexParser]   insns_size: 8 ← KEY FIELD!
[DexParser]   ✅ EXTRACTED 8 INSTRUCTIONS!
[DexParser]   First opcodes: 1052 0146 0039 0004 1012 
[DexParser]   → Virtual method[17]:
[DexParser]   ULEB128[vm_method_diff] @ 0x114788 = 1
[DexParser]   ULEB128[vm_access_flags] @ 0x114789 = 17
[DexParser]   ULEB128[vm_code_off] @ 0x114790 = 83252
[DexParser]   === EXP-031.6 CODE_ITEM @ offset=0x83252 for keySet ===
[DexParser]   registers_size: 3
[DexParser]   ins_size: 1
[DexParser]   outs_size: 3
[DexParser]   tries_size: 0
[DexParser]   debug_info_off: 0x0
[DexParser]   insns_size: 13 ← KEY FIELD!
[DexParser]   ✅ EXTRACTED 13 INSTRUCTIONS!
[DexParser]   First opcodes: 2054 0147 0039 000a 0022 
[DexParser]   → Virtual method[18]:
[DexParser]   ULEB128[vm_method_diff] @ 0x114793 = 1
[DexParser]   ULEB128[vm_access_flags] @ 0x114794 = 17
[DexParser]   ULEB128[vm_code_off] @ 0x114795 = 82764
[DexParser]   === EXP-031.6 CODE_ITEM @ offset=0x82764 for put ===
[DexParser]   registers_size: 5
[DexParser]   ins_size: 3
[DexParser]   outs_size: 2
[DexParser]   tries_size: 0
[DexParser]   debug_info_off: 0x0
[DexParser]   insns_size: 35 ← KEY FIELD!
[DexParser]   ✅ EXTRACTED 35 INSTRUCTIONS!
[DexParser]   First opcodes: 106e 040c 0002 206e 040b 
[DexParser]   → Virtual method[19]:
[DexParser]   ULEB128[vm_method_diff] @ 0x114798 = 1
[DexParser]   ULEB128[vm_access_flags] @ 0x114799 = 17
[DexParser]   ULEB128[vm_code_off] @ 0x114800 = 83980
[DexParser]   === EXP-031.6 CODE_ITEM @ offset=0x83980 for putAll ===
[DexParser]   registers_size: 7
[DexParser]   ins_size: 2
[DexParser]   outs_size: 2
[DexParser]   tries_size: 0
[DexParser]   debug_info_off: 0x0
[DexParser]   insns_size: 96 ← KEY FIELD!
[DexParser]   ✅ EXTRACTED 96 INSTRUCTIONS!
[DexParser]   First opcodes: 001a 030d 2071 0010 0006 
[DexParser]   → Virtual method[20]:
[DexParser]   ULEB128[vm_method_diff] @ 0x114803 = 1
[DexParser]   ULEB128[vm_access_flags] @ 0x114804 = 17
[DexParser]   ULEB128[vm_code_off] @ 0x114805 = 82852
[DexParser]   === EXP-031.6 CODE_ITEM @ offset=0x82852 for remove ===
[DexParser]   registers_size: 5
[DexParser]   ins_size: 2
[DexParser]   outs_size: 2
[DexParser]   tries_size: 0
[DexParser]   debug_info_off: 0x0
[DexParser]   insns_size: 28 ← KEY FIELD!
[DexParser]   ✅ EXTRACTED 28 INSTRUCTIONS!
[DexParser]   First opcodes: 106e 040c 0003 206e 0415 
[DexParser]   → Virtual method[21]:
[DexParser]   ULEB128[vm_method_diff] @ 0x114808 = 1
[DexParser]   ULEB128[vm_access_flags] @ 0x114809 = 17
[DexParser]   ULEB128[vm_code_off] @ 0x114810 = 82692
[DexParser]   === EXP-031.6 CODE_ITEM @ offset=0x82692 for size ===
[DexParser]   registers_size: 2
[DexParser]   ins_size: 1
[DexParser]   outs_size: 0
[DexParser]   tries_size: 0
[DexParser]   debug_info_off: 0x0
[DexParser]   insns_size: 3 ← KEY FIELD!
[DexParser]   ✅ EXTRACTED 3 INSTRUCTIONS!
[DexParser]   First opcodes: 1052 0146 000f 
[DexParser]   → Virtual method[22]:
[DexParser]   ULEB128[vm_method_diff] @ 0x114813 = 1
[DexParser]   ULEB128[vm_access_flags] @ 0x114814 = 17
[DexParser]   ULEB128[vm_code_off] @ 0x114815 = 82924
[DexParser]   === EXP-031.6 CODE_ITEM @ offset=0x82924 for toString ===
[DexParser]   registers_size: 8
[DexParser]   ins_size: 1
[DexParser]   outs_size: 3
[DexParser]   tries_size: 0
[DexParser]   debug_info_off: 0x0
[DexParser]   insns_size: 114 ← KEY FIELD!
[DexParser]   ✅ EXTRACTED 114 INSTRUCTIONS!
[DexParser]   First opcodes: 0022 00d6 7152 0146 01da 
[DexParser]   → Virtual method[23]:
[DexParser]   ULEB128[vm_method_diff] @ 0x114818 = 1
[DexParser]   ULEB128[vm_access_flags] @ 0x114819 = 17
[DexParser]   ULEB128[vm_code_off] @ 0x114820 = 83168
[DexParser]   === EXP-031.6 CODE_ITEM @ offset=0x83168 for values ===
[DexParser]   registers_size: 2
[DexParser]   ins_size: 1
[DexParser]   outs_size: 2
[DexParser]   tries_size: 0
[DexParser]   debug_info_off: 0x0
[DexParser]   insns_size: 12 ← KEY FIELD!
[DexParser]   ✅ EXTRACTED 12 INSTRUCTIONS!
[DexParser]   First opcodes: 1054 0148 0039 0009 0022 
[DexParser]   → Result: 3 direct methods, 24 virtual methods
[DexParser] CLASS_DEF[90] @ offset 0x24856:
[DexParser]   class_idx: 307 (max valid: 337)
[DexParser]   access_flags: 0x17
[DexParser]   superclass_idx: 235
[DexParser]   class_data_off: 0x114823
[DexParser]   → Resolved name: [Lo/h;]
[DexParser]   → Parsing class_data at 0x114823
[DexParser]   === EXP-031.6 CLASS_DATA PARSING @ offset=0x114823 ===
[DexParser]   First bytes: 00 01 01 0a ce 02 11 b1 08 81 80 04 80 fe 04 b2 08 11 f8 fa 04 01 11 94 fb 04 01 11 a8 fe 04 01 
[DexParser]   ULEB128[static_fields_size] @ 0x114823 = 0
[DexParser]   ULEB128[instance_fields_size] @ 0x114824 = 1
[DexParser]   ULEB128[direct_methods_size] @ 0x114825 = 1
[DexParser]   ULEB128[virtual_methods_size] @ 0x114826 = 10
[DexParser]   → Header: static=0, instance=1, direct=1, virtual=10
[DexParser]   ULEB128[if_field_diff] @ 0x114827 = 334
[DexParser]   ULEB128[if_access_flags] @ 0x114829 = 17
[DexParser]   → Direct method[0]:
[DexParser]   ULEB128[dm_method_diff] @ 0x114830 = 1073
[DexParser]   ULEB128[dm_access_flags] @ 0x114832 = 65537
[DexParser]   ULEB128[dm_code_off] @ 0x114835 = 81664
[DexParser]   === EXP-031.6 CODE_ITEM @ offset=0x81664 for <init> ===
[DexParser]   registers_size: 3
[DexParser]   ins_size: 2
[DexParser]   outs_size: 2
[DexParser]   tries_size: 0
[DexParser]   debug_info_off: 0x0
[DexParser]   insns_size: 11 ← KEY FIELD!
[DexParser]   ✅ EXTRACTED 11 INSTRUCTIONS!
[DexParser]   First opcodes: 001a 029f 2071 0010 0002 
[DexParser]   → Virtual method[0]:
[DexParser]   ULEB128[vm_method_diff] @ 0x114838 = 1074
[DexParser]   ULEB128[vm_access_flags] @ 0x114840 = 17
[DexParser]   ULEB128[vm_code_off] @ 0x114841 = 81272
[DexParser]   === EXP-031.6 CODE_ITEM @ offset=0x81272 for add ===
[DexParser]   registers_size: 2
[DexParser]   ins_size: 2
[DexParser]   outs_size: 1
[DexParser]   tries_size: 0
[DexParser]   debug_info_off: 0x0
[DexParser]   insns_size: 6 ← KEY FIELD!
[DexParser]   ✅ EXTRACTED 6 INSTRUCTIONS!
[DexParser]   First opcodes: 0122 00db 1070 02d3 0001 
[DexParser]   → Virtual method[1]:
[DexParser]   ULEB128[vm_method_diff] @ 0x114844 = 1
[DexParser]   ULEB128[vm_access_flags] @ 0x114845 = 17
[DexParser]   ULEB128[vm_code_off] @ 0x114846 = 81300
[DexParser]   === EXP-031.6 CODE_ITEM @ offset=0x81300 for addAll ===
[DexParser]   registers_size: 3
[DexParser]   ins_size: 2
[DexParser]   outs_size: 2
[DexParser]   tries_size: 0
[DexParser]   debug_info_off: 0x0
[DexParser]   insns_size: 11 ← KEY FIELD!
[DexParser]   ✅ EXTRACTED 11 INSTRUCTIONS!
[DexParser]   First opcodes: 001a 02f7 2071 0010 0002 
[DexParser]   → Virtual method[2]:
[DexParser]   ULEB128[vm_method_diff] @ 0x114849 = 1
[DexParser]   ULEB128[vm_access_flags] @ 0x114850 = 17
[DexParser]   ULEB128[vm_code_off] @ 0x114851 = 81704
[DexParser]   === EXP-031.6 CODE_ITEM @ offset=0x81704 for clear ===
[DexParser]   registers_size: 2
[DexParser]   ins_size: 1
[DexParser]   outs_size: 1
[DexParser]   tries_size: 0
[DexParser]   debug_info_off: 0x0
[DexParser]   insns_size: 6 ← KEY FIELD!
[DexParser]   ✅ EXTRACTED 6 INSTRUCTIONS!
[DexParser]   First opcodes: 1054 014e 106e 040e 0000 
[DexParser]   → Virtual method[3]:
[DexParser]   ULEB128[vm_method_diff] @ 0x114854 = 1
[DexParser]   ULEB128[vm_access_flags] @ 0x114855 = 17
[DexParser]   ULEB128[vm_code_off] @ 0x114856 = 81340
[DexParser]   === EXP-031.6 CODE_ITEM @ offset=0x81340 for contains ===
[DexParser]   registers_size: 3
[DexParser]   ins_size: 2
[DexParser]   outs_size: 2
[DexParser]   tries_size: 0
[DexParser]   debug_info_off: 0x0
[DexParser]   insns_size: 7 ← KEY FIELD!
[DexParser]   ✅ EXTRACTED 7 INSTRUCTIONS!
[DexParser]   First opcodes: 1054 014e 206e 0410 0020 
[DexParser]   → Virtual method[4]:
[DexParser]   ULEB128[vm_method_diff] @ 0x114859 = 1
[DexParser]   ULEB128[vm_access_flags] @ 0x114860 = 17
[DexParser]   ULEB128[vm_code_off] @ 0x114861 = 81372
[DexParser]   === EXP-031.6 CODE_ITEM @ offset=0x81372 for isEmpty ===
[DexParser]   registers_size: 2
[DexParser]   ins_size: 1
[DexParser]   outs_size: 1
[DexParser]   tries_size: 0
[DexParser]   debug_info_off: 0x0
[DexParser]   insns_size: 7 ← KEY FIELD!
[DexParser]   ✅ EXTRACTED 7 INSTRUCTIONS!
[DexParser]   First opcodes: 1054 014e 106e 041b 0000 
[DexParser]   → Virtual method[5]:
[DexParser]   ULEB128[vm_method_diff] @ 0x114864 = 1
[DexParser]   ULEB128[vm_access_flags] @ 0x114865 = 17
[DexParser]   ULEB128[vm_code_off] @ 0x114866 = 81624
[DexParser]   === EXP-031.6 CODE_ITEM @ offset=0x81624 for iterator ===
[DexParser]   registers_size: 4
[DexParser]   ins_size: 1
[DexParser]   outs_size: 3
[DexParser]   tries_size: 0
[DexParser]   debug_info_off: 0x0
[DexParser]   insns_size: 12 ← KEY FIELD!
[DexParser]   ✅ EXTRACTED 12 INSTRUCTIONS!
[DexParser]   First opcodes: 3054 014e 106e 029b 0000 
[DexParser]   → Virtual method[6]:
[DexParser]   ULEB128[vm_method_diff] @ 0x114869 = 1
[DexParser]   ULEB128[vm_access_flags] @ 0x114870 = 17
[DexParser]   ULEB128[vm_code_off] @ 0x114871 = 81404
[DexParser]   === EXP-031.6 CODE_ITEM @ offset=0x81404 for remove ===
[DexParser]   registers_size: 5
[DexParser]   ins_size: 2
[DexParser]   outs_size: 2
[DexParser]   tries_size: 0
[DexParser]   debug_info_off: 0x0
[DexParser]   insns_size: 40 ← KEY FIELD!
[DexParser]   ✅ EXTRACTED 40 INSTRUCTIONS!
[DexParser]   First opcodes: 3054 014e 106e 040c 0000 
[DexParser]   → Virtual method[7]:
[DexParser]   ULEB128[vm_method_diff] @ 0x114874 = 1
[DexParser]   ULEB128[vm_access_flags] @ 0x114875 = 17
[DexParser]   ULEB128[vm_code_off] @ 0x114876 = 81500
[DexParser]   === EXP-031.6 CODE_ITEM @ offset=0x81500 for removeAll ===
[DexParser]   registers_size: 3
[DexParser]   ins_size: 2
[DexParser]   outs_size: 2
[DexParser]   tries_size: 0
[DexParser]   debug_info_off: 0x0
[DexParser]   insns_size: 15 ← KEY FIELD!
[DexParser]   ✅ EXTRACTED 15 INSTRUCTIONS!
[DexParser]   First opcodes: 001a 02f7 2071 0010 0002 
[DexParser]   → Virtual method[8]:
[DexParser]   ULEB128[vm_method_diff] @ 0x114879 = 1
[DexParser]   ULEB128[vm_access_flags] @ 0x114880 = 17
[DexParser]   ULEB128[vm_code_off] @ 0x114881 = 81548
[DexParser]   === EXP-031.6 CODE_ITEM @ offset=0x81548 for retainAll ===
[DexParser]   registers_size: 3
[DexParser]   ins_size: 2
[DexParser]   outs_size: 2
[DexParser]   tries_size: 0
[DexParser]   debug_info_off: 0x0
[DexParser]   insns_size: 15 ← KEY FIELD!
[DexParser]   ✅ EXTRACTED 15 INSTRUCTIONS!
[DexParser]   First opcodes: 001a 02f7 2071 0010 0002 
[DexParser]   → Virtual method[9]:
[DexParser]   ULEB128[vm_method_diff] @ 0x114884 = 1
[DexParser]   ULEB128[vm_access_flags] @ 0x114885 = 17
[DexParser]   ULEB128[vm_code_off] @ 0x114886 = 81596
[DexParser]   === EXP-031.6 CODE_ITEM @ offset=0x81596 for size ===
[DexParser]   registers_size: 2
[DexParser]   ins_size: 1
[DexParser]   outs_size: 0
[DexParser]   tries_size: 0
[DexParser]   debug_info_off: 0x0
[DexParser]   insns_size: 5 ← KEY FIELD!
[DexParser]   ✅ EXTRACTED 5 INSTRUCTIONS!
[DexParser]   First opcodes: 1054 014e 0052 0146 000f 
[DexParser]   → Result: 1 direct methods, 10 virtual methods
[DexParser] CLASS_DEF[91] @ offset 0x24888:
[DexParser]   class_idx: 309 (max valid: 337)
[DexParser]   access_flags: 0x1025
[DexParser]   superclass_idx: 206
[DexParser]   class_data_off: 0x114889
[DexParser]   → Resolved name: [Lp/a;]
[DexParser]   → Parsing class_data at 0x114889
[DexParser]   === EXP-031.6 CLASS_DATA PARSING @ offset=0x114889 ===
[DexParser]   First bytes: 01 00 01 00 d1 02 19 c9 08 89 80 04 80 9a 05 01 00 01 00 d2 02 19 ca 08 89 80 04 b8 9b 05 00 00 
[DexParser]   ULEB128[static_fields_size] @ 0x114889 = 1
[DexParser]   ULEB128[instance_fields_size] @ 0x114890 = 0
[DexParser]   ULEB128[direct_methods_size] @ 0x114891 = 1
[DexParser]   ULEB128[virtual_methods_size] @ 0x114892 = 0
[DexParser]   → Header: static=1, instance=0, direct=1, virtual=0
[DexParser]   ULEB128[sf_field_diff] @ 0x114893 = 337
[DexParser]   ULEB128[sf_access_flags] @ 0x114895 = 25
[DexParser]   → Direct method[0]:
[DexParser]   ULEB128[dm_method_diff] @ 0x114896 = 1097
[DexParser]   ULEB128[dm_access_flags] @ 0x114898 = 65545
[DexParser]   ULEB128[dm_code_off] @ 0x114901 = 85248
[DexParser]   === EXP-031.6 CODE_ITEM @ offset=0x85248 for <clinit> ===
[DexParser]   registers_size: 10
[DexParser]   ins_size: 0
[DexParser]   outs_size: 2
[DexParser]   tries_size: 0
[DexParser]   debug_info_off: 0x0
[DexParser]   insns_size: 83 ← KEY FIELD!
[DexParser]   ✅ EXTRACTED 83 INSTRUCTIONS!
[DexParser]   First opcodes: 001c 00da 106e 0277 0000 
[DexParser]   → Result: 1 direct methods, 0 virtual methods
[DexParser] CLASS_DEF[92] @ offset 0x24920:
[DexParser]   class_idx: 310 (max valid: 337)
[DexParser]   access_flags: 0x1025
[DexParser]   superclass_idx: 206
[DexParser]   class_data_off: 0x114904
[DexParser]   → Resolved name: [Lq/a;]
[DexParser]   → Parsing class_data at 0x114904
[DexParser]   === EXP-031.6 CLASS_DATA PARSING @ offset=0x114904 ===
[DexParser]   First bytes: 01 00 01 00 d2 02 19 ca 08 89 80 04 b8 9b 05 00 00 00 01 cb 08 81 08 00 00 00 00 01 cd 08 11 a8 
[DexParser]   ULEB128[static_fields_size] @ 0x114904 = 1
[DexParser]   ULEB128[instance_fields_size] @ 0x114905 = 0
[DexParser]   ULEB128[direct_methods_size] @ 0x114906 = 1
[DexParser]   ULEB128[virtual_methods_size] @ 0x114907 = 0
[DexParser]   → Header: static=1, instance=0, direct=1, virtual=0
[DexParser]   ULEB128[sf_field_diff] @ 0x114908 = 338
[DexParser]   ULEB128[sf_access_flags] @ 0x114910 = 25
[DexParser]   → Direct method[0]:
[DexParser]   ULEB128[dm_method_diff] @ 0x114911 = 1098
[DexParser]   ULEB128[dm_access_flags] @ 0x114913 = 65545
[DexParser]   ULEB128[dm_code_off] @ 0x114916 = 85432
[DexParser]   === EXP-031.6 CODE_ITEM @ offset=0x85432 for <clinit> ===
[DexParser]   registers_size: 3
[DexParser]   ins_size: 0
[DexParser]   outs_size: 2
[DexParser]   tries_size: 1
[DexParser]   debug_info_off: 0x0
[DexParser]   insns_size: 42 ← KEY FIELD!
[DexParser]   ✅ EXTRACTED 42 INSTRUCTIONS!
[DexParser]   First opcodes: 0012 011a 028a 1071 026e 
[DexParser]   → Result: 1 direct methods, 0 virtual methods
[DexParser] CLASS_DEF[93] @ offset 0x24952:
[DexParser]   class_idx: 311 (max valid: 337)
[DexParser]   access_flags: 0x1537
[DexParser]   superclass_idx: 206
[DexParser]   class_data_off: 0x114919
[DexParser]   → Resolved name: [Lr/a;]
[DexParser]   → Parsing class_data at 0x114919
[DexParser]   === EXP-031.6 CLASS_DATA PARSING @ offset=0x114919 ===
[DexParser]   First bytes: 00 00 00 01 cb 08 81 08 00 00 00 00 01 cd 08 11 a8 9c 05 01 00 01 00 d3 02 19 ce 08 89 80 04 88 
[DexParser]   ULEB128[static_fields_size] @ 0x114919 = 0
[DexParser]   ULEB128[instance_fields_size] @ 0x114920 = 0
[DexParser]   ULEB128[direct_methods_size] @ 0x114921 = 0
[DexParser]   ULEB128[virtual_methods_size] @ 0x114922 = 1
[DexParser]   → Header: static=0, instance=0, direct=0, virtual=1
[DexParser]   → Virtual method[0]:
[DexParser]   ULEB128[vm_method_diff] @ 0x114923 = 1099
[DexParser]   ULEB128[vm_access_flags] @ 0x114925 = 1025
[DexParser]   ULEB128[vm_code_off] @ 0x114927 = 0
[DexParser]   → Result: 0 direct methods, 1 virtual methods
[DexParser] CLASS_DEF[94] @ offset 0x24984:
[DexParser]   class_idx: 312 (max valid: 337)
[DexParser]   access_flags: 0x1025
[DexParser]   superclass_idx: 206
[DexParser]   class_data_off: 0x114928
[DexParser]   → Resolved name: [Ls/a;]
[DexParser]   → Parsing class_data at 0x114928
[DexParser]   === EXP-031.6 CLASS_DATA PARSING @ offset=0x114928 ===
[DexParser]   First bytes: 00 00 00 01 cd 08 11 a8 9c 05 01 00 01 00 d3 02 19 ce 08 89 80 04 88 9d 05 00 03 01 01 d4 02 11 
[DexParser]   ULEB128[static_fields_size] @ 0x114928 = 0
[DexParser]   ULEB128[instance_fields_size] @ 0x114929 = 0
[DexParser]   ULEB128[direct_methods_size] @ 0x114930 = 0
[DexParser]   ULEB128[virtual_methods_size] @ 0x114931 = 1
[DexParser]   → Header: static=0, instance=0, direct=0, virtual=1
[DexParser]   → Virtual method[0]:
[DexParser]   ULEB128[vm_method_diff] @ 0x114932 = 1101
[DexParser]   ULEB128[vm_access_flags] @ 0x114934 = 17
[DexParser]   ULEB128[vm_code_off] @ 0x114935 = 85544
[DexParser]   === EXP-031.6 CODE_ITEM @ offset=0x85544 for toString ===
[DexParser]   registers_size: 3
[DexParser]   ins_size: 1
[DexParser]   outs_size: 2
[DexParser]   tries_size: 0
[DexParser]   debug_info_off: 0x0
[DexParser]   insns_size: 40 ← KEY FIELD!
[DexParser]   ✅ EXTRACTED 40 INSTRUCTIONS!
[DexParser]   First opcodes: 0062 0153 106e 029b 0000 
[DexParser]   → Result: 0 direct methods, 1 virtual methods
[DexParser] CLASS_DEF[95] @ offset 0x25016:
[DexParser]   class_idx: 313 (max valid: 337)
[DexParser]   access_flags: 0x1025
[DexParser]   superclass_idx: 206
[DexParser]   class_data_off: 0x114938
[DexParser]   → Resolved name: [Ls/b;]
[DexParser]   → Parsing class_data at 0x114938
[DexParser]   === EXP-031.6 CLASS_DATA PARSING @ offset=0x114938 ===
[DexParser]   First bytes: 01 00 01 00 d3 02 19 ce 08 89 80 04 88 9d 05 00 03 01 01 d4 02 11 01 11 01 11 d0 08 81 80 04 ac 
[DexParser]   ULEB128[static_fields_size] @ 0x114938 = 1
[DexParser]   ULEB128[instance_fields_size] @ 0x114939 = 0
[DexParser]   ULEB128[direct_methods_size] @ 0x114940 = 1
[DexParser]   ULEB128[virtual_methods_size] @ 0x114941 = 0
[DexParser]   → Header: static=1, instance=0, direct=1, virtual=0
[DexParser]   ULEB128[sf_field_diff] @ 0x114942 = 339
[DexParser]   ULEB128[sf_access_flags] @ 0x114944 = 25
[DexParser]   → Direct method[0]:
[DexParser]   ULEB128[dm_method_diff] @ 0x114945 = 1102
[DexParser]   ULEB128[dm_access_flags] @ 0x114947 = 65545
[DexParser]   ULEB128[dm_code_off] @ 0x114950 = 85640
[DexParser]   === EXP-031.6 CODE_ITEM @ offset=0x85640 for <clinit> ===
[DexParser]   registers_size: 2
[DexParser]   ins_size: 0
[DexParser]   outs_size: 1
[DexParser]   tries_size: 1
[DexParser]   debug_info_off: 0x0
[DexParser]   insns_size: 25 ← KEY FIELD!
[DexParser]   ✅ EXTRACTED 25 INSTRUCTIONS!
[DexParser]   First opcodes: 0012 011a 0388 1071 026e 
[DexParser]   → Result: 1 direct methods, 0 virtual methods
[DexParser] CLASS_DEF[96] @ offset 0x25048:
[DexParser]   class_idx: 314 (max valid: 337)
[DexParser]   access_flags: 0x17
[DexParser]   superclass_idx: 206
[DexParser]   class_data_off: 0x0
[DexParser]   → Resolved name: [Ls/c;]
[DexParser]   → NO class_data (off=0x0, size=0x116876)
[DexParser]   → Result: 0 direct methods, 0 virtual methods
[DexParser] CLASS_DEF[97] @ offset 0x25080:
[DexParser]   class_idx: 315 (max valid: 337)
[DexParser]   access_flags: 0x1025
[DexParser]   superclass_idx: 206
[DexParser]   class_data_off: 0x114953
[DexParser]   → Resolved name: [Lt/a;]
[DexParser]   → Parsing class_data at 0x114953
[DexParser]   === EXP-031.6 CLASS_DATA PARSING @ offset=0x114953 ===
[DexParser]   First bytes: 00 03 01 01 d4 02 11 01 11 01 11 d0 08 81 80 04 ac a0 05 d1 08 11 84 a0 05 00 04 01 06 d7 02 11 
[DexParser]   ULEB128[static_fields_size] @ 0x114953 = 0
[DexParser]   ULEB128[instance_fields_size] @ 0x114954 = 3
[DexParser]   ULEB128[direct_methods_size] @ 0x114955 = 1
[DexParser]   ULEB128[virtual_methods_size] @ 0x114956 = 1
[DexParser]   → Header: static=0, instance=3, direct=1, virtual=1
[DexParser]   ULEB128[if_field_diff] @ 0x114957 = 340
[DexParser]   ULEB128[if_access_flags] @ 0x114959 = 17
[DexParser]   ULEB128[if_field_diff] @ 0x114960 = 1
[DexParser]   ULEB128[if_access_flags] @ 0x114961 = 17
[DexParser]   ULEB128[if_field_diff] @ 0x114962 = 1
[DexParser]   ULEB128[if_access_flags] @ 0x114963 = 17
[DexParser]   → Direct method[0]:
[DexParser]   ULEB128[dm_method_diff] @ 0x114964 = 1104
[DexParser]   ULEB128[dm_access_flags] @ 0x114966 = 65537
[DexParser]   ULEB128[dm_code_off] @ 0x114969 = 86060
[DexParser]   === EXP-031.6 CODE_ITEM @ offset=0x86060 for <init> ===
[DexParser]   registers_size: 6
[DexParser]   ins_size: 4
[DexParser]   outs_size: 2
[DexParser]   tries_size: 0
[DexParser]   debug_info_off: 0x0
[DexParser]   insns_size: 88 ← KEY FIELD!
[DexParser]   ✅ EXTRACTED 88 INSTRUCTIONS!
[DexParser]   First opcodes: 1070 0298 0002 0538 004d 
[DexParser]   → Virtual method[0]:
[DexParser]   ULEB128[vm_method_diff] @ 0x114972 = 1105
[DexParser]   ULEB128[vm_access_flags] @ 0x114974 = 17
[DexParser]   ULEB128[vm_code_off] @ 0x114975 = 86020
[DexParser]   === EXP-031.6 CODE_ITEM @ offset=0x86020 for iterator ===
[DexParser]   registers_size: 5
[DexParser]   ins_size: 1
[DexParser]   outs_size: 4
[DexParser]   tries_size: 0
[DexParser]   debug_info_off: 0x0
[DexParser]   insns_size: 12 ← KEY FIELD!
[DexParser]   ✅ EXTRACTED 12 INSTRUCTIONS!
[DexParser]   First opcodes: 0022 013c 4152 0156 4252 
[DexParser]   → Result: 1 direct methods, 1 virtual methods
[DexParser] CLASS_DEF[98] @ offset 0x25112:
[DexParser]   class_idx: 316 (max valid: 337)
[DexParser]   access_flags: 0x17
[DexParser]   superclass_idx: 206
[DexParser]   class_data_off: 0x114978
[DexParser]   → Resolved name: [Lt/b;]
[DexParser]   → Parsing class_data at 0x114978
[DexParser]   === EXP-031.6 CLASS_DATA PARSING @ offset=0x114978 ===
[DexParser]   First bytes: 00 04 01 06 d7 02 11 01 11 01 01 01 01 d2 08 81 80 04 80 9f 05 d3 08 d1 20 c0 9e 05 01 11 fc 9d 
[DexParser]   ULEB128[static_fields_size] @ 0x114978 = 0
[DexParser]   ULEB128[instance_fields_size] @ 0x114979 = 4
[DexParser]   ULEB128[direct_methods_size] @ 0x114980 = 1
[DexParser]   ULEB128[virtual_methods_size] @ 0x114981 = 6
[DexParser]   → Header: static=0, instance=4, direct=1, virtual=6
[DexParser]   ULEB128[if_field_diff] @ 0x114982 = 343
[DexParser]   ULEB128[if_access_flags] @ 0x114984 = 17
[DexParser]   ULEB128[if_field_diff] @ 0x114985 = 1
[DexParser]   ULEB128[if_access_flags] @ 0x114986 = 17
[DexParser]   ULEB128[if_field_diff] @ 0x114987 = 1
[DexParser]   ULEB128[if_access_flags] @ 0x114988 = 1
[DexParser]   ULEB128[if_field_diff] @ 0x114989 = 1
[DexParser]   ULEB128[if_access_flags] @ 0x114990 = 1
[DexParser]   → Direct method[0]:
[DexParser]   ULEB128[dm_method_diff] @ 0x114991 = 1106
[DexParser]   ULEB128[dm_access_flags] @ 0x114993 = 65537
[DexParser]   ULEB128[dm_code_off] @ 0x114996 = 85888
[DexParser]   === EXP-031.6 CODE_ITEM @ offset=0x85888 for <init> ===
[DexParser]   registers_size: 6
[DexParser]   ins_size: 4
[DexParser]   outs_size: 1
[DexParser]   tries_size: 0
[DexParser]   debug_info_off: 0x0
[DexParser]   insns_size: 27 ← KEY FIELD!
[DexParser]   ✅ EXTRACTED 27 INSTRUCTIONS!
[DexParser]   First opcodes: 1070 0298 0002 2559 0157 
[DexParser]   → Virtual method[0]:
[DexParser]   ULEB128[vm_method_diff] @ 0x114999 = 1107
[DexParser]   ULEB128[vm_access_flags] @ 0x115001 = 4177
[DexParser]   ULEB128[vm_code_off] @ 0x115003 = 85824
[DexParser]   === EXP-031.6 CODE_ITEM @ offset=0x85824 for a ===
[DexParser]   registers_size: 2
[DexParser]   ins_size: 1
[DexParser]   outs_size: 1
[DexParser]   tries_size: 0
[DexParser]   debug_info_off: 0x0
[DexParser]   insns_size: 9 ← KEY FIELD!
[DexParser]   ✅ EXTRACTED 9 INSTRUCTIONS!
[DexParser]   First opcodes: 106e 0454 0001 000a 1071 
[DexParser]   → Virtual method[1]:
[DexParser]   ULEB128[vm_method_diff] @ 0x115006 = 1
[DexParser]   ULEB128[vm_access_flags] @ 0x115007 = 17
[DexParser]   ULEB128[vm_code_off] @ 0x115008 = 85756
[DexParser]   === EXP-031.6 CODE_ITEM @ offset=0x85756 for b ===
[DexParser]   registers_size: 3
[DexParser]   ins_size: 1
[DexParser]   outs_size: 1
[DexParser]   tries_size: 0
[DexParser]   debug_info_off: 0x0
[DexParser]   insns_size: 26 ← KEY FIELD!
[DexParser]   ✅ EXTRACTED 26 INSTRUCTIONS!
[DexParser]   First opcodes: 2052 015a 2152 0158 1033 
[DexParser]   → Virtual method[2]:
[DexParser]   ULEB128[vm_method_diff] @ 0x115011 = 1
[DexParser]   ULEB128[vm_access_flags] @ 0x115012 = 17
[DexParser]   ULEB128[vm_code_off] @ 0x115013 = 85960
[DexParser]   === EXP-031.6 CODE_ITEM @ offset=0x85960 for c ===
[DexParser]   registers_size: 3
[DexParser]   ins_size: 1
[DexParser]   outs_size: 2
[DexParser]   tries_size: 0
[DexParser]   debug_info_off: 0x0
[DexParser]   insns_size: 8 ← KEY FIELD!
[DexParser]   ✅ EXTRACTED 8 INSTRUCTIONS!
[DexParser]   First opcodes: 0022 00db 011a 0203 2070 
[DexParser]   → Virtual method[3]:
[DexParser]   ULEB128[vm_method_diff] @ 0x115016 = 1
[DexParser]   ULEB128[vm_access_flags] @ 0x115017 = 17
[DexParser]   ULEB128[vm_code_off] @ 0x115018 = 85732
[DexParser]   === EXP-031.6 CODE_ITEM @ offset=0x85732 for hasNext ===
[DexParser]   registers_size: 2
[DexParser]   ins_size: 1
[DexParser]   outs_size: 0
[DexParser]   tries_size: 0
[DexParser]   debug_info_off: 0x0
[DexParser]   insns_size: 3 ← KEY FIELD!
[DexParser]   ✅ EXTRACTED 3 INSTRUCTIONS!
[DexParser]   First opcodes: 1055 0159 000f 
[DexParser]   → Virtual method[4]:
[DexParser]   ULEB128[vm_method_diff] @ 0x115021 = 1
[DexParser]   ULEB128[vm_access_flags] @ 0x115022 = 4177
[DexParser]   ULEB128[vm_code_off] @ 0x115024 = 85860
[DexParser]   === EXP-031.6 CODE_ITEM @ offset=0x85860 for next ===
[DexParser]   registers_size: 2
[DexParser]   ins_size: 1
[DexParser]   outs_size: 1
[DexParser]   tries_size: 0
[DexParser]   debug_info_off: 0x0
[DexParser]   insns_size: 5 ← KEY FIELD!
[DexParser]   ✅ EXTRACTED 5 INSTRUCTIONS!
[DexParser]   First opcodes: 106e 0453 0001 000c 0011 
[DexParser]   → Virtual method[5]:
[DexParser]   ULEB128[vm_method_diff] @ 0x115027 = 1
[DexParser]   ULEB128[vm_access_flags] @ 0x115028 = 4177
[DexParser]   ULEB128[vm_code_off] @ 0x115030 = 85992
[DexParser]   === EXP-031.6 CODE_ITEM @ offset=0x85992 for remove ===
[DexParser]   registers_size: 2
[DexParser]   ins_size: 1
[DexParser]   outs_size: 1
[DexParser]   tries_size: 0
[DexParser]   debug_info_off: 0x0
[DexParser]   insns_size: 5 ← KEY FIELD!
[DexParser]   ✅ EXTRACTED 5 INSTRUCTIONS!
[DexParser]   First opcodes: 106e 0455 0001 0012 0027 
[DexParser]   → Result: 1 direct methods, 6 virtual methods
[DexParser] CLASS_DEF[99] @ offset 0x25144:
[DexParser]   class_idx: 6 (max valid: 337)
[DexParser]   access_flags: 0x17
[DexParser]   superclass_idx: 9
[DexParser]   class_data_off: 0x115033
[DexParser]   → Resolved name: [La/b;]
[DexParser]   → Parsing class_data at 0x115033
[DexParser]   === EXP-031.6 CLASS_DATA PARSING @ offset=0x115033 ===
[DexParser]   First bytes: 02 01 02 00 01 49 01 19 00 11 02 89 80 04 a0 d0 01 01 81 80 04 c0 d0 01 00 02 01 00 05 11 01 11 
[DexParser]   ULEB128[static_fields_size] @ 0x115033 = 2
[DexParser]   ULEB128[instance_fields_size] @ 0x115034 = 1
[DexParser]   ULEB128[direct_methods_size] @ 0x115035 = 2
[DexParser]   ULEB128[virtual_methods_size] @ 0x115036 = 0
[DexParser]   → Header: static=2, instance=1, direct=2, virtual=0
[DexParser]   ULEB128[sf_field_diff] @ 0x115037 = 1
[DexParser]   ULEB128[sf_access_flags] @ 0x115038 = 73
[DexParser]   ULEB128[sf_field_diff] @ 0x115039 = 1
[DexParser]   ULEB128[sf_access_flags] @ 0x115040 = 25
[DexParser]   ULEB128[if_field_diff] @ 0x115041 = 0
[DexParser]   ULEB128[if_access_flags] @ 0x115042 = 17
[DexParser]   → Direct method[0]:
[DexParser]   ULEB128[dm_method_diff] @ 0x115043 = 2
[DexParser]   ULEB128[dm_access_flags] @ 0x115044 = 65545
[DexParser]   ULEB128[dm_code_off] @ 0x115047 = 26656
[DexParser]   === EXP-031.6 CODE_ITEM @ offset=0x26656 for <clinit> ===
[DexParser]   registers_size: 1
[DexParser]   ins_size: 0
[DexParser]   outs_size: 1
[DexParser]   tries_size: 0
[DexParser]   debug_info_off: 0x0
[DexParser]   insns_size: 8 ← KEY FIELD!
[DexParser]   ✅ EXTRACTED 8 INSTRUCTIONS!
[DexParser]   First opcodes: 0022 0005 1070 0000 0000 
[DexParser]   → Direct method[1]:
[DexParser]   ULEB128[dm_method_diff] @ 0x115050 = 1
[DexParser]   ULEB128[dm_access_flags] @ 0x115051 = 65537
[DexParser]   ULEB128[dm_code_off] @ 0x115054 = 26688
[DexParser]   === EXP-031.6 CODE_ITEM @ offset=0x26688 for <init> ===
[DexParser]   registers_size: 2
[DexParser]   ins_size: 1
[DexParser]   outs_size: 1
[DexParser]   tries_size: 0
[DexParser]   debug_info_off: 0x0
[DexParser]   insns_size: 11 ← KEY FIELD!
[DexParser]   ✅ EXTRACTED 11 INSTRUCTIONS!
[DexParser]   First opcodes: 1070 0008 0001 0022 000a 
[DexParser]   → Result: 2 direct methods, 0 virtual methods
[DexParser] CLASS_DEF[100] @ offset 0x25176:
[DexParser]   class_idx: 10 (max valid: 337)
[DexParser]   access_flags: 0x17
[DexParser]   superclass_idx: 9
[DexParser]   class_data_off: 0x115057
[DexParser]   → Resolved name: [La/f;]
[DexParser]   → Parsing class_data at 0x115057
[DexParser]   === EXP-031.6 CLASS_DATA PARSING @ offset=0x115057 ===
[DexParser]   First bytes: 00 02 01 00 05 11 01 11 19 81 80 04 ec e0 01 00 00 03 00 bb 01 81 80 04 c8 e1 01 01 09 ac e1 01 
[DexParser]   ULEB128[static_fields_size] @ 0x115057 = 0
[DexParser]   ULEB128[instance_fields_size] @ 0x115058 = 2
[DexParser]   ULEB128[direct_methods_size] @ 0x115059 = 1
[DexParser]   ULEB128[virtual_methods_size] @ 0x115060 = 0
[DexParser]   → Header: static=0, instance=2, direct=1, virtual=0
[DexParser]   ULEB128[if_field_diff] @ 0x115061 = 5
[DexParser]   ULEB128[if_access_flags] @ 0x115062 = 17
[DexParser]   ULEB128[if_field_diff] @ 0x115063 = 1
[DexParser]   ULEB128[if_access_flags] @ 0x115064 = 17
[DexParser]   → Direct method[0]:
[DexParser]   ULEB128[dm_method_diff] @ 0x115065 = 25
[DexParser]   ULEB128[dm_access_flags] @ 0x115066 = 65537
[DexParser]   ULEB128[dm_code_off] @ 0x115069 = 28780
[DexParser]   === EXP-031.6 CODE_ITEM @ offset=0x28780 for <init> ===
[DexParser]   registers_size: 3
[DexParser]   ins_size: 1
[DexParser]   outs_size: 2
[DexParser]   tries_size: 0
[DexParser]   debug_info_off: 0x0
[DexParser]   insns_size: 23 ← KEY FIELD!
[DexParser]   ✅ EXTRACTED 23 INSTRUCTIONS!
[DexParser]   First opcodes: 1070 0008 0002 0022 00ce 
[DexParser]   → Result: 1 direct methods, 0 virtual methods
[DexParser] CLASS_DEF[101] @ offset 0x25208:
[DexParser]   class_idx: 70 (max valid: 337)
[DexParser]   access_flags: 0x17
[DexParser]   superclass_idx: 90
[DexParser]   class_data_off: 0x115072
[DexParser]   → Resolved name: [Landroid/support/v4/app/RemoteActionCompatParcelizer;]
[DexParser]   → Parsing class_data at 0x115072
[DexParser]   === EXP-031.6 CLASS_DATA PARSING @ offset=0x115072 ===
[DexParser]   First bytes: 00 00 03 00 bb 01 81 80 04 c8 e1 01 01 09 ac e1 01 01 09 e0 e1 01 00 00 03 00 be 01 81 80 04 94 
[DexParser]   ULEB128[static_fields_size] @ 0x115072 = 0
[DexParser]   ULEB128[instance_fields_size] @ 0x115073 = 0
[DexParser]   ULEB128[direct_methods_size] @ 0x115074 = 3
[DexParser]   ULEB128[virtual_methods_size] @ 0x115075 = 0
[DexParser]   → Header: static=0, instance=0, direct=3, virtual=0
[DexParser]   → Direct method[0]:
[DexParser]   ULEB128[dm_method_diff] @ 0x115076 = 187
[DexParser]   ULEB128[dm_access_flags] @ 0x115078 = 65537
[DexParser]   ULEB128[dm_code_off] @ 0x115081 = 28872
[DexParser]   === EXP-031.6 CODE_ITEM @ offset=0x28872 for <init> ===
[DexParser]   registers_size: 1
[DexParser]   ins_size: 1
[DexParser]   outs_size: 1
[DexParser]   tries_size: 0
[DexParser]   debug_info_off: 0x0
[DexParser]   insns_size: 4 ← KEY FIELD!
[DexParser]   ✅ EXTRACTED 4 INSTRUCTIONS!
[DexParser]   First opcodes: 1070 00ec 0000 000e 
[DexParser]   → Direct method[1]:
[DexParser]   ULEB128[dm_method_diff] @ 0x115084 = 1
[DexParser]   ULEB128[dm_access_flags] @ 0x115085 = 9
[DexParser]   ULEB128[dm_code_off] @ 0x115086 = 28844
[DexParser]   === EXP-031.6 CODE_ITEM @ offset=0x28844 for read ===
[DexParser]   registers_size: 1
[DexParser]   ins_size: 1
[DexParser]   outs_size: 1
[DexParser]   tries_size: 0
[DexParser]   debug_info_off: 0x0
[DexParser]   insns_size: 5 ← KEY FIELD!
[DexParser]   ✅ EXTRACTED 5 INSTRUCTIONS!
[DexParser]   First opcodes: 1071 00ed 0000 000c 0011 
[DexParser]   → Direct method[2]:
[DexParser]   ULEB128[dm_method_diff] @ 0x115089 = 1
[DexParser]   ULEB128[dm_access_flags] @ 0x115090 = 9
[DexParser]   ULEB128[dm_code_off] @ 0x115091 = 28896
[DexParser]   === EXP-031.6 CODE_ITEM @ offset=0x28896 for write ===
[DexParser]   registers_size: 2
[DexParser]   ins_size: 2
[DexParser]   outs_size: 2
[DexParser]   tries_size: 0
[DexParser]   debug_info_off: 0x0
[DexParser]   insns_size: 4 ← KEY FIELD!
[DexParser]   ✅ EXTRACTED 4 INSTRUCTIONS!
[DexParser]   First opcodes: 2071 00ee 0010 000e 
[DexParser]   → Result: 3 direct methods, 0 virtual methods
[DexParser] CLASS_DEF[102] @ offset 0x25240:
[DexParser]   class_idx: 71 (max valid: 337)
[DexParser]   access_flags: 0x17
[DexParser]   superclass_idx: 92
[DexParser]   class_data_off: 0x115094
[DexParser]   → Resolved name: [Landroid/support/v4/graphics/drawable/IconCompatParcelizer;]
[DexParser]   → Parsing class_data at 0x115094
[DexParser]   === EXP-031.6 CLASS_DATA PARSING @ offset=0x115094 ===
[DexParser]   First bytes: 00 00 03 00 be 01 81 80 04 94 e2 01 01 09 f8 e1 01 01 09 ac e2 01 00 06 01 00 0c 01 01 01 01 01 
[DexParser]   ULEB128[static_fields_size] @ 0x115094 = 0
[DexParser]   ULEB128[instance_fields_size] @ 0x115095 = 0
[DexParser]   ULEB128[direct_methods_size] @ 0x115096 = 3
[DexParser]   ULEB128[virtual_methods_size] @ 0x115097 = 0
[DexParser]   → Header: static=0, instance=0, direct=3, virtual=0
[DexParser]   → Direct method[0]:
[DexParser]   ULEB128[dm_method_diff] @ 0x115098 = 190
[DexParser]   ULEB128[dm_access_flags] @ 0x115100 = 65537
[DexParser]   ULEB128[dm_code_off] @ 0x115103 = 28948
[DexParser]   === EXP-031.6 CODE_ITEM @ offset=0x28948 for <init> ===
[DexParser]   registers_size: 1
[DexParser]   ins_size: 1
[DexParser]   outs_size: 1
[DexParser]   tries_size: 0
[DexParser]   debug_info_off: 0x0
[DexParser]   insns_size: 4 ← KEY FIELD!
[DexParser]   ✅ EXTRACTED 4 INSTRUCTIONS!
[DexParser]   First opcodes: 1070 00f2 0000 000e 
[DexParser]   → Direct method[1]:
[DexParser]   ULEB128[dm_method_diff] @ 0x115106 = 1
[DexParser]   ULEB128[dm_access_flags] @ 0x115107 = 9
[DexParser]   ULEB128[dm_code_off] @ 0x115108 = 28920
[DexParser]   === EXP-031.6 CODE_ITEM @ offset=0x28920 for read ===
[DexParser]   registers_size: 1
[DexParser]   ins_size: 1
[DexParser]   outs_size: 1
[DexParser]   tries_size: 0
[DexParser]   debug_info_off: 0x0
[DexParser]   insns_size: 5 ← KEY FIELD!
[DexParser]   ✅ EXTRACTED 5 INSTRUCTIONS!
[DexParser]   First opcodes: 1071 00f3 0000 000c 0011 
[DexParser]   → Direct method[2]:
[DexParser]   ULEB128[dm_method_diff] @ 0x115111 = 1
[DexParser]   ULEB128[dm_access_flags] @ 0x115112 = 9
[DexParser]   ULEB128[dm_code_off] @ 0x115113 = 28972
[DexParser]   === EXP-031.6 CODE_ITEM @ offset=0x28972 for write ===
[DexParser]   registers_size: 2
[DexParser]   ins_size: 2
[DexParser]   outs_size: 2
[DexParser]   tries_size: 0
[DexParser]   debug_info_off: 0x0
[DexParser]   insns_size: 4 ← KEY FIELD!
[DexParser]   ✅ EXTRACTED 4 INSTRUCTIONS!
[DexParser]   First opcodes: 2071 00f4 0010 000e 
[DexParser]   → Result: 3 direct methods, 0 virtual methods
[DexParser] CLASS_DEF[103] @ offset 0x25272:
[DexParser]   class_idx: 89 (max valid: 337)
[DexParser]   access_flags: 0x17
[DexParser]   superclass_idx: 206
[DexParser]   class_data_off: 0x115116
[DexParser]   → Resolved name: [Landroidx/core/app/RemoteActionCompat;]
[DexParser]   → Parsing class_data at 0x115116
[DexParser]   === EXP-031.6 CLASS_DATA PARSING @ offset=0x115116 ===
[DexParser]   First bytes: 00 06 01 00 0c 01 01 01 01 01 01 01 01 01 01 01 eb 01 81 80 04 b4 e7 01 00 00 01 00 f7 01 81 80 
[DexParser]   ULEB128[static_fields_size] @ 0x115116 = 0
[DexParser]   ULEB128[instance_fields_size] @ 0x115117 = 6
[DexParser]   ULEB128[direct_methods_size] @ 0x115118 = 1
[DexParser]   ULEB128[virtual_methods_size] @ 0x115119 = 0
[DexParser]   → Header: static=0, instance=6, direct=1, virtual=0
[DexParser]   ULEB128[if_field_diff] @ 0x115120 = 12
[DexParser]   ULEB128[if_access_flags] @ 0x115121 = 1
[DexParser]   ULEB128[if_field_diff] @ 0x115122 = 1
[DexParser]   ULEB128[if_access_flags] @ 0x115123 = 1
[DexParser]   ULEB128[if_field_diff] @ 0x115124 = 1
[DexParser]   ULEB128[if_access_flags] @ 0x115125 = 1
[DexParser]   ULEB128[if_field_diff] @ 0x115126 = 1
[DexParser]   ULEB128[if_access_flags] @ 0x115127 = 1
[DexParser]   ULEB128[if_field_diff] @ 0x115128 = 1
[DexParser]   ULEB128[if_access_flags] @ 0x115129 = 1
[DexParser]   ULEB128[if_field_diff] @ 0x115130 = 1
[DexParser]   ULEB128[if_access_flags] @ 0x115131 = 1
[DexParser]   → Direct method[0]:
[DexParser]   ULEB128[dm_method_diff] @ 0x115132 = 235
[DexParser]   ULEB128[dm_access_flags] @ 0x115134 = 65537
[DexParser]   ULEB128[dm_code_off] @ 0x115137 = 29620
[DexParser]   === EXP-031.6 CODE_ITEM @ offset=0x29620 for <init> ===
[DexParser]   registers_size: 1
[DexParser]   ins_size: 1
[DexParser]   outs_size: 1
[DexParser]   tries_size: 0
[DexParser]   debug_info_off: 0x0
[DexParser]   insns_size: 4 ← KEY FIELD!
[DexParser]   ✅ EXTRACTED 4 INSTRUCTIONS!
[DexParser]   First opcodes: 1070 0298 0000 000e 
[DexParser]   → Result: 1 direct methods, 0 virtual methods
[DexParser] CLASS_DEF[104] @ offset 0x25304:
[DexParser]   class_idx: 99 (max valid: 337)
[DexParser]   access_flags: 0x1025
[DexParser]   superclass_idx: 206
[DexParser]   class_data_off: 0x115140
[DexParser]   → Resolved name: [Landroidx/versionedparcelable/CustomVersionedParcelable;]
[DexParser]   → Parsing class_data at 0x115140
[DexParser]   === EXP-031.6 CLASS_DATA PARSING @ offset=0x115140 ===
[DexParser]   First bytes: 00 00 01 00 f7 01 81 80 04 f4 f4 01 00 01 01 06 57 41 84 03 81 80 04 a4 e7 02 85 03 11 d4 e6 02 
[DexParser]   ULEB128[static_fields_size] @ 0x115140 = 0
[DexParser]   ULEB128[instance_fields_size] @ 0x115141 = 0
[DexParser]   ULEB128[direct_methods_size] @ 0x115142 = 1
[DexParser]   ULEB128[virtual_methods_size] @ 0x115143 = 0
[DexParser]   → Header: static=0, instance=0, direct=1, virtual=0
[DexParser]   → Direct method[0]:
[DexParser]   ULEB128[dm_method_diff] @ 0x115144 = 247
[DexParser]   ULEB128[dm_access_flags] @ 0x115146 = 65537
[DexParser]   ULEB128[dm_code_off] @ 0x115149 = 31348
[DexParser]   === EXP-031.6 CODE_ITEM @ offset=0x31348 for <init> ===
[DexParser]   registers_size: 1
[DexParser]   ins_size: 1
[DexParser]   outs_size: 1
[DexParser]   tries_size: 0
[DexParser]   debug_info_off: 0x0
[DexParser]   insns_size: 4 ← KEY FIELD!
[DexParser]   ✅ EXTRACTED 4 INSTRUCTIONS!
[DexParser]   First opcodes: 1070 0298 0000 000e 
[DexParser]   → Result: 1 direct methods, 0 virtual methods
[DexParser] CLASS_DEF[105] @ offset 0x25336:
[DexParser]   class_idx: 101 (max valid: 337)
[DexParser]   access_flags: 0x17
[DexParser]   superclass_idx: 103
[DexParser]   class_data_off: 0x0
[DexParser]   → Resolved name: [Lb/a;]
[DexParser]   → NO class_data (off=0x0, size=0x116876)
[DexParser]   → Result: 0 direct methods, 0 virtual methods
[DexParser] CLASS_DEF[106] @ offset 0x25368:
[DexParser]   class_idx: 117 (max valid: 337)
[DexParser]   access_flags: 0x17
[DexParser]   superclass_idx: 116
[DexParser]   class_data_off: 0x115152
[DexParser]   → Resolved name: [Ldubrowgn/microtimer/db/Database_Impl;]
[DexParser]   → Parsing class_data at 0x115152
[DexParser]   === EXP-031.6 CLASS_DATA PARSING @ offset=0x115152 ===
[DexParser]   First bytes: 00 01 01 06 57 41 84 03 81 80 04 a4 e7 02 85 03 11 d4 e6 02 01 11 d4 e4 02 01 11 94 e5 02 01 11 
[DexParser]   ULEB128[static_fields_size] @ 0x115152 = 0
[DexParser]   ULEB128[instance_fields_size] @ 0x115153 = 1
[DexParser]   ULEB128[direct_methods_size] @ 0x115154 = 1
[DexParser]   ULEB128[virtual_methods_size] @ 0x115155 = 6
[DexParser]   → Header: static=0, instance=1, direct=1, virtual=6
[DexParser]   ULEB128[if_field_diff] @ 0x115156 = 87
[DexParser]   ULEB128[if_access_flags] @ 0x115157 = 65
[DexParser]   → Direct method[0]:
[DexParser]   ULEB128[dm_method_diff] @ 0x115158 = 388
[DexParser]   ULEB128[dm_access_flags] @ 0x115160 = 65537
[DexParser]   ULEB128[dm_code_off] @ 0x115163 = 45988
[DexParser]   === EXP-031.6 CODE_ITEM @ offset=0x45988 for <init> ===
[DexParser]   registers_size: 1
[DexParser]   ins_size: 1
[DexParser]   outs_size: 1
[DexParser]   tries_size: 0
[DexParser]   debug_info_off: 0x0
[DexParser]   insns_size: 4 ← KEY FIELD!
[DexParser]   ✅ EXTRACTED 4 INSTRUCTIONS!
[DexParser]   First opcodes: 1070 0174 0000 000e 
[DexParser]   → Virtual method[0]:
[DexParser]   ULEB128[vm_method_diff] @ 0x115166 = 389
[DexParser]   ULEB128[vm_access_flags] @ 0x115168 = 17
[DexParser]   ULEB128[vm_code_off] @ 0x115169 = 45908
[DexParser]   === EXP-031.6 CODE_ITEM @ offset=0x45908 for a ===
[DexParser]   registers_size: 2
[DexParser]   ins_size: 1
[DexParser]   outs_size: 2
[DexParser]   tries_size: 1
[DexParser]   debug_info_off: 0x0
[DexParser]   insns_size: 26 ← KEY FIELD!
[DexParser]   ✅ EXTRACTED 26 INSTRUCTIONS!
[DexParser]   First opcodes: 1054 0057 0038 0005 1054 
[DexParser]   → Virtual method[1]:
[DexParser]   ULEB128[vm_method_diff] @ 0x115172 = 1
[DexParser]   ULEB128[vm_access_flags] @ 0x115173 = 17
[DexParser]   ULEB128[vm_code_off] @ 0x115174 = 45652
[DexParser]   === EXP-031.6 CODE_ITEM @ offset=0x45652 for e ===
[DexParser]   registers_size: 5
[DexParser]   ins_size: 1
[DexParser]   outs_size: 5
[DexParser]   tries_size: 0
[DexParser]   debug_info_off: 0x0
[DexParser]   insns_size: 23 ← KEY FIELD!
[DexParser]   ✅ EXTRACTED 23 INSTRUCTIONS!
[DexParser]   First opcodes: 0022 00f5 0112 2070 0304 
[DexParser]   → Virtual method[2]:
[DexParser]   ULEB128[vm_method_diff] @ 0x115177 = 1
[DexParser]   ULEB128[vm_access_flags] @ 0x115178 = 17
[DexParser]   ULEB128[vm_code_off] @ 0x115179 = 45716
[DexParser]   === EXP-031.6 CODE_ITEM @ offset=0x45716 for f ===
[DexParser]   registers_size: 8
[DexParser]   ins_size: 2
[DexParser]   outs_size: 6
[DexParser]   tries_size: 0
[DexParser]   debug_info_off: 0x0
[DexParser]   insns_size: 35 ← KEY FIELD!
[DexParser]   ✅ EXTRACTED 35 INSTRUCTIONS!
[DexParser]   First opcodes: 0322 0076 0022 011d 2070 
[DexParser]   → Virtual method[3]:
[DexParser]   ULEB128[vm_method_diff] @ 0x115182 = 1
[DexParser]   ULEB128[vm_access_flags] @ 0x115183 = 17
[DexParser]   ULEB128[vm_code_off] @ 0x115184 = 45804
[DexParser]   === EXP-031.6 CODE_ITEM @ offset=0x45804 for g ===
[DexParser]   registers_size: 2
[DexParser]   ins_size: 2
[DexParser]   outs_size: 1
[DexParser]   tries_size: 0
[DexParser]   debug_info_off: 0x0
[DexParser]   insns_size: 6 ← KEY FIELD!
[DexParser]   ✅ EXTRACTED 6 INSTRUCTIONS!
[DexParser]   First opcodes: 0122 00ef 1070 02e8 0001 
[DexParser]   → Virtual method[4]:
[DexParser]   ULEB128[vm_method_diff] @ 0x115187 = 1
[DexParser]   ULEB128[vm_access_flags] @ 0x115188 = 17
[DexParser]   ULEB128[vm_code_off] @ 0x115189 = 45880
[DexParser]   === EXP-031.6 CODE_ITEM @ offset=0x45880 for j ===
[DexParser]   registers_size: 2
[DexParser]   ins_size: 1
[DexParser]   outs_size: 1
[DexParser]   tries_size: 0
[DexParser]   debug_info_off: 0x0
[DexParser]   insns_size: 6 ← KEY FIELD!
[DexParser]   ✅ EXTRACTED 6 INSTRUCTIONS!
[DexParser]   First opcodes: 0022 00f6 1070 0307 0000 
[DexParser]   → Virtual method[5]:
[DexParser]   ULEB128[vm_method_diff] @ 0x115192 = 1
[DexParser]   ULEB128[vm_access_flags] @ 0x115193 = 17
[DexParser]   ULEB128[vm_code_off] @ 0x115194 = 45832
[DexParser]   === EXP-031.6 CODE_ITEM @ offset=0x45832 for k ===
[DexParser]   registers_size: 4
[DexParser]   ins_size: 1
[DexParser]   outs_size: 3
[DexParser]   tries_size: 0
[DexParser]   debug_info_off: 0x0
[DexParser]   insns_size: 15 ← KEY FIELD!
[DexParser]   ✅ EXTRACTED 15 INSTRUCTIONS!
[DexParser]   First opcodes: 0022 00f5 1070 0303 0000 
[DexParser]   → Result: 1 direct methods, 6 virtual methods
[DexParser] CLASS_DEF[107] @ offset 0x25400:
[DexParser]   class_idx: 118 (max valid: 337)
[DexParser]   access_flags: 0x17
[DexParser]   superclass_idx: 156
[DexParser]   class_data_off: 0x115197
[DexParser]   → Resolved name: [Le/a0;]
[DexParser]   → Parsing class_data at 0x115197
[DexParser]   === EXP-031.6 CLASS_DATA PARSING @ offset=0x115197 ===
[DexParser]   First bytes: 00 04 01 06 58 01 01 11 01 11 01 11 8b 03 81 80 04 e8 af 03 8c 03 11 9c b0 03 01 11 b0 b0 03 01 
[DexParser]   ULEB128[static_fields_size] @ 0x115197 = 0
[DexParser]   ULEB128[instance_fields_size] @ 0x115198 = 4
[DexParser]   ULEB128[direct_methods_size] @ 0x115199 = 1
[DexParser]   ULEB128[virtual_methods_size] @ 0x115200 = 6
[DexParser]   → Header: static=0, instance=4, direct=1, virtual=6
[DexParser]   ULEB128[if_field_diff] @ 0x115201 = 88
[DexParser]   ULEB128[if_access_flags] @ 0x115202 = 1
[DexParser]   ULEB128[if_field_diff] @ 0x115203 = 1
[DexParser]   ULEB128[if_access_flags] @ 0x115204 = 17
[DexParser]   ULEB128[if_field_diff] @ 0x115205 = 1
[DexParser]   ULEB128[if_access_flags] @ 0x115206 = 17
[DexParser]   ULEB128[if_field_diff] @ 0x115207 = 1
[DexParser]   ULEB128[if_access_flags] @ 0x115208 = 17
[DexParser]   → Direct method[0]:
[DexParser]   ULEB128[dm_method_diff] @ 0x115209 = 395
[DexParser]   ULEB128[dm_access_flags] @ 0x115211 = 65537
[DexParser]   ULEB128[dm_code_off] @ 0x115214 = 55272
[DexParser]   === EXP-031.6 CODE_ITEM @ offset=0x55272 for <init> ===
[DexParser]   registers_size: 4
[DexParser]   ins_size: 3
[DexParser]   outs_size: 2
[DexParser]   tries_size: 0
[DexParser]   debug_info_off: 0x0
[DexParser]   insns_size: 17 ← KEY FIELD!
[DexParser]   ✅ EXTRACTED 17 INSTRUCTIONS!
[DexParser]   First opcodes: 1012 2070 020f 0001 125b 
[DexParser]   → Virtual method[0]:
[DexParser]   ULEB128[vm_method_diff] @ 0x115217 = 396
[DexParser]   ULEB128[vm_access_flags] @ 0x115219 = 17
[DexParser]   ULEB128[vm_code_off] @ 0x115220 = 55324
[DexParser]   === EXP-031.6 CODE_ITEM @ offset=0x55324 for b ===
[DexParser]   registers_size: 2
[DexParser]   ins_size: 2
[DexParser]   outs_size: 0
[DexParser]   tries_size: 0
[DexParser]   debug_info_off: 0x0
[DexParser]   insns_size: 1 ← KEY FIELD!
[DexParser]   ✅ EXTRACTED 1 INSTRUCTIONS!
[DexParser]   First opcodes: 000e 
[DexParser]   → Virtual method[1]:
[DexParser]   ULEB128[vm_method_diff] @ 0x115223 = 1
[DexParser]   ULEB128[vm_access_flags] @ 0x115224 = 17
[DexParser]   ULEB128[vm_code_off] @ 0x115225 = 55344
[DexParser]   === EXP-031.6 CODE_ITEM @ offset=0x55344 for c ===
[DexParser]   registers_size: 6
[DexParser]   ins_size: 2
[DexParser]   outs_size: 2
[DexParser]   tries_size: 2
[DexParser]   debug_info_off: 0x0
[DexParser]   insns_size: 113 ← KEY FIELD!
[DexParser]   ✅ EXTRACTED 113 INSTRUCTIONS!
[DexParser]   First opcodes: 001a 0217 206e 022f 0005 
[DexParser]   → Virtual method[2]:
[DexParser]   ULEB128[vm_method_diff] @ 0x115228 = 1
[DexParser]   ULEB128[vm_access_flags] @ 0x115229 = 17
[DexParser]   ULEB128[vm_code_off] @ 0x115230 = 55612
[DexParser]   === EXP-031.6 CODE_ITEM @ offset=0x55612 for d ===
[DexParser]   registers_size: 4
[DexParser]   ins_size: 4
[DexParser]   outs_size: 4
[DexParser]   tries_size: 0
[DexParser]   debug_info_off: 0x0
[DexParser]   insns_size: 4 ← KEY FIELD!
[DexParser]   ✅ EXTRACTED 4 INSTRUCTIONS!
[DexParser]   First opcodes: 406e 0190 3210 000e 
[DexParser]   → Virtual method[3]:
[DexParser]   ULEB128[vm_method_diff] @ 0x115233 = 1
[DexParser]   ULEB128[vm_access_flags] @ 0x115234 = 17
[DexParser]   ULEB128[vm_code_off] @ 0x115235 = 55636
[DexParser]   === EXP-031.6 CODE_ITEM @ offset=0x55636 for e ===
[DexParser]   registers_size: 8
[DexParser]   ins_size: 2
[DexParser]   outs_size: 2
[DexParser]   tries_size: 5
[DexParser]   debug_info_off: 0x0
[DexParser]   insns_size: 243 ← KEY FIELD!
[DexParser]   ✅ EXTRACTED 243 INSTRUCTIONS!
[DexParser]   First opcodes: 001a 0216 206e 022f 0007 
[DexParser]   → Virtual method[4]:
[DexParser]   ULEB128[vm_method_diff] @ 0x115238 = 1
[DexParser]   ULEB128[vm_access_flags] @ 0x115239 = 17
[DexParser]   ULEB128[vm_code_off] @ 0x115240 = 56196
[DexParser]   === EXP-031.6 CODE_ITEM @ offset=0x56196 for f ===
[DexParser]   registers_size: 20
[DexParser]   ins_size: 4
[DexParser]   outs_size: 3
[DexParser]   tries_size: 2
[DexParser]   debug_info_off: 0x0
[DexParser]   insns_size: 386 ← KEY FIELD!
[DexParser]   ✅ EXTRACTED 386 INSTRUCTIONS!
[DexParser]   First opcodes: 0108 0010 0008 0011 0202 
[DexParser]   → Virtual method[5]:
[DexParser]   ULEB128[vm_method_diff] @ 0x115243 = 1
[DexParser]   ULEB128[vm_access_flags] @ 0x115244 = 17
[DexParser]   ULEB128[vm_code_off] @ 0x115245 = 57008
[DexParser]   === EXP-031.6 CODE_ITEM @ offset=0x57008 for g ===
[DexParser]   registers_size: 5
[DexParser]   ins_size: 2
[DexParser]   outs_size: 2
[DexParser]   tries_size: 0
[DexParser]   debug_info_off: 0x0
[DexParser]   insns_size: 35 ← KEY FIELD!
[DexParser]   ✅ EXTRACTED 35 INSTRUCTIONS!
[DexParser]   First opcodes: 001a 006b 206e 0225 0004 
[DexParser]   → Result: 1 direct methods, 6 virtual methods
[DexParser] CLASS_DEF[108] @ offset 0x25432:
[DexParser]   class_idx: 119 (max valid: 337)
[DexParser]   access_flags: 0x17
[DexParser]   superclass_idx: 206
[DexParser]   class_data_off: 0x115248
[DexParser]   → Resolved name: [Le/a;]
[DexParser]   → Parsing class_data at 0x115248
[DexParser]   === EXP-031.6 CLASS_DATA PARSING @ offset=0x115248 ===
[DexParser]   First bytes: 01 00 05 00 5c 19 92 03 88 a0 04 a0 f2 02 02 09 90 ee 02 01 09 f0 f1 02 01 09 94 f1 02 01 09 c4 
[DexParser]   ULEB128[static_fields_size] @ 0x115248 = 1
[DexParser]   ULEB128[instance_fields_size] @ 0x115249 = 0
[DexParser]   ULEB128[direct_methods_size] @ 0x115250 = 5
[DexParser]   ULEB128[virtual_methods_size] @ 0x115251 = 0
[DexParser]   → Header: static=1, instance=0, direct=5, virtual=0
[DexParser]   ULEB128[sf_field_diff] @ 0x115252 = 92
[DexParser]   ULEB128[sf_access_flags] @ 0x115253 = 25
[DexParser]   → Direct method[0]:
[DexParser]   ULEB128[dm_method_diff] @ 0x115254 = 402
[DexParser]   ULEB128[dm_access_flags] @ 0x115256 = 69640
[DexParser]   ULEB128[dm_code_off] @ 0x115259 = 47392
[DexParser]   === EXP-031.6 CODE_ITEM @ offset=0x47392 for <clinit> ===
[DexParser]   registers_size: 1
[DexParser]   ins_size: 0
[DexParser]   outs_size: 1
[DexParser]   tries_size: 0
[DexParser]   debug_info_off: 0x0
[DexParser]   insns_size: 8 ← KEY FIELD!
[DexParser]   ✅ EXTRACTED 8 INSTRUCTIONS!
[DexParser]   First opcodes: 0022 0077 1070 0193 0000 
[DexParser]   → Direct method[1]:
[DexParser]   ULEB128[dm_method_diff] @ 0x115262 = 2
[DexParser]   ULEB128[dm_access_flags] @ 0x115263 = 9
[DexParser]   ULEB128[dm_code_off] @ 0x115264 = 46864
[DexParser]   === EXP-031.6 CODE_ITEM @ offset=0x46864 for a ===
[DexParser]   registers_size: 10
[DexParser]   ins_size: 2
[DexParser]   outs_size: 3
[DexParser]   tries_size: 0
[DexParser]   debug_info_off: 0x0
[DexParser]   insns_size: 145 ← KEY FIELD!
[DexParser]   ✅ EXTRACTED 145 INSTRUCTIONS!
[DexParser]   First opcodes: 001a 02d6 2071 0010 0008 
[DexParser]   → Direct method[2]:
[DexParser]   ULEB128[dm_method_diff] @ 0x115267 = 1
[DexParser]   ULEB128[dm_access_flags] @ 0x115268 = 9
[DexParser]   ULEB128[dm_code_off] @ 0x115269 = 47344
[DexParser]   === EXP-031.6 CODE_ITEM @ offset=0x47344 for b ===
[DexParser]   registers_size: 2
[DexParser]   ins_size: 1
[DexParser]   outs_size: 2
[DexParser]   tries_size: 0
[DexParser]   debug_info_off: 0x0
[DexParser]   insns_size: 15 ← KEY FIELD!
[DexParser]   ✅ EXTRACTED 15 INSTRUCTIONS!
[DexParser]   First opcodes: 0139 0004 0112 0b28 0022 
[DexParser]   → Direct method[3]:
[DexParser]   ULEB128[dm_method_diff] @ 0x115272 = 1
[DexParser]   ULEB128[dm_access_flags] @ 0x115273 = 9
[DexParser]   ULEB128[dm_code_off] @ 0x115274 = 47252
[DexParser]   === EXP-031.6 CODE_ITEM @ offset=0x47252 for c ===
[DexParser]   registers_size: 4
[DexParser]   ins_size: 2
[DexParser]   outs_size: 2
[DexParser]   tries_size: 0
[DexParser]   debug_info_off: 0x0
[DexParser]   insns_size: 38 ← KEY FIELD!
[DexParser]   ✅ EXTRACTED 38 INSTRUCTIONS!
[DexParser]   First opcodes: 001a 0454 2071 0010 0002 
[DexParser]   → Direct method[4]:
[DexParser]   ULEB128[dm_method_diff] @ 0x115277 = 1
[DexParser]   ULEB128[dm_access_flags] @ 0x115278 = 9
[DexParser]   ULEB128[dm_code_off] @ 0x115279 = 47172
[DexParser]   === EXP-031.6 CODE_ITEM @ offset=0x47172 for d ===
[DexParser]   registers_size: 4
[DexParser]   ins_size: 2
[DexParser]   outs_size: 2
[DexParser]   tries_size: 0
[DexParser]   debug_info_off: 0x0
[DexParser]   insns_size: 32 ← KEY FIELD!
[DexParser]   ✅ EXTRACTED 32 INSTRUCTIONS!
[DexParser]   First opcodes: 001a 03f4 2071 0010 0002 
[DexParser]   → Result: 5 direct methods, 0 virtual methods
[DexParser] CLASS_DEF[109] @ offset 0x25464:
[DexParser]   class_idx: 120 (max valid: 337)
[DexParser]   access_flags: 0x17
[DexParser]   superclass_idx: 206
[DexParser]   class_data_off: 0x115282
[DexParser]   → Resolved name: [Le/b0;]
[DexParser]   → Parsing class_data at 0x115282
[DexParser]   === EXP-031.6 CLASS_DATA PARSING @ offset=0x115282 ===
[DexParser]   First bytes: 01 08 02 07 65 19 5d 11 01 41 01 11 01 11 01 11 01 11 01 11 01 01 98 03 89 80 04 bc be 03 01 81 
[DexParser]   ULEB128[static_fields_size] @ 0x115282 = 1
[DexParser]   ULEB128[instance_fields_size] @ 0x115283 = 8
[DexParser]   ULEB128[direct_methods_size] @ 0x115284 = 2
[DexParser]   ULEB128[virtual_methods_size] @ 0x115285 = 7
[DexParser]   → Header: static=1, instance=8, direct=2, virtual=7
[DexParser]   ULEB128[sf_field_diff] @ 0x115286 = 101
[DexParser]   ULEB128[sf_access_flags] @ 0x115287 = 25
[DexParser]   ULEB128[if_field_diff] @ 0x115288 = 93
[DexParser]   ULEB128[if_access_flags] @ 0x115289 = 17
[DexParser]   ULEB128[if_field_diff] @ 0x115290 = 1
[DexParser]   ULEB128[if_access_flags] @ 0x115291 = 65
[DexParser]   ULEB128[if_field_diff] @ 0x115292 = 1
[DexParser]   ULEB128[if_access_flags] @ 0x115293 = 17
[DexParser]   ULEB128[if_field_diff] @ 0x115294 = 1
[DexParser]   ULEB128[if_access_flags] @ 0x115295 = 17
[DexParser]   ULEB128[if_field_diff] @ 0x115296 = 1
[DexParser]   ULEB128[if_access_flags] @ 0x115297 = 17
[DexParser]   ULEB128[if_field_diff] @ 0x115298 = 1
[DexParser]   ULEB128[if_access_flags] @ 0x115299 = 17
[DexParser]   ULEB128[if_field_diff] @ 0x115300 = 1
[DexParser]   ULEB128[if_access_flags] @ 0x115301 = 17
[DexParser]   ULEB128[if_field_diff] @ 0x115302 = 1
[DexParser]   ULEB128[if_access_flags] @ 0x115303 = 1
[DexParser]   → Direct method[0]:
[DexParser]   ULEB128[dm_method_diff] @ 0x115304 = 408
[DexParser]   ULEB128[dm_access_flags] @ 0x115306 = 65545
[DexParser]   ULEB128[dm_code_off] @ 0x115309 = 57148
[DexParser]   === EXP-031.6 CODE_ITEM @ offset=0x57148 for <clinit> ===
[DexParser]   registers_size: 1
[DexParser]   ins_size: 0
[DexParser]   outs_size: 1
[DexParser]   tries_size: 0
[DexParser]   debug_info_off: 0x0
[DexParser]   insns_size: 8 ← KEY FIELD!
[DexParser]   ✅ EXTRACTED 8 INSTRUCTIONS!
[DexParser]   First opcodes: 0022 0104 1070 032a 0000 
[DexParser]   → Direct method[1]:
[DexParser]   ULEB128[dm_method_diff] @ 0x115312 = 1
[DexParser]   ULEB128[dm_access_flags] @ 0x115313 = 65537
[DexParser]   ULEB128[dm_code_off] @ 0x115316 = 57180
[DexParser]   === EXP-031.6 CODE_ITEM @ offset=0x57180 for <init> ===
[DexParser]   registers_size: 3
[DexParser]   ins_size: 1
[DexParser]   outs_size: 1
[DexParser]   tries_size: 0
[DexParser]   debug_info_off: 0x0
[DexParser]   insns_size: 28 ← KEY FIELD!
[DexParser]   ✅ EXTRACTED 28 INSTRUCTIONS!
[DexParser]   First opcodes: 1070 0298 0002 0012 2059 
[DexParser]   → Virtual method[0]:
[DexParser]   ULEB128[vm_method_diff] @ 0x115319 = 410
[DexParser]   ULEB128[vm_access_flags] @ 0x115321 = 17
[DexParser]   ULEB128[vm_code_off] @ 0x115322 = 57516
[DexParser]   === EXP-031.6 CODE_ITEM @ offset=0x57516 for close ===
[DexParser]   registers_size: 1
[DexParser]   ins_size: 1
[DexParser]   outs_size: 0
[DexParser]   tries_size: 0
[DexParser]   debug_info_off: 0x0
[DexParser]   insns_size: 1 ← KEY FIELD!
[DexParser]   ✅ EXTRACTED 1 INSTRUCTIONS!
[DexParser]   First opcodes: 000e 
[DexParser]   → Virtual method[1]:
[DexParser]   ULEB128[vm_method_diff] @ 0x115325 = 1
[DexParser]   ULEB128[vm_access_flags] @ 0x115326 = 17
[DexParser]   ULEB128[vm_code_off] @ 0x115327 = 57252
[DexParser]   === EXP-031.6 CODE_ITEM @ offset=0x57252 for h ===
[DexParser]   registers_size: 6
[DexParser]   ins_size: 4
[DexParser]   outs_size: 0
[DexParser]   tries_size: 0
[DexParser]   debug_info_off: 0x0
[DexParser]   insns_size: 10 ← KEY FIELD!
[DexParser]   ✅ EXTRACTED 10 INSTRUCTIONS!
[DexParser]   First opcodes: 2054 0063 2112 014b 0300 
[DexParser]   → Virtual method[2]:
[DexParser]   ULEB128[vm_method_diff] @ 0x115330 = 1
[DexParser]   ULEB128[vm_access_flags] @ 0x115331 = 17
[DexParser]   ULEB128[vm_code_off] @ 0x115332 = 57288
[DexParser]   === EXP-031.6 CODE_ITEM @ offset=0x57288 for l ===
[DexParser]   registers_size: 4
[DexParser]   ins_size: 2
[DexParser]   outs_size: 0
[DexParser]   tries_size: 0
[DexParser]   debug_info_off: 0x0
[DexParser]   insns_size: 6 ← KEY FIELD!
[DexParser]   ✅ EXTRACTED 6 INSTRUCTIONS!
[DexParser]   First opcodes: 2054 0063 1112 014b 0300 
[DexParser]   → Virtual method[3]:
[DexParser]   ULEB128[vm_method_diff] @ 0x115335 = 1
[DexParser]   ULEB128[vm_access_flags] @ 0x115336 = 17
[DexParser]   ULEB128[vm_code_off] @ 0x115337 = 57096
[DexParser]   === EXP-031.6 CODE_ITEM @ offset=0x57096 for q ===
[DexParser]   registers_size: 3
[DexParser]   ins_size: 1
[DexParser]   outs_size: 2
[DexParser]   tries_size: 0
[DexParser]   debug_info_off: 0x0
[DexParser]   insns_size: 17 ← KEY FIELD!
[DexParser]   ✅ EXTRACTED 17 INSTRUCTIONS!
[DexParser]   First opcodes: 2054 005e 0038 0003 0011 
[DexParser]   → Virtual method[4]:
[DexParser]   ULEB128[vm_method_diff] @ 0x115340 = 1
[DexParser]   ULEB128[vm_access_flags] @ 0x115341 = 17
[DexParser]   ULEB128[vm_code_off] @ 0x115342 = 57316
[DexParser]   === EXP-031.6 CODE_ITEM @ offset=0x57316 for s ===
[DexParser]   registers_size: 8
[DexParser]   ins_size: 2
[DexParser]   outs_size: 4
[DexParser]   tries_size: 0
[DexParser]   debug_info_off: 0x0
[DexParser]   insns_size: 92 ← KEY FIELD!
[DexParser]   ✅ EXTRACTED 92 INSTRUCTIONS!
[DexParser]   First opcodes: 6052 0064 1112 0136 0058 
[DexParser]   → Virtual method[5]:
[DexParser]   ULEB128[vm_method_diff] @ 0x115345 = 1
[DexParser]   ULEB128[vm_access_flags] @ 0x115346 = 17
[DexParser]   ULEB128[vm_code_off] @ 0x115347 = 57536
[DexParser]   === EXP-031.6 CODE_ITEM @ offset=0x57536 for u ===
[DexParser]   registers_size: 2
[DexParser]   ins_size: 1
[DexParser]   outs_size: 0
[DexParser]   tries_size: 0
[DexParser]   debug_info_off: 0x0
[DexParser]   insns_size: 8 ← KEY FIELD!
[DexParser]   ✅ EXTRACTED 8 INSTRUCTIONS!
[DexParser]   First opcodes: 001a 040e 105b 005e 0012 
[DexParser]   → Virtual method[6]:
[DexParser]   ULEB128[vm_method_diff] @ 0x115350 = 1
[DexParser]   ULEB128[vm_access_flags] @ 0x115351 = 17
[DexParser]   ULEB128[vm_code_off] @ 0x115352 = 57568
[DexParser]   === EXP-031.6 CODE_ITEM @ offset=0x57568 for v ===
[DexParser]   registers_size: 5
[DexParser]   ins_size: 1
[DexParser]   outs_size: 3
[DexParser]   tries_size: 1
[DexParser]   debug_info_off: 0x0
[DexParser]   insns_size: 56 ← KEY FIELD!
[DexParser]   ✅ EXTRACTED 56 INSTRUCTIONS!
[DexParser]   First opcodes: 0062 0065 001d 4152 005d 
[DexParser]   → Result: 2 direct methods, 7 virtual methods
[DexParser] CLASS_DEF[110] @ offset 0x25496:
[DexParser]   class_idx: 121 (max valid: 337)
[DexParser]   access_flags: 0x17
[DexParser]   superclass_idx: 312
[DexParser]   class_data_off: 0x115355
[DexParser]   → Resolved name: [Le/b;]
[DexParser]   → Parsing class_data at 0x115355
[DexParser]   === EXP-031.6 CLASS_DATA PARSING @ offset=0x115355 ===
[DexParser]   First bytes: 01 01 02 01 67 19 66 91 20 a1 03 88 a0 04 d0 f5 02 01 81 a0 04 f4 f5 02 a3 03 11 c0 f2 02 00 02 
[DexParser]   ULEB128[static_fields_size] @ 0x115355 = 1
[DexParser]   ULEB128[instance_fields_size] @ 0x115356 = 1
[DexParser]   ULEB128[direct_methods_size] @ 0x115357 = 2
[DexParser]   ULEB128[virtual_methods_size] @ 0x115358 = 1
[DexParser]   → Header: static=1, instance=1, direct=2, virtual=1
[DexParser]   ULEB128[sf_field_diff] @ 0x115359 = 103
[DexParser]   ULEB128[sf_access_flags] @ 0x115360 = 25
[DexParser]   ULEB128[if_field_diff] @ 0x115361 = 102
[DexParser]   ULEB128[if_access_flags] @ 0x115362 = 4113
[DexParser]   → Direct method[0]:
[DexParser]   ULEB128[dm_method_diff] @ 0x115364 = 417
[DexParser]   ULEB128[dm_access_flags] @ 0x115366 = 69640
[DexParser]   ULEB128[dm_code_off] @ 0x115369 = 47824
[DexParser]   === EXP-031.6 CODE_ITEM @ offset=0x47824 for <clinit> ===
[DexParser]   registers_size: 2
[DexParser]   ins_size: 0
[DexParser]   outs_size: 2
[DexParser]   tries_size: 0
[DexParser]   debug_info_off: 0x0
[DexParser]   insns_size: 9 ← KEY FIELD!
[DexParser]   ✅ EXTRACTED 9 INSTRUCTIONS!
[DexParser]   First opcodes: 0022 0079 6112 2070 01a2 
[DexParser]   → Direct method[1]:
[DexParser]   ULEB128[dm_method_diff] @ 0x115372 = 1
[DexParser]   ULEB128[dm_access_flags] @ 0x115373 = 69633
[DexParser]   ULEB128[dm_code_off] @ 0x115376 = 47860
[DexParser]   === EXP-031.6 CODE_ITEM @ offset=0x47860 for <init> ===
[DexParser]   registers_size: 2
[DexParser]   ins_size: 2
[DexParser]   outs_size: 1
[DexParser]   tries_size: 0
[DexParser]   debug_info_off: 0x0
[DexParser]   insns_size: 6 ← KEY FIELD!
[DexParser]   ✅ EXTRACTED 6 INSTRUCTIONS!
[DexParser]   First opcodes: 0159 0066 1070 044c 0000 
[DexParser]   → Virtual method[0]:
[DexParser]   ULEB128[vm_method_diff] @ 0x115379 = 419
[DexParser]   ULEB128[vm_access_flags] @ 0x115381 = 17
[DexParser]   ULEB128[vm_code_off] @ 0x115382 = 47424
[DexParser]   === EXP-031.6 CODE_ITEM @ offset=0x47424 for b ===
[DexParser]   registers_size: 9
[DexParser]   ins_size: 2
[DexParser]   outs_size: 3
[DexParser]   tries_size: 0
[DexParser]   debug_info_off: 0x0
[DexParser]   insns_size: 192 ← KEY FIELD!
[DexParser]   ✅ EXTRACTED 192 INSTRUCTIONS!
[DexParser]   First opcodes: 7052 0066 011a 03b9 002b 
[DexParser]   → Result: 2 direct methods, 1 virtual methods
[DexParser] CLASS_DEF[111] @ offset 0x25528:
[DexParser]   class_idx: 122 (max valid: 337)
[DexParser]   access_flags: 0x1025
[DexParser]   superclass_idx: 206
[DexParser]   class_data_off: 0x0
[DexParser]   → Resolved name: [Le/c0;]
[DexParser]   → NO class_data (off=0x0, size=0x116876)
[DexParser]   → Result: 0 direct methods, 0 virtual methods
[DexParser] CLASS_DEF[112] @ offset 0x25560:
[DexParser]   class_idx: 123 (max valid: 337)
[DexParser]   access_flags: 0x1025
[DexParser]   superclass_idx: 206
[DexParser]   class_data_off: 0x0
[DexParser]   → Resolved name: [Le/c;]
[DexParser]   → NO class_data (off=0x0, size=0x116876)
[DexParser]   → Result: 0 direct methods, 0 virtual methods
[DexParser] CLASS_DEF[113] @ offset 0x25592:
[DexParser]   class_idx: 124 (max valid: 337)
[DexParser]   access_flags: 0x17
[DexParser]   superclass_idx: 312
[DexParser]   class_data_off: 0x115385
[DexParser]   → Resolved name: [Le/d0;]
[DexParser]   → Parsing class_data at 0x115385
[DexParser]   === EXP-031.6 CLASS_DATA PARSING @ offset=0x115385 ===
[DexParser]   First bytes: 00 02 01 01 68 91 20 01 91 20 a4 03 81 a0 04 d4 c4 03 a5 03 11 ec c2 03 00 00 01 01 ad 03 81 80 
[DexParser]   ULEB128[static_fields_size] @ 0x115385 = 0
[DexParser]   ULEB128[instance_fields_size] @ 0x115386 = 2
[DexParser]   ULEB128[direct_methods_size] @ 0x115387 = 1
[DexParser]   ULEB128[virtual_methods_size] @ 0x115388 = 1
[DexParser]   → Header: static=0, instance=2, direct=1, virtual=1
[DexParser]   ULEB128[if_field_diff] @ 0x115389 = 104
[DexParser]   ULEB128[if_access_flags] @ 0x115390 = 4113
[DexParser]   ULEB128[if_field_diff] @ 0x115392 = 1
[DexParser]   ULEB128[if_access_flags] @ 0x115393 = 4113
[DexParser]   → Direct method[0]:
[DexParser]   ULEB128[dm_method_diff] @ 0x115395 = 420
[DexParser]   ULEB128[dm_access_flags] @ 0x115397 = 69633
[DexParser]   ULEB128[dm_code_off] @ 0x115400 = 57940
[DexParser]   === EXP-031.6 CODE_ITEM @ offset=0x57940 for <init> ===
[DexParser]   registers_size: 3
[DexParser]   ins_size: 3
[DexParser]   outs_size: 1
[DexParser]   tries_size: 0
[DexParser]   debug_info_off: 0x0
[DexParser]   insns_size: 8 ← KEY FIELD!
[DexParser]   ✅ EXTRACTED 8 INSTRUCTIONS!
[DexParser]   First opcodes: 0159 0068 025b 0069 1070 
[DexParser]   → Virtual method[0]:
[DexParser]   ULEB128[vm_method_diff] @ 0x115403 = 421
[DexParser]   ULEB128[vm_access_flags] @ 0x115405 = 17
[DexParser]   ULEB128[vm_code_off] @ 0x115406 = 57708
[DexParser]   === EXP-031.6 CODE_ITEM @ offset=0x57708 for a ===
[DexParser]   registers_size: 19
[DexParser]   ins_size: 1
[DexParser]   outs_size: 6
[DexParser]   tries_size: 0
[DexParser]   debug_info_off: 0x0
[DexParser]   insns_size: 108 ← KEY FIELD!
[DexParser]   ✅ EXTRACTED 108 INSTRUCTIONS!
[DexParser]   First opcodes: 0008 0012 0152 0068 0254 
[DexParser]   → Result: 1 direct methods, 1 virtual methods
[DexParser] CLASS_DEF[114] @ offset 0x25624:
[DexParser]   class_idx: 128 (max valid: 337)
[DexParser]   access_flags: 0x1025
[DexParser]   superclass_idx: 126
[DexParser]   class_data_off: 0x115409
[DexParser]   → Resolved name: [Le/f;]
[DexParser]   → Parsing class_data at 0x115409
[DexParser]   === EXP-031.6 CLASS_DATA PARSING @ offset=0x115409 ===
[DexParser]   First bytes: 00 00 01 01 ad 03 81 80 04 f4 f7 02 ae 03 11 98 f8 02 00 01 01 02 7c 11 af 03 81 80 04 d0 f9 02 
[DexParser]   ULEB128[static_fields_size] @ 0x115409 = 0
[DexParser]   ULEB128[instance_fields_size] @ 0x115410 = 0
[DexParser]   ULEB128[direct_methods_size] @ 0x115411 = 1
[DexParser]   ULEB128[virtual_methods_size] @ 0x115412 = 1
[DexParser]   → Header: static=0, instance=0, direct=1, virtual=1
[DexParser]   → Direct method[0]:
[DexParser]   ULEB128[dm_method_diff] @ 0x115413 = 429
[DexParser]   ULEB128[dm_access_flags] @ 0x115415 = 65537
[DexParser]   ULEB128[dm_code_off] @ 0x115418 = 48116
[DexParser]   === EXP-031.6 CODE_ITEM @ offset=0x48116 for <init> ===
[DexParser]   registers_size: 3
[DexParser]   ins_size: 2
[DexParser]   outs_size: 2
[DexParser]   tries_size: 0
[DexParser]   debug_info_off: 0x0
[DexParser]   insns_size: 9 ← KEY FIELD!
[DexParser]   ✅ EXTRACTED 9 INSTRUCTIONS!
[DexParser]   First opcodes: 001a 02e1 2071 0010 0002 
[DexParser]   → Virtual method[0]:
[DexParser]   ULEB128[vm_method_diff] @ 0x115421 = 430
[DexParser]   ULEB128[vm_access_flags] @ 0x115423 = 17
[DexParser]   ULEB128[vm_code_off] @ 0x115424 = 48152
[DexParser]   === EXP-031.6 CODE_ITEM @ offset=0x48152 for d ===
[DexParser]   registers_size: 5
[DexParser]   ins_size: 2
[DexParser]   outs_size: 3
[DexParser]   tries_size: 1
[DexParser]   debug_info_off: 0x0
[DexParser]   insns_size: 66 ← KEY FIELD!
[DexParser]   ✅ EXTRACTED 66 INSTRUCTIONS!
[DexParser]   First opcodes: 3054 0079 106e 0176 0000 
[DexParser]   → Result: 1 direct methods, 1 virtual methods
[DexParser] CLASS_DEF[115] @ offset 0x25656:
[DexParser]   class_idx: 129 (max valid: 337)
[DexParser]   access_flags: 0x17
[DexParser]   superclass_idx: 206
[DexParser]   class_data_off: 0x115427
[DexParser]   → Resolved name: [Le/g;]
[DexParser]   → Parsing class_data at 0x115427
[DexParser]   === EXP-031.6 CLASS_DATA PARSING @ offset=0x115427 ===
[DexParser]   First bytes: 00 01 01 02 7c 11 af 03 81 80 04 d0 f9 02 b0 03 11 b8 f9 02 01 11 ec f9 02 00 01 01 03 7e 11 b4 
[DexParser]   ULEB128[static_fields_size] @ 0x115427 = 0
[DexParser]   ULEB128[instance_fields_size] @ 0x115428 = 1
[DexParser]   ULEB128[direct_methods_size] @ 0x115429 = 1
[DexParser]   ULEB128[virtual_methods_size] @ 0x115430 = 2
[DexParser]   → Header: static=0, instance=1, direct=1, virtual=2
[DexParser]   ULEB128[if_field_diff] @ 0x115431 = 124
[DexParser]   ULEB128[if_access_flags] @ 0x115432 = 17
[DexParser]   → Direct method[0]:
[DexParser]   ULEB128[dm_method_diff] @ 0x115433 = 431
[DexParser]   ULEB128[dm_access_flags] @ 0x115435 = 65537
[DexParser]   ULEB128[dm_code_off] @ 0x115438 = 48336
[DexParser]   === EXP-031.6 CODE_ITEM @ offset=0x48336 for <init> ===
[DexParser]   registers_size: 2
[DexParser]   ins_size: 2
[DexParser]   outs_size: 1
[DexParser]   tries_size: 0
[DexParser]   debug_info_off: 0x0
[DexParser]   insns_size: 6 ← KEY FIELD!
[DexParser]   ✅ EXTRACTED 6 INSTRUCTIONS!
[DexParser]   First opcodes: 1070 0298 0000 015b 007c 
[DexParser]   → Virtual method[0]:
[DexParser]   ULEB128[vm_method_diff] @ 0x115441 = 432
[DexParser]   ULEB128[vm_access_flags] @ 0x115443 = 17
[DexParser]   ULEB128[vm_code_off] @ 0x115444 = 48312
[DexParser]   === EXP-031.6 CODE_ITEM @ offset=0x48312 for asBinder ===
[DexParser]   registers_size: 2
[DexParser]   ins_size: 1
[DexParser]   outs_size: 0
[DexParser]   tries_size: 0
[DexParser]   debug_info_off: 0x0
[DexParser]   insns_size: 3 ← KEY FIELD!
[DexParser]   ✅ EXTRACTED 3 INSTRUCTIONS!
[DexParser]   First opcodes: 1054 007c 0011 
[DexParser]   → Virtual method[1]:
[DexParser]   ULEB128[vm_method_diff] @ 0x115447 = 1
[DexParser]   ULEB128[vm_access_flags] @ 0x115448 = 17
[DexParser]   ULEB128[vm_code_off] @ 0x115449 = 48364
[DexParser]   === EXP-031.6 CODE_ITEM @ offset=0x48364 for c ===
[DexParser]   registers_size: 5
[DexParser]   ins_size: 2
[DexParser]   outs_size: 5
[DexParser]   tries_size: 1
[DexParser]   debug_info_off: 0x0
[DexParser]   insns_size: 28 ← KEY FIELD!
[DexParser]   ✅ EXTRACTED 28 INSTRUCTIONS!
[DexParser]   First opcodes: 0071 009d 0000 000c 0162 
[DexParser]   → Result: 1 direct methods, 2 virtual methods
[DexParser] CLASS_DEF[116] @ offset 0x25688:
[DexParser]   class_idx: 131 (max valid: 337)
[DexParser]   access_flags: 0x17
[DexParser]   superclass_idx: 206
[DexParser]   class_data_off: 0x115452
[DexParser]   → Resolved name: [Le/i;]
[DexParser]   → Parsing class_data at 0x115452
[DexParser]   === EXP-031.6 CLASS_DATA PARSING @ offset=0x115452 ===
[DexParser]   First bytes: 00 01 01 03 7e 11 b4 03 81 80 04 80 fc 02 b5 03 11 9c fc 02 01 11 ec fa 02 01 11 84 fb 02 00 01 
[DexParser]   ULEB128[static_fields_size] @ 0x115452 = 0
[DexParser]   ULEB128[instance_fields_size] @ 0x115453 = 1
[DexParser]   ULEB128[direct_methods_size] @ 0x115454 = 1
[DexParser]   ULEB128[virtual_methods_size] @ 0x115455 = 3
[DexParser]   → Header: static=0, instance=1, direct=1, virtual=3
[DexParser]   ULEB128[if_field_diff] @ 0x115456 = 126
[DexParser]   ULEB128[if_access_flags] @ 0x115457 = 17
[DexParser]   → Direct method[0]:
[DexParser]   ULEB128[dm_method_diff] @ 0x115458 = 436
[DexParser]   ULEB128[dm_access_flags] @ 0x115460 = 65537
[DexParser]   ULEB128[dm_code_off] @ 0x115463 = 48640
[DexParser]   === EXP-031.6 CODE_ITEM @ offset=0x48640 for <init> ===
[DexParser]   registers_size: 2
[DexParser]   ins_size: 2
[DexParser]   outs_size: 1
[DexParser]   tries_size: 0
[DexParser]   debug_info_off: 0x0
[DexParser]   insns_size: 6 ← KEY FIELD!
[DexParser]   ✅ EXTRACTED 6 INSTRUCTIONS!
[DexParser]   First opcodes: 1070 0298 0000 015b 007e 
[DexParser]   → Virtual method[0]:
[DexParser]   ULEB128[vm_method_diff] @ 0x115466 = 437
[DexParser]   ULEB128[vm_access_flags] @ 0x115468 = 17
[DexParser]   ULEB128[vm_code_off] @ 0x115469 = 48668
[DexParser]   === EXP-031.6 CODE_ITEM @ offset=0x48668 for a ===
[DexParser]   registers_size: 6
[DexParser]   ins_size: 3
[DexParser]   outs_size: 5
[DexParser]   tries_size: 1
[DexParser]   debug_info_off: 0x0
[DexParser]   insns_size: 32 ← KEY FIELD!
[DexParser]   ✅ EXTRACTED 32 INSTRUCTIONS!
[DexParser]   First opcodes: 0071 009d 0000 000c 0162 
[DexParser]   → Virtual method[1]:
[DexParser]   ULEB128[vm_method_diff] @ 0x115472 = 1
[DexParser]   ULEB128[vm_access_flags] @ 0x115473 = 17
[DexParser]   ULEB128[vm_code_off] @ 0x115474 = 48492
[DexParser]   === EXP-031.6 CODE_ITEM @ offset=0x48492 for asBinder ===
[DexParser]   registers_size: 2
[DexParser]   ins_size: 1
[DexParser]   outs_size: 0
[DexParser]   tries_size: 0
[DexParser]   debug_info_off: 0x0
[DexParser]   insns_size: 3 ← KEY FIELD!
[DexParser]   ✅ EXTRACTED 3 INSTRUCTIONS!
[DexParser]   First opcodes: 1054 007e 0011 
[DexParser]   → Virtual method[2]:
[DexParser]   ULEB128[vm_method_diff] @ 0x115477 = 1
[DexParser]   ULEB128[vm_access_flags] @ 0x115478 = 17
[DexParser]   ULEB128[vm_code_off] @ 0x115479 = 48516
[DexParser]   === EXP-031.6 CODE_ITEM @ offset=0x48516 for b ===
[DexParser]   registers_size: 6
[DexParser]   ins_size: 3
[DexParser]   outs_size: 5
[DexParser]   tries_size: 1
[DexParser]   debug_info_off: 0x0
[DexParser]   insns_size: 48 ← KEY FIELD!
[DexParser]   ✅ EXTRACTED 48 INSTRUCTIONS!
[DexParser]   First opcodes: 0071 009d 0000 000c 0071 
[DexParser]   → Result: 1 direct methods, 3 virtual methods
[DexParser] CLASS_DEF[117] @ offset 0x25720:
[DexParser]   class_idx: 141 (max valid: 337)
[DexParser]   access_flags: 0x17
[DexParser]   superclass_idx: 53
[DexParser]   class_data_off: 0x115482
[DexParser]   → Resolved name: [Le/s;]
[DexParser]   → Parsing class_data at 0x115482
[DexParser]   === EXP-031.6 CLASS_DATA PARSING @ offset=0x115482 ===
[DexParser]   First bytes: 00 01 01 04 9e 01 91 20 d1 03 81 80 04 d8 9f 03 d2 03 11 cc 9e 03 01 11 80 a0 03 01 11 e0 9e 03 
[DexParser]   ULEB128[static_fields_size] @ 0x115482 = 0
[DexParser]   ULEB128[instance_fields_size] @ 0x115483 = 1
[DexParser]   ULEB128[direct_methods_size] @ 0x115484 = 1
[DexParser]   ULEB128[virtual_methods_size] @ 0x115485 = 4
[DexParser]   → Header: static=0, instance=1, direct=1, virtual=4
[DexParser]   ULEB128[if_field_diff] @ 0x115486 = 158
[DexParser]   ULEB128[if_access_flags] @ 0x115488 = 4113
[DexParser]   → Direct method[0]:
[DexParser]   ULEB128[dm_method_diff] @ 0x115490 = 465
[DexParser]   ULEB128[dm_access_flags] @ 0x115492 = 65537
[DexParser]   ULEB128[dm_code_off] @ 0x115495 = 53208
[DexParser]   === EXP-031.6 CODE_ITEM @ offset=0x53208 for <init> ===
[DexParser]   registers_size: 2
[DexParser]   ins_size: 2
[DexParser]   outs_size: 3
[DexParser]   tries_size: 0
[DexParser]   debug_info_off: 0x0
[DexParser]   insns_size: 11 ← KEY FIELD!
[DexParser]   ✅ EXTRACTED 11 INSTRUCTIONS!
[DexParser]   First opcodes: 015b 009e 1070 008f 0000 
[DexParser]   → Virtual method[0]:
[DexParser]   ULEB128[vm_method_diff] @ 0x115498 = 466
[DexParser]   ULEB128[vm_access_flags] @ 0x115500 = 17
[DexParser]   ULEB128[vm_code_off] @ 0x115501 = 53068
[DexParser]   === EXP-031.6 CODE_ITEM @ offset=0x53068 for asBinder ===
[DexParser]   registers_size: 1
[DexParser]   ins_size: 1
[DexParser]   outs_size: 0
[DexParser]   tries_size: 0
[DexParser]   debug_info_off: 0x0
[DexParser]   insns_size: 1 ← KEY FIELD!
[DexParser]   ✅ EXTRACTED 1 INSTRUCTIONS!
[DexParser]   First opcodes: 0011 
[DexParser]   → Virtual method[1]:
[DexParser]   ULEB128[vm_method_diff] @ 0x115504 = 1
[DexParser]   ULEB128[vm_access_flags] @ 0x115505 = 17
[DexParser]   ULEB128[vm_code_off] @ 0x115506 = 53248
[DexParser]   === EXP-031.6 CODE_ITEM @ offset=0x53248 for c ===
[DexParser]   registers_size: 6
[DexParser]   ins_size: 2
[DexParser]   outs_size: 4
[DexParser]   tries_size: 0
[DexParser]   debug_info_off: 0x0
[DexParser]   insns_size: 19 ← KEY FIELD!
[DexParser]   ✅ EXTRACTED 19 INSTRUCTIONS!
[DexParser]   First opcodes: 001a 0455 2071 0010 0005 
[DexParser]   → Virtual method[2]:
[DexParser]   ULEB128[vm_method_diff] @ 0x115509 = 1
[DexParser]   ULEB128[vm_access_flags] @ 0x115510 = 17
[DexParser]   ULEB128[vm_code_off] @ 0x115511 = 53088
[DexParser]   === EXP-031.6 CODE_ITEM @ offset=0x53088 for d ===
[DexParser]   registers_size: 8
[DexParser]   ins_size: 5
[DexParser]   outs_size: 5
[DexParser]   tries_size: 0
[DexParser]   debug_info_off: 0x0
[DexParser]   insns_size: 37 ← KEY FIELD!
[DexParser]   ✅ EXTRACTED 37 INSTRUCTIONS!
[DexParser]   First opcodes: 0062 007d 1112 1434 000a 
[DexParser]   → Virtual method[3]:
[DexParser]   ULEB128[vm_method_diff] @ 0x115514 = 1
[DexParser]   ULEB128[vm_access_flags] @ 0x115515 = 4177
[DexParser]   ULEB128[vm_code_off] @ 0x115517 = 53180
[DexParser]   === EXP-031.6 CODE_ITEM @ offset=0x53180 for onTransact ===
[DexParser]   registers_size: 5
[DexParser]   ins_size: 5
[DexParser]   outs_size: 5
[DexParser]   tries_size: 0
[DexParser]   debug_info_off: 0x0
[DexParser]   insns_size: 5 ← KEY FIELD!
[DexParser]   ✅ EXTRACTED 5 INSTRUCTIONS!
[DexParser]   First opcodes: 546e 01d4 3210 010a 010f 
[DexParser]   → Result: 1 direct methods, 4 virtual methods
[DexParser] CLASS_DEF[118] @ offset 0x25752:
[DexParser]   class_idx: 144 (max valid: 337)
[DexParser]   access_flags: 0x17
[DexParser]   superclass_idx: 53
[DexParser]   class_data_off: 0x115520
[DexParser]   → Resolved name: [Le/v;]
[DexParser]   → Parsing class_data at 0x115520
[DexParser]   === EXP-031.6 CLASS_DATA PARSING @ offset=0x115520 ===
[DexParser]   First bytes: 01 01 01 05 ab 01 99 20 aa 01 91 20 da 03 81 80 04 a8 a7 03 db 03 11 d0 a7 03 01 11 94 a3 03 01 
[DexParser]   ULEB128[static_fields_size] @ 0x115520 = 1
[DexParser]   ULEB128[instance_fields_size] @ 0x115521 = 1
[DexParser]   ULEB128[direct_methods_size] @ 0x115522 = 1
[DexParser]   ULEB128[virtual_methods_size] @ 0x115523 = 5
[DexParser]   → Header: static=1, instance=1, direct=1, virtual=5
[DexParser]   ULEB128[sf_field_diff] @ 0x115524 = 171
[DexParser]   ULEB128[sf_access_flags] @ 0x115526 = 4121
[DexParser]   ULEB128[if_field_diff] @ 0x115528 = 170
[DexParser]   ULEB128[if_access_flags] @ 0x115530 = 4113
[DexParser]   → Direct method[0]:
[DexParser]   ULEB128[dm_method_diff] @ 0x115532 = 474
[DexParser]   ULEB128[dm_access_flags] @ 0x115534 = 65537
[DexParser]   ULEB128[dm_code_off] @ 0x115537 = 54184
[DexParser]   === EXP-031.6 CODE_ITEM @ offset=0x54184 for <init> ===
[DexParser]   registers_size: 2
[DexParser]   ins_size: 2
[DexParser]   outs_size: 3
[DexParser]   tries_size: 0
[DexParser]   debug_info_off: 0x0
[DexParser]   insns_size: 11 ← KEY FIELD!
[DexParser]   ✅ EXTRACTED 11 INSTRUCTIONS!
[DexParser]   First opcodes: 015b 00aa 1070 008f 0000 
[DexParser]   → Virtual method[0]:
[DexParser]   ULEB128[vm_method_diff] @ 0x115540 = 475
[DexParser]   ULEB128[vm_access_flags] @ 0x115542 = 17
[DexParser]   ULEB128[vm_code_off] @ 0x115543 = 54224
[DexParser]   === EXP-031.6 CODE_ITEM @ offset=0x54224 for a ===
[DexParser]   registers_size: 11
[DexParser]   ins_size: 3
[DexParser]   outs_size: 3
[DexParser]   tries_size: 6
[DexParser]   debug_info_off: 0x0
[DexParser]   insns_size: 120 ← KEY FIELD!
[DexParser]   ✅ EXTRACTED 120 INSTRUCTIONS!
[DexParser]   First opcodes: 001a 0455 2071 0010 000a 
[DexParser]   → Virtual method[1]:
[DexParser]   ULEB128[vm_method_diff] @ 0x115546 = 1
[DexParser]   ULEB128[vm_access_flags] @ 0x115547 = 17
[DexParser]   ULEB128[vm_code_off] @ 0x115548 = 53652
[DexParser]   === EXP-031.6 CODE_ITEM @ offset=0x53652 for asBinder ===
[DexParser]   registers_size: 1
[DexParser]   ins_size: 1
[DexParser]   outs_size: 0
[DexParser]   tries_size: 0
[DexParser]   debug_info_off: 0x0
[DexParser]   insns_size: 1 ← KEY FIELD!
[DexParser]   ✅ EXTRACTED 1 INSTRUCTIONS!
[DexParser]   First opcodes: 0011 
[DexParser]   → Virtual method[2]:
[DexParser]   ULEB128[vm_method_diff] @ 0x115551 = 1
[DexParser]   ULEB128[vm_access_flags] @ 0x115552 = 17
[DexParser]   ULEB128[vm_code_off] @ 0x115553 = 54048
[DexParser]   === EXP-031.6 CODE_ITEM @ offset=0x54048 for b ===
[DexParser]   registers_size: 9
[DexParser]   ins_size: 3
[DexParser]   outs_size: 3
[DexParser]   tries_size: 1
[DexParser]   debug_info_off: 0x0
[DexParser]   insns_size: 54 ← KEY FIELD!
[DexParser]   ✅ EXTRACTED 54 INSTRUCTIONS!
[DexParser]   First opcodes: 001a 02ac 2071 0010 0007 
[DexParser]   → Virtual method[3]:
[DexParser]   ULEB128[vm_method_diff] @ 0x115556 = 1
[DexParser]   ULEB128[vm_access_flags] @ 0x115557 = 17
[DexParser]   ULEB128[vm_code_off] @ 0x115558 = 53672
[DexParser]   === EXP-031.6 CODE_ITEM @ offset=0x53672 for d ===
[DexParser]   registers_size: 8
[DexParser]   ins_size: 5
[DexParser]   outs_size: 5
[DexParser]   tries_size: 1
[DexParser]   debug_info_off: 0x0
[DexParser]   insns_size: 159 ← KEY FIELD!
[DexParser]   ✅ EXTRACTED 159 INSTRUCTIONS!
[DexParser]   First opcodes: 0062 007f 1112 1434 000a 
[DexParser]   → Virtual method[4]:
[DexParser]   ULEB128[vm_method_diff] @ 0x115561 = 1
[DexParser]   ULEB128[vm_access_flags] @ 0x115562 = 4177
[DexParser]   ULEB128[vm_code_off] @ 0x115564 = 54020
[DexParser]   === EXP-031.6 CODE_ITEM @ offset=0x54020 for onTransact ===
[DexParser]   registers_size: 5
[DexParser]   ins_size: 5
[DexParser]   outs_size: 5
[DexParser]   tries_size: 0
[DexParser]   debug_info_off: 0x0
[DexParser]   insns_size: 5 ← KEY FIELD!
[DexParser]   ✅ EXTRACTED 5 INSTRUCTIONS!
[DexParser]   First opcodes: 546e 01de 3210 010a 010f 
[DexParser]   → Result: 1 direct methods, 5 virtual methods
[DexParser] CLASS_DEF[119] @ offset 0x25784:
[DexParser]   class_idx: 146 (max valid: 337)
[DexParser]   access_flags: 0x1
[DexParser]   superclass_idx: 206
[DexParser]   class_data_off: 0x115567
[DexParser]   → Resolved name: [Le/x;]
[DexParser]   → Parsing class_data at 0x115567
[DexParser]   === EXP-031.6 CLASS_DATA PARSING @ offset=0x115567 ===
[DexParser]   First bytes: 00 02 01 07 ad 01 91 20 01 11 e2 03 81 80 04 e4 aa 03 e3 03 11 e4 ad 03 01 11 98 ac 03 01 11 e0 
[DexParser]   ULEB128[static_fields_size] @ 0x115567 = 0
[DexParser]   ULEB128[instance_fields_size] @ 0x115568 = 2
[DexParser]   ULEB128[direct_methods_size] @ 0x115569 = 1
[DexParser]   ULEB128[virtual_methods_size] @ 0x115570 = 7
[DexParser]   → Header: static=0, instance=2, direct=1, virtual=7
[DexParser]   ULEB128[if_field_diff] @ 0x115571 = 173
[DexParser]   ULEB128[if_access_flags] @ 0x115573 = 4113
[DexParser]   ULEB128[if_field_diff] @ 0x115575 = 1
[DexParser]   ULEB128[if_access_flags] @ 0x115576 = 17
[DexParser]   → Direct method[0]:
[DexParser]   ULEB128[dm_method_diff] @ 0x115577 = 482
[DexParser]   ULEB128[dm_access_flags] @ 0x115579 = 65537
[DexParser]   ULEB128[dm_code_off] @ 0x115582 = 54628
[DexParser]   === EXP-031.6 CODE_ITEM @ offset=0x54628 for <init> ===
[DexParser]   registers_size: 3
[DexParser]   ins_size: 2
[DexParser]   outs_size: 2
[DexParser]   tries_size: 0
[DexParser]   debug_info_off: 0x0
[DexParser]   insns_size: 14 ← KEY FIELD!
[DexParser]   ✅ EXTRACTED 14 INSTRUCTIONS!
[DexParser]   First opcodes: 1012 1059 00ad 001a 02e5 
[DexParser]   → Virtual method[0]:
[DexParser]   ULEB128[vm_method_diff] @ 0x115585 = 483
[DexParser]   ULEB128[vm_access_flags] @ 0x115587 = 17
[DexParser]   ULEB128[vm_code_off] @ 0x115588 = 55012
[DexParser]   === EXP-031.6 CODE_ITEM @ offset=0x55012 for close ===
[DexParser]   registers_size: 2
[DexParser]   ins_size: 1
[DexParser]   outs_size: 1
[DexParser]   tries_size: 0
[DexParser]   debug_info_off: 0x0
[DexParser]   insns_size: 22 ← KEY FIELD!
[DexParser]   ✅ EXTRACTED 22 INSTRUCTIONS!
[DexParser]   First opcodes: 1052 00ad 002b 000e 0000 
[DexParser]   → Virtual method[1]:
[DexParser]   ULEB128[vm_method_diff] @ 0x115591 = 1
[DexParser]   ULEB128[vm_access_flags] @ 0x115592 = 17
[DexParser]   ULEB128[vm_code_off] @ 0x115593 = 54808
[DexParser]   === EXP-031.6 CODE_ITEM @ offset=0x54808 for h ===
[DexParser]   registers_size: 5
[DexParser]   ins_size: 4
[DexParser]   outs_size: 4
[DexParser]   tries_size: 0
[DexParser]   debug_info_off: 0x0
[DexParser]   insns_size: 28 ← KEY FIELD!
[DexParser]   ✅ EXTRACTED 28 INSTRUCTIONS!
[DexParser]   First opcodes: 1052 00ad 002b 0014 0000 
[DexParser]   → Virtual method[2]:
[DexParser]   ULEB128[vm_method_diff] @ 0x115596 = 1
[DexParser]   ULEB128[vm_access_flags] @ 0x115597 = 17
[DexParser]   ULEB128[vm_code_off] @ 0x115598 = 54880
[DexParser]   === EXP-031.6 CODE_ITEM @ offset=0x54880 for l ===
[DexParser]   registers_size: 3
[DexParser]   ins_size: 2
[DexParser]   outs_size: 3
[DexParser]   tries_size: 0
[DexParser]   debug_info_off: 0x0
[DexParser]   insns_size: 26 ← KEY FIELD!
[DexParser]   ✅ EXTRACTED 26 INSTRUCTIONS!
[DexParser]   First opcodes: 1052 00ad 002b 0012 0000 
[DexParser]   → Virtual method[3]:
[DexParser]   ULEB128[vm_method_diff] @ 0x115601 = 1
[DexParser]   ULEB128[vm_access_flags] @ 0x115602 = 17
[DexParser]   ULEB128[vm_code_off] @ 0x115603 = 54672
[DexParser]   === EXP-031.6 CODE_ITEM @ offset=0x54672 for q ===
[DexParser]   registers_size: 4
[DexParser]   ins_size: 3
[DexParser]   outs_size: 3
[DexParser]   tries_size: 0
[DexParser]   debug_info_off: 0x0
[DexParser]   insns_size: 24 ← KEY FIELD!
[DexParser]   ✅ EXTRACTED 24 INSTRUCTIONS!
[DexParser]   First opcodes: 1052 00ad 002b 0010 0000 
[DexParser]   → Virtual method[4]:
[DexParser]   ULEB128[vm_method_diff] @ 0x115606 = 1
[DexParser]   ULEB128[vm_access_flags] @ 0x115607 = 17
[DexParser]   ULEB128[vm_code_off] @ 0x115608 = 54736
[DexParser]   === EXP-031.6 CODE_ITEM @ offset=0x54736 for s ===
[DexParser]   registers_size: 5
[DexParser]   ins_size: 4
[DexParser]   outs_size: 4
[DexParser]   tries_size: 0
[DexParser]   debug_info_off: 0x0
[DexParser]   insns_size: 28 ← KEY FIELD!
[DexParser]   ✅ EXTRACTED 28 INSTRUCTIONS!
[DexParser]   First opcodes: 1052 00ad 002b 0014 0000 
[DexParser]   → Virtual method[5]:
[DexParser]   ULEB128[vm_method_diff] @ 0x115611 = 1
[DexParser]   ULEB128[vm_access_flags] @ 0x115612 = 17
[DexParser]   ULEB128[vm_code_off] @ 0x115613 = 54948
[DexParser]   === EXP-031.6 CODE_ITEM @ offset=0x54948 for u ===
[DexParser]   registers_size: 4
[DexParser]   ins_size: 3
[DexParser]   outs_size: 3
[DexParser]   tries_size: 0
[DexParser]   debug_info_off: 0x0
[DexParser]   insns_size: 24 ← KEY FIELD!
[DexParser]   ✅ EXTRACTED 24 INSTRUCTIONS!
[DexParser]   First opcodes: 1052 00ad 002b 0010 0000 
[DexParser]   → Virtual method[6]:
[DexParser]   ULEB128[vm_method_diff] @ 0x115616 = 1
[DexParser]   ULEB128[vm_access_flags] @ 0x115617 = 17
[DexParser]   ULEB128[vm_code_off] @ 0x115618 = 55072
[DexParser]   === EXP-031.6 CODE_ITEM @ offset=0x55072 for v ===
[DexParser]   registers_size: 7
[DexParser]   ins_size: 3
[DexParser]   outs_size: 3
[DexParser]   tries_size: 0
[DexParser]   debug_info_off: 0x0
[DexParser]   insns_size: 40 ← KEY FIELD!
[DexParser]   ✅ EXTRACTED 40 INSTRUCTIONS!
[DexParser]   First opcodes: 05d8 ff05 4054 00ae 0107 
[DexParser]   → Result: 1 direct methods, 7 virtual methods
[DexParser] CLASS_DEF[120] @ offset 0x25816:
[DexParser]   class_idx: 154 (max valid: 337)
[DexParser]   access_flags: 0x17
[DexParser]   superclass_idx: 206
[DexParser]   class_data_off: 0x115621
[DexParser]   → Resolved name: [Lg/a;]
[DexParser]   → Parsing class_data at 0x115621
[DexParser]   === EXP-031.6 CLASS_DATA PARSING @ offset=0x115621 ===
[DexParser]   First bytes: 00 01 01 02 ca 01 11 ff 03 81 80 04 84 d7 03 80 04 11 ec d6 03 01 11 ac d7 03 00 00 00 02 9c 04 
[DexParser]   ULEB128[static_fields_size] @ 0x115621 = 0
[DexParser]   ULEB128[instance_fields_size] @ 0x115622 = 1
[DexParser]   ULEB128[direct_methods_size] @ 0x115623 = 1
[DexParser]   ULEB128[virtual_methods_size] @ 0x115624 = 2
[DexParser]   → Header: static=0, instance=1, direct=1, virtual=2
[DexParser]   ULEB128[if_field_diff] @ 0x115625 = 202
[DexParser]   ULEB128[if_access_flags] @ 0x115627 = 17
[DexParser]   → Direct method[0]:
[DexParser]   ULEB128[dm_method_diff] @ 0x115628 = 511
[DexParser]   ULEB128[dm_access_flags] @ 0x115630 = 65537
[DexParser]   ULEB128[dm_code_off] @ 0x115633 = 60292
[DexParser]   === EXP-031.6 CODE_ITEM @ offset=0x60292 for <init> ===
[DexParser]   registers_size: 3
[DexParser]   ins_size: 2
[DexParser]   outs_size: 2
[DexParser]   tries_size: 0
[DexParser]   debug_info_off: 0x0
[DexParser]   insns_size: 11 ← KEY FIELD!
[DexParser]   ✅ EXTRACTED 11 INSTRUCTIONS!
[DexParser]   First opcodes: 001a 03e3 2071 0010 0002 
[DexParser]   → Virtual method[0]:
[DexParser]   ULEB128[vm_method_diff] @ 0x115636 = 512
[DexParser]   ULEB128[vm_access_flags] @ 0x115638 = 17
[DexParser]   ULEB128[vm_code_off] @ 0x115639 = 60268
[DexParser]   === EXP-031.6 CODE_ITEM @ offset=0x60268 for q ===
[DexParser]   registers_size: 2
[DexParser]   ins_size: 1
[DexParser]   outs_size: 0
[DexParser]   tries_size: 0
[DexParser]   debug_info_off: 0x0
[DexParser]   insns_size: 3 ← KEY FIELD!
[DexParser]   ✅ EXTRACTED 3 INSTRUCTIONS!
[DexParser]   First opcodes: 1054 00ca 0011 
[DexParser]   → Virtual method[1]:
[DexParser]   ULEB128[vm_method_diff] @ 0x115642 = 1
[DexParser]   ULEB128[vm_access_flags] @ 0x115643 = 17
[DexParser]   ULEB128[vm_code_off] @ 0x115644 = 60332
[DexParser]   === EXP-031.6 CODE_ITEM @ offset=0x60332 for s ===
[DexParser]   registers_size: 2
[DexParser]   ins_size: 2
[DexParser]   outs_size: 0
[DexParser]   tries_size: 0
[DexParser]   debug_info_off: 0x0
[DexParser]   insns_size: 1 ← KEY FIELD!
[DexParser]   ✅ EXTRACTED 1 INSTRUCTIONS!
[DexParser]   First opcodes: 000e 
[DexParser]   → Result: 1 direct methods, 2 virtual methods
[DexParser] CLASS_DEF[121] @ offset 0x25848:
[DexParser]   class_idx: 161 (max valid: 337)
[DexParser]   access_flags: 0x1537
[DexParser]   superclass_idx: 206
[DexParser]   class_data_off: 0x115647
[DexParser]   → Resolved name: [Lg/h;]
[DexParser]   → Parsing class_data at 0x115647
[DexParser]   === EXP-031.6 CLASS_DATA PARSING @ offset=0x115647 ===
[DexParser]   First bytes: 00 00 00 02 9c 04 81 08 00 01 81 08 00 00 01 01 00 ce 01 91 20 a0 04 81 80 04 80 db 03 01 01 02 
[DexParser]   ULEB128[static_fields_size] @ 0x115647 = 0
[DexParser]   ULEB128[instance_fields_size] @ 0x115648 = 0
[DexParser]   ULEB128[direct_methods_size] @ 0x115649 = 0
[DexParser]   ULEB128[virtual_methods_size] @ 0x115650 = 2
[DexParser]   → Header: static=0, instance=0, direct=0, virtual=2
[DexParser]   → Virtual method[0]:
[DexParser]   ULEB128[vm_method_diff] @ 0x115651 = 540
[DexParser]   ULEB128[vm_access_flags] @ 0x115653 = 1025
[DexParser]   ULEB128[vm_code_off] @ 0x115655 = 0
[DexParser]   → Virtual method[1]:
[DexParser]   ULEB128[vm_method_diff] @ 0x115656 = 1
[DexParser]   ULEB128[vm_access_flags] @ 0x115657 = 1025
[DexParser]   ULEB128[vm_code_off] @ 0x115659 = 0
[DexParser]   → Result: 0 direct methods, 2 virtual methods
[DexParser] CLASS_DEF[122] @ offset 0x25880:
[DexParser]   class_idx: 163 (max valid: 337)
[DexParser]   access_flags: 0x17
[DexParser]   superclass_idx: 312
[DexParser]   class_data_off: 0x115660
[DexParser]   → Resolved name: [Lh/b;]
[DexParser]   → Parsing class_data at 0x115660
[DexParser]   === EXP-031.6 CLASS_DATA PARSING @ offset=0x115660 ===
[DexParser]   First bytes: 00 01 01 00 ce 01 91 20 a0 04 81 80 04 80 db 03 01 01 02 0f d0 01 19 cf 01 11 a1 04 89 80 04 dc 
[DexParser]   ULEB128[static_fields_size] @ 0x115660 = 0
[DexParser]   ULEB128[instance_fields_size] @ 0x115661 = 1
[DexParser]   ULEB128[direct_methods_size] @ 0x115662 = 1
[DexParser]   ULEB128[virtual_methods_size] @ 0x115663 = 0
[DexParser]   → Header: static=0, instance=1, direct=1, virtual=0
[DexParser]   ULEB128[if_field_diff] @ 0x115664 = 206
[DexParser]   ULEB128[if_access_flags] @ 0x115666 = 4113
[DexParser]   → Direct method[0]:
[DexParser]   ULEB128[dm_method_diff] @ 0x115668 = 544
[DexParser]   ULEB128[dm_access_flags] @ 0x115670 = 65537
[DexParser]   ULEB128[dm_code_off] @ 0x115673 = 60800
[DexParser]   === EXP-031.6 CODE_ITEM @ offset=0x60800 for <init> ===
[DexParser]   registers_size: 2
[DexParser]   ins_size: 2
[DexParser]   outs_size: 1
[DexParser]   tries_size: 0
[DexParser]   debug_info_off: 0x0
[DexParser]   insns_size: 6 ← KEY FIELD!
[DexParser]   ✅ EXTRACTED 6 INSTRUCTIONS!
[DexParser]   First opcodes: 015b 00ce 1070 044c 0000 
[DexParser]   → Result: 1 direct methods, 0 virtual methods
[DexParser] CLASS_DEF[123] @ offset 0x25912:
[DexParser]   class_idx: 164 (max valid: 337)
[DexParser]   access_flags: 0x17
[DexParser]   superclass_idx: 206
[DexParser]   class_data_off: 0x115676
[DexParser]   → Resolved name: [Lh/c;]
[DexParser]   → Parsing class_data at 0x115676
[DexParser]   === EXP-031.6 CLASS_DATA PARSING @ offset=0x115676 ===
[DexParser]   First bytes: 01 01 02 0f d0 01 19 cf 01 11 a1 04 89 80 04 dc de 03 01 81 80 04 f8 de 03 a3 04 11 e8 db 03 01 
[DexParser]   ULEB128[static_fields_size] @ 0x115676 = 1
[DexParser]   ULEB128[instance_fields_size] @ 0x115677 = 1
[DexParser]   ULEB128[direct_methods_size] @ 0x115678 = 2
[DexParser]   ULEB128[virtual_methods_size] @ 0x115679 = 15
[DexParser]   → Header: static=1, instance=1, direct=2, virtual=15
[DexParser]   ULEB128[sf_field_diff] @ 0x115680 = 208
[DexParser]   ULEB128[sf_access_flags] @ 0x115682 = 25
[DexParser]   ULEB128[if_field_diff] @ 0x115683 = 207
[DexParser]   ULEB128[if_access_flags] @ 0x115685 = 17
[DexParser]   → Direct method[0]:
[DexParser]   ULEB128[dm_method_diff] @ 0x115686 = 545
[DexParser]   ULEB128[dm_access_flags] @ 0x115688 = 65545
[DexParser]   ULEB128[dm_code_off] @ 0x115691 = 61276
[DexParser]   === EXP-031.6 CODE_ITEM @ offset=0x61276 for <clinit> ===
[DexParser]   registers_size: 1
[DexParser]   ins_size: 0
[DexParser]   outs_size: 0
[DexParser]   tries_size: 0
[DexParser]   debug_info_off: 0x0
[DexParser]   insns_size: 6 ← KEY FIELD!
[DexParser]   ✅ EXTRACTED 6 INSTRUCTIONS!
[DexParser]   First opcodes: 0012 0023 014c 0069 00d0 
[DexParser]   → Direct method[1]:
[DexParser]   ULEB128[dm_method_diff] @ 0x115694 = 1
[DexParser]   ULEB128[dm_access_flags] @ 0x115695 = 65537
[DexParser]   ULEB128[dm_code_off] @ 0x115698 = 61304
[DexParser]   === EXP-031.6 CODE_ITEM @ offset=0x61304 for <init> ===
[DexParser]   registers_size: 3
[DexParser]   ins_size: 2
[DexParser]   outs_size: 2
[DexParser]   tries_size: 0
[DexParser]   debug_info_off: 0x0
[DexParser]   insns_size: 11 ← KEY FIELD!
[DexParser]   ✅ EXTRACTED 11 INSTRUCTIONS!
[DexParser]   First opcodes: 001a 02e5 2071 0010 0002 
[DexParser]   → Virtual method[0]:
[DexParser]   ULEB128[vm_method_diff] @ 0x115701 = 547
[DexParser]   ULEB128[vm_access_flags] @ 0x115703 = 17
[DexParser]   ULEB128[vm_code_off] @ 0x115704 = 60904
[DexParser]   === EXP-031.6 CODE_ITEM @ offset=0x60904 for a ===
[DexParser]   registers_size: 9
[DexParser]   ins_size: 3
[DexParser]   outs_size: 6
[DexParser]   tries_size: 0
[DexParser]   debug_info_off: 0x0
[DexParser]   insns_size: 39 ← KEY FIELD!
[DexParser]   ✅ EXTRACTED 39 INSTRUCTIONS!
[DexParser]   First opcodes: 1072 021a 0007 020c 0362 
[DexParser]   → Virtual method[1]:
[DexParser]   ULEB128[vm_method_diff] @ 0x115707 = 1
[DexParser]   ULEB128[vm_access_flags] @ 0x115708 = 17
[DexParser]   ULEB128[vm_code_off] @ 0x115709 = 61372
[DexParser]   === EXP-031.6 CODE_ITEM @ offset=0x61372 for b ===
[DexParser]   registers_size: 2
[DexParser]   ins_size: 1
[DexParser]   outs_size: 1
[DexParser]   tries_size: 0
[DexParser]   debug_info_off: 0x0
[DexParser]   insns_size: 6 ← KEY FIELD!
[DexParser]   ✅ EXTRACTED 6 INSTRUCTIONS!
[DexParser]   First opcodes: 1054 00cf 106e 0067 0000 
[DexParser]   → Virtual method[2]:
[DexParser]   ULEB128[vm_method_diff] @ 0x115712 = 1
[DexParser]   ULEB128[vm_access_flags] @ 0x115713 = 17
[DexParser]   ULEB128[vm_code_off] @ 0x115714 = 61456
[DexParser]   === EXP-031.6 CODE_ITEM @ offset=0x61456 for c ===
[DexParser]   registers_size: 3
[DexParser]   ins_size: 2
[DexParser]   outs_size: 2
[DexParser]   tries_size: 0
[DexParser]   debug_info_off: 0x0
[DexParser]   insns_size: 11 ← KEY FIELD!
[DexParser]   ✅ EXTRACTED 11 INSTRUCTIONS!
[DexParser]   First opcodes: 001a 0445 2071 0010 0002 
[DexParser]   → Virtual method[3]:
[DexParser]   ULEB128[vm_method_diff] @ 0x115717 = 1
[DexParser]   ULEB128[vm_access_flags] @ 0x115718 = 17
[DexParser]   ULEB128[vm_code_off] @ 0x115719 = 61400
[DexParser]   === EXP-031.6 CODE_ITEM @ offset=0x61400 for close ===
[DexParser]   registers_size: 2
[DexParser]   ins_size: 1
[DexParser]   outs_size: 1
[DexParser]   tries_size: 0
[DexParser]   debug_info_off: 0x0
[DexParser]   insns_size: 6 ← KEY FIELD!
[DexParser]   ✅ EXTRACTED 6 INSTRUCTIONS!
[DexParser]   First opcodes: 1054 00cf 106e 0064 0000 
[DexParser]   → Virtual method[4]:
[DexParser]   ULEB128[vm_method_diff] @ 0x115722 = 1
[DexParser]   ULEB128[vm_access_flags] @ 0x115723 = 17
[DexParser]   ULEB128[vm_code_off] @ 0x115724 = 61428
[DexParser]   === EXP-031.6 CODE_ITEM @ offset=0x61428 for d ===
[DexParser]   registers_size: 2
[DexParser]   ins_size: 1
[DexParser]   outs_size: 1
[DexParser]   tries_size: 0
[DexParser]   debug_info_off: 0x0
[DexParser]   insns_size: 6 ← KEY FIELD!
[DexParser]   ✅ EXTRACTED 6 INSTRUCTIONS!
[DexParser]   First opcodes: 1054 00cf 106e 006a 0000 
[DexParser]   → Virtual method[5]:
[DexParser]   ULEB128[vm_method_diff] @ 0x115727 = 1
[DexParser]   ULEB128[vm_access_flags] @ 0x115728 = 17
[DexParser]   ULEB128[vm_code_off] @ 0x115729 = 61344
[DexParser]   === EXP-031.6 CODE_ITEM @ offset=0x61344 for f ===
[DexParser]   registers_size: 2
[DexParser]   ins_size: 1
[DexParser]   outs_size: 1
[DexParser]   tries_size: 0
[DexParser]   debug_info_off: 0x0
[DexParser]   insns_size: 6 ← KEY FIELD!
[DexParser]   ✅ EXTRACTED 6 INSTRUCTIONS!
[DexParser]   First opcodes: 1054 00cf 106e 0066 0000 
[DexParser]   → Virtual method[6]:
[DexParser]   ULEB128[vm_method_diff] @ 0x115732 = 1
[DexParser]   ULEB128[vm_access_flags] @ 0x115733 = 17
[DexParser]   ULEB128[vm_code_off] @ 0x115734 = 61212
[DexParser]   === EXP-031.6 CODE_ITEM @ offset=0x61212 for i ===
[DexParser]   registers_size: 2
[DexParser]   ins_size: 1
[DexParser]   outs_size: 1
[DexParser]   tries_size: 0
[DexParser]   debug_info_off: 0x0
[DexParser]   insns_size: 7 ← KEY FIELD!
[DexParser]   ✅ EXTRACTED 7 INSTRUCTIONS!
[DexParser]   First opcodes: 1054 00cf 106e 006d 0000 
[DexParser]   → Virtual method[7]:
[DexParser]   ULEB128[vm_method_diff] @ 0x115737 = 1
[DexParser]   ULEB128[vm_access_flags] @ 0x115738 = 17
[DexParser]   ULEB128[vm_code_off] @ 0x115739 = 60828
[DexParser]   === EXP-031.6 CODE_ITEM @ offset=0x60828 for j ===
[DexParser]   registers_size: 6
[DexParser]   ins_size: 2
[DexParser]   outs_size: 5
[DexParser]   tries_size: 0
[DexParser]   debug_info_off: 0x0
[DexParser]   insns_size: 30 ← KEY FIELD!
[DexParser]   ✅ EXTRACTED 30 INSTRUCTIONS!
[DexParser]   First opcodes: 0022 00a3 2070 0220 0050 
[DexParser]   → Virtual method[8]:
[DexParser]   ULEB128[vm_method_diff] @ 0x115742 = 1
[DexParser]   ULEB128[vm_access_flags] @ 0x115743 = 17
[DexParser]   ULEB128[vm_code_off] @ 0x115744 = 61496
[DexParser]   === EXP-031.6 CODE_ITEM @ offset=0x61496 for k ===
[DexParser]   registers_size: 2
[DexParser]   ins_size: 1
[DexParser]   outs_size: 1
[DexParser]   tries_size: 0
[DexParser]   debug_info_off: 0x0
[DexParser]   insns_size: 6 ← KEY FIELD!
[DexParser]   ✅ EXTRACTED 6 INSTRUCTIONS!
[DexParser]   First opcodes: 1054 00cf 106e 0075 0000 
[DexParser]   → Virtual method[9]:
[DexParser]   ULEB128[vm_method_diff] @ 0x115747 = 1
[DexParser]   ULEB128[vm_access_flags] @ 0x115748 = 17
[DexParser]   ULEB128[vm_code_off] @ 0x115749 = 61048
[DexParser]   === EXP-031.6 CODE_ITEM @ offset=0x61048 for m ===
[DexParser]   registers_size: 2
[DexParser]   ins_size: 1
[DexParser]   outs_size: 1
[DexParser]   tries_size: 0
[DexParser]   debug_info_off: 0x0
[DexParser]   insns_size: 7 ← KEY FIELD!
[DexParser]   ✅ EXTRACTED 7 INSTRUCTIONS!
[DexParser]   First opcodes: 1054 00cf 106e 006f 0000 
[DexParser]   → Virtual method[10]:
[DexParser]   ULEB128[vm_method_diff] @ 0x115752 = 1
[DexParser]   ULEB128[vm_access_flags] @ 0x115753 = 17
[DexParser]   ULEB128[vm_code_off] @ 0x115754 = 61080
[DexParser]   === EXP-031.6 CODE_ITEM @ offset=0x61080 for n ===
[DexParser]   registers_size: 2
[DexParser]   ins_size: 1
[DexParser]   outs_size: 1
[DexParser]   tries_size: 0
[DexParser]   debug_info_off: 0x0
[DexParser]   insns_size: 7 ← KEY FIELD!
[DexParser]   ✅ EXTRACTED 7 INSTRUCTIONS!
[DexParser]   First opcodes: 1054 00cf 106e 0070 0000 
[DexParser]   → Virtual method[11]:
[DexParser]   ULEB128[vm_method_diff] @ 0x115757 = 1
[DexParser]   ULEB128[vm_access_flags] @ 0x115758 = 17
[DexParser]   ULEB128[vm_code_off] @ 0x115759 = 61244
[DexParser]   === EXP-031.6 CODE_ITEM @ offset=0x61244 for o ===
[DexParser]   registers_size: 2
[DexParser]   ins_size: 1
[DexParser]   outs_size: 1
[DexParser]   tries_size: 0
[DexParser]   debug_info_off: 0x0
[DexParser]   insns_size: 7 ← KEY FIELD!
[DexParser]   ✅ EXTRACTED 7 INSTRUCTIONS!
[DexParser]   First opcodes: 1054 00cf 106e 006c 0000 
[DexParser]   → Virtual method[12]:
[DexParser]   ULEB128[vm_method_diff] @ 0x115762 = 1
[DexParser]   ULEB128[vm_access_flags] @ 0x115763 = 17
[DexParser]   ULEB128[vm_code_off] @ 0x115764 = 61000
[DexParser]   === EXP-031.6 CODE_ITEM @ offset=0x61000 for q ===
[DexParser]   registers_size: 3
[DexParser]   ins_size: 2
[DexParser]   outs_size: 2
[DexParser]   tries_size: 0
[DexParser]   debug_info_off: 0x0
[DexParser]   insns_size: 15 ← KEY FIELD!
[DexParser]   ✅ EXTRACTED 15 INSTRUCTIONS!
[DexParser]   First opcodes: 001a 03e3 2071 0010 0002 
[DexParser]   → Virtual method[13]:
[DexParser]   ULEB128[vm_method_diff] @ 0x115767 = 1
[DexParser]   ULEB128[vm_access_flags] @ 0x115768 = 17
[DexParser]   ULEB128[vm_code_off] @ 0x115769 = 61152
[DexParser]   === EXP-031.6 CODE_ITEM @ offset=0x61152 for r ===
[DexParser]   registers_size: 4
[DexParser]   ins_size: 2
[DexParser]   outs_size: 2
[DexParser]   tries_size: 0
[DexParser]   debug_info_off: 0x0
[DexParser]   insns_size: 22 ← KEY FIELD!
[DexParser]   ✅ EXTRACTED 22 INSTRUCTIONS!
[DexParser]   First opcodes: 001a 0445 2071 0010 0003 
[DexParser]   → Virtual method[14]:
[DexParser]   ULEB128[vm_method_diff] @ 0x115772 = 1
[DexParser]   ULEB128[vm_access_flags] @ 0x115773 = 17
[DexParser]   ULEB128[vm_code_off] @ 0x115774 = 61112
[DexParser]   === EXP-031.6 CODE_ITEM @ offset=0x61112 for t ===
[DexParser]   registers_size: 3
[DexParser]   ins_size: 1
[DexParser]   outs_size: 2
[DexParser]   tries_size: 0
[DexParser]   debug_info_off: 0x0
[DexParser]   insns_size: 12 ← KEY FIELD!
[DexParser]   ✅ EXTRACTED 12 INSTRUCTIONS!
[DexParser]   First opcodes: 001a 040a 2154 00cf 2071 
[DexParser]   → Result: 2 direct methods, 15 virtual methods
[DexParser] CLASS_DEF[124] @ offset 0x25944:
[DexParser]   class_idx: 168 (max valid: 337)
[DexParser]   access_flags: 0x17
[DexParser]   superclass_idx: 206
[DexParser]   class_data_off: 0x115777
[DexParser]   → Resolved name: [Lh/g;]
[DexParser]   → Parsing class_data at 0x115777
[DexParser]   === EXP-031.6 CLASS_DATA PARSING @ offset=0x115777 ===
[DexParser]   First bytes: 00 07 01 04 dd 01 11 01 11 01 11 01 11 01 11 01 11 01 01 c1 04 81 80 04 98 ee 03 c2 04 11 f4 ee 
[DexParser]   ULEB128[static_fields_size] @ 0x115777 = 0
[DexParser]   ULEB128[instance_fields_size] @ 0x115778 = 7
[DexParser]   ULEB128[direct_methods_size] @ 0x115779 = 1
[DexParser]   ULEB128[virtual_methods_size] @ 0x115780 = 4
[DexParser]   → Header: static=0, instance=7, direct=1, virtual=4
[DexParser]   ULEB128[if_field_diff] @ 0x115781 = 221
[DexParser]   ULEB128[if_access_flags] @ 0x115783 = 17
[DexParser]   ULEB128[if_field_diff] @ 0x115784 = 1
[DexParser]   ULEB128[if_access_flags] @ 0x115785 = 17
[DexParser]   ULEB128[if_field_diff] @ 0x115786 = 1
[DexParser]   ULEB128[if_access_flags] @ 0x115787 = 17
[DexParser]   ULEB128[if_field_diff] @ 0x115788 = 1
[DexParser]   ULEB128[if_access_flags] @ 0x115789 = 17
[DexParser]   ULEB128[if_field_diff] @ 0x115790 = 1
[DexParser]   ULEB128[if_access_flags] @ 0x115791 = 17
[DexParser]   ULEB128[if_field_diff] @ 0x115792 = 1
[DexParser]   ULEB128[if_access_flags] @ 0x115793 = 17
[DexParser]   ULEB128[if_field_diff] @ 0x115794 = 1
[DexParser]   ULEB128[if_access_flags] @ 0x115795 = 1
[DexParser]   → Direct method[0]:
[DexParser]   ULEB128[dm_method_diff] @ 0x115796 = 577
[DexParser]   ULEB128[dm_access_flags] @ 0x115798 = 65537
[DexParser]   ULEB128[dm_code_off] @ 0x115801 = 63256
[DexParser]   === EXP-031.6 CODE_ITEM @ offset=0x63256 for <init> ===
[DexParser]   registers_size: 7
[DexParser]   ins_size: 6
[DexParser]   outs_size: 3
[DexParser]   tries_size: 0
[DexParser]   debug_info_off: 0x0
[DexParser]   insns_size: 37 ← KEY FIELD!
[DexParser]   ✅ EXTRACTED 37 INSTRUCTIONS!
[DexParser]   First opcodes: 001a 02c9 2071 0010 0002 
[DexParser]   → Virtual method[0]:
[DexParser]   ULEB128[vm_method_diff] @ 0x115804 = 578
[DexParser]   ULEB128[vm_access_flags] @ 0x115806 = 17
[DexParser]   ULEB128[vm_code_off] @ 0x115807 = 63348
[DexParser]   === EXP-031.6 CODE_ITEM @ offset=0x63348 for close ===
[DexParser]   registers_size: 3
[DexParser]   ins_size: 1
[DexParser]   outs_size: 1
[DexParser]   tries_size: 0
[DexParser]   debug_info_off: 0x0
[DexParser]   insns_size: 21 ← KEY FIELD!
[DexParser]   ✅ EXTRACTED 21 INSTRUCTIONS!
[DexParser]   First opcodes: 2054 00e2 0054 0124 0162 
[DexParser]   → Virtual method[1]:
[DexParser]   ULEB128[vm_method_diff] @ 0x115810 = 1
[DexParser]   ULEB128[vm_access_flags] @ 0x115811 = 17
[DexParser]   ULEB128[vm_code_off] @ 0x115812 = 63184
[DexParser]   === EXP-031.6 CODE_ITEM @ offset=0x63184 for e ===
[DexParser]   registers_size: 3
[DexParser]   ins_size: 1
[DexParser]   outs_size: 2
[DexParser]   tries_size: 0
[DexParser]   debug_info_off: 0x0
[DexParser]   insns_size: 10 ← KEY FIELD!
[DexParser]   ✅ EXTRACTED 10 INSTRUCTIONS!
[DexParser]   First opcodes: 106e 0244 0002 000c 1112 
[DexParser]   → Virtual method[2]:
[DexParser]   ULEB128[vm_method_diff] @ 0x115815 = 1
[DexParser]   ULEB128[vm_access_flags] @ 0x115816 = 17
[DexParser]   ULEB128[vm_code_off] @ 0x115817 = 63220
[DexParser]   === EXP-031.6 CODE_ITEM @ offset=0x63220 for q ===
[DexParser]   registers_size: 2
[DexParser]   ins_size: 1
[DexParser]   outs_size: 1
[DexParser]   tries_size: 0
[DexParser]   debug_info_off: 0x0
[DexParser]   insns_size: 9 ← KEY FIELD!
[DexParser]   ✅ EXTRACTED 9 INSTRUCTIONS!
[DexParser]   First opcodes: 1054 00e2 106e 036d 0000 
[DexParser]   → Virtual method[3]:
[DexParser]   ULEB128[vm_method_diff] @ 0x115820 = 1
[DexParser]   ULEB128[vm_access_flags] @ 0x115821 = 17
[DexParser]   ULEB128[vm_code_off] @ 0x115822 = 63408
[DexParser]   === EXP-031.6 CODE_ITEM @ offset=0x63408 for setWriteAheadLoggingEnabled ===
[DexParser]   registers_size: 4
[DexParser]   ins_size: 2
[DexParser]   outs_size: 2
[DexParser]   tries_size: 0
[DexParser]   debug_info_off: 0x0
[DexParser]   insns_size: 28 ← KEY FIELD!
[DexParser]   ✅ EXTRACTED 28 INSTRUCTIONS!
[DexParser]   First opcodes: 2054 00e2 0054 0124 0162 
[DexParser]   → Result: 1 direct methods, 4 virtual methods
[DexParser] CLASS_DEF[125] @ offset 0x25976:
[DexParser]   class_idx: 173 (max valid: 337)
[DexParser]   access_flags: 0x17
[DexParser]   superclass_idx: 172
[DexParser]   class_data_off: 0x115825
[DexParser]   → Resolved name: [Lj/c;]
[DexParser]   → Parsing class_data at 0x115825
[DexParser]   === EXP-031.6 CLASS_DATA PARSING @ offset=0x115825 ===
[DexParser]   First bytes: 00 08 02 03 ed 01 11 01 11 01 11 01 11 01 11 01 01 01 01 01 01 db 04 81 80 04 e4 f5 03 01 81 80 
[DexParser]   ULEB128[static_fields_size] @ 0x115825 = 0
[DexParser]   ULEB128[instance_fields_size] @ 0x115826 = 8
[DexParser]   ULEB128[direct_methods_size] @ 0x115827 = 2
[DexParser]   ULEB128[virtual_methods_size] @ 0x115828 = 3
[DexParser]   → Header: static=0, instance=8, direct=2, virtual=3
[DexParser]   ULEB128[if_field_diff] @ 0x115829 = 237
[DexParser]   ULEB128[if_access_flags] @ 0x115831 = 17
[DexParser]   ULEB128[if_field_diff] @ 0x115832 = 1
[DexParser]   ULEB128[if_access_flags] @ 0x115833 = 17
[DexParser]   ULEB128[if_field_diff] @ 0x115834 = 1
[DexParser]   ULEB128[if_access_flags] @ 0x115835 = 17
[DexParser]   ULEB128[if_field_diff] @ 0x115836 = 1
[DexParser]   ULEB128[if_access_flags] @ 0x115837 = 17
[DexParser]   ULEB128[if_field_diff] @ 0x115838 = 1
[DexParser]   ULEB128[if_access_flags] @ 0x115839 = 17
[DexParser]   ULEB128[if_field_diff] @ 0x115840 = 1
[DexParser]   ULEB128[if_access_flags] @ 0x115841 = 1
[DexParser]   ULEB128[if_field_diff] @ 0x115842 = 1
[DexParser]   ULEB128[if_access_flags] @ 0x115843 = 1
[DexParser]   ULEB128[if_field_diff] @ 0x115844 = 1
[DexParser]   ULEB128[if_access_flags] @ 0x115845 = 1
[DexParser]   → Direct method[0]:
[DexParser]   ULEB128[dm_method_diff] @ 0x115846 = 603
[DexParser]   ULEB128[dm_access_flags] @ 0x115848 = 65537
[DexParser]   ULEB128[dm_code_off] @ 0x115851 = 64228
[DexParser]   === EXP-031.6 CODE_ITEM @ offset=0x64228 for <init> ===
[DexParser]   registers_size: 10
[DexParser]   ins_size: 2
[DexParser]   outs_size: 8
[DexParser]   tries_size: 0
[DexParser]   debug_info_off: 0x86696
[DexParser]   insns_size: 31 ← KEY FIELD!
[DexParser]   ✅ EXTRACTED 31 INSTRUCTIONS!
[DexParser]   First opcodes: 106e 009a 0009 020a 106e 
[DexParser]   → Direct method[1]:
[DexParser]   ULEB128[dm_method_diff] @ 0x115854 = 1
[DexParser]   ULEB128[dm_access_flags] @ 0x115855 = 65537
[DexParser]   ULEB128[dm_code_off] @ 0x115858 = 64308
[DexParser]   === EXP-031.6 CODE_ITEM @ offset=0x64308 for <init> ===
[DexParser]   registers_size: 8
[DexParser]   ins_size: 8
[DexParser]   outs_size: 4
[DexParser]   tries_size: 0
[DexParser]   debug_info_off: 0x86716
[DexParser]   insns_size: 26 ← KEY FIELD!
[DexParser]   ✅ EXTRACTED 26 INSTRUCTIONS!
[DexParser]   First opcodes: 4070 0250 7650 0522 004c 
[DexParser]   → Virtual method[0]:
[DexParser]   ULEB128[vm_method_diff] @ 0x115861 = 605
[DexParser]   ULEB128[vm_access_flags] @ 0x115863 = 17
[DexParser]   ULEB128[vm_code_off] @ 0x115864 = 64116
[DexParser]   === EXP-031.6 CODE_ITEM @ offset=0x64116 for a ===
[DexParser]   registers_size: 10
[DexParser]   ins_size: 1
[DexParser]   outs_size: 8
[DexParser]   tries_size: 0
[DexParser]   debug_info_off: 0x0
[DexParser]   insns_size: 47 ← KEY FIELD!
[DexParser]   ✅ EXTRACTED 47 INSTRUCTIONS!
[DexParser]   First opcodes: 0822 00ad 9154 00ee 106e 
[DexParser]   → Virtual method[1]:
[DexParser]   ULEB128[vm_method_diff] @ 0x115867 = 1
[DexParser]   ULEB128[vm_access_flags] @ 0x115868 = 17
[DexParser]   ULEB128[vm_code_off] @ 0x115869 = 63984
[DexParser]   === EXP-031.6 CODE_ITEM @ offset=0x63984 for e ===
[DexParser]   registers_size: 6
[DexParser]   ins_size: 2
[DexParser]   outs_size: 2
[DexParser]   tries_size: 0
[DexParser]   debug_info_off: 0x0
[DexParser]   insns_size: 58 ← KEY FIELD!
[DexParser]   ✅ EXTRACTED 58 INSTRUCTIONS!
[DexParser]   First opcodes: 4052 00f3 4152 00f0 1212 
[DexParser]   → Virtual method[2]:
[DexParser]   ULEB128[vm_method_diff] @ 0x115872 = 1
[DexParser]   ULEB128[vm_access_flags] @ 0x115873 = 17
[DexParser]   ULEB128[vm_code_off] @ 0x115874 = 64376
[DexParser]   === EXP-031.6 CODE_ITEM @ offset=0x64376 for i ===
[DexParser]   registers_size: 7
[DexParser]   ins_size: 2
[DexParser]   outs_size: 3
[DexParser]   tries_size: 0
[DexParser]   debug_info_off: 0x0
[DexParser]   insns_size: 44 ← KEY FIELD!
[DexParser]   ✅ EXTRACTED 44 INSTRUCTIONS!
[DexParser]   First opcodes: 5052 00f2 5154 00ed 5254 
[DexParser]   → Result: 2 direct methods, 3 virtual methods
[DexParser] CLASS_DEF[126] @ offset 0x26008:
[DexParser]   class_idx: 277 (max valid: 337)
[DexParser]   access_flags: 0x17
[DexParser]   superclass_idx: 312
[DexParser]   class_data_off: 0x115877
[DexParser]   → Resolved name: [Lk/e;]
[DexParser]   → Parsing class_data at 0x115877
[DexParser]   === EXP-031.6 CLASS_DATA PARSING @ offset=0x115877 ===
[DexParser]   First bytes: 00 04 01 02 85 02 91 20 01 91 20 01 91 20 01 91 20 ce 06 81 a0 04 bc 8a 04 cf 06 d1 20 f4 89 04 
[DexParser]   ULEB128[static_fields_size] @ 0x115877 = 0
[DexParser]   ULEB128[instance_fields_size] @ 0x115878 = 4
[DexParser]   ULEB128[direct_methods_size] @ 0x115879 = 1
[DexParser]   ULEB128[virtual_methods_size] @ 0x115880 = 2
[DexParser]   → Header: static=0, instance=4, direct=1, virtual=2
[DexParser]   ULEB128[if_field_diff] @ 0x115881 = 261
[DexParser]   ULEB128[if_access_flags] @ 0x115883 = 4113
[DexParser]   ULEB128[if_field_diff] @ 0x115885 = 1
[DexParser]   ULEB128[if_access_flags] @ 0x115886 = 4113
[DexParser]   ULEB128[if_field_diff] @ 0x115888 = 1
[DexParser]   ULEB128[if_access_flags] @ 0x115889 = 4113
[DexParser]   ULEB128[if_field_diff] @ 0x115891 = 1
[DexParser]   ULEB128[if_access_flags] @ 0x115892 = 4113
[DexParser]   → Direct method[0]:
[DexParser]   ULEB128[dm_method_diff] @ 0x115894 = 846
[DexParser]   ULEB128[dm_access_flags] @ 0x115896 = 69633
[DexParser]   ULEB128[dm_code_off] @ 0x115899 = 66876
[DexParser]   === EXP-031.6 CODE_ITEM @ offset=0x66876 for <init> ===
[DexParser]   registers_size: 5
[DexParser]   ins_size: 5
[DexParser]   outs_size: 1
[DexParser]   tries_size: 0
[DexParser]   debug_info_off: 0x0
[DexParser]   insns_size: 12 ← KEY FIELD!
[DexParser]   ✅ EXTRACTED 12 INSTRUCTIONS!
[DexParser]   First opcodes: 0459 0105 015b 0106 025b 
[DexParser]   → Virtual method[0]:
[DexParser]   ULEB128[vm_method_diff] @ 0x115902 = 847
[DexParser]   ULEB128[vm_access_flags] @ 0x115904 = 4177
[DexParser]   ULEB128[vm_code_off] @ 0x115906 = 66804
[DexParser]   === EXP-031.6 CODE_ITEM @ offset=0x66804 for a ===
[DexParser]   registers_size: 3
[DexParser]   ins_size: 1
[DexParser]   outs_size: 1
[DexParser]   tries_size: 0
[DexParser]   debug_info_off: 0x0
[DexParser]   insns_size: 28 ← KEY FIELD!
[DexParser]   ✅ EXTRACTED 28 INSTRUCTIONS!
[DexParser]   First opcodes: 0062 0127 2152 0105 012b 
[DexParser]   → Virtual method[1]:
[DexParser]   ULEB128[vm_method_diff] @ 0x115909 = 1
[DexParser]   ULEB128[vm_access_flags] @ 0x115910 = 17
[DexParser]   ULEB128[vm_code_off] @ 0x115911 = 66916
[DexParser]   === EXP-031.6 CODE_ITEM @ offset=0x66916 for b ===
[DexParser]   registers_size: 13
[DexParser]   ins_size: 1
[DexParser]   outs_size: 5
[DexParser]   tries_size: 3
[DexParser]   debug_info_off: 0x0
[DexParser]   insns_size: 412 ← KEY FIELD!
[DexParser]   ✅ EXTRACTED 412 INSTRUCTIONS!
[DexParser]   First opcodes: 1012 c152 0105 021a 0031 
[DexParser]   → Result: 1 direct methods, 2 virtual methods
[DexParser] CLASS_DEF[127] @ offset 0x26040:
[DexParser]   class_idx: 282 (max valid: 337)
[DexParser]   access_flags: 0x17
[DexParser]   superclass_idx: 126
[DexParser]   class_data_off: 0x115914
[DexParser]   → Resolved name: [Ll/b;]
[DexParser]   → Parsing class_data at 0x115914
[DexParser]   === EXP-031.6 CLASS_DATA PARSING @ offset=0x115914 ===
[DexParser]   First bytes: 00 02 01 02 99 02 91 20 01 91 20 e3 06 81 80 04 c4 9b 04 e4 06 11 90 9b 04 01 11 80 9c 04 00 00 
[DexParser]   ULEB128[static_fields_size] @ 0x115914 = 0
[DexParser]   ULEB128[instance_fields_size] @ 0x115915 = 2
[DexParser]   ULEB128[direct_methods_size] @ 0x115916 = 1
[DexParser]   ULEB128[virtual_methods_size] @ 0x115917 = 2
[DexParser]   → Header: static=0, instance=2, direct=1, virtual=2
[DexParser]   ULEB128[if_field_diff] @ 0x115918 = 281
[DexParser]   ULEB128[if_access_flags] @ 0x115920 = 4113
[DexParser]   ULEB128[if_field_diff] @ 0x115922 = 1
[DexParser]   ULEB128[if_access_flags] @ 0x115923 = 4113
[DexParser]   → Direct method[0]:
[DexParser]   ULEB128[dm_method_diff] @ 0x115925 = 867
[DexParser]   ULEB128[dm_access_flags] @ 0x115927 = 65537
[DexParser]   ULEB128[dm_code_off] @ 0x115930 = 69060
[DexParser]   === EXP-031.6 CODE_ITEM @ offset=0x69060 for <init> ===
[DexParser]   registers_size: 5
[DexParser]   ins_size: 4
[DexParser]   outs_size: 2
[DexParser]   tries_size: 0
[DexParser]   debug_info_off: 0x0
[DexParser]   insns_size: 22 ← KEY FIELD!
[DexParser]   ✅ EXTRACTED 22 INSTRUCTIONS!
[DexParser]   First opcodes: 1459 0119 1012 0432 000d 
[DexParser]   → Virtual method[0]:
[DexParser]   ULEB128[vm_method_diff] @ 0x115933 = 868
[DexParser]   ULEB128[vm_access_flags] @ 0x115935 = 17
[DexParser]   ULEB128[vm_code_off] @ 0x115936 = 69008
[DexParser]   === EXP-031.6 CODE_ITEM @ offset=0x69008 for b ===
[DexParser]   registers_size: 2
[DexParser]   ins_size: 1
[DexParser]   outs_size: 0
[DexParser]   tries_size: 0
[DexParser]   debug_info_off: 0x0
[DexParser]   insns_size: 18 ← KEY FIELD!
[DexParser]   ✅ EXTRACTED 18 INSTRUCTIONS!
[DexParser]   First opcodes: 1052 0119 002b 000a 0000 
[DexParser]   → Virtual method[1]:
[DexParser]   ULEB128[vm_method_diff] @ 0x115939 = 1
[DexParser]   ULEB128[vm_access_flags] @ 0x115940 = 17
[DexParser]   ULEB128[vm_code_off] @ 0x115941 = 69120
[DexParser]   === EXP-031.6 CODE_ITEM @ offset=0x69120 for d ===
[DexParser]   registers_size: 9
[DexParser]   ins_size: 3
[DexParser]   outs_size: 4
[DexParser]   tries_size: 0
[DexParser]   debug_info_off: 0x0
[DexParser]   insns_size: 100 ← KEY FIELD!
[DexParser]   ✅ EXTRACTED 100 INSTRUCTIONS!
[DexParser]   First opcodes: 081f 0119 6054 011a 0154 
[DexParser]   → Result: 1 direct methods, 2 virtual methods
[DexParser] CLASS_DEF[128] @ offset 0x26072:
[DexParser]   class_idx: 292 (max valid: 337)
[DexParser]   access_flags: 0x1025
[DexParser]   superclass_idx: 9
[DexParser]   class_data_off: 0x115944
[DexParser]   → Resolved name: [Ln/c;]
[DexParser]   → Parsing class_data at 0x115944
[DexParser]   === EXP-031.6 CLASS_DATA PARSING @ offset=0x115944 ===
[DexParser]   First bytes: 00 00 03 00 fe 06 19 a8 b9 04 01 19 e8 ba 04 01 09 c4 b9 04 01 06 05 1e b6 02 19 b0 02 01 01 11 
[DexParser]   ULEB128[static_fields_size] @ 0x115944 = 0
[DexParser]   ULEB128[instance_fields_size] @ 0x115945 = 0
[DexParser]   ULEB128[direct_methods_size] @ 0x115946 = 3
[DexParser]   ULEB128[virtual_methods_size] @ 0x115947 = 0
[DexParser]   → Header: static=0, instance=0, direct=3, virtual=0
[DexParser]   → Direct method[0]:
[DexParser]   ULEB128[dm_method_diff] @ 0x115948 = 894
[DexParser]   ULEB128[dm_access_flags] @ 0x115950 = 25
[DexParser]   ULEB128[dm_code_off] @ 0x115951 = 72872
[DexParser]   === EXP-031.6 CODE_ITEM @ offset=0x72872 for q ===
[DexParser]   registers_size: 1
[DexParser]   ins_size: 1
[DexParser]   outs_size: 1
[DexParser]   tries_size: 0
[DexParser]   debug_info_off: 0x0
[DexParser]   insns_size: 5 ← KEY FIELD!
[DexParser]   ✅ EXTRACTED 5 INSTRUCTIONS!
[DexParser]   First opcodes: 1072 02fb 0000 000a 000f 
[DexParser]   → Direct method[1]:
[DexParser]   ULEB128[dm_method_diff] @ 0x115954 = 1
[DexParser]   ULEB128[dm_access_flags] @ 0x115955 = 25
[DexParser]   ULEB128[dm_code_off] @ 0x115956 = 73064
[DexParser]   === EXP-031.6 CODE_ITEM @ offset=0x73064 for r ===
[DexParser]   registers_size: 6
[DexParser]   ins_size: 5
[DexParser]   outs_size: 5
[DexParser]   tries_size: 0
[DexParser]   debug_info_off: 0x0
[DexParser]   insns_size: 15 ← KEY FIELD!
[DexParser]   ✅ EXTRACTED 15 INSTRUCTIONS!
[DexParser]   First opcodes: 001a 0054 2071 0010 0001 
[DexParser]   → Direct method[2]:
[DexParser]   ULEB128[dm_method_diff] @ 0x115959 = 1
[DexParser]   ULEB128[dm_access_flags] @ 0x115960 = 9
[DexParser]   ULEB128[dm_code_off] @ 0x115961 = 72900
[DexParser]   === EXP-031.6 CODE_ITEM @ offset=0x72900 for s ===
[DexParser]   registers_size: 9
[DexParser]   ins_size: 1
[DexParser]   outs_size: 2
[DexParser]   tries_size: 0
[DexParser]   debug_info_off: 0x0
[DexParser]   insns_size: 73 ← KEY FIELD!
[DexParser]   ✅ EXTRACTED 73 INSTRUCTIONS!
[DexParser]   First opcodes: 001a 0039 011a 0000 0222 
[DexParser]   → Result: 3 direct methods, 0 virtual methods
[DexParser] CLASS_DEF[129] @ offset 0x26104:
[DexParser]   class_idx: 301 (max valid: 337)
[DexParser]   access_flags: 0x17
[DexParser]   superclass_idx: 290
[DexParser]   class_data_off: 0x115964
[DexParser]   → Resolved name: [Lo/b;]
[DexParser]   → Parsing class_data at 0x115964
[DexParser]   === EXP-031.6 CLASS_DATA PARSING @ offset=0x115964 ===
[DexParser]   First bytes: 01 06 05 1e b6 02 19 b0 02 01 01 11 01 01 01 01 01 11 01 11 d7 07 89 80 04 a8 e3 04 01 81 80 04 
[DexParser]   ULEB128[static_fields_size] @ 0x115964 = 1
[DexParser]   ULEB128[instance_fields_size] @ 0x115965 = 6
[DexParser]   ULEB128[direct_methods_size] @ 0x115966 = 5
[DexParser]   ULEB128[virtual_methods_size] @ 0x115967 = 30
[DexParser]   → Header: static=1, instance=6, direct=5, virtual=30
[DexParser]   ULEB128[sf_field_diff] @ 0x115968 = 310
[DexParser]   ULEB128[sf_access_flags] @ 0x115970 = 25
[DexParser]   ULEB128[if_field_diff] @ 0x115971 = 304
[DexParser]   ULEB128[if_access_flags] @ 0x115973 = 1
[DexParser]   ULEB128[if_field_diff] @ 0x115974 = 1
[DexParser]   ULEB128[if_access_flags] @ 0x115975 = 17
[DexParser]   ULEB128[if_field_diff] @ 0x115976 = 1
[DexParser]   ULEB128[if_access_flags] @ 0x115977 = 1
[DexParser]   ULEB128[if_field_diff] @ 0x115978 = 1
[DexParser]   ULEB128[if_access_flags] @ 0x115979 = 1
[DexParser]   ULEB128[if_field_diff] @ 0x115980 = 1
[DexParser]   ULEB128[if_access_flags] @ 0x115981 = 17
[DexParser]   ULEB128[if_field_diff] @ 0x115982 = 1
[DexParser]   ULEB128[if_access_flags] @ 0x115983 = 17
[DexParser]   → Direct method[0]:
[DexParser]   ULEB128[dm_method_diff] @ 0x115984 = 983
[DexParser]   ULEB128[dm_access_flags] @ 0x115986 = 65545
[DexParser]   ULEB128[dm_code_off] @ 0x115989 = 78248
[DexParser]   === EXP-031.6 CODE_ITEM @ offset=0x78248 for <clinit> ===
[DexParser]   registers_size: 2
[DexParser]   ins_size: 0
[DexParser]   outs_size: 2
[DexParser]   tries_size: 0
[DexParser]   debug_info_off: 0x0
[DexParser]   insns_size: 12 ← KEY FIELD!
[DexParser]   ✅ EXTRACTED 12 INSTRUCTIONS!
[DexParser]   First opcodes: 0022 012d 0112 2070 03d9 
[DexParser]   → Direct method[1]:
[DexParser]   ULEB128[dm_method_diff] @ 0x115992 = 1
[DexParser]   ULEB128[dm_access_flags] @ 0x115993 = 65537
[DexParser]   ULEB128[dm_code_off] @ 0x115996 = 78288
[DexParser]   === EXP-031.6 CODE_ITEM @ offset=0x78288 for <init> ===
[DexParser]   registers_size: 2
[DexParser]   ins_size: 1
[DexParser]   outs_size: 2
[DexParser]   tries_size: 0
[DexParser]   debug_info_off: 0x86707
[DexParser]   insns_size: 6 ← KEY FIELD!
[DexParser]   ✅ EXTRACTED 6 INSTRUCTIONS!
[DexParser]   First opcodes: 0013 000a 2070 03d9 0001 
[DexParser]   → Direct method[2]:
[DexParser]   ULEB128[dm_method_diff] @ 0x115999 = 1
[DexParser]   ULEB128[dm_access_flags] @ 0x116000 = 65537
[DexParser]   ULEB128[dm_code_off] @ 0x116003 = 78316
[DexParser]   === EXP-031.6 CODE_ITEM @ offset=0x78316 for <init> ===
[DexParser]   registers_size: 9
[DexParser]   ins_size: 2
[DexParser]   outs_size: 7
[DexParser]   tries_size: 0
[DexParser]   debug_info_off: 0x86711
[DexParser]   insns_size: 14 ← KEY FIELD!
[DexParser]   ✅ EXTRACTED 14 INSTRUCTIONS!
[DexParser]   First opcodes: 1071 000a 0008 010c 0212 
[DexParser]   → Direct method[3]:
[DexParser]   ULEB128[dm_method_diff] @ 0x116006 = 1
[DexParser]   ULEB128[dm_access_flags] @ 0x116007 = 65537
[DexParser]   ULEB128[dm_code_off] @ 0x116010 = 78360
[DexParser]   === EXP-031.6 CODE_ITEM @ offset=0x78360 for <init> ===
[DexParser]   registers_size: 7
[DexParser]   ins_size: 7
[DexParser]   outs_size: 1
[DexParser]   tries_size: 0
[DexParser]   debug_info_off: 0x86758
[DexParser]   insns_size: 22 ← KEY FIELD!
[DexParser]   ✅ EXTRACTED 22 INSTRUCTIONS!
[DexParser]   First opcodes: 1070 0378 0000 015b 0130 
[DexParser]   → Direct method[4]:
[DexParser]   ULEB128[dm_method_diff] @ 0x116013 = 1
[DexParser]   ULEB128[dm_access_flags] @ 0x116014 = 4121
[DexParser]   ULEB128[dm_code_off] @ 0x116016 = 76704
[DexParser]   === EXP-031.6 CODE_ITEM @ offset=0x76704 for a ===
[DexParser]   registers_size: 1
[DexParser]   ins_size: 1
[DexParser]   outs_size: 0
[DexParser]   tries_size: 0
[DexParser]   debug_info_off: 0x0
[DexParser]   insns_size: 3 ← KEY FIELD!
[DexParser]   ✅ EXTRACTED 3 INSTRUCTIONS!
[DexParser]   First opcodes: 0052 00fd 000f 
[DexParser]   → Virtual method[0]:
[DexParser]   ULEB128[vm_method_diff] @ 0x116019 = 988
[DexParser]   ULEB128[vm_access_flags] @ 0x116021 = 17
[DexParser]   ULEB128[vm_code_off] @ 0x116022 = 78420
[DexParser]   === EXP-031.6 CODE_ITEM @ offset=0x78420 for add ===
[DexParser]   registers_size: 6
[DexParser]   ins_size: 3
[DexParser]   outs_size: 3
[DexParser]   tries_size: 0
[DexParser]   debug_info_off: 0x86768
[DexParser]   insns_size: 47 ← KEY FIELD!
[DexParser]   ✅ EXTRACTED 47 INSTRUCTIONS!
[DexParser]   First opcodes: 106e 03e4 0003 106e 03e3 
[DexParser]   → Virtual method[1]:
[DexParser]   ULEB128[vm_method_diff] @ 0x116025 = 1
[DexParser]   ULEB128[vm_access_flags] @ 0x116026 = 17
[DexParser]   ULEB128[vm_code_off] @ 0x116027 = 76084
[DexParser]   === EXP-031.6 CODE_ITEM @ offset=0x76084 for add ===
[DexParser]   registers_size: 4
[DexParser]   ins_size: 2
[DexParser]   outs_size: 3
[DexParser]   tries_size: 0
[DexParser]   debug_info_off: 0x86711
[DexParser]   insns_size: 16 ← KEY FIELD!
[DexParser]   ✅ EXTRACTED 16 INSTRUCTIONS!
[DexParser]   First opcodes: 106e 03e4 0002 106e 03e3 
[DexParser]   → Virtual method[2]:
[DexParser]   ULEB128[vm_method_diff] @ 0x116030 = 1
[DexParser]   ULEB128[vm_access_flags] @ 0x116031 = 17
[DexParser]   ULEB128[vm_code_off] @ 0x116032 = 76132
[DexParser]   === EXP-031.6 CODE_ITEM @ offset=0x76132 for addAll ===
[DexParser]   registers_size: 6
[DexParser]   ins_size: 3
[DexParser]   outs_size: 4
[DexParser]   tries_size: 0
[DexParser]   debug_info_off: 0x86733
[DexParser]   insns_size: 61 ← KEY FIELD!
[DexParser]   ✅ EXTRACTED 61 INSTRUCTIONS!
[DexParser]   First opcodes: 001a 02f7 2071 0010 0005 
[DexParser]   → Virtual method[3]:
[DexParser]   ULEB128[vm_method_diff] @ 0x116035 = 1
[DexParser]   ULEB128[vm_access_flags] @ 0x116036 = 17
[DexParser]   ULEB128[vm_code_off] @ 0x116037 = 76272
[DexParser]   === EXP-031.6 CODE_ITEM @ offset=0x76272 for addAll ===
[DexParser]   registers_size: 5
[DexParser]   ins_size: 2
[DexParser]   outs_size: 4
[DexParser]   tries_size: 0
[DexParser]   debug_info_off: 0x86711
[DexParser]   insns_size: 29 ← KEY FIELD!
[DexParser]   ✅ EXTRACTED 29 INSTRUCTIONS!
[DexParser]   First opcodes: 001a 02f7 2071 0010 0004 
[DexParser]   → Virtual method[4]:
[DexParser]   ULEB128[vm_method_diff] @ 0x116040 = 1
[DexParser]   ULEB128[vm_access_flags] @ 0x116041 = 17
[DexParser]   ULEB128[vm_code_off] @ 0x116042 = 78532
[DexParser]   === EXP-031.6 CODE_ITEM @ offset=0x78532 for b ===
[DexParser]   registers_size: 8
[DexParser]   ins_size: 4
[DexParser]   outs_size: 4
[DexParser]   tries_size: 0
[DexParser]   debug_info_off: 0x0
[DexParser]   insns_size: 47 ← KEY FIELD!
[DexParser]   ✅ EXTRACTED 47 INSTRUCTIONS!
[DexParser]   First opcodes: 4052 00fd 00d8 0100 4059 
[DexParser]   → Virtual method[5]:
[DexParser]   ULEB128[vm_method_diff] @ 0x116045 = 1
[DexParser]   ULEB128[vm_access_flags] @ 0x116046 = 17
[DexParser]   ULEB128[vm_code_off] @ 0x116047 = 78644
[DexParser]   === EXP-031.6 CODE_ITEM @ offset=0x78644 for c ===
[DexParser]   registers_size: 5
[DexParser]   ins_size: 3
[DexParser]   outs_size: 3
[DexParser]   tries_size: 0
[DexParser]   debug_info_off: 0x0
[DexParser]   insns_size: 31 ← KEY FIELD!
[DexParser]   ✅ EXTRACTED 31 INSTRUCTIONS!
[DexParser]   First opcodes: 2052 00fd 1112 10b0 2059 
[DexParser]   → Virtual method[6]:
[DexParser]   ULEB128[vm_method_diff] @ 0x116050 = 1
[DexParser]   ULEB128[vm_access_flags] @ 0x116051 = 17
[DexParser]   ULEB128[vm_code_off] @ 0x116052 = 78844
[DexParser]   === EXP-031.6 CODE_ITEM @ offset=0x78844 for clear ===
[DexParser]   registers_size: 3
[DexParser]   ins_size: 1
[DexParser]   outs_size: 3
[DexParser]   tries_size: 0
[DexParser]   debug_info_off: 0x0
[DexParser]   insns_size: 14 ← KEY FIELD!
[DexParser]   ✅ EXTRACTED 14 INSTRUCTIONS!
[DexParser]   First opcodes: 106e 03e4 0002 106e 03e3 
[DexParser]   → Virtual method[7]:
[DexParser]   ULEB128[vm_method_diff] @ 0x116055 = 1
[DexParser]   ULEB128[vm_access_flags] @ 0x116056 = 17
[DexParser]   ULEB128[vm_code_off] @ 0x116057 = 78724
[DexParser]   === EXP-031.6 CODE_ITEM @ offset=0x78724 for d ===
[DexParser]   registers_size: 3
[DexParser]   ins_size: 1
[DexParser]   outs_size: 1
[DexParser]   tries_size: 0
[DexParser]   debug_info_off: 0x0
[DexParser]   insns_size: 18 ← KEY FIELD!
[DexParser]   ✅ EXTRACTED 18 INSTRUCTIONS!
[DexParser]   First opcodes: 2054 0135 0038 000f 0052 
[DexParser]   → Virtual method[8]:
[DexParser]   ULEB128[vm_method_diff] @ 0x116060 = 1
[DexParser]   ULEB128[vm_access_flags] @ 0x116061 = 17
[DexParser]   ULEB128[vm_code_off] @ 0x116062 = 78776
[DexParser]   === EXP-031.6 CODE_ITEM @ offset=0x78776 for e ===
[DexParser]   registers_size: 2
[DexParser]   ins_size: 1
[DexParser]   outs_size: 1
[DexParser]   tries_size: 0
[DexParser]   debug_info_off: 0x0
[DexParser]   insns_size: 25 ← KEY FIELD!
[DexParser]   ✅ EXTRACTED 25 INSTRUCTIONS!
[DexParser]   First opcodes: 1055 0133 0039 000d 1054 
[DexParser]   → Virtual method[9]:
[DexParser]   ULEB128[vm_method_diff] @ 0x116065 = 1
[DexParser]   ULEB128[vm_access_flags] @ 0x116066 = 17
[DexParser]   ULEB128[vm_code_off] @ 0x116067 = 76348
[DexParser]   === EXP-031.6 CODE_ITEM @ offset=0x76348 for equals ===
[DexParser]   registers_size: 9
[DexParser]   ins_size: 2
[DexParser]   outs_size: 2
[DexParser]   tries_size: 0
[DexParser]   debug_info_off: 0x0
[DexParser]   insns_size: 53 ← KEY FIELD!
[DexParser]   ✅ EXTRACTED 53 INSTRUCTIONS!
[DexParser]   First opcodes: 106e 03e3 0007 1012 7832 
[DexParser]   → Virtual method[10]:
[DexParser]   ULEB128[vm_method_diff] @ 0x116070 = 1
[DexParser]   ULEB128[vm_access_flags] @ 0x116071 = 17
[DexParser]   ULEB128[vm_code_off] @ 0x116072 = 78888
[DexParser]   === EXP-031.6 CODE_ITEM @ offset=0x78888 for f ===
[DexParser]   registers_size: 8
[DexParser]   ins_size: 3
[DexParser]   outs_size: 5
[DexParser]   tries_size: 0
[DexParser]   debug_info_off: 0x0
[DexParser]   insns_size: 68 ← KEY FIELD!
[DexParser]   ✅ EXTRACTED 68 INSTRUCTIONS!
[DexParser]   First opcodes: 5052 0132 70b0 003a 003b 
[DexParser]   → Virtual method[11]:
[DexParser]   ULEB128[vm_method_diff] @ 0x116075 = 1
[DexParser]   ULEB128[vm_access_flags] @ 0x116076 = 17
[DexParser]   ULEB128[vm_code_off] @ 0x116077 = 77228
[DexParser]   === EXP-031.6 CODE_ITEM @ offset=0x77228 for g ===
[DexParser]   registers_size: 7
[DexParser]   ins_size: 2
[DexParser]   outs_size: 5
[DexParser]   tries_size: 0
[DexParser]   debug_info_off: 0x0
[DexParser]   insns_size: 57 ← KEY FIELD!
[DexParser]   ✅ EXTRACTED 57 INSTRUCTIONS!
[DexParser]   First opcodes: 5052 00fd 00d8 0100 5059 
[DexParser]   → Virtual method[12]:
[DexParser]   ULEB128[vm_method_diff] @ 0x116080 = 1
[DexParser]   ULEB128[vm_access_flags] @ 0x116081 = 17
[DexParser]   ULEB128[vm_code_off] @ 0x116082 = 77120
[DexParser]   === EXP-031.6 CODE_ITEM @ offset=0x77120 for get ===
[DexParser]   registers_size: 6
[DexParser]   ins_size: 2
[DexParser]   outs_size: 2
[DexParser]   tries_size: 0
[DexParser]   debug_info_off: 0x0
[DexParser]   insns_size: 45 ← KEY FIELD!
[DexParser]   ✅ EXTRACTED 45 INSTRUCTIONS!
[DexParser]   First opcodes: 106e 03e3 0004 4052 0132 
[DexParser]   → Virtual method[13]:
[DexParser]   ULEB128[vm_method_diff] @ 0x116085 = 1
[DexParser]   ULEB128[vm_access_flags] @ 0x116086 = 17
[DexParser]   ULEB128[vm_code_off] @ 0x116087 = 79040
[DexParser]   === EXP-031.6 CODE_ITEM @ offset=0x79040 for h ===
[DexParser]   registers_size: 6
[DexParser]   ins_size: 3
[DexParser]   outs_size: 5
[DexParser]   tries_size: 0
[DexParser]   debug_info_off: 0x0
[DexParser]   insns_size: 40 ← KEY FIELD!
[DexParser]   ✅ EXTRACTED 40 INSTRUCTIONS!
[DexParser]   First opcodes: 053d 0008 3052 00fd 00d8 
[DexParser]   → Virtual method[14]:
[DexParser]   ULEB128[vm_method_diff] @ 0x116090 = 1
[DexParser]   ULEB128[vm_access_flags] @ 0x116091 = 17
[DexParser]   ULEB128[vm_code_off] @ 0x116092 = 76728
[DexParser]   === EXP-031.6 CODE_ITEM @ offset=0x76728 for hashCode ===
[DexParser]   registers_size: 7
[DexParser]   ins_size: 1
[DexParser]   outs_size: 1
[DexParser]   tries_size: 0
[DexParser]   debug_info_off: 0x0
[DexParser]   insns_size: 32 ← KEY FIELD!
[DexParser]   ✅ EXTRACTED 32 INSTRUCTIONS!
[DexParser]   First opcodes: 106e 03e3 0006 6054 0130 
[DexParser]   → Virtual method[15]:
[DexParser]   ULEB128[vm_method_diff] @ 0x116095 = 1
[DexParser]   ULEB128[vm_access_flags] @ 0x116096 = 17
[DexParser]   ULEB128[vm_code_off] @ 0x116097 = 76952
[DexParser]   === EXP-031.6 CODE_ITEM @ offset=0x76952 for i ===
[DexParser]   registers_size: 10
[DexParser]   ins_size: 5
[DexParser]   outs_size: 5
[DexParser]   tries_size: 0
[DexParser]   debug_info_off: 0x0
[DexParser]   insns_size: 76 ← KEY FIELD!
[DexParser]   ✅ EXTRACTED 76 INSTRUCTIONS!
[DexParser]   First opcodes: 5054 0134 0038 0007 596e 
[DexParser]   → Virtual method[16]:
[DexParser]   ULEB128[vm_method_diff] @ 0x116100 = 1
[DexParser]   ULEB128[vm_access_flags] @ 0x116101 = 17
[DexParser]   ULEB128[vm_code_off] @ 0x116102 = 76808
[DexParser]   === EXP-031.6 CODE_ITEM @ offset=0x76808 for indexOf ===
[DexParser]   registers_size: 5
[DexParser]   ins_size: 2
[DexParser]   outs_size: 2
[DexParser]   tries_size: 0
[DexParser]   debug_info_off: 0x0
[DexParser]   insns_size: 27 ← KEY FIELD!
[DexParser]   ✅ EXTRACTED 27 INSTRUCTIONS!
[DexParser]   First opcodes: 106e 03e3 0003 0012 3152 
[DexParser]   → Virtual method[17]:
[DexParser]   ULEB128[vm_method_diff] @ 0x116105 = 1
[DexParser]   ULEB128[vm_access_flags] @ 0x116106 = 17
[DexParser]   ULEB128[vm_code_off] @ 0x116107 = 76472
[DexParser]   === EXP-031.6 CODE_ITEM @ offset=0x76472 for isEmpty ===
[DexParser]   registers_size: 2
[DexParser]   ins_size: 1
[DexParser]   outs_size: 1
[DexParser]   tries_size: 0
[DexParser]   debug_info_off: 0x0
[DexParser]   insns_size: 11 ← KEY FIELD!
[DexParser]   ✅ EXTRACTED 11 INSTRUCTIONS!
[DexParser]   First opcodes: 106e 03e3 0001 1052 0132 
[DexParser]   → Virtual method[18]:
[DexParser]   ULEB128[vm_method_diff] @ 0x116110 = 1
[DexParser]   ULEB128[vm_access_flags] @ 0x116111 = 17
[DexParser]   ULEB128[vm_code_off] @ 0x116112 = 77880
[DexParser]   === EXP-031.6 CODE_ITEM @ offset=0x77880 for iterator ===
[DexParser]   registers_size: 2
[DexParser]   ins_size: 1
[DexParser]   outs_size: 2
[DexParser]   tries_size: 0
[DexParser]   debug_info_off: 0x0
[DexParser]   insns_size: 6 ← KEY FIELD!
[DexParser]   ✅ EXTRACTED 6 INSTRUCTIONS!
[DexParser]   First opcodes: 0012 206e 03f1 0001 000c 
[DexParser]   → Virtual method[19]:
[DexParser]   ULEB128[vm_method_diff] @ 0x116115 = 1
[DexParser]   ULEB128[vm_access_flags] @ 0x116116 = 17
[DexParser]   ULEB128[vm_code_off] @ 0x116117 = 76880
[DexParser]   === EXP-031.6 CODE_ITEM @ offset=0x76880 for lastIndexOf ===
[DexParser]   registers_size: 5
[DexParser]   ins_size: 2
[DexParser]   outs_size: 2
[DexParser]   tries_size: 0
[DexParser]   debug_info_off: 0x0
[DexParser]   insns_size: 28 ← KEY FIELD!
[DexParser]   ✅ EXTRACTED 28 INSTRUCTIONS!
[DexParser]   First opcodes: 106e 03e3 0003 3052 0132 
[DexParser]   → Virtual method[20]:
[DexParser]   ULEB128[vm_method_diff] @ 0x116120 = 1
[DexParser]   ULEB128[vm_access_flags] @ 0x116121 = 17
[DexParser]   ULEB128[vm_code_off] @ 0x116122 = 78116
[DexParser]   === EXP-031.6 CODE_ITEM @ offset=0x78116 for listIterator ===
[DexParser]   registers_size: 2
[DexParser]   ins_size: 1
[DexParser]   outs_size: 2
[DexParser]   tries_size: 0
[DexParser]   debug_info_off: 0x86707
[DexParser]   insns_size: 6 ← KEY FIELD!
[DexParser]   ✅ EXTRACTED 6 INSTRUCTIONS!
[DexParser]   First opcodes: 0012 206e 03f1 0001 000c 
[DexParser]   → Virtual method[21]:
[DexParser]   ULEB128[vm_method_diff] @ 0x116125 = 1
[DexParser]   ULEB128[vm_access_flags] @ 0x116126 = 17
[DexParser]   ULEB128[vm_code_off] @ 0x116127 = 78144
[DexParser]   === EXP-031.6 CODE_ITEM @ offset=0x78144 for listIterator ===
[DexParser]   registers_size: 6
[DexParser]   ins_size: 2
[DexParser]   outs_size: 3
[DexParser]   tries_size: 0
[DexParser]   debug_info_off: 0x86753
[DexParser]   insns_size: 43 ← KEY FIELD!
[DexParser]   ✅ EXTRACTED 43 INSTRUCTIONS!
[DexParser]   First opcodes: 106e 03e3 0004 4052 0132 
[DexParser]   → Virtual method[22]:
[DexParser]   ULEB128[vm_method_diff] @ 0x116130 = 1
[DexParser]   ULEB128[vm_access_flags] @ 0x116131 = 17
[DexParser]   ULEB128[vm_code_off] @ 0x116132 = 76512
[DexParser]   === EXP-031.6 CODE_ITEM @ offset=0x76512 for remove ===
[DexParser]   registers_size: 2
[DexParser]   ins_size: 2
[DexParser]   outs_size: 2
[DexParser]   tries_size: 0
[DexParser]   debug_info_off: 0x0
[DexParser]   insns_size: 21 ← KEY FIELD!
[DexParser]   ✅ EXTRACTED 21 INSTRUCTIONS!
[DexParser]   First opcodes: 106e 03e4 0000 106e 03e3 
[DexParser]   → Virtual method[23]:
[DexParser]   ULEB128[vm_method_diff] @ 0x116135 = 1
[DexParser]   ULEB128[vm_access_flags] @ 0x116136 = 17
[DexParser]   ULEB128[vm_code_off] @ 0x116137 = 76572
[DexParser]   === EXP-031.6 CODE_ITEM @ offset=0x76572 for removeAll ===
[DexParser]   registers_size: 5
[DexParser]   ins_size: 2
[DexParser]   outs_size: 5
[DexParser]   tries_size: 0
[DexParser]   debug_info_off: 0x0
[DexParser]   insns_size: 24 ← KEY FIELD!
[DexParser]   ✅ EXTRACTED 24 INSTRUCTIONS!
[DexParser]   First opcodes: 001a 02f7 2071 0010 0004 
[DexParser]   → Virtual method[24]:
[DexParser]   ULEB128[vm_method_diff] @ 0x116140 = 1
[DexParser]   ULEB128[vm_access_flags] @ 0x116141 = 17
[DexParser]   ULEB128[vm_code_off] @ 0x116142 = 76636
[DexParser]   === EXP-031.6 CODE_ITEM @ offset=0x76636 for retainAll ===
[DexParser]   registers_size: 5
[DexParser]   ins_size: 2
[DexParser]   outs_size: 5
[DexParser]   tries_size: 0
[DexParser]   debug_info_off: 0x0
[DexParser]   insns_size: 25 ← KEY FIELD!
[DexParser]   ✅ EXTRACTED 25 INSTRUCTIONS!
[DexParser]   First opcodes: 001a 02f7 2071 0010 0004 
[DexParser]   → Virtual method[25]:
[DexParser]   ULEB128[vm_method_diff] @ 0x116145 = 1
[DexParser]   ULEB128[vm_access_flags] @ 0x116146 = 17
[DexParser]   ULEB128[vm_code_off] @ 0x116147 = 77360
[DexParser]   === EXP-031.6 CODE_ITEM @ offset=0x77360 for set ===
[DexParser]   registers_size: 6
[DexParser]   ins_size: 3
[DexParser]   outs_size: 2
[DexParser]   tries_size: 0
[DexParser]   debug_info_off: 0x0
[DexParser]   insns_size: 52 ← KEY FIELD!
[DexParser]   ✅ EXTRACTED 52 INSTRUCTIONS!
[DexParser]   First opcodes: 106e 03e4 0003 106e 03e3 
[DexParser]   → Virtual method[26]:
[DexParser]   ULEB128[vm_method_diff] @ 0x116150 = 1
[DexParser]   ULEB128[vm_access_flags] @ 0x116151 = 17
[DexParser]   ULEB128[vm_code_off] @ 0x116152 = 77908
[DexParser]   === EXP-031.6 CODE_ITEM @ offset=0x77908 for subList ===
[DexParser]   registers_size: 12
[DexParser]   ins_size: 3
[DexParser]   outs_size: 7
[DexParser]   tries_size: 0
[DexParser]   debug_info_off: 0x0
[DexParser]   insns_size: 95 ← KEY FIELD!
[DexParser]   ✅ EXTRACTED 95 INSTRUCTIONS!
[DexParser]   First opcodes: 9052 0132 011a 030e 0a3a 
[DexParser]   → Virtual method[27]:
[DexParser]   ULEB128[vm_method_diff] @ 0x116155 = 1
[DexParser]   ULEB128[vm_access_flags] @ 0x116156 = 17
[DexParser]   ULEB128[vm_code_off] @ 0x116157 = 77480
[DexParser]   === EXP-031.6 CODE_ITEM @ offset=0x77480 for toArray ===
[DexParser]   registers_size: 6
[DexParser]   ins_size: 1
[DexParser]   outs_size: 3
[DexParser]   tries_size: 0
[DexParser]   debug_info_off: 0x86741
[DexParser]   insns_size: 61 ← KEY FIELD!
[DexParser]   ✅ EXTRACTED 61 INSTRUCTIONS!
[DexParser]   First opcodes: 106e 03e3 0005 5054 0130 
[DexParser]   → Virtual method[28]:
[DexParser]   ULEB128[vm_method_diff] @ 0x116160 = 1
[DexParser]   ULEB128[vm_access_flags] @ 0x116161 = 17
[DexParser]   ULEB128[vm_code_off] @ 0x116162 = 77620
[DexParser]   === EXP-031.6 CODE_ITEM @ offset=0x77620 for toArray ===
[DexParser]   registers_size: 6
[DexParser]   ins_size: 2
[DexParser]   outs_size: 5
[DexParser]   tries_size: 0
[DexParser]   debug_info_off: 0x86746
[DexParser]   insns_size: 48 ← KEY FIELD!
[DexParser]   ✅ EXTRACTED 48 INSTRUCTIONS!
[DexParser]   First opcodes: 001a 02ef 2071 0010 0005 
[DexParser]   → Virtual method[29]:
[DexParser]   ULEB128[vm_method_diff] @ 0x116165 = 1
[DexParser]   ULEB128[vm_access_flags] @ 0x116166 = 17
[DexParser]   ULEB128[vm_code_off] @ 0x116167 = 77732
[DexParser]   === EXP-031.6 CODE_ITEM @ offset=0x77732 for toString ===
[DexParser]   registers_size: 6
[DexParser]   ins_size: 1
[DexParser]   outs_size: 2
[DexParser]   tries_size: 0
[DexParser]   debug_info_off: 0x0
[DexParser]   insns_size: 65 ← KEY FIELD!
[DexParser]   ✅ EXTRACTED 65 INSTRUCTIONS!
[DexParser]   First opcodes: 106e 03e3 0005 5054 0130 
[DexParser]   → Result: 5 direct methods, 30 virtual methods
[DexParser] CLASS_DEF[130] @ offset 0x26136:
[DexParser]   class_idx: 302 (max valid: 337)
[DexParser]   access_flags: 0x17
[DexParser]   superclass_idx: 304
[DexParser]   class_data_off: 0x116170
[DexParser]   → Resolved name: [Lo/c;]
[DexParser]   → Parsing class_data at 0x116170
[DexParser]   === EXP-031.6 CLASS_DATA PARSING @ offset=0x116170 ===
[DexParser]   First bytes: 00 01 01 01 b7 02 91 20 fa 07 81 80 04 8c ec 04 fb 07 11 a0 ea 04 00 02 01 0d cc 02 91 20 01 11 
[DexParser]   ULEB128[static_fields_size] @ 0x116170 = 0
[DexParser]   ULEB128[instance_fields_size] @ 0x116171 = 1
[DexParser]   ULEB128[direct_methods_size] @ 0x116172 = 1
[DexParser]   ULEB128[virtual_methods_size] @ 0x116173 = 1
[DexParser]   → Header: static=0, instance=1, direct=1, virtual=1
[DexParser]   ULEB128[if_field_diff] @ 0x116174 = 311
[DexParser]   ULEB128[if_access_flags] @ 0x116176 = 4113
[DexParser]   → Direct method[0]:
[DexParser]   ULEB128[dm_method_diff] @ 0x116178 = 1018
[DexParser]   ULEB128[dm_access_flags] @ 0x116180 = 65537
[DexParser]   ULEB128[dm_code_off] @ 0x116183 = 79372
[DexParser]   === EXP-031.6 CODE_ITEM @ offset=0x79372 for <init> ===
[DexParser]   registers_size: 5
[DexParser]   ins_size: 3
[DexParser]   outs_size: 2
[DexParser]   tries_size: 0
[DexParser]   debug_info_off: 0x0
[DexParser]   insns_size: 31 ← KEY FIELD!
[DexParser]   ✅ EXTRACTED 31 INSTRUCTIONS!
[DexParser]   First opcodes: 2459 0137 1012 011a 0395 
[DexParser]   → Virtual method[0]:
[DexParser]   ULEB128[vm_method_diff] @ 0x116186 = 1019
[DexParser]   ULEB128[vm_access_flags] @ 0x116188 = 17
[DexParser]   ULEB128[vm_code_off] @ 0x116189 = 79136
[DexParser]   === EXP-031.6 CODE_ITEM @ offset=0x79136 for next ===
[DexParser]   registers_size: 4
[DexParser]   ins_size: 1
[DexParser]   outs_size: 3
[DexParser]   tries_size: 0
[DexParser]   debug_info_off: 0x0
[DexParser]   insns_size: 110 ← KEY FIELD!
[DexParser]   ✅ EXTRACTED 110 INSTRUCTIONS!
[DexParser]   First opcodes: 3052 0137 3154 013a 002b 
[DexParser]   → Result: 1 direct methods, 1 virtual methods
[DexParser] CLASS_DEF[131] @ offset 0x26168:
[DexParser]   class_idx: 306 (max valid: 337)
[DexParser]   access_flags: 0x17
[DexParser]   superclass_idx: 291
[DexParser]   class_data_off: 0x116192
[DexParser]   → Resolved name: [Lo/g;]
[DexParser]   → Parsing class_data at 0x116192
[DexParser]   === EXP-031.6 CLASS_DATA PARSING @ offset=0x116192 ===
[DexParser]   First bytes: 00 02 01 0d cc 02 91 20 01 11 a3 08 81 80 04 f8 f9 04 a4 08 11 ec f8 04 01 11 b4 f2 04 01 11 84 
[DexParser]   ULEB128[static_fields_size] @ 0x116192 = 0
[DexParser]   ULEB128[instance_fields_size] @ 0x116193 = 2
[DexParser]   ULEB128[direct_methods_size] @ 0x116194 = 1
[DexParser]   ULEB128[virtual_methods_size] @ 0x116195 = 13
[DexParser]   → Header: static=0, instance=2, direct=1, virtual=13
[DexParser]   ULEB128[if_field_diff] @ 0x116196 = 332
[DexParser]   ULEB128[if_access_flags] @ 0x116198 = 4113
[DexParser]   ULEB128[if_field_diff] @ 0x116200 = 1
[DexParser]   ULEB128[if_access_flags] @ 0x116201 = 17
[DexParser]   → Direct method[0]:
[DexParser]   ULEB128[dm_method_diff] @ 0x116202 = 1059
[DexParser]   ULEB128[dm_access_flags] @ 0x116204 = 65537
[DexParser]   ULEB128[dm_code_off] @ 0x116207 = 81144
[DexParser]   === EXP-031.6 CODE_ITEM @ offset=0x81144 for <init> ===
[DexParser]   registers_size: 5
[DexParser]   ins_size: 3
[DexParser]   outs_size: 2
[DexParser]   tries_size: 0
[DexParser]   debug_info_off: 0x0
[DexParser]   insns_size: 25 ← KEY FIELD!
[DexParser]   ✅ EXTRACTED 25 INSTRUCTIONS!
[DexParser]   First opcodes: 2459 014c 1012 011a 029f 
[DexParser]   → Virtual method[0]:
[DexParser]   ULEB128[vm_method_diff] @ 0x116210 = 1060
[DexParser]   ULEB128[vm_access_flags] @ 0x116212 = 17
[DexParser]   ULEB128[vm_code_off] @ 0x116213 = 81004
[DexParser]   === EXP-031.6 CODE_ITEM @ offset=0x81004 for a ===
[DexParser]   registers_size: 3
[DexParser]   ins_size: 1
[DexParser]   outs_size: 0
[DexParser]   tries_size: 0
[DexParser]   debug_info_off: 0x0
[DexParser]   insns_size: 20 ← KEY FIELD!
[DexParser]   ✅ EXTRACTED 20 INSTRUCTIONS!
[DexParser]   First opcodes: 2052 014c 2154 014d 002b 
[DexParser]   → Virtual method[1]:
[DexParser]   ULEB128[vm_method_diff] @ 0x116216 = 1
[DexParser]   ULEB128[vm_access_flags] @ 0x116217 = 17
[DexParser]   ULEB128[vm_code_off] @ 0x116218 = 80180
[DexParser]   === EXP-031.6 CODE_ITEM @ offset=0x80180 for add ===
[DexParser]   registers_size: 3
[DexParser]   ins_size: 2
[DexParser]   outs_size: 2
[DexParser]   tries_size: 0
[DexParser]   debug_info_off: 0x0
[DexParser]   insns_size: 32 ← KEY FIELD!
[DexParser]   ✅ EXTRACTED 32 INSTRUCTIONS!
[DexParser]   First opcodes: 1052 014c 002b 0018 0000 
[DexParser]   → Virtual method[2]:
[DexParser]   ULEB128[vm_method_diff] @ 0x116221 = 1
[DexParser]   ULEB128[vm_access_flags] @ 0x116222 = 17
[DexParser]   ULEB128[vm_code_off] @ 0x116223 = 80260
[DexParser]   === EXP-031.6 CODE_ITEM @ offset=0x80260 for addAll ===
[DexParser]   registers_size: 4
[DexParser]   ins_size: 2
[DexParser]   outs_size: 2
[DexParser]   tries_size: 0
[DexParser]   debug_info_off: 0x0
[DexParser]   insns_size: 32 ← KEY FIELD!
[DexParser]   ✅ EXTRACTED 32 INSTRUCTIONS!
[DexParser]   First opcodes: 2052 014c 011a 02f7 002b 
[DexParser]   → Virtual method[3]:
[DexParser]   ULEB128[vm_method_diff] @ 0x116226 = 1
[DexParser]   ULEB128[vm_access_flags] @ 0x116227 = 17
[DexParser]   ULEB128[vm_code_off] @ 0x116228 = 80340
[DexParser]   === EXP-031.6 CODE_ITEM @ offset=0x80340 for b ===
[DexParser]   registers_size: 3
[DexParser]   ins_size: 2
[DexParser]   outs_size: 2
[DexParser]   tries_size: 0
[DexParser]   debug_info_off: 0x0
[DexParser]   insns_size: 20 ← KEY FIELD!
[DexParser]   ✅ EXTRACTED 20 INSTRUCTIONS!
[DexParser]   First opcodes: 2020 00fe 0039 0004 0212 
[DexParser]   → Virtual method[4]:
[DexParser]   ULEB128[vm_method_diff] @ 0x116231 = 1
[DexParser]   ULEB128[vm_access_flags] @ 0x116232 = 17
[DexParser]   ULEB128[vm_code_off] @ 0x116233 = 80596
[DexParser]   === EXP-031.6 CODE_ITEM @ offset=0x80596 for c ===
[DexParser]   registers_size: 6
[DexParser]   ins_size: 2
[DexParser]   outs_size: 2
[DexParser]   tries_size: 0
[DexParser]   debug_info_off: 0x0
[DexParser]   insns_size: 55 ← KEY FIELD!
[DexParser]   ✅ EXTRACTED 55 INSTRUCTIONS!
[DexParser]   First opcodes: 5020 00fe 0112 0039 0003 
[DexParser]   → Virtual method[5]:
[DexParser]   ULEB128[vm_method_diff] @ 0x116236 = 1
[DexParser]   ULEB128[vm_access_flags] @ 0x116237 = 17
[DexParser]   ULEB128[vm_code_off] @ 0x116238 = 81212
[DexParser]   === EXP-031.6 CODE_ITEM @ offset=0x81212 for clear ===
[DexParser]   registers_size: 3
[DexParser]   ins_size: 1
[DexParser]   outs_size: 1
[DexParser]   tries_size: 0
[DexParser]   debug_info_off: 0x0
[DexParser]   insns_size: 22 ← KEY FIELD!
[DexParser]   ✅ EXTRACTED 22 INSTRUCTIONS!
[DexParser]   First opcodes: 2052 014c 2154 014d 002b 
[DexParser]   → Virtual method[6]:
[DexParser]   ULEB128[vm_method_diff] @ 0x116241 = 1
[DexParser]   ULEB128[vm_access_flags] @ 0x116242 = 17
[DexParser]   ULEB128[vm_code_off] @ 0x116243 = 80396
[DexParser]   === EXP-031.6 CODE_ITEM @ offset=0x80396 for contains ===
[DexParser]   registers_size: 3
[DexParser]   ins_size: 2
[DexParser]   outs_size: 2
[DexParser]   tries_size: 0
[DexParser]   debug_info_off: 0x0
[DexParser]   insns_size: 24 ← KEY FIELD!
[DexParser]   ✅ EXTRACTED 24 INSTRUCTIONS!
[DexParser]   First opcodes: 1052 014c 002b 0010 0000 
[DexParser]   → Virtual method[7]:
[DexParser]   ULEB128[vm_method_diff] @ 0x116246 = 1
[DexParser]   ULEB128[vm_access_flags] @ 0x116247 = 17
[DexParser]   ULEB128[vm_code_off] @ 0x116248 = 80460
[DexParser]   === EXP-031.6 CODE_ITEM @ offset=0x80460 for containsAll ===
[DexParser]   registers_size: 3
[DexParser]   ins_size: 2
[DexParser]   outs_size: 2
[DexParser]   tries_size: 0
[DexParser]   debug_info_off: 0x0
[DexParser]   insns_size: 28 ← KEY FIELD!
[DexParser]   ✅ EXTRACTED 28 INSTRUCTIONS!
[DexParser]   First opcodes: 1052 014c 002b 0014 0000 
[DexParser]   → Virtual method[8]:
[DexParser]   ULEB128[vm_method_diff] @ 0x116251 = 1
[DexParser]   ULEB128[vm_access_flags] @ 0x116252 = 17
[DexParser]   ULEB128[vm_code_off] @ 0x116253 = 80532
[DexParser]   === EXP-031.6 CODE_ITEM @ offset=0x80532 for isEmpty ===
[DexParser]   registers_size: 3
[DexParser]   ins_size: 1
[DexParser]   outs_size: 1
[DexParser]   tries_size: 0
[DexParser]   debug_info_off: 0x0
[DexParser]   insns_size: 24 ← KEY FIELD!
[DexParser]   ✅ EXTRACTED 24 INSTRUCTIONS!
[DexParser]   First opcodes: 2052 014c 2154 014d 002b 
[DexParser]   → Virtual method[9]:
[DexParser]   ULEB128[vm_method_diff] @ 0x116256 = 1
[DexParser]   ULEB128[vm_access_flags] @ 0x116257 = 17
[DexParser]   ULEB128[vm_code_off] @ 0x116258 = 81060
[DexParser]   === EXP-031.6 CODE_ITEM @ offset=0x81060 for iterator ===
[DexParser]   registers_size: 4
[DexParser]   ins_size: 1
[DexParser]   outs_size: 3
[DexParser]   tries_size: 0
[DexParser]   debug_info_off: 0x0
[DexParser]   insns_size: 34 ← KEY FIELD!
[DexParser]   ✅ EXTRACTED 34 INSTRUCTIONS!
[DexParser]   First opcodes: 3052 014c 3154 014d 002b 
[DexParser]   → Virtual method[10]:
[DexParser]   ULEB128[vm_method_diff] @ 0x116261 = 1
[DexParser]   ULEB128[vm_access_flags] @ 0x116262 = 17
[DexParser]   ULEB128[vm_code_off] @ 0x116263 = 80724
[DexParser]   === EXP-031.6 CODE_ITEM @ offset=0x80724 for remove ===
[DexParser]   registers_size: 3
[DexParser]   ins_size: 2
[DexParser]   outs_size: 2
[DexParser]   tries_size: 0
[DexParser]   debug_info_off: 0x0
[DexParser]   insns_size: 40 ← KEY FIELD!
[DexParser]   ✅ EXTRACTED 40 INSTRUCTIONS!
[DexParser]   First opcodes: 1052 014c 002b 0020 0000 
[DexParser]   → Virtual method[11]:
[DexParser]   ULEB128[vm_method_diff] @ 0x116266 = 1
[DexParser]   ULEB128[vm_access_flags] @ 0x116267 = 17
[DexParser]   ULEB128[vm_code_off] @ 0x116268 = 80820
[DexParser]   === EXP-031.6 CODE_ITEM @ offset=0x80820 for removeAll ===
[DexParser]   registers_size: 5
[DexParser]   ins_size: 2
[DexParser]   outs_size: 2
[DexParser]   tries_size: 0
[DexParser]   debug_info_off: 0x0
[DexParser]   insns_size: 38 ← KEY FIELD!
[DexParser]   ✅ EXTRACTED 38 INSTRUCTIONS!
[DexParser]   First opcodes: 3052 014c 3154 014d 021a 
[DexParser]   → Virtual method[12]:
[DexParser]   ULEB128[vm_method_diff] @ 0x116271 = 1
[DexParser]   ULEB128[vm_access_flags] @ 0x116272 = 17
[DexParser]   ULEB128[vm_code_off] @ 0x116273 = 80912
[DexParser]   === EXP-031.6 CODE_ITEM @ offset=0x80912 for retainAll ===
[DexParser]   registers_size: 5
[DexParser]   ins_size: 2
[DexParser]   outs_size: 2
[DexParser]   tries_size: 0
[DexParser]   debug_info_off: 0x0
[DexParser]   insns_size: 38 ← KEY FIELD!
[DexParser]   ✅ EXTRACTED 38 INSTRUCTIONS!
[DexParser]   First opcodes: 3052 014c 3154 014d 021a 
[DexParser]   → Result: 1 direct methods, 13 virtual methods
[DexParser] CLASS_DEF[132] @ offset 0x26200:
[DexParser]   class_idx: 308 (max valid: 337)
[DexParser]   access_flags: 0x17
[DexParser]   superclass_idx: 291
[DexParser]   class_data_off: 0x116276
[DexParser]   → Resolved name: [Lo/i;]
[DexParser]   → Parsing class_data at 0x116276
[DexParser]   === EXP-031.6 CLASS_DATA PARSING @ offset=0x116276 ===
[DexParser]   First bytes: 01 01 03 0a d0 02 19 cf 02 11 bc 08 89 80 04 f0 98 05 01 81 80 04 98 99 05 01 81 80 04 bc 99 05 
[DexParser]   ULEB128[static_fields_size] @ 0x116276 = 1
[DexParser]   ULEB128[instance_fields_size] @ 0x116277 = 1
[DexParser]   ULEB128[direct_methods_size] @ 0x116278 = 3
[DexParser]   ULEB128[virtual_methods_size] @ 0x116279 = 10
[DexParser]   → Header: static=1, instance=1, direct=3, virtual=10
[DexParser]   ULEB128[sf_field_diff] @ 0x116280 = 336
[DexParser]   ULEB128[sf_access_flags] @ 0x116282 = 25
[DexParser]   ULEB128[if_field_diff] @ 0x116283 = 335
[DexParser]   ULEB128[if_access_flags] @ 0x116285 = 17
[DexParser]   → Direct method[0]:
[DexParser]   ULEB128[dm_method_diff] @ 0x116286 = 1084
[DexParser]   ULEB128[dm_access_flags] @ 0x116288 = 65545
[DexParser]   ULEB128[dm_code_off] @ 0x116291 = 85104
[DexParser]   === EXP-031.6 CODE_ITEM @ offset=0x85104 for <clinit> ===
[DexParser]   registers_size: 2
[DexParser]   ins_size: 0
[DexParser]   outs_size: 2
[DexParser]   tries_size: 0
[DexParser]   debug_info_off: 0x0
[DexParser]   insns_size: 12 ← KEY FIELD!
[DexParser]   ✅ EXTRACTED 12 INSTRUCTIONS!
[DexParser]   First opcodes: 0022 0134 0162 014b 0162 
[DexParser]   → Direct method[1]:
[DexParser]   ULEB128[dm_method_diff] @ 0x116294 = 1
[DexParser]   ULEB128[dm_access_flags] @ 0x116295 = 65537
[DexParser]   ULEB128[dm_code_off] @ 0x116298 = 85144
[DexParser]   === EXP-031.6 CODE_ITEM @ offset=0x85144 for <init> ===
[DexParser]   registers_size: 2
[DexParser]   ins_size: 1
[DexParser]   outs_size: 2
[DexParser]   tries_size: 0
[DexParser]   debug_info_off: 0x86707
[DexParser]   insns_size: 9 ← KEY FIELD!
[DexParser]   ✅ EXTRACTED 9 INSTRUCTIONS!
[DexParser]   First opcodes: 0022 0131 1070 0409 0000 
[DexParser]   → Direct method[2]:
[DexParser]   ULEB128[dm_method_diff] @ 0x116301 = 1
[DexParser]   ULEB128[dm_access_flags] @ 0x116302 = 65537
[DexParser]   ULEB128[dm_code_off] @ 0x116305 = 85180
[DexParser]   === EXP-031.6 CODE_ITEM @ offset=0x85180 for <init> ===
[DexParser]   registers_size: 3
[DexParser]   ins_size: 2
[DexParser]   outs_size: 2
[DexParser]   tries_size: 0
[DexParser]   debug_info_off: 0x86711
[DexParser]   insns_size: 11 ← KEY FIELD!
[DexParser]   ✅ EXTRACTED 11 INSTRUCTIONS!
[DexParser]   First opcodes: 001a 029f 2071 0010 0002 
[DexParser]   → Virtual method[0]:
[DexParser]   ULEB128[vm_method_diff] @ 0x116308 = 1087
[DexParser]   ULEB128[vm_access_flags] @ 0x116310 = 17
[DexParser]   ULEB128[vm_code_off] @ 0x116311 = 85036
[DexParser]   === EXP-031.6 CODE_ITEM @ offset=0x85036 for a ===
[DexParser]   registers_size: 2
[DexParser]   ins_size: 1
[DexParser]   outs_size: 0
[DexParser]   tries_size: 0
[DexParser]   debug_info_off: 0x0
[DexParser]   insns_size: 5 ← KEY FIELD!
[DexParser]   ✅ EXTRACTED 5 INSTRUCTIONS!
[DexParser]   First opcodes: 1054 014f 0052 0146 000f 
[DexParser]   → Virtual method[1]:
[DexParser]   ULEB128[vm_method_diff] @ 0x116314 = 1
[DexParser]   ULEB128[vm_access_flags] @ 0x116315 = 17
[DexParser]   ULEB128[vm_code_off] @ 0x116316 = 84728
[DexParser]   === EXP-031.6 CODE_ITEM @ offset=0x84728 for add ===
[DexParser]   registers_size: 3
[DexParser]   ins_size: 2
[DexParser]   outs_size: 2
[DexParser]   tries_size: 0
[DexParser]   debug_info_off: 0x0
[DexParser]   insns_size: 12 ← KEY FIELD!
[DexParser]   ✅ EXTRACTED 12 INSTRUCTIONS!
[DexParser]   First opcodes: 1054 014f 206e 040b 0020 
[DexParser]   → Virtual method[2]:
[DexParser]   ULEB128[vm_method_diff] @ 0x116319 = 1
[DexParser]   ULEB128[vm_access_flags] @ 0x116320 = 17
[DexParser]   ULEB128[vm_code_off] @ 0x116321 = 84768
[DexParser]   === EXP-031.6 CODE_ITEM @ offset=0x84768 for addAll ===
[DexParser]   registers_size: 3
[DexParser]   ins_size: 2
[DexParser]   outs_size: 2
[DexParser]   tries_size: 0
[DexParser]   debug_info_off: 0x0
[DexParser]   insns_size: 15 ← KEY FIELD!
[DexParser]   ✅ EXTRACTED 15 INSTRUCTIONS!
[DexParser]   First opcodes: 001a 02f7 2071 0010 0002 
[DexParser]   → Virtual method[3]:
[DexParser]   ULEB128[vm_method_diff] @ 0x116324 = 1
[DexParser]   ULEB128[vm_access_flags] @ 0x116325 = 17
[DexParser]   ULEB128[vm_code_off] @ 0x116326 = 85220
[DexParser]   === EXP-031.6 CODE_ITEM @ offset=0x85220 for clear ===
[DexParser]   registers_size: 2
[DexParser]   ins_size: 1
[DexParser]   outs_size: 1
[DexParser]   tries_size: 0
[DexParser]   debug_info_off: 0x0
[DexParser]   insns_size: 6 ← KEY FIELD!
[DexParser]   ✅ EXTRACTED 6 INSTRUCTIONS!
[DexParser]   First opcodes: 1054 014f 106e 040e 0000 
[DexParser]   → Virtual method[4]:
[DexParser]   ULEB128[vm_method_diff] @ 0x116329 = 1
[DexParser]   ULEB128[vm_access_flags] @ 0x116330 = 17
[DexParser]   ULEB128[vm_code_off] @ 0x116331 = 84816
[DexParser]   === EXP-031.6 CODE_ITEM @ offset=0x84816 for contains ===
[DexParser]   registers_size: 3
[DexParser]   ins_size: 2
[DexParser]   outs_size: 2
[DexParser]   tries_size: 0
[DexParser]   debug_info_off: 0x0
[DexParser]   insns_size: 7 ← KEY FIELD!
[DexParser]   ✅ EXTRACTED 7 INSTRUCTIONS!
[DexParser]   First opcodes: 1054 014f 206e 040f 0020 
[DexParser]   → Virtual method[5]:
[DexParser]   ULEB128[vm_method_diff] @ 0x116334 = 1
[DexParser]   ULEB128[vm_access_flags] @ 0x116335 = 17
[DexParser]   ULEB128[vm_code_off] @ 0x116336 = 84848
[DexParser]   === EXP-031.6 CODE_ITEM @ offset=0x84848 for isEmpty ===
[DexParser]   registers_size: 2
[DexParser]   ins_size: 1
[DexParser]   outs_size: 1
[DexParser]   tries_size: 0
[DexParser]   debug_info_off: 0x0
[DexParser]   insns_size: 7 ← KEY FIELD!
[DexParser]   ✅ EXTRACTED 7 INSTRUCTIONS!
[DexParser]   First opcodes: 1054 014f 106e 041b 0000 
[DexParser]   → Virtual method[6]:
[DexParser]   ULEB128[vm_method_diff] @ 0x116339 = 1
[DexParser]   ULEB128[vm_access_flags] @ 0x116340 = 17
[DexParser]   ULEB128[vm_code_off] @ 0x116341 = 85064
[DexParser]   === EXP-031.6 CODE_ITEM @ offset=0x85064 for iterator ===
[DexParser]   registers_size: 4
[DexParser]   ins_size: 1
[DexParser]   outs_size: 3
[DexParser]   tries_size: 0
[DexParser]   debug_info_off: 0x0
[DexParser]   insns_size: 12 ← KEY FIELD!
[DexParser]   ✅ EXTRACTED 12 INSTRUCTIONS!
[DexParser]   First opcodes: 3054 014f 106e 029b 0000 
[DexParser]   → Virtual method[7]:
[DexParser]   ULEB128[vm_method_diff] @ 0x116344 = 1
[DexParser]   ULEB128[vm_access_flags] @ 0x116345 = 17
[DexParser]   ULEB128[vm_code_off] @ 0x116346 = 84880
[DexParser]   === EXP-031.6 CODE_ITEM @ offset=0x84880 for remove ===
[DexParser]   registers_size: 3
[DexParser]   ins_size: 2
[DexParser]   outs_size: 2
[DexParser]   tries_size: 0
[DexParser]   debug_info_off: 0x0
[DexParser]   insns_size: 22 ← KEY FIELD!
[DexParser]   ✅ EXTRACTED 22 INSTRUCTIONS!
[DexParser]   First opcodes: 1054 014f 106e 040c 0000 
[DexParser]   → Virtual method[8]:
[DexParser]   ULEB128[vm_method_diff] @ 0x116349 = 1
[DexParser]   ULEB128[vm_access_flags] @ 0x116350 = 17
[DexParser]   ULEB128[vm_code_off] @ 0x116351 = 84940
[DexParser]   === EXP-031.6 CODE_ITEM @ offset=0x84940 for removeAll ===
[DexParser]   registers_size: 3
[DexParser]   ins_size: 2
[DexParser]   outs_size: 2
[DexParser]   tries_size: 0
[DexParser]   debug_info_off: 0x0
[DexParser]   insns_size: 15 ← KEY FIELD!
[DexParser]   ✅ EXTRACTED 15 INSTRUCTIONS!
[DexParser]   First opcodes: 001a 02f7 2071 0010 0002 
[DexParser]   → Virtual method[9]:
[DexParser]   ULEB128[vm_method_diff] @ 0x116354 = 1
[DexParser]   ULEB128[vm_access_flags] @ 0x116355 = 17
[DexParser]   ULEB128[vm_code_off] @ 0x116356 = 84988
[DexParser]   === EXP-031.6 CODE_ITEM @ offset=0x84988 for retainAll ===
[DexParser]   registers_size: 3
[DexParser]   ins_size: 2
[DexParser]   outs_size: 2
[DexParser]   tries_size: 0
[DexParser]   debug_info_off: 0x0
[DexParser]   insns_size: 15 ← KEY FIELD!
[DexParser]   ✅ EXTRACTED 15 INSTRUCTIONS!
[DexParser]   First opcodes: 001a 02f7 2071 0010 0002 
[DexParser]   → Result: 3 direct methods, 10 virtual methods
[DexParser] CLASS_DEF[133] @ offset 0x26232:
[DexParser]   class_idx: 317 (max valid: 337)
[DexParser]   access_flags: 0x17
[DexParser]   superclass_idx: 315
[DexParser]   class_data_off: 0x116359
[DexParser]   → Resolved name: [Lt/c;]
[DexParser]   → Parsing class_data at 0x116359
[DexParser]   === EXP-031.6 CLASS_DATA PARSING @ offset=0x116359 ===
[DexParser]   First bytes: 00 00 02 04 d9 08 89 80 04 e0 a3 05 01 81 80 04 80 a4 05 db 08 11 ec a1 05 01 11 ec a2 05 01 11 
[DexParser]   ULEB128[static_fields_size] @ 0x116359 = 0
[DexParser]   ULEB128[instance_fields_size] @ 0x116360 = 0
[DexParser]   ULEB128[direct_methods_size] @ 0x116361 = 2
[DexParser]   ULEB128[virtual_methods_size] @ 0x116362 = 4
[DexParser]   → Header: static=0, instance=0, direct=2, virtual=4
[DexParser]   → Direct method[0]:
[DexParser]   ULEB128[dm_method_diff] @ 0x116363 = 1113
[DexParser]   ULEB128[dm_access_flags] @ 0x116365 = 65545
[DexParser]   ULEB128[dm_code_off] @ 0x116368 = 86496
[DexParser]   === EXP-031.6 CODE_ITEM @ offset=0x86496 for <clinit> ===
[DexParser]   registers_size: 3
[DexParser]   ins_size: 0
[DexParser]   outs_size: 3
[DexParser]   tries_size: 0
[DexParser]   debug_info_off: 0x0
[DexParser]   insns_size: 8 ← KEY FIELD!
[DexParser]   ✅ EXTRACTED 8 INSTRUCTIONS!
[DexParser]   First opcodes: 0022 013d 1112 0212 3070 
[DexParser]   → Direct method[1]:
[DexParser]   ULEB128[dm_method_diff] @ 0x116371 = 1
[DexParser]   ULEB128[dm_access_flags] @ 0x116372 = 65537
[DexParser]   ULEB128[dm_code_off] @ 0x116375 = 86528
[DexParser]   === EXP-031.6 CODE_ITEM @ offset=0x86528 for <init> ===
[DexParser]   registers_size: 4
[DexParser]   ins_size: 3
[DexParser]   outs_size: 4
[DexParser]   tries_size: 0
[DexParser]   debug_info_off: 0x0
[DexParser]   insns_size: 5 ← KEY FIELD!
[DexParser]   ✅ EXTRACTED 5 INSTRUCTIONS!
[DexParser]   First opcodes: 1012 4070 0450 0321 000e 
[DexParser]   → Virtual method[0]:
[DexParser]   ULEB128[vm_method_diff] @ 0x116378 = 1115
[DexParser]   ULEB128[vm_access_flags] @ 0x116380 = 17
[DexParser]   ULEB128[vm_code_off] @ 0x116381 = 86252
[DexParser]   === EXP-031.6 CODE_ITEM @ offset=0x86252 for equals ===
[DexParser]   registers_size: 4
[DexParser]   ins_size: 2
[DexParser]   outs_size: 1
[DexParser]   tries_size: 0
[DexParser]   debug_info_off: 0x0
[DexParser]   insns_size: 37 ← KEY FIELD!
[DexParser]   ✅ EXTRACTED 37 INSTRUCTIONS!
[DexParser]   First opcodes: 3020 013d 0038 0021 106e 
[DexParser]   → Virtual method[1]:
[DexParser]   ULEB128[vm_method_diff] @ 0x116384 = 1
[DexParser]   ULEB128[vm_access_flags] @ 0x116385 = 17
[DexParser]   ULEB128[vm_code_off] @ 0x116386 = 86380
[DexParser]   === EXP-031.6 CODE_ITEM @ offset=0x86380 for hashCode ===
[DexParser]   registers_size: 3
[DexParser]   ins_size: 1
[DexParser]   outs_size: 1
[DexParser]   tries_size: 0
[DexParser]   debug_info_off: 0x0
[DexParser]   insns_size: 16 ← KEY FIELD!
[DexParser]   ✅ EXTRACTED 16 INSTRUCTIONS!
[DexParser]   First opcodes: 106e 045d 0002 000a 0038 
[DexParser]   → Virtual method[2]:
[DexParser]   ULEB128[vm_method_diff] @ 0x116389 = 1
[DexParser]   ULEB128[vm_access_flags] @ 0x116390 = 17
[DexParser]   ULEB128[vm_code_off] @ 0x116391 = 86344
[DexParser]   === EXP-031.6 CODE_ITEM @ offset=0x86344 for isEmpty ===
[DexParser]   registers_size: 3
[DexParser]   ins_size: 1
[DexParser]   outs_size: 0
[DexParser]   tries_size: 0
[DexParser]   debug_info_off: 0x0
[DexParser]   insns_size: 10 ← KEY FIELD!
[DexParser]   ✅ EXTRACTED 10 INSTRUCTIONS!
[DexParser]   First opcodes: 2052 0154 2152 0155 1037 
[DexParser]   → Virtual method[3]:
[DexParser]   ULEB128[vm_method_diff] @ 0x116394 = 1
[DexParser]   ULEB128[vm_access_flags] @ 0x116395 = 17
[DexParser]   ULEB128[vm_code_off] @ 0x116396 = 86428
[DexParser]   === EXP-031.6 CODE_ITEM @ offset=0x86428 for toString ===
[DexParser]   registers_size: 3
[DexParser]   ins_size: 1
[DexParser]   outs_size: 2
[DexParser]   tries_size: 0
[DexParser]   debug_info_off: 0x0
[DexParser]   insns_size: 25 ← KEY FIELD!
[DexParser]   ✅ EXTRACTED 25 INSTRUCTIONS!
[DexParser]   First opcodes: 0022 00d6 1070 02bb 0000 
[DexParser]   → Result: 2 direct methods, 4 virtual methods
[DexParser] CLASS_DEF[134] @ offset 0x26264:
[DexParser]   class_idx: 91 (max valid: 337)
[DexParser]   access_flags: 0x1
[DexParser]   superclass_idx: 99
[DexParser]   class_data_off: 0x116399
[DexParser]   → Resolved name: [Landroidx/core/graphics/drawable/IconCompat;]
[DexParser]   → Parsing class_data at 0x116399
[DexParser]   === EXP-031.6 CLASS_DATA PARSING @ offset=0x116399 ===
[DexParser]   First bytes: 01 0a 02 01 1c 19 12 01 01 01 01 01 01 01 01 01 01 01 01 01 01 01 01 01 01 01 ef 01 89 80 04 b0 
[DexParser]   ULEB128[static_fields_size] @ 0x116399 = 1
[DexParser]   ULEB128[instance_fields_size] @ 0x116400 = 10
[DexParser]   ULEB128[direct_methods_size] @ 0x116401 = 2
[DexParser]   ULEB128[virtual_methods_size] @ 0x116402 = 1
[DexParser]   → Header: static=1, instance=10, direct=2, virtual=1
[DexParser]   ULEB128[sf_field_diff] @ 0x116403 = 28
[DexParser]   ULEB128[sf_access_flags] @ 0x116404 = 25
[DexParser]   ULEB128[if_field_diff] @ 0x116405 = 18
[DexParser]   ULEB128[if_access_flags] @ 0x116406 = 1
[DexParser]   ULEB128[if_field_diff] @ 0x116407 = 1
[DexParser]   ULEB128[if_access_flags] @ 0x116408 = 1
[DexParser]   ULEB128[if_field_diff] @ 0x116409 = 1
[DexParser]   ULEB128[if_access_flags] @ 0x116410 = 1
[DexParser]   ULEB128[if_field_diff] @ 0x116411 = 1
[DexParser]   ULEB128[if_access_flags] @ 0x116412 = 1
[DexParser]   ULEB128[if_field_diff] @ 0x116413 = 1
[DexParser]   ULEB128[if_access_flags] @ 0x116414 = 1
[DexParser]   ULEB128[if_field_diff] @ 0x116415 = 1
[DexParser]   ULEB128[if_access_flags] @ 0x116416 = 1
[DexParser]   ULEB128[if_field_diff] @ 0x116417 = 1
[DexParser]   ULEB128[if_access_flags] @ 0x116418 = 1
[DexParser]   ULEB128[if_field_diff] @ 0x116419 = 1
[DexParser]   ULEB128[if_access_flags] @ 0x116420 = 1
[DexParser]   ULEB128[if_field_diff] @ 0x116421 = 1
[DexParser]   ULEB128[if_access_flags] @ 0x116422 = 1
[DexParser]   ULEB128[if_field_diff] @ 0x116423 = 1
[DexParser]   ULEB128[if_access_flags] @ 0x116424 = 1
[DexParser]   → Direct method[0]:
[DexParser]   ULEB128[dm_method_diff] @ 0x116425 = 239
[DexParser]   ULEB128[dm_access_flags] @ 0x116427 = 65545
[DexParser]   ULEB128[dm_code_off] @ 0x116430 = 31152
[DexParser]   === EXP-031.6 CODE_ITEM @ offset=0x31152 for <clinit> ===
[DexParser]   registers_size: 1
[DexParser]   ins_size: 0
[DexParser]   outs_size: 0
[DexParser]   tries_size: 0
[DexParser]   debug_info_off: 0x0
[DexParser]   insns_size: 5 ← KEY FIELD!
[DexParser]   ✅ EXTRACTED 5 INSTRUCTIONS!
[DexParser]   First opcodes: 0062 0007 0069 001c 000e 
[DexParser]   → Direct method[1]:
[DexParser]   ULEB128[dm_method_diff] @ 0x116433 = 1
[DexParser]   ULEB128[dm_access_flags] @ 0x116434 = 65537
[DexParser]   ULEB128[dm_code_off] @ 0x116437 = 31180
[DexParser]   === EXP-031.6 CODE_ITEM @ offset=0x31180 for <init> ===
[DexParser]   registers_size: 3
[DexParser]   ins_size: 1
[DexParser]   outs_size: 1
[DexParser]   tries_size: 0
[DexParser]   debug_info_off: 0x0
[DexParser]   insns_size: 25 ← KEY FIELD!
[DexParser]   ✅ EXTRACTED 25 INSTRUCTIONS!
[DexParser]   First opcodes: 1070 00f7 0002 f012 2059 
[DexParser]   → Virtual method[0]:
[DexParser]   ULEB128[vm_method_diff] @ 0x116440 = 241
[DexParser]   ULEB128[vm_access_flags] @ 0x116442 = 17
[DexParser]   ULEB128[vm_code_off] @ 0x116443 = 30608
[DexParser]   === EXP-031.6 CODE_ITEM @ offset=0x30608 for toString ===
[DexParser]   registers_size: 5
[DexParser]   ins_size: 1
[DexParser]   outs_size: 2
[DexParser]   tries_size: 0
[DexParser]   debug_info_off: 0x0
[DexParser]   insns_size: 264 ← KEY FIELD!
[DexParser]   ✅ EXTRACTED 264 INSTRUCTIONS!
[DexParser]   First opcodes: 4052 0012 f112 1033 0009 
[DexParser]   → Result: 2 direct methods, 1 virtual methods
[DexParser] CLASS_DEF[135] @ offset 0x26296:
[DexParser]   class_idx: 169 (max valid: 337)
[DexParser]   access_flags: 0x17
[DexParser]   superclass_idx: 146
[DexParser]   class_data_off: 0x116446
[DexParser]   → Resolved name: [Lh/h;]
[DexParser]   → Parsing class_data at 0x116446
[DexParser]   === EXP-031.6 CLASS_DATA PARSING @ offset=0x116446 ===
[DexParser]   First bytes: 00 01 01 02 e4 01 11 c6 04 81 80 04 b8 f0 03 c7 04 11 98 f0 03 01 11 f8 ef 03 00 02 01 02 9b 02 
[DexParser]   ULEB128[static_fields_size] @ 0x116446 = 0
[DexParser]   ULEB128[instance_fields_size] @ 0x116447 = 1
[DexParser]   ULEB128[direct_methods_size] @ 0x116448 = 1
[DexParser]   ULEB128[virtual_methods_size] @ 0x116449 = 2
[DexParser]   → Header: static=0, instance=1, direct=1, virtual=2
[DexParser]   ULEB128[if_field_diff] @ 0x116450 = 228
[DexParser]   ULEB128[if_access_flags] @ 0x116452 = 17
[DexParser]   → Direct method[0]:
[DexParser]   ULEB128[dm_method_diff] @ 0x116453 = 582
[DexParser]   ULEB128[dm_access_flags] @ 0x116455 = 65537
[DexParser]   ULEB128[dm_code_off] @ 0x116458 = 63544
[DexParser]   === EXP-031.6 CODE_ITEM @ offset=0x63544 for <init> ===
[DexParser]   registers_size: 2
[DexParser]   ins_size: 2
[DexParser]   outs_size: 2
[DexParser]   tries_size: 0
[DexParser]   debug_info_off: 0x0
[DexParser]   insns_size: 6 ← KEY FIELD!
[DexParser]   ✅ EXTRACTED 6 INSTRUCTIONS!
[DexParser]   First opcodes: 2070 01e2 0010 015b 00e4 
[DexParser]   → Virtual method[0]:
[DexParser]   ULEB128[vm_method_diff] @ 0x116461 = 583
[DexParser]   ULEB128[vm_access_flags] @ 0x116463 = 17
[DexParser]   ULEB128[vm_code_off] @ 0x116464 = 63512
[DexParser]   === EXP-031.6 CODE_ITEM @ offset=0x63512 for g ===
[DexParser]   registers_size: 3
[DexParser]   ins_size: 1
[DexParser]   outs_size: 1
[DexParser]   tries_size: 0
[DexParser]   debug_info_off: 0x0
[DexParser]   insns_size: 7 ← KEY FIELD!
[DexParser]   ✅ EXTRACTED 7 INSTRUCTIONS!
[DexParser]   First opcodes: 2054 00e4 106e 0081 0000 
[DexParser]   → Virtual method[1]:
[DexParser]   ULEB128[vm_method_diff] @ 0x116467 = 1
[DexParser]   ULEB128[vm_access_flags] @ 0x116468 = 17
[DexParser]   ULEB128[vm_code_off] @ 0x116469 = 63480
[DexParser]   === EXP-031.6 CODE_ITEM @ offset=0x63480 for p ===
[DexParser]   registers_size: 2
[DexParser]   ins_size: 1
[DexParser]   outs_size: 1
[DexParser]   tries_size: 0
[DexParser]   debug_info_off: 0x0
[DexParser]   insns_size: 7 ← KEY FIELD!
[DexParser]   ✅ EXTRACTED 7 INSTRUCTIONS!
[DexParser]   First opcodes: 1054 00e4 106e 0082 0000 
[DexParser]   → Result: 1 direct methods, 2 virtual methods
[DexParser] CLASS_DEF[136] @ offset 0x26328:
[DexParser]   class_idx: 283 (max valid: 337)
[DexParser]   access_flags: 0x17
[DexParser]   superclass_idx: 128
[DexParser]   class_data_off: 0x116472
[DexParser]   → Resolved name: [Ll/c;]
[DexParser]   → Parsing class_data at 0x116472
[DexParser]   === EXP-031.6 CLASS_DATA PARSING @ offset=0x116472 ===
[DexParser]   First bytes: 00 02 01 02 9b 02 91 20 01 91 20 e6 06 81 a0 04 8c 9e 04 e7 06 11 d8 9d 04 01 11 ac 9e 04 00 00 
[DexParser]   ULEB128[static_fields_size] @ 0x116472 = 0
[DexParser]   ULEB128[instance_fields_size] @ 0x116473 = 2
[DexParser]   ULEB128[direct_methods_size] @ 0x116474 = 1
[DexParser]   ULEB128[virtual_methods_size] @ 0x116475 = 2
[DexParser]   → Header: static=0, instance=2, direct=1, virtual=2
[DexParser]   ULEB128[if_field_diff] @ 0x116476 = 283
[DexParser]   ULEB128[if_access_flags] @ 0x116478 = 4113
[DexParser]   ULEB128[if_field_diff] @ 0x116480 = 1
[DexParser]   ULEB128[if_access_flags] @ 0x116481 = 4113
[DexParser]   → Direct method[0]:
[DexParser]   ULEB128[dm_method_diff] @ 0x116483 = 870
[DexParser]   ULEB128[dm_access_flags] @ 0x116485 = 69633
[DexParser]   ULEB128[dm_code_off] @ 0x116488 = 69388
[DexParser]   === EXP-031.6 CODE_ITEM @ offset=0x69388 for <init> ===
[DexParser]   registers_size: 4
[DexParser]   ins_size: 4
[DexParser]   outs_size: 2
[DexParser]   tries_size: 0
[DexParser]   debug_info_off: 0x0
[DexParser]   insns_size: 8 ← KEY FIELD!
[DexParser]   ✅ EXTRACTED 8 INSTRUCTIONS!
[DexParser]   First opcodes: 0359 011b 015b 011c 2070 
[DexParser]   → Virtual method[0]:
[DexParser]   ULEB128[vm_method_diff] @ 0x116491 = 871
[DexParser]   ULEB128[vm_access_flags] @ 0x116493 = 17
[DexParser]   ULEB128[vm_code_off] @ 0x116494 = 69336
[DexParser]   === EXP-031.6 CODE_ITEM @ offset=0x69336 for b ===
[DexParser]   registers_size: 2
[DexParser]   ins_size: 1
[DexParser]   outs_size: 0
[DexParser]   tries_size: 0
[DexParser]   debug_info_off: 0x0
[DexParser]   insns_size: 18 ← KEY FIELD!
[DexParser]   ✅ EXTRACTED 18 INSTRUCTIONS!
[DexParser]   First opcodes: 1052 011b 002b 000a 0000 
[DexParser]   → Virtual method[1]:
[DexParser]   ULEB128[vm_method_diff] @ 0x116497 = 1
[DexParser]   ULEB128[vm_access_flags] @ 0x116498 = 17
[DexParser]   ULEB128[vm_code_off] @ 0x116499 = 69420
[DexParser]   === EXP-031.6 CODE_ITEM @ offset=0x69420 for e ===
[DexParser]   registers_size: 8
[DexParser]   ins_size: 3
[DexParser]   outs_size: 4
[DexParser]   tries_size: 0
[DexParser]   debug_info_off: 0x0
[DexParser]   insns_size: 142 ← KEY FIELD!
[DexParser]   ✅ EXTRACTED 142 INSTRUCTIONS!
[DexParser]   First opcodes: 5052 011b 1112 002b 0085 
[DexParser]   → Result: 1 direct methods, 2 virtual methods
[DexParser] CLASS_DEF[137] @ offset 0x26360:
[DexParser]   class_idx: 293 (max valid: 337)
[DexParser]   access_flags: 0x1025
[DexParser]   superclass_idx: 292
[DexParser]   class_data_off: 0x0
[DexParser]   → Resolved name: [Ln/d;]
[DexParser]   → NO class_data (off=0x0, size=0x116876)
[DexParser]   → Result: 0 direct methods, 0 virtual methods
[DexParser] CLASS_DEF[138] @ offset 0x26392:
[DexParser]   class_idx: 318 (max valid: 337)
[DexParser]   access_flags: 0x1025
[DexParser]   superclass_idx: 292
[DexParser]   class_data_off: 0x0
[DexParser]   → Resolved name: [Lu/a;]
[DexParser]   → NO class_data (off=0x0, size=0x116876)
[DexParser]   → Result: 0 direct methods, 0 virtual methods
[DexParser] CLASS_DEF[139] @ offset 0x26424:
[DexParser]   class_idx: 294 (max valid: 337)
[DexParser]   access_flags: 0x1025
[DexParser]   superclass_idx: 293
[DexParser]   class_data_off: 0x0
[DexParser]   → Resolved name: [Ln/e;]
[DexParser]   → NO class_data (off=0x0, size=0x116876)
[DexParser]   → Result: 0 direct methods, 0 virtual methods
[DexParser] CLASS_DEF[140] @ offset 0x26456:
[DexParser]   class_idx: 319 (max valid: 337)
[DexParser]   access_flags: 0x1025
[DexParser]   superclass_idx: 318
[DexParser]   class_data_off: 0x0
[DexParser]   → Resolved name: [Lu/b;]
[DexParser]   → NO class_data (off=0x0, size=0x116876)
[DexParser]   → Result: 0 direct methods, 0 virtual methods
[DexParser] CLASS_DEF[141] @ offset 0x26488:
[DexParser]   class_idx: 295 (max valid: 337)
[DexParser]   access_flags: 0x1025
[DexParser]   superclass_idx: 294
[DexParser]   class_data_off: 0x116502
[DexParser]   → Resolved name: [Ln/f;]
[DexParser]   → Parsing class_data at 0x116502
[DexParser]   === EXP-031.6 CLASS_DATA PARSING @ offset=0x116502 ===
[DexParser]   First bytes: 00 00 01 00 81 07 19 98 bb 04 00 00 03 00 df 08 09 9c a4 05 01 19 c0 a4 05 01 09 ec a4 05 02 00 
[DexParser]   ULEB128[static_fields_size] @ 0x116502 = 0
[DexParser]   ULEB128[instance_fields_size] @ 0x116503 = 0
[DexParser]   ULEB128[direct_methods_size] @ 0x116504 = 1
[DexParser]   ULEB128[virtual_methods_size] @ 0x116505 = 0
[DexParser]   → Header: static=0, instance=0, direct=1, virtual=0
[DexParser]   → Direct method[0]:
[DexParser]   ULEB128[dm_method_diff] @ 0x116506 = 897
[DexParser]   ULEB128[dm_access_flags] @ 0x116508 = 25
[DexParser]   ULEB128[dm_code_off] @ 0x116509 = 73112
[DexParser]   === EXP-031.6 CODE_ITEM @ offset=0x73112 for t ===
[DexParser]   registers_size: 3
[DexParser]   ins_size: 1
[DexParser]   outs_size: 2
[DexParser]   tries_size: 0
[DexParser]   debug_info_off: 0x0
[DexParser]   insns_size: 47 ← KEY FIELD!
[DexParser]   ✅ EXTRACTED 47 INSTRUCTIONS!
[DexParser]   First opcodes: 0062 0129 1072 02fb 0002 
[DexParser]   → Result: 1 direct methods, 0 virtual methods
[DexParser] CLASS_DEF[142] @ offset 0x26520:
[DexParser]   class_idx: 320 (max valid: 337)
[DexParser]   access_flags: 0x1025
[DexParser]   superclass_idx: 319
[DexParser]   class_data_off: 0x116512
[DexParser]   → Resolved name: [Lu/c;]
[DexParser]   → Parsing class_data at 0x116512
[DexParser]   === EXP-031.6 CLASS_DATA PARSING @ offset=0x116512 ===
[DexParser]   First bytes: 00 00 03 00 df 08 09 9c a4 05 01 19 c0 a4 05 01 09 ec a4 05 02 00 00 00 c1 b2 01 00 c9 b2 01 00 
[DexParser]   ULEB128[static_fields_size] @ 0x116512 = 0
[DexParser]   ULEB128[instance_fields_size] @ 0x116513 = 0
[DexParser]   ULEB128[direct_methods_size] @ 0x116514 = 3
[DexParser]   ULEB128[virtual_methods_size] @ 0x116515 = 0
[DexParser]   → Header: static=0, instance=0, direct=3, virtual=0
[DexParser]   → Direct method[0]:
[DexParser]   ULEB128[dm_method_diff] @ 0x116516 = 1119
[DexParser]   ULEB128[dm_access_flags] @ 0x116518 = 9
[DexParser]   ULEB128[dm_code_off] @ 0x116519 = 86556
[DexParser]   === EXP-031.6 CODE_ITEM @ offset=0x86556 for t ===
[DexParser]   registers_size: 3
[DexParser]   ins_size: 2
[DexParser]   outs_size: 3
[DexParser]   tries_size: 0
[DexParser]   debug_info_off: 0x0
[DexParser]   insns_size: 9 ← KEY FIELD!
[DexParser]   ✅ EXTRACTED 9 INSTRUCTIONS!
[DexParser]   First opcodes: 0012 306e 02ae 0021 010a 
[DexParser]   → Direct method[1]:
[DexParser]   ULEB128[dm_method_diff] @ 0x116522 = 1
[DexParser]   ULEB128[dm_access_flags] @ 0x116523 = 25
[DexParser]   ULEB128[dm_code_off] @ 0x116524 = 86592
[DexParser]   === EXP-031.6 CODE_ITEM @ offset=0x86592 for u ===
[DexParser]   registers_size: 2
[DexParser]   ins_size: 2
[DexParser]   outs_size: 2
[DexParser]   tries_size: 0
[DexParser]   debug_info_off: 0x0
[DexParser]   insns_size: 13 ← KEY FIELD!
[DexParser]   ✅ EXTRACTED 13 INSTRUCTIONS!
[DexParser]   First opcodes: 0039 0008 0139 0004 1012 
[DexParser]   → Direct method[2]:
[DexParser]   ULEB128[dm_method_diff] @ 0x116527 = 1
[DexParser]   ULEB128[dm_access_flags] @ 0x116528 = 9
[DexParser]   ULEB128[dm_code_off] @ 0x116529 = 86636
[DexParser]   === EXP-031.6 CODE_ITEM @ offset=0x86636 for v ===
[DexParser]   registers_size: 3
[DexParser]   ins_size: 2
[DexParser]   outs_size: 2
[DexParser]   tries_size: 0
[DexParser]   debug_info_off: 0x0
[DexParser]   insns_size: 10 ← KEY FIELD!
[DexParser]   ✅ EXTRACTED 10 INSTRUCTIONS!
[DexParser]   First opcodes: 001a 0054 2071 0010 0001 
[DexParser]   → Result: 3 direct methods, 0 virtual methods
[DexParser] === END CLASS_DEF PARSING ===
[DexParser] Parsed 143 classes
[DexParser] DEX parsing complete: 143 classes, 1122 methods
FONT_SOURCE apk=miniandroid/download/exp076_corpus/dubrowgn.microtimer_8.apk font_files=0 registered=0 first=<none>
[EXP068] Built class→superclass map: 183 entries (143 from APK + 40 framework) — LinearLayout present: YES
[EXP086-P1] Configured dalvik_engine_ with 1 DEX files for 'dubrowgn.microtimer.MainActivity'
[U007-RES] ResourceRuntime loaded: miniandroid/download/exp076_corpus/dubrowgn.microtimer_8.apk named_ids=206 types=10
[ARSC-VALUES] apk=miniandroid/download/exp076_corpus/dubrowgn.microtimer_8.apk strings=9 colors=13 dimens=26 bools=0 integers=1 raw=0 (ARSC-authoritative resource values)
[EXP093-APP] No custom Application class declared in manifest
[TRY-ENTRY] Ldubrowgn/microtimer/MainActivity;.<init> dex_report=YES
[RET-BEFORE] Ldubrowgn/microtimer/MainActivity;.<init> bytecode_size=23
[METHOD-IN] Ldubrowgn/microtimer/MainActivity;.<init> (bytecode_size=23)
[TRY-ENTRY] Landroid/app/Activity;.<init> dex_report=YES
[REC-MISS] Landroid/app/Activity;.<init> caller=Ldubrowgn/microtimer/MainActivity;.<init>
[EXP088-B-DISPATCH] ActivityShadow.dispatch: method=<init> class=Landroid/app/Activity;
[EXP088-B-DISPATCH] ActivityShadow.dispatch: method=<init> class=Ldubrowgn/microtimer/MainActivity;
[TRY-ENTRY] Lk/a;.<init> dex_report=YES
[RET-BEFORE] Lk/a;.<init> bytecode_size=6
[METHOD-IN] Lk/a;.<init> (bytecode_size=6)
[MEM] method_exit: Lk/a;.<init> insns=3 RSS=16.6992 MB
[TRY-ENTRY] Landroid/os/Looper;.getMainLooper dex_report=YES
[REC-MISS] Landroid/os/Looper;.getMainLooper caller=Ldubrowgn/microtimer/MainActivity;.<init>
[BRIDGE-TID] Landroid/os/Looper;.getMainLooper static=1 shadow=YES
[TRY-ENTRY] Landroid/os/Handler;.<init> dex_report=YES
[REC-MISS] Landroid/os/Handler;.<init> caller=Ldubrowgn/microtimer/MainActivity;.<init>
[U0113-ACTIVITY] activity heap object #7 (Ldubrowgn/microtimer/MainActivity;) recorded for handler dispatch
[METHOD-IN] Ldubrowgn/microtimer/MainActivity;.onCreate (bytecode_size=1725)
[TRY-ENTRY] Ldubrowgn/microtimer/MainActivity;.c dex_report=YES
[RET-BEFORE] Ldubrowgn/microtimer/MainActivity;.c bytecode_size=10
[METHOD-IN] Ldubrowgn/microtimer/MainActivity;.c (bytecode_size=10)
[TRY-ENTRY] Ljava/lang/Class;.getName dex_report=YES
[REC-MISS] Ljava/lang/Class;.getName caller=Ldubrowgn/microtimer/MainActivity;.c
[TRY-ENTRY] Landroid/util/Log;.d dex_report=YES
[REC-MISS] Landroid/util/Log;.d caller=Ldubrowgn/microtimer/MainActivity;.c
[TRY-ENTRY] Landroid/app/Activity;.onCreate dex_report=YES
[REC-MISS] Landroid/app/Activity;.onCreate caller=Ldubrowgn/microtimer/MainActivity;.onCreate
[EXP088-B-DISPATCH] ActivityShadow.dispatch: method=onCreate class=Landroid/app/Activity;
[EXP088-B-DISPATCH] ActivityShadow.dispatch: method=onCreate class=Ldubrowgn/microtimer/MainActivity;
[EXP088-B-DISPATCH] ActivityShadow.dispatch: method=onCreate class=Landroid/app/Activity;
[EXP088-B-DISPATCH] ActivityShadow.dispatch: method=onCreate class=Ldubrowgn/microtimer/MainActivity;
[EXP088-B-DISPATCH] ActivityShadow.dispatch: method=onCreate class=Landroid/app/Activity;
[EXP088-B-DISPATCH] ActivityShadow.dispatch: method=onCreate class=Ldubrowgn/microtimer/MainActivity;
[EXP088-B-DISPATCH] ActivityShadow.dispatch: method=onCreate class=Landroid/app/Activity;
[EXP088-B-DISPATCH] ActivityShadow.dispatch: method=onCreate class=Ldubrowgn/microtimer/MainActivity;
[EXP088-B-DISPATCH] ActivityShadow.dispatch: method=onCreate class=Landroid/app/Activity;
[EXP088-B-DISPATCH] ActivityShadow.dispatch: method=onCreate class=Ldubrowgn/microtimer/MainActivity;
[EXP088-B-DISPATCH] ActivityShadow.dispatch: method=onCreate class=Landroid/app/Activity;
[EXP088-B-DISPATCH] ActivityShadow.dispatch: method=onCreate class=Ldubrowgn/microtimer/MainActivity;
[EXP088-B-DISPATCH] ActivityShadow.dispatch: method=onCreate class=Landroid/app/Activity;
[EXP088-B-DISPATCH] ActivityShadow.dispatch: method=onCreate class=Ldubrowgn/microtimer/MainActivity;
[EXP088-B-DISPATCH] ActivityShadow.dispatch: method=onCreate class=Landroid/app/Activity;
[TRY-ENTRY] Ldubrowgn/microtimer/MainActivity;.getApplicationContext dex_report=YES
[TRY-ENTRY] Landroid/content/Context;.getApplicationContext dex_report=YES
[REC-MISS] Landroid/content/Context;.getApplicationContext caller=Ldubrowgn/microtimer/MainActivity;.onCreate
[EXP088-B-DISPATCH] ActivityShadow.dispatch: method=getApplicationContext class=Ldubrowgn/microtimer/MainActivity;
[TRY-ENTRY] La/e;.g dex_report=YES
[RET-BEFORE] La/e;.g bytecode_size=18
[METHOD-IN] La/e;.g (bytecode_size=18)
[MEM] method_exit: La/e;.g insns=2 RSS=16.6992 MB
[CLASS_INIT] class=Lt/c; method=<clinit> bytecode_size=8
[TRY-ENTRY] Lt/c;.<clinit> dex_report=YES
[RET-BEFORE] Lt/c;.<clinit> bytecode_size=8
[METHOD-IN] Lt/c;.<clinit> (bytecode_size=8)
[TRY-ENTRY] Lt/c;.<init> dex_report=YES
[RET-BEFORE] Lt/c;.<init> bytecode_size=5
[METHOD-IN] Lt/c;.<init> (bytecode_size=5)
[TRY-ENTRY] Lt/a;.<init> dex_report=YES
[RET-BEFORE] Lt/a;.<init> bytecode_size=88
[METHOD-IN] Lt/a;.<init> (bytecode_size=88)
[CLASS_INIT] class=Lt/c; method=<clinit> result=OK
[TRY-ENTRY] Lt/c;.<init> dex_report=YES
[RET-BEFORE] Lt/c;.<init> bytecode_size=5
[METHOD-IN] Lt/c;.<init> (bytecode_size=5)
[TRY-ENTRY] Lt/a;.<init> dex_report=YES
[RET-BEFORE] Lt/a;.<init> bytecode_size=88
[METHOD-IN] Lt/a;.<init> (bytecode_size=88)
[TRY-ENTRY] Lt/c;.iterator dex_report=YES
[TRY-ENTRY] Lt/a;.iterator dex_report=YES
[RET-BEFORE] Lt/a;.iterator bytecode_size=12
[METHOD-IN] Lt/a;.iterator (bytecode_size=12)
[TRY-ENTRY] Lt/b;.<init> dex_report=YES
[RET-BEFORE] Lt/b;.<init> bytecode_size=27
[METHOD-IN] Lt/b;.<init> (bytecode_size=27)
[RET-BEFORE] Lt/b;.hasNext bytecode_size=3
[METHOD-IN] Lt/b;.hasNext (bytecode_size=3)
[RET-BEFORE] Lt/b;.b bytecode_size=26
[METHOD-IN] Lt/b;.b (bytecode_size=26)
[RET-BEFORE] La/e;.k bytecode_size=17
[METHOD-IN] La/e;.k (bytecode_size=17)
[REC-MISS] Ljava/lang/Character;.isWhitespace caller=La/e;.k
[REC-MISS] Ljava/lang/Character;.isSpaceChar caller=La/e;.k
[RET-BEFORE] Le/y;.<init> bytecode_size=11
[METHOD-IN] Le/y;.<init> (bytecode_size=11)
[REC-MISS] Ljava/util/LinkedHashMap;.<init> caller=Le/y;.<init>
[REC-MISS] Ljava/util/LinkedHashSet;.<init> caller=Ldubrowgn/microtimer/MainActivity;.onCreate
[CLASS_INIT] class=La/b; method=<clinit> bytecode_size=8
[RET-BEFORE] La/b;.<clinit> bytecode_size=8
[METHOD-IN] La/b;.<clinit> (bytecode_size=8)
[CLASS_INIT] class=La/b; method=<clinit> result=OK
[SGET] class=Ldubrowgn/microtimer/MainActivity; method=onCreate pc=109 field=La/b;.d obj_id=19
[CLASS_INIT] class=Le/a; method=<clinit> bytecode_size=8
[RET-BEFORE] Le/a;.<clinit> bytecode_size=8
[METHOD-IN] Le/a;.<clinit> (bytecode_size=8)
[CLASS_INIT] class=Le/a; method=<clinit> result=OK
[REC-MISS] Landroid/app/Application;.getSystemService caller=Ldubrowgn/microtimer/MainActivity;.onCreate
[REC-MISS] Landroid/content/Context;.getSystemService caller=Ldubrowgn/microtimer/MainActivity;.onCreate
[RET-BEFORE] Le/d;.<init> bytecode_size=61
[METHOD-IN] Le/d;.<init> (bytecode_size=61)
[RET-BEFORE] La/e;.h bytecode_size=97
[METHOD-IN] La/e;.h (bytecode_size=97)
[RET-BEFORE] La/e;.h bytecode_size=97
[METHOD-IN] La/e;.h (bytecode_size=97)
[RET-BEFORE] La/d;.a bytecode_size=97
[METHOD-IN] La/d;.a (bytecode_size=97)
[RET-BEFORE] La/e;.h bytecode_size=97
[METHOD-IN] La/e;.h (bytecode_size=97)
[RET-BEFORE] La/e;.h bytecode_size=97
[METHOD-IN] La/e;.h (bytecode_size=97)
[REC-MISS] Ljava/lang/Class;.getPackage caller=Ldubrowgn/microtimer/MainActivity;.onCreate
[RET-BEFORE] La/e;.e bytecode_size=12
[METHOD-IN] La/e;.e (bytecode_size=12)
[REC-MISS] Ljava/lang/NullPointerException;.<init> caller=La/e;.e
[RET-BEFORE] La/e;.m bytecode_size=43
[METHOD-IN] La/e;.m (bytecode_size=43)
[REC-MISS] Ljava/lang/Class;.getName caller=La/e;.m
[REC-MISS] Ljava/lang/NullPointerException;.getStackTrace caller=La/e;.m
[REC-MISS] Ljava/lang/Throwable;.getStackTrace caller=La/e;.m
[REC-MISS] Ljava/util/Arrays;.copyOfRange caller=La/e;.m
[REC-MISS] Ljava/lang/NullPointerException;.setStackTrace caller=La/e;.m
[REC-MISS] Ljava/lang/Throwable;.setStackTrace caller=La/e;.m
[EXCEPTION] method=La/e;.e pc=11 exception=Ljava/lang/NullPointerException; try_range=(none) handler=NOT_FOUND
[EXCEPTION] no handler for Ljava/lang/NullPointerException; in La/e;.e — unwinding frame (propagate to caller)
[EXC-PROPAGATE] Ljava/lang/NullPointerException; uncaught at caller Ldubrowgn/microtimer/MainActivity;.onCreate invoke_pc=163 → caller continues after invoke (compatibility)
[REC-MISS] Ljava/lang/Package;.getName caller=Ldubrowgn/microtimer/MainActivity;.onCreate
[REC-MISS] Ljava/lang/Class;.getCanonicalName caller=Ldubrowgn/microtimer/MainActivity;.onCreate
[RET-BEFORE] La/e;.e bytecode_size=12
[METHOD-IN] La/e;.e (bytecode_size=12)
[REC-MISS] Ljava/lang/NullPointerException;.<init> caller=La/e;.e
[RET-BEFORE] La/e;.m bytecode_size=43
[METHOD-IN] La/e;.m (bytecode_size=43)
[REC-MISS] Ljava/lang/Class;.getName caller=La/e;.m
[REC-MISS] Ljava/lang/NullPointerException;.getStackTrace caller=La/e;.m
[REC-MISS] Ljava/lang/Throwable;.getStackTrace caller=La/e;.m
[REC-MISS] Ljava/util/Arrays;.copyOfRange caller=La/e;.m
[REC-MISS] Ljava/lang/NullPointerException;.setStackTrace caller=La/e;.m
[REC-MISS] Ljava/lang/Throwable;.setStackTrace caller=La/e;.m
[EXCEPTION] method=La/e;.e pc=11 exception=Ljava/lang/NullPointerException; try_range=(none) handler=NOT_FOUND
[EXCEPTION] no handler for Ljava/lang/NullPointerException; in La/e;.e — unwinding frame (propagate to caller)
[EXC-PROPAGATE] Ljava/lang/NullPointerException; uncaught at caller Ldubrowgn/microtimer/MainActivity;.onCreate invoke_pc=174 → caller continues after invoke (compatibility)
[RET-BEFORE] La/e;.g bytecode_size=18
[METHOD-IN] La/e;.g (bytecode_size=18)
[STR] concat("fullPackage", " must not be null")
[REC-MISS] Ljava/lang/NullPointerException;.<init> caller=La/e;.g
[RET-BEFORE] La/e;.m bytecode_size=43
[METHOD-IN] La/e;.m (bytecode_size=43)
[REC-MISS] Ljava/lang/Class;.getName caller=La/e;.m
[REC-MISS] Ljava/lang/NullPointerException;.getStackTrace caller=La/e;.m
[REC-MISS] Ljava/lang/Throwable;.getStackTrace caller=La/e;.m
[REC-MISS] Ljava/util/Arrays;.copyOfRange caller=La/e;.m
[REC-MISS] Ljava/lang/NullPointerException;.setStackTrace caller=La/e;.m
[REC-MISS] Ljava/lang/Throwable;.setStackTrace caller=La/e;.m
[EXCEPTION] method=La/e;.g pc=17 exception=Ljava/lang/NullPointerException; try_range=(none) handler=NOT_FOUND
[EXCEPTION] no handler for Ljava/lang/NullPointerException; in La/e;.g — unwinding frame (propagate to caller)
[EXC-PROPAGATE] Ljava/lang/NullPointerException; uncaught at caller Ldubrowgn/microtimer/MainActivity;.onCreate invoke_pc=179 → caller continues after invoke (compatibility)
[RET-BEFORE] La/e;.g bytecode_size=18
[METHOD-IN] La/e;.g (bytecode_size=18)
[STR] concat("", "_Impl")
[REC-MISS] Ljava/lang/Class;.getClassLoader caller=Ldubrowgn/microtimer/MainActivity;.onCreate
[REC-MISS] Ljava/lang/Class;.forName caller=Ldubrowgn/microtimer/MainActivity;.onCreate
[RET-BEFORE] La/e;.f bytecode_size=12
[METHOD-IN] La/e;.f (bytecode_size=12)
[REC-MISS] Ljava/lang/NullPointerException;.<init> caller=La/e;.f
[RET-BEFORE] La/e;.m bytecode_size=43
[METHOD-IN] La/e;.m (bytecode_size=43)
[REC-MISS] Ljava/lang/Class;.getName caller=La/e;.m
[REC-MISS] Ljava/lang/NullPointerException;.getStackTrace caller=La/e;.m
[REC-MISS] Ljava/lang/Throwable;.getStackTrace caller=La/e;.m
[REC-MISS] Ljava/util/Arrays;.copyOfRange caller=La/e;.m
[REC-MISS] Ljava/lang/NullPointerException;.setStackTrace caller=La/e;.m
[REC-MISS] Ljava/lang/Throwable;.setStackTrace caller=La/e;.m
[EXCEPTION] method=La/e;.f pc=11 exception=Ljava/lang/NullPointerException; try_range=(none) handler=NOT_FOUND
[EXCEPTION] no handler for Ljava/lang/NullPointerException; in La/e;.f — unwinding frame (propagate to caller)
[EXC-PROPAGATE] Ljava/lang/NullPointerException; uncaught at caller Ldubrowgn/microtimer/MainActivity;.onCreate invoke_pc=272 → caller continues after invoke (compatibility)
[REC-MISS] Ljava/lang/Class;.getDeclaredConstructor caller=Ldubrowgn/microtimer/MainActivity;.onCreate
[REC-MISS] Ljava/lang/reflect/Constructor;.newInstance caller=Ldubrowgn/microtimer/MainActivity;.onCreate
[REC-MISS] Ljava/lang/Object;.getClass caller=Ldubrowgn/microtimer/MainActivity;.onCreate
[RET-BEFORE] Ldubrowgn/microtimer/db/Database;.j bytecode_size=3
[METHOD-IN] Ldubrowgn/microtimer/db/Database;.j (bytecode_size=3)
[CLASS_INIT] class=Ln/j; method=<clinit> bytecode_size=8
[RET-BEFORE] Ln/j;.<clinit> bytecode_size=8
[METHOD-IN] Ln/j;.<clinit> (bytecode_size=8)
[CLASS_INIT] class=Ln/j; method=<clinit> result=OK
[SGET] class=Ldubrowgn/microtimer/db/Database; method=j pc=0 field=Ln/j;.a obj_id=29
[REC-MISS] Ljava/util/BitSet;.<init> caller=Ldubrowgn/microtimer/MainActivity;.onCreate
[REC-MISS] Ljava/util/Set;.iterator caller=Ldubrowgn/microtimer/MainActivity;.onCreate
[RET-BEFORE] Ln/j;.iterator bytecode_size=3
[METHOD-IN] Ln/j;.iterator (bytecode_size=3)
[CLASS_INIT] class=Ln/g; method=<clinit> bytecode_size=8
[RET-BEFORE] Ln/g;.<clinit> bytecode_size=8
[METHOD-IN] Ln/g;.<clinit> (bytecode_size=8)
[CLASS_INIT] class=Ln/g; method=<clinit> result=OK
[SGET] class=Ln/j; method=iterator pc=0 field=Ln/g;.a obj_id=31
[REC-MISS] Ljava/util/Iterator;.hasNext caller=Ldubrowgn/microtimer/MainActivity;.onCreate
[RET-BEFORE] Ln/g;.hasNext bytecode_size=2
[METHOD-IN] Ln/g;.hasNext (bytecode_size=2)
[REC-MISS] Ljava/util/List;.size caller=Ldubrowgn/microtimer/MainActivity;.onCreate
[RET-BEFORE] Ldubrowgn/microtimer/db/Database;.g bytecode_size=8
[METHOD-IN] Ldubrowgn/microtimer/db/Database;.g (bytecode_size=8)
[RET-BEFORE] La/e;.h bytecode_size=97
[METHOD-IN] La/e;.h (bytecode_size=97)
[REC-MISS] Ljava/lang/Thread;.currentThread caller=La/e;.h
[BRIDGE-TID] Ljava/lang/Thread;.currentThread static=1 shadow=YES
[THREAD-ID] currentThread -> obj=2 (class=Ljava/lang/Thread;)
[REC-MISS] Ljava/lang/Thread;.getStackTrace caller=La/e;.h
[UC010-STACKTRACE] Thread.getStackTrace -> 3 real frames (top=La/e;)
[REC-MISS] Ljava/lang/Class;.getName caller=La/e;.h
[REC-MISS] Ljava/lang/StackTraceElement;.getClassName caller=La/e;.h
[REC-MISS] Ljava/lang/StackTraceElement;.getClassName caller=La/e;.h
[REC-MISS] Ljava/lang/StackTraceElement;.getClassName caller=La/e;.h
[REC-MISS] Ljava/lang/StackTraceElement;.getClassName caller=La/e;.h
[SYNTH-EXC] aget-oob: Ljava/lang/ArrayIndexOutOfBoundsException; (length=3; index=3) method=La/e;.h pc=34 → uncaught (frame unwind + propagate)
[EXC-PROPAGATE] Ljava/lang/ArrayIndexOutOfBoundsException; uncaught at caller Ldubrowgn/microtimer/db/Database;.g invoke_pc=2 → caller continues after invoke (compatibility)
[CLASS_INIT] class=Ln/h; method=<clinit> bytecode_size=8
[RET-BEFORE] Ln/h;.<clinit> bytecode_size=8
[METHOD-IN] Ln/h;.<clinit> (bytecode_size=8)
[CLASS_INIT] class=Ln/h; method=<clinit> result=OK
[SGET] class=Ldubrowgn/microtimer/db/Database; method=g pc=5 field=Ln/h;.a obj_id=38
[REC-MISS] Ljava/util/List;.iterator caller=Ldubrowgn/microtimer/MainActivity;.onCreate
[RET-BEFORE] Ln/h;.iterator bytecode_size=3
[METHOD-IN] Ln/h;.iterator (bytecode_size=3)
[SGET] class=Ln/h; method=iterator pc=0 field=Ln/g;.a obj_id=31
[REC-MISS] Ljava/util/Iterator;.hasNext caller=Ldubrowgn/microtimer/MainActivity;.onCreate
[RET-BEFORE] Ln/g;.hasNext bytecode_size=2
[METHOD-IN] Ln/g;.hasNext (bytecode_size=2)
[RET-BEFORE] Ldubrowgn/microtimer/db/Database;.h bytecode_size=12
[METHOD-IN] Ldubrowgn/microtimer/db/Database;.h (bytecode_size=12)
[RET-BEFORE] La/e;.n bytecode_size=28
[METHOD-IN] La/e;.n (bytecode_size=28)
[REC-MISS] Ljava/lang/StringBuilder;.<init> caller=La/e;.n
[REC-MISS] Ljava/lang/StringBuilder;.append caller=La/e;.n
[REC-MISS] Ljava/lang/StringBuilder;.append caller=La/e;.n
[REC-MISS] Ljava/lang/StringBuilder;.toString caller=La/e;.n
[RET-BEFORE] La/e;.m bytecode_size=43
[METHOD-IN] La/e;.m (bytecode_size=43)
[REC-MISS] Ljava/lang/Class;.getName caller=La/e;.m
[REC-MISS] Ljava/lang/Throwable;.getStackTrace caller=La/e;.m
[REC-MISS] Ljava/util/Arrays;.copyOfRange caller=La/e;.m
[REC-MISS] Ljava/lang/Throwable;.setStackTrace caller=La/e;.m
[EXCEPTION] method=La/e;.n pc=27 exception=Lm/c; try_range=(none) handler=NOT_FOUND
[EXCEPTION] no handler for Lm/c; in La/e;.n — unwinding frame (propagate to caller)
[EXC-PROPAGATE] Lm/c; uncaught at caller Ldubrowgn/microtimer/db/Database;.h invoke_pc=7 → caller continues after invoke (compatibility)
[EXCEPTION] method=Ldubrowgn/microtimer/db/Database;.h pc=11 exception=<unknown> try_range=(none) handler=NOT_FOUND
[EXCEPTION] no handler for <unknown> in Ldubrowgn/microtimer/db/Database;.h — unwinding frame (propagate to caller)
[EXC-PROPAGATE] Ljava/lang/RuntimeException; uncaught at caller Ldubrowgn/microtimer/MainActivity;.onCreate invoke_pc=457 → caller continues after invoke (compatibility)
[RET-BEFORE] Ldubrowgn/microtimer/db/Database;.o bytecode_size=25
[METHOD-IN] Ldubrowgn/microtimer/db/Database;.o (bytecode_size=25)
[REC-MISS] Ljava/lang/Class;.isInstance caller=Ldubrowgn/microtimer/db/Database;.o
[RET-BEFORE] Ldubrowgn/microtimer/db/Database;.h bytecode_size=12
[METHOD-IN] Ldubrowgn/microtimer/db/Database;.h (bytecode_size=12)
[RET-BEFORE] La/e;.n bytecode_size=28
[METHOD-IN] La/e;.n (bytecode_size=28)
[REC-MISS] Ljava/lang/StringBuilder;.<init> caller=La/e;.n
[REC-MISS] Ljava/lang/StringBuilder;.append caller=La/e;.n
[REC-MISS] Ljava/lang/StringBuilder;.append caller=La/e;.n
[REC-MISS] Ljava/lang/StringBuilder;.toString caller=La/e;.n
[RET-BEFORE] La/e;.m bytecode_size=43
[METHOD-IN] La/e;.m (bytecode_size=43)
[REC-MISS] Ljava/lang/Class;.getName caller=La/e;.m
[REC-MISS] Ljava/lang/Throwable;.getStackTrace caller=La/e;.m
[REC-MISS] Ljava/util/Arrays;.copyOfRange caller=La/e;.m
[REC-MISS] Ljava/lang/Throwable;.setStackTrace caller=La/e;.m
[EXCEPTION] method=La/e;.n pc=27 exception=Lm/c; try_range=(none) handler=NOT_FOUND
[EXCEPTION] no handler for Lm/c; in La/e;.n — unwinding frame (propagate to caller)
[EXC-PROPAGATE] Lm/c; uncaught at caller Ldubrowgn/microtimer/db/Database;.h invoke_pc=7 → caller continues after invoke (compatibility)
[EXCEPTION] method=Ldubrowgn/microtimer/db/Database;.h pc=11 exception=<unknown> try_range=(none) handler=NOT_FOUND
[EXCEPTION] no handler for <unknown> in Ldubrowgn/microtimer/db/Database;.h — unwinding frame (propagate to caller)
[EXC-PROPAGATE] Ljava/lang/RuntimeException; uncaught at caller Ldubrowgn/microtimer/MainActivity;.onCreate invoke_pc=474 → caller continues after invoke (compatibility)
[RET-BEFORE] Ldubrowgn/microtimer/db/Database;.o bytecode_size=25
[METHOD-IN] Ldubrowgn/microtimer/db/Database;.o (bytecode_size=25)
[REC-MISS] Ljava/lang/Class;.isInstance caller=Ldubrowgn/microtimer/db/Database;.o
[RET-BEFORE] Ldubrowgn/microtimer/db/Database;.h bytecode_size=12
[METHOD-IN] Ldubrowgn/microtimer/db/Database;.h (bytecode_size=12)
[RET-BEFORE] La/e;.n bytecode_size=28
[METHOD-IN] La/e;.n (bytecode_size=28)
[REC-MISS] Ljava/lang/StringBuilder;.<init> caller=La/e;.n
[REC-MISS] Ljava/lang/StringBuilder;.append caller=La/e;.n
[REC-MISS] Ljava/lang/StringBuilder;.append caller=La/e;.n
[REC-MISS] Ljava/lang/StringBuilder;.toString caller=La/e;.n
[RET-BEFORE] La/e;.m bytecode_size=43
[METHOD-IN] La/e;.m (bytecode_size=43)
[REC-MISS] Ljava/lang/Class;.getName caller=La/e;.m
[REC-MISS] Ljava/lang/Throwable;.getStackTrace caller=La/e;.m
[REC-MISS] Ljava/util/Arrays;.copyOfRange caller=La/e;.m
[REC-MISS] Ljava/lang/Throwable;.setStackTrace caller=La/e;.m
[EXCEPTION] method=La/e;.n pc=27 exception=Lm/c; try_range=(none) handler=NOT_FOUND
[EXCEPTION] no handler for Lm/c; in La/e;.n — unwinding frame (propagate to caller)
[EXC-PROPAGATE] Lm/c; uncaught at caller Ldubrowgn/microtimer/db/Database;.h invoke_pc=7 → caller continues after invoke (compatibility)
[EXCEPTION] method=Ldubrowgn/microtimer/db/Database;.h pc=11 exception=<unknown> try_range=(none) handler=NOT_FOUND
[EXCEPTION] no handler for <unknown> in Ldubrowgn/microtimer/db/Database;.h — unwinding frame (propagate to caller)
[EXC-PROPAGATE] Ljava/lang/RuntimeException; uncaught at caller Ldubrowgn/microtimer/MainActivity;.onCreate invoke_pc=498 → caller continues after invoke (compatibility)
[RET-BEFORE] La/e;.h bytecode_size=97
[METHOD-IN] La/e;.h (bytecode_size=97)
[REC-MISS] Ljava/util/ArrayDeque;.<init> caller=Ldubrowgn/microtimer/MainActivity;.onCreate
[RET-BEFORE] Ldubrowgn/microtimer/db/Database;.k bytecode_size=3
[METHOD-IN] Ldubrowgn/microtimer/db/Database;.k (bytecode_size=3)
[CLASS_INIT] class=Ln/i; method=<clinit> bytecode_size=8
[RET-BEFORE] Ln/i;.<clinit> bytecode_size=8
[METHOD-IN] Ln/i;.<clinit> (bytecode_size=8)
[CLASS_INIT] class=Ln/i; method=<clinit> result=OK
[SGET] class=Ldubrowgn/microtimer/db/Database; method=k pc=0 field=Ln/i;.a obj_id=46
[REC-MISS] Ljava/util/BitSet;.<init> caller=Ldubrowgn/microtimer/MainActivity;.onCreate
[REC-MISS] Ljava/util/Map;.entrySet caller=Ldubrowgn/microtimer/MainActivity;.onCreate
[RET-BEFORE] Ln/i;.entrySet bytecode_size=3
[METHOD-IN] Ln/i;.entrySet (bytecode_size=3)
[SGET] class=Ln/i; method=entrySet pc=0 field=Ln/j;.a obj_id=29
[REC-MISS] Ljava/util/Set;.iterator caller=Ldubrowgn/microtimer/MainActivity;.onCreate
[RET-BEFORE] Ln/j;.iterator bytecode_size=3
[METHOD-IN] Ln/j;.iterator (bytecode_size=3)
[SGET] class=Ln/j; method=iterator pc=0 field=Ln/g;.a obj_id=31
[REC-MISS] Ljava/util/Iterator;.hasNext caller=Ldubrowgn/microtimer/MainActivity;.onCreate
[RET-BEFORE] Ln/g;.hasNext bytecode_size=2
[METHOD-IN] Ln/g;.hasNext (bytecode_size=2)
[REC-MISS] Ljava/util/List;.size caller=Ldubrowgn/microtimer/MainActivity;.onCreate
[REC-MISS] Landroid/content/Context;.getPackageName caller=Ldubrowgn/microtimer/MainActivity;.onCreate
[EXP088-B-DISPATCH] ActivityShadow.dispatch: method=getPackageName class=Ldubrowgn/microtimer/MainActivity;
[EXP088-B-DISPATCH] ActivityShadow.dispatch: method=getPackageName class=Landroid/app/Activity;
[EXP088-B-DISPATCH] ActivityShadow.dispatch: method=getPackageName class=Ldubrowgn/microtimer/MainActivity;
[EXP088-B-DISPATCH] ActivityShadow.dispatch: method=getPackageName class=Landroid/app/Activity;
[EXP088-B-DISPATCH] ActivityShadow.dispatch: method=getPackageName class=Ldubrowgn/microtimer/MainActivity;
[EXP088-B-DISPATCH] ActivityShadow.dispatch: method=getPackageName class=Landroid/app/Activity;
[EXP088-B-DISPATCH] ActivityShadow.dispatch: method=getPackageName class=Ldubrowgn/microtimer/MainActivity;
[EXP088-B-DISPATCH] ActivityShadow.dispatch: method=getPackageName class=Landroid/app/Activity;
[EXP088-B-DISPATCH] ActivityShadow.dispatch: method=getPackageName class=Ldubrowgn/microtimer/MainActivity;
[EXP088-B-DISPATCH] ActivityShadow.dispatch: method=getPackageName class=Landroid/app/Activity;
[EXP088-B-DISPATCH] ActivityShadow.dispatch: method=getPackageName class=Ldubrowgn/microtimer/MainActivity;
[EXP088-B-DISPATCH] ActivityShadow.dispatch: method=getPackageName class=Landroid/app/Activity;
[EXP088-B-DISPATCH] ActivityShadow.dispatch: method=getPackageName class=Ldubrowgn/microtimer/MainActivity;
[EXP088-B-DISPATCH] ActivityShadow.dispatch: method=getPackageName class=Landroid/app/Activity;
[REC-MISS] Ljava/lang/StringBuilder;.<init> caller=Ldubrowgn/microtimer/MainActivity;.onCreate
[REC-MISS] Ljava/lang/StringBuilder;.append caller=Ldubrowgn/microtimer/MainActivity;.onCreate
[REC-MISS] Ljava/lang/StringBuilder;.toString caller=Ldubrowgn/microtimer/MainActivity;.onCreate
[REC-MISS] Landroid/net/Uri;.parse caller=Ldubrowgn/microtimer/MainActivity;.onCreate
[SGET] class=Ldubrowgn/microtimer/MainActivity; method=onCreate pc=805 field=Landroid/os/Build$VERSION;.SDK_INT value=34
[REC-MISS] Landroid/content/Context;.checkSelfPermission caller=Ldubrowgn/microtimer/MainActivity;.onCreate
[EXP088-B-DISPATCH] ActivityShadow.dispatch: method=checkSelfPermission class=Ldubrowgn/microtimer/MainActivity;
[EXP088-B-DISPATCH] ActivityShadow.dispatch: method=checkSelfPermission class=Landroid/app/Activity;
[EXP088-B-DISPATCH] ActivityShadow.dispatch: method=checkSelfPermission class=Ldubrowgn/microtimer/MainActivity;
[EXP088-B-DISPATCH] ActivityShadow.dispatch: method=checkSelfPermission class=Landroid/app/Activity;
[EXP088-B-DISPATCH] ActivityShadow.dispatch: method=checkSelfPermission class=Ldubrowgn/microtimer/MainActivity;
[EXP088-B-DISPATCH] ActivityShadow.dispatch: method=checkSelfPermission class=Landroid/app/Activity;
[EXP088-B-DISPATCH] ActivityShadow.dispatch: method=checkSelfPermission class=Ldubrowgn/microtimer/MainActivity;
[EXP088-B-DISPATCH] ActivityShadow.dispatch: method=checkSelfPermission class=Landroid/app/Activity;
[EXP088-B-DISPATCH] ActivityShadow.dispatch: method=checkSelfPermission class=Ldubrowgn/microtimer/MainActivity;
[EXP088-B-DISPATCH] ActivityShadow.dispatch: method=checkSelfPermission class=Landroid/app/Activity;
[EXP088-B-DISPATCH] ActivityShadow.dispatch: method=checkSelfPermission class=Ldubrowgn/microtimer/MainActivity;
[EXP088-B-DISPATCH] ActivityShadow.dispatch: method=checkSelfPermission class=Landroid/app/Activity;
[EXP088-B-DISPATCH] ActivityShadow.dispatch: method=checkSelfPermission class=Ldubrowgn/microtimer/MainActivity;
[EXP088-B-DISPATCH] ActivityShadow.dispatch: method=checkSelfPermission class=Landroid/app/Activity;
[EXP093-PERM] checkSelfPermission("android.permission.POST_NOTIFICATIONS") → GRANTED
[RET-BEFORE] Ldubrowgn/microtimer/MainActivity;.c bytecode_size=10
[METHOD-IN] Ldubrowgn/microtimer/MainActivity;.c (bytecode_size=10)
[REC-MISS] Ljava/lang/Class;.getName caller=Ldubrowgn/microtimer/MainActivity;.c
[REC-MISS] Landroid/util/Log;.d caller=Ldubrowgn/microtimer/MainActivity;.c
[REC-MISS] Landroid/content/Context;.getSystemService caller=Ldubrowgn/microtimer/MainActivity;.onCreate
[EXP088-B-DISPATCH] ActivityShadow.dispatch: method=getSystemService class=Ldubrowgn/microtimer/MainActivity;
[EXP088-B-DISPATCH] ActivityShadow.dispatch: method=getSystemService class=Landroid/app/Activity;
[EXP088-B-DISPATCH] ActivityShadow.dispatch: method=getSystemService class=Ldubrowgn/microtimer/MainActivity;
[EXP088-B-DISPATCH] ActivityShadow.dispatch: method=getSystemService class=Landroid/app/Activity;
[EXP088-B-DISPATCH] ActivityShadow.dispatch: method=getSystemService class=Ldubrowgn/microtimer/MainActivity;
[EXP088-B-DISPATCH] ActivityShadow.dispatch: method=getSystemService class=Landroid/app/Activity;
[EXP088-B-DISPATCH] ActivityShadow.dispatch: method=getSystemService class=Ldubrowgn/microtimer/MainActivity;
[EXP088-B-DISPATCH] ActivityShadow.dispatch: method=getSystemService class=Landroid/app/Activity;
[EXP088-B-DISPATCH] ActivityShadow.dispatch: method=getSystemService class=Ldubrowgn/microtimer/MainActivity;
[EXP088-B-DISPATCH] ActivityShadow.dispatch: method=getSystemService class=Landroid/app/Activity;
[EXP088-B-DISPATCH] ActivityShadow.dispatch: method=getSystemService class=Ldubrowgn/microtimer/MainActivity;
[EXP088-B-DISPATCH] ActivityShadow.dispatch: method=getSystemService class=Landroid/app/Activity;
[EXP088-B-DISPATCH] ActivityShadow.dispatch: method=getSystemService class=Ldubrowgn/microtimer/MainActivity;
[EXP088-B-DISPATCH] ActivityShadow.dispatch: method=getSystemService class=Landroid/app/Activity;
[EXP093-SVC] getSystemService("power") → Landroid/os/PowerManager;
[RET-BEFORE] La/e;.f bytecode_size=12
[METHOD-IN] La/e;.f (bytecode_size=12)
[REC-MISS] Landroid/content/Context;.getPackageName caller=Ldubrowgn/microtimer/MainActivity;.onCreate
[EXP088-B-DISPATCH] ActivityShadow.dispatch: method=getPackageName class=Ldubrowgn/microtimer/MainActivity;
[EXP088-B-DISPATCH] ActivityShadow.dispatch: method=getPackageName class=Landroid/app/Activity;
[EXP088-B-DISPATCH] ActivityShadow.dispatch: method=getPackageName class=Ldubrowgn/microtimer/MainActivity;
[EXP088-B-DISPATCH] ActivityShadow.dispatch: method=getPackageName class=Landroid/app/Activity;
[EXP088-B-DISPATCH] ActivityShadow.dispatch: method=getPackageName class=Ldubrowgn/microtimer/MainActivity;
[EXP088-B-DISPATCH] ActivityShadow.dispatch: method=getPackageName class=Landroid/app/Activity;
[EXP088-B-DISPATCH] ActivityShadow.dispatch: method=getPackageName class=Ldubrowgn/microtimer/MainActivity;
[EXP088-B-DISPATCH] ActivityShadow.dispatch: method=getPackageName class=Landroid/app/Activity;
[EXP088-B-DISPATCH] ActivityShadow.dispatch: method=getPackageName class=Ldubrowgn/microtimer/MainActivity;
[EXP088-B-DISPATCH] ActivityShadow.dispatch: method=getPackageName class=Landroid/app/Activity;
[EXP088-B-DISPATCH] ActivityShadow.dispatch: method=getPackageName class=Ldubrowgn/microtimer/MainActivity;
[EXP088-B-DISPATCH] ActivityShadow.dispatch: method=getPackageName class=Landroid/app/Activity;
[EXP088-B-DISPATCH] ActivityShadow.dispatch: method=getPackageName class=Ldubrowgn/microtimer/MainActivity;
[EXP088-B-DISPATCH] ActivityShadow.dispatch: method=getPackageName class=Landroid/app/Activity;
[REC-MISS] Landroid/os/PowerManager;.isIgnoringBatteryOptimizations caller=Ldubrowgn/microtimer/MainActivity;.onCreate
[RET-BEFORE] Ldubrowgn/microtimer/MainActivity;.c bytecode_size=10
[METHOD-IN] Ldubrowgn/microtimer/MainActivity;.c (bytecode_size=10)
[REC-MISS] Ljava/lang/Class;.getName caller=Ldubrowgn/microtimer/MainActivity;.c
[REC-MISS] Landroid/util/Log;.d caller=Ldubrowgn/microtimer/MainActivity;.c
[REC-MISS] Landroid/content/Intent;.<init> caller=Ldubrowgn/microtimer/MainActivity;.onCreate
[REC-MISS] Landroid/content/Context;.startActivity caller=Ldubrowgn/microtimer/MainActivity;.onCreate
[EXP088-B-DISPATCH] ActivityShadow.dispatch: method=startActivity class=Ldubrowgn/microtimer/MainActivity;
[INTENT] startActivity called (no component set)
[REC-MISS] Landroid/content/Context;.getSystemService caller=Ldubrowgn/microtimer/MainActivity;.onCreate
[EXP088-B-DISPATCH] ActivityShadow.dispatch: method=getSystemService class=Ldubrowgn/microtimer/MainActivity;
[EXP088-B-DISPATCH] ActivityShadow.dispatch: method=getSystemService class=Landroid/app/Activity;
[EXP088-B-DISPATCH] ActivityShadow.dispatch: method=getSystemService class=Ldubrowgn/microtimer/MainActivity;
[EXP088-B-DISPATCH] ActivityShadow.dispatch: method=getSystemService class=Landroid/app/Activity;
[EXP088-B-DISPATCH] ActivityShadow.dispatch: method=getSystemService class=Ldubrowgn/microtimer/MainActivity;
[EXP088-B-DISPATCH] ActivityShadow.dispatch: method=getSystemService class=Landroid/app/Activity;
[EXP088-B-DISPATCH] ActivityShadow.dispatch: method=getSystemService class=Ldubrowgn/microtimer/MainActivity;
[EXP088-B-DISPATCH] ActivityShadow.dispatch: method=getSystemService class=Landroid/app/Activity;
[EXP088-B-DISPATCH] ActivityShadow.dispatch: method=getSystemService class=Ldubrowgn/microtimer/MainActivity;
[EXP088-B-DISPATCH] ActivityShadow.dispatch: method=getSystemService class=Landroid/app/Activity;
[EXP088-B-DISPATCH] ActivityShadow.dispatch: method=getSystemService class=Ldubrowgn/microtimer/MainActivity;
[EXP088-B-DISPATCH] ActivityShadow.dispatch: method=getSystemService class=Landroid/app/Activity;
[EXP088-B-DISPATCH] ActivityShadow.dispatch: method=getSystemService class=Ldubrowgn/microtimer/MainActivity;
[EXP088-B-DISPATCH] ActivityShadow.dispatch: method=getSystemService class=Landroid/app/Activity;
[EXP093-SVC] getSystemService("alarm") → Landroid/app/AlarmManager;
[RET-BEFORE] La/e;.f bytecode_size=12
[METHOD-IN] La/e;.f (bytecode_size=12)
[RET-BEFORE] Lk/b;.a bytecode_size=5
[METHOD-IN] Lk/b;.a (bytecode_size=5)
[REC-MISS] Landroid/app/AlarmManager;.canScheduleExactAlarms caller=Lk/b;.a
[RET-BEFORE] Ldubrowgn/microtimer/MainActivity;.c bytecode_size=10
[METHOD-IN] Ldubrowgn/microtimer/MainActivity;.c (bytecode_size=10)
[REC-MISS] Ljava/lang/Class;.getName caller=Ldubrowgn/microtimer/MainActivity;.c
[REC-MISS] Landroid/util/Log;.d caller=Ldubrowgn/microtimer/MainActivity;.c
[REC-MISS] Landroid/content/Intent;.<init> caller=Ldubrowgn/microtimer/MainActivity;.onCreate
[REC-MISS] Landroid/content/Context;.startActivity caller=Ldubrowgn/microtimer/MainActivity;.onCreate
[EXP088-B-DISPATCH] ActivityShadow.dispatch: method=startActivity class=Ldubrowgn/microtimer/MainActivity;
[INTENT] startActivity called (no component set)
[REC-MISS] Landroid/content/Context;.getSystemService caller=Ldubrowgn/microtimer/MainActivity;.onCreate
[EXP088-B-DISPATCH] ActivityShadow.dispatch: method=getSystemService class=Ldubrowgn/microtimer/MainActivity;
[EXP088-B-DISPATCH] ActivityShadow.dispatch: method=getSystemService class=Landroid/app/Activity;
[EXP088-B-DISPATCH] ActivityShadow.dispatch: method=getSystemService class=Ldubrowgn/microtimer/MainActivity;
[EXP088-B-DISPATCH] ActivityShadow.dispatch: method=getSystemService class=Landroid/app/Activity;
[EXP088-B-DISPATCH] ActivityShadow.dispatch: method=getSystemService class=Ldubrowgn/microtimer/MainActivity;
[EXP088-B-DISPATCH] ActivityShadow.dispatch: method=getSystemService class=Landroid/app/Activity;
[EXP088-B-DISPATCH] ActivityShadow.dispatch: method=getSystemService class=Ldubrowgn/microtimer/MainActivity;
[EXP088-B-DISPATCH] ActivityShadow.dispatch: method=getSystemService class=Landroid/app/Activity;
[EXP088-B-DISPATCH] ActivityShadow.dispatch: method=getSystemService class=Ldubrowgn/microtimer/MainActivity;
[EXP088-B-DISPATCH] ActivityShadow.dispatch: method=getSystemService class=Landroid/app/Activity;
[EXP088-B-DISPATCH] ActivityShadow.dispatch: method=getSystemService class=Ldubrowgn/microtimer/MainActivity;
[EXP088-B-DISPATCH] ActivityShadow.dispatch: method=getSystemService class=Landroid/app/Activity;
[EXP088-B-DISPATCH] ActivityShadow.dispatch: method=getSystemService class=Ldubrowgn/microtimer/MainActivity;
[EXP088-B-DISPATCH] ActivityShadow.dispatch: method=getSystemService class=Landroid/app/Activity;
[EXP093-SVC] getSystemService("notification") → Landroid/app/NotificationManager;
[RET-BEFORE] La/e;.f bytecode_size=12
[METHOD-IN] La/e;.f (bytecode_size=12)
[REC-MISS] Landroid/app/NotificationManager;.canUseFullScreenIntent caller=Ldubrowgn/microtimer/MainActivity;.onCreate
[RET-BEFORE] Ldubrowgn/microtimer/MainActivity;.c bytecode_size=10
[METHOD-IN] Ldubrowgn/microtimer/MainActivity;.c (bytecode_size=10)
[REC-MISS] Ljava/lang/Class;.getName caller=Ldubrowgn/microtimer/MainActivity;.c
[REC-MISS] Landroid/util/Log;.d caller=Ldubrowgn/microtimer/MainActivity;.c
[REC-MISS] Landroid/content/Intent;.<init> caller=Ldubrowgn/microtimer/MainActivity;.onCreate
[REC-MISS] Landroid/content/Context;.startActivity caller=Ldubrowgn/microtimer/MainActivity;.onCreate
[EXP088-B-DISPATCH] ActivityShadow.dispatch: method=startActivity class=Ldubrowgn/microtimer/MainActivity;
[INTENT] startActivity called (no component set)
[REC-MISS] Landroid/content/Context;.getSystemService caller=Ldubrowgn/microtimer/MainActivity;.onCreate
[EXP088-B-DISPATCH] ActivityShadow.dispatch: method=getSystemService class=Ldubrowgn/microtimer/MainActivity;
[EXP088-B-DISPATCH] ActivityShadow.dispatch: method=getSystemService class=Landroid/app/Activity;
[EXP088-B-DISPATCH] ActivityShadow.dispatch: method=getSystemService class=Ldubrowgn/microtimer/MainActivity;
[EXP088-B-DISPATCH] ActivityShadow.dispatch: method=getSystemService class=Landroid/app/Activity;
[EXP088-B-DISPATCH] ActivityShadow.dispatch: method=getSystemService class=Ldubrowgn/microtimer/MainActivity;
[EXP088-B-DISPATCH] ActivityShadow.dispatch: method=getSystemService class=Landroid/app/Activity;
[EXP088-B-DISPATCH] ActivityShadow.dispatch: method=getSystemService class=Ldubrowgn/microtimer/MainActivity;
[EXP088-B-DISPATCH] ActivityShadow.dispatch: method=getSystemService class=Landroid/app/Activity;
[EXP088-B-DISPATCH] ActivityShadow.dispatch: method=getSystemService class=Ldubrowgn/microtimer/MainActivity;
[EXP088-B-DISPATCH] ActivityShadow.dispatch: method=getSystemService class=Landroid/app/Activity;
[EXP088-B-DISPATCH] ActivityShadow.dispatch: method=getSystemService class=Ldubrowgn/microtimer/MainActivity;
[EXP088-B-DISPATCH] ActivityShadow.dispatch: method=getSystemService class=Landroid/app/Activity;
[EXP088-B-DISPATCH] ActivityShadow.dispatch: method=getSystemService class=Ldubrowgn/microtimer/MainActivity;
[EXP088-B-DISPATCH] ActivityShadow.dispatch: method=getSystemService class=Landroid/app/Activity;
[EXP093-SVC] getSystemService("notification") → Landroid/app/NotificationManager;
[RET-BEFORE] La/e;.f bytecode_size=12
[METHOD-IN] La/e;.f (bytecode_size=12)
[REC-MISS] Landroid/app/NotificationChannel;.<init> caller=Ldubrowgn/microtimer/MainActivity;.onCreate
[REC-MISS] Landroid/app/NotificationChannel;.setDescription caller=Ldubrowgn/microtimer/MainActivity;.onCreate
[REC-MISS] Landroid/app/NotificationManager;.createNotificationChannel caller=Ldubrowgn/microtimer/MainActivity;.onCreate
[REC-MISS] Landroid/app/Activity;.setContentView caller=Ldubrowgn/microtimer/MainActivity;.onCreate
[EXP088-B-DISPATCH] ActivityShadow.dispatch: method=setContentView class=Ldubrowgn/microtimer/MainActivity;
[EXP075-ACTIVITY] ActivityShadow.dispatch: method=setContentView class=Ldubrowgn/microtimer/MainActivity; args=1 arg0_kind=0 arg0_int=2131165184
[U007-INFLATE] setContentView(layoutResId=0x7f070000)
[RET-BEFORE] Ldubrowgn/microtimer/RoTimeControl;.<init> bytecode_size=17
[METHOD-IN] Ldubrowgn/microtimer/RoTimeControl;.<init> (bytecode_size=17)
[RET-BEFORE] La/e;.h bytecode_size=97
[METHOD-IN] La/e;.h (bytecode_size=97)
[RET-BEFORE] La/e;.h bytecode_size=97
[METHOD-IN] La/e;.h (bytecode_size=97)
[EXP061-NOTFOUND] class_descriptor=Landroid/widget/FrameLayout; method=<init> (class not in index) caller=Ldubrowgn/microtimer/RoTimeControl;.<init>
[REC-MISS] Landroid/widget/FrameLayout;.<init> caller=Ldubrowgn/microtimer/RoTimeControl;.<init>
[REC-MISS] Ldubrowgn.microtimer.RoTimeControl;.a caller=Ldubrowgn/microtimer/RoTimeControl;.<init>
[RET-BEFORE] Ldubrowgn/microtimer/RoTimeControl;.a bytecode_size=95
[METHOD-IN] Ldubrowgn/microtimer/RoTimeControl;.a (bytecode_size=95)
[EXP061-NOTFOUND] class_descriptor=Landroid/widget/LinearLayout$LayoutParams; method=<init> (class not in index) caller=Ldubrowgn/microtimer/RoTimeControl;.a
[REC-MISS] Landroid/widget/LinearLayout$LayoutParams;.<init> caller=Ldubrowgn/microtimer/RoTimeControl;.a
[LP-INIT] bridged Landroid/widget/LinearLayout$LayoutParams;.<init> argc=3
[REC-MISS] Ldubrowgn.microtimer.RoTimeControl;.setLayoutParams caller=Ldubrowgn/microtimer/RoTimeControl;.a
[REC-MISS] Landroid/view/View;.setLayoutParams caller=Ldubrowgn/microtimer/RoTimeControl;.a
[EXP095-ADDVIEW-LP] child=62 w=-2 h=-2 gravity=0x0 margins=(0,0,0,0) weight=0 parent_class=Ldubrowgn.microtimer.RoTimeControl; via=setLayoutParams
[EXP061-NEW] new-instance Landroid/widget/TextView; → v0 obj_id=65 pc=9 caller=Ldubrowgn/microtimer/RoTimeControl;.a
[REC-MISS] Ldubrowgn.microtimer.RoTimeControl;.getContext caller=Ldubrowgn/microtimer/RoTimeControl;.a
[REC-MISS] Landroid/view/View;.getContext caller=Ldubrowgn/microtimer/RoTimeControl;.a
[REC-MISS] Landroid/widget/TextView;.<init> caller=Ldubrowgn/microtimer/RoTimeControl;.a
[EXP061-NOTFOUND] class_descriptor=Landroid/widget/LinearLayout$LayoutParams; method=<init> (class not in index) caller=Ldubrowgn/microtimer/RoTimeControl;.a
[REC-MISS] Landroid/widget/LinearLayout$LayoutParams;.<init> caller=Ldubrowgn/microtimer/RoTimeControl;.a
[LP-INIT] bridged Landroid/widget/LinearLayout$LayoutParams;.<init> argc=3
[REC-MISS] Landroid/widget/TextView;.setLayoutParams caller=Ldubrowgn/microtimer/RoTimeControl;.a
[REC-MISS] Landroid/view/View;.setLayoutParams caller=Ldubrowgn/microtimer/RoTimeControl;.a
[EXP095-ADDVIEW-LP] child=65 w=-1 h=-2 gravity=0x0 margins=(0,0,0,0) weight=0 parent_class=Landroid/widget/TextView; via=setLayoutParams
[REC-MISS] Landroid/widget/TextView;.setHint caller=Ldubrowgn/microtimer/RoTimeControl;.a
[EXP065-SETHINT] view_id=65 class=Landroid/widget/TextView; hint="HH:MM:SS"
[REC-MISS] Landroid/widget/TextView;.setTextSize caller=Ldubrowgn/microtimer/RoTimeControl;.a
[EXT-AOSP-002] setTextSize view=65 class=Landroid/widget/TextView; px=105
[REC-MISS] Landroid/widget/TextView;.setTextAlignment caller=Ldubrowgn/microtimer/RoTimeControl;.a
[REC-MISS] Landroid/view/View;.setTextAlignment caller=Ldubrowgn/microtimer/RoTimeControl;.a
[SGET] class=Ldubrowgn/microtimer/RoTimeControl; method=a pc=62 field=Landroid/graphics/Typeface;.MONOSPACE obj_id=0
[REC-MISS] Landroid/widget/TextView;.setTypeface caller=Ldubrowgn/microtimer/RoTimeControl;.a
[EXP062-ADDVIEW-TRACE] invoke-virtual addView this_id=62 this_class=Ldubrowgn.microtimer.RoTimeControl; child_type=7 child_id=65 child_class=Landroid/widget/TextView; caller=Ldubrowgn/microtimer/RoTimeControl;.a pc=71
[REC-MISS] Ldubrowgn.microtimer.RoTimeControl;.addView caller=Ldubrowgn/microtimer/RoTimeControl;.a
[REC-MISS] Landroid/view/ViewGroup;.addView caller=Ldubrowgn/microtimer/RoTimeControl;.a
[EXP061-ADDVIEW] parent=62 parent_class=Ldubrowgn.microtimer.RoTimeControl; child=65
[DEFAULT-MEASURE] class=Ldubrowgn/microtimer/RoTimeControl; view=62 node=FOUND overrides_onMeasure=0 flag=1
[TEXTSHAPER] READY primary=/usr/share/fonts/truetype/dejavu/DejaVuSans.ttf bold=/usr/share/fonts/truetype/dejavu/DejaVuSans-Bold.ttf fallback=/usr/share/fonts/truetype/freefont/FreeSerif.ttf emoji=/usr/share/fonts/truetype/emoji/NotoColorEmoji.ttf(strike=109) monospace=/home/z/my-project/MiniAndroid-Compatibility-Runtime/miniandroid/build/../runtime/data/fonts/DroidSansMono.ttf
FONT_RESOLUTION source=SYSTEM bold=0 (app did not request an app face)
[U007-INFLATE] root_id=56 views=25 strings=0 ids=0 unresolved=0
[REC-MISS] Landroid/app/Activity;.findViewById caller=Ldubrowgn/microtimer/MainActivity;.onCreate
[EXP088-B-ENTER] bridge_to_api: Ldubrowgn/microtimer/MainActivity;.findViewById args=2 shadow=YES
[EXP088-B-DISPATCH] ActivityShadow.dispatch: method=findViewById class=Ldubrowgn/microtimer/MainActivity;
[EXP075-ACTIVITY] ActivityShadow.dispatch: method=findViewById class=Ldubrowgn/microtimer/MainActivity; args=1 arg0_kind=0 arg0_int=2131034175
[EXP088-B-DBG] findViewById: target=0x7f05003f content_view_id=38 registry=YES
[EXP088-B] findViewById(0x7f05003f) → view_id=58
[RET-BEFORE] La/e;.g bytecode_size=18
[METHOD-IN] La/e;.g (bytecode_size=18)
[REC-MISS] Landroid/app/Activity;.findViewById caller=Ldubrowgn/microtimer/MainActivity;.onCreate
[EXP088-B-ENTER] bridge_to_api: Ldubrowgn/microtimer/MainActivity;.findViewById args=2 shadow=YES
[EXP088-B-DISPATCH] ActivityShadow.dispatch: method=findViewById class=Ldubrowgn/microtimer/MainActivity;
[EXP075-ACTIVITY] ActivityShadow.dispatch: method=findViewById class=Ldubrowgn/microtimer/MainActivity; args=1 arg0_kind=0 arg0_int=2131034176
[EXP088-B-DBG] findViewById: target=0x7f050040 content_view_id=38 registry=YES
[EXP088-B] findViewById(0x7f050040) → view_id=62
[RET-BEFORE] La/e;.g bytecode_size=18
[METHOD-IN] La/e;.g (bytecode_size=18)
[REC-MISS] Landroid/app/Activity;.findViewById caller=Ldubrowgn/microtimer/MainActivity;.onCreate
[EXP088-B-ENTER] bridge_to_api: Ldubrowgn/microtimer/MainActivity;.findViewById args=2 shadow=YES
[EXP088-B-DISPATCH] ActivityShadow.dispatch: method=findViewById class=Ldubrowgn/microtimer/MainActivity;
[EXP075-ACTIVITY] ActivityShadow.dispatch: method=findViewById class=Ldubrowgn/microtimer/MainActivity; args=1 arg0_kind=0 arg0_int=2131034152
[EXP088-B-DBG] findViewById: target=0x7f050028 content_view_id=38 registry=YES
[EXP088-B] findViewById(0x7f050028) → view_id=83
[RET-BEFORE] Lk/d;.<init> bytecode_size=8
[METHOD-IN] Lk/d;.<init> (bytecode_size=8)
[REC-MISS] Landroid/widget/Button;.setOnClickListener caller=Ldubrowgn/microtimer/MainActivity;.onCreate
[REC-MISS] Landroid/view/View;.setOnClickListener caller=Ldubrowgn/microtimer/MainActivity;.onCreate
[EXP060-LISTENER] setOnClickListener view_id=83 class=Landroid/widget/Button; listener_id=85
[REC-MISS] Landroid/app/Activity;.findViewById caller=Ldubrowgn/microtimer/MainActivity;.onCreate
[EXP088-B-ENTER] bridge_to_api: Ldubrowgn/microtimer/MainActivity;.findViewById args=2 shadow=YES
[EXP088-B-DISPATCH] ActivityShadow.dispatch: method=findViewById class=Ldubrowgn/microtimer/MainActivity;
[EXP075-ACTIVITY] ActivityShadow.dispatch: method=findViewById class=Ldubrowgn/microtimer/MainActivity; args=1 arg0_kind=0 arg0_int=2131034154
[EXP088-B-DBG] findViewById: target=0x7f05002a content_view_id=38 registry=YES
[EXP088-B] findViewById(0x7f05002a) → view_id=70
[RET-BEFORE] Lk/d;.<init> bytecode_size=8
[METHOD-IN] Lk/d;.<init> (bytecode_size=8)
[REC-MISS] Landroid/widget/Button;.setOnClickListener caller=Ldubrowgn/microtimer/MainActivity;.onCreate
[REC-MISS] Landroid/view/View;.setOnClickListener caller=Ldubrowgn/microtimer/MainActivity;.onCreate
[EXP060-LISTENER] setOnClickListener view_id=70 class=Landroid/widget/Button; listener_id=86
[REC-MISS] Landroid/app/Activity;.findViewById caller=Ldubrowgn/microtimer/MainActivity;.onCreate
[EXP088-B-ENTER] bridge_to_api: Ldubrowgn/microtimer/MainActivity;.findViewById args=2 shadow=YES
[EXP088-B-DISPATCH] ActivityShadow.dispatch: method=findViewById class=Ldubrowgn/microtimer/MainActivity;
[EXP075-ACTIVITY] ActivityShadow.dispatch: method=findViewById class=Ldubrowgn/microtimer/MainActivity; args=1 arg0_kind=0 arg0_int=2131034155
[EXP088-B-DBG] findViewById: target=0x7f05002b content_view_id=38 registry=YES
[EXP088-B] findViewById(0x7f05002b) → view_id=71
[RET-BEFORE] Lk/d;.<init> bytecode_size=8
[METHOD-IN] Lk/d;.<init> (bytecode_size=8)
[REC-MISS] Landroid/widget/Button;.setOnClickListener caller=Ldubrowgn/microtimer/MainActivity;.onCreate
[REC-MISS] Landroid/view/View;.setOnClickListener caller=Ldubrowgn/microtimer/MainActivity;.onCreate
[EXP060-LISTENER] setOnClickListener view_id=71 class=Landroid/widget/Button; listener_id=87
[REC-MISS] Landroid/app/Activity;.findViewById caller=Ldubrowgn/microtimer/MainActivity;.onCreate
[EXP088-B-ENTER] bridge_to_api: Ldubrowgn/microtimer/MainActivity;.findViewById args=2 shadow=YES
[EXP088-B-DISPATCH] ActivityShadow.dispatch: method=findViewById class=Ldubrowgn/microtimer/MainActivity;
[EXP075-ACTIVITY] ActivityShadow.dispatch: method=findViewById class=Ldubrowgn/microtimer/MainActivity; args=1 arg0_kind=0 arg0_int=2131034156
[EXP088-B-DBG] findViewById: target=0x7f05002c content_view_id=38 registry=YES
[EXP088-B] findViewById(0x7f05002c) → view_id=72
[RET-BEFORE] Lk/d;.<init> bytecode_size=8
[METHOD-IN] Lk/d;.<init> (bytecode_size=8)
[REC-MISS] Landroid/widget/Button;.setOnClickListener caller=Ldubrowgn/microtimer/MainActivity;.onCreate
[REC-MISS] Landroid/view/View;.setOnClickListener caller=Ldubrowgn/microtimer/MainActivity;.onCreate
[EXP060-LISTENER] setOnClickListener view_id=72 class=Landroid/widget/Button; listener_id=88
[REC-MISS] Landroid/app/Activity;.findViewById caller=Ldubrowgn/microtimer/MainActivity;.onCreate
[EXP088-B-ENTER] bridge_to_api: Ldubrowgn/microtimer/MainActivity;.findViewById args=2 shadow=YES
[EXP088-B-DISPATCH] ActivityShadow.dispatch: method=findViewById class=Ldubrowgn/microtimer/MainActivity;
[EXP075-ACTIVITY] ActivityShadow.dispatch: method=findViewById class=Ldubrowgn/microtimer/MainActivity; args=1 arg0_kind=0 arg0_int=2131034157
[EXP088-B-DBG] findViewById: target=0x7f05002d content_view_id=38 registry=YES
[EXP088-B] findViewById(0x7f05002d) → view_id=74
[RET-BEFORE] Lk/d;.<init> bytecode_size=8
[METHOD-IN] Lk/d;.<init> (bytecode_size=8)
[REC-MISS] Landroid/widget/Button;.setOnClickListener caller=Ldubrowgn/microtimer/MainActivity;.onCreate
[REC-MISS] Landroid/view/View;.setOnClickListener caller=Ldubrowgn/microtimer/MainActivity;.onCreate
[EXP060-LISTENER] setOnClickListener view_id=74 class=Landroid/widget/Button; listener_id=89
[REC-MISS] Landroid/app/Activity;.findViewById caller=Ldubrowgn/microtimer/MainActivity;.onCreate
[EXP088-B-ENTER] bridge_to_api: Ldubrowgn/microtimer/MainActivity;.findViewById args=2 shadow=YES
[EXP088-B-DISPATCH] ActivityShadow.dispatch: method=findViewById class=Ldubrowgn/microtimer/MainActivity;
[EXP075-ACTIVITY] ActivityShadow.dispatch: method=findViewById class=Ldubrowgn/microtimer/MainActivity; args=1 arg0_kind=0 arg0_int=2131034158
[EXP088-B-DBG] findViewById: target=0x7f05002e content_view_id=38 registry=YES
[EXP088-B] findViewById(0x7f05002e) → view_id=75
[RET-BEFORE] Lk/d;.<init> bytecode_size=8
[METHOD-IN] Lk/d;.<init> (bytecode_size=8)
[REC-MISS] Landroid/widget/Button;.setOnClickListener caller=Ldubrowgn/microtimer/MainActivity;.onCreate
[REC-MISS] Landroid/view/View;.setOnClickListener caller=Ldubrowgn/microtimer/MainActivity;.onCreate
[EXP060-LISTENER] setOnClickListener view_id=75 class=Landroid/widget/Button; listener_id=90
[REC-MISS] Landroid/app/Activity;.findViewById caller=Ldubrowgn/microtimer/MainActivity;.onCreate
[EXP088-B-ENTER] bridge_to_api: Ldubrowgn/microtimer/MainActivity;.findViewById args=2 shadow=YES
[EXP088-B-DISPATCH] ActivityShadow.dispatch: method=findViewById class=Ldubrowgn/microtimer/MainActivity;
[EXP075-ACTIVITY] ActivityShadow.dispatch: method=findViewById class=Ldubrowgn/microtimer/MainActivity; args=1 arg0_kind=0 arg0_int=2131034159
[EXP088-B-DBG] findViewById: target=0x7f05002f content_view_id=38 registry=YES
[EXP088-B] findViewById(0x7f05002f) → view_id=76
[RET-BEFORE] Lk/d;.<init> bytecode_size=8
[METHOD-IN] Lk/d;.<init> (bytecode_size=8)
[REC-MISS] Landroid/widget/Button;.setOnClickListener caller=Ldubrowgn/microtimer/MainActivity;.onCreate
[REC-MISS] Landroid/view/View;.setOnClickListener caller=Ldubrowgn/microtimer/MainActivity;.onCreate
[EXP060-LISTENER] setOnClickListener view_id=76 class=Landroid/widget/Button; listener_id=91
[REC-MISS] Landroid/app/Activity;.findViewById caller=Ldubrowgn/microtimer/MainActivity;.onCreate
[EXP088-B-ENTER] bridge_to_api: Ldubrowgn/microtimer/MainActivity;.findViewById args=2 shadow=YES
[EXP088-B-DISPATCH] ActivityShadow.dispatch: method=findViewById class=Ldubrowgn/microtimer/MainActivity;
[EXP075-ACTIVITY] ActivityShadow.dispatch: method=findViewById class=Ldubrowgn/microtimer/MainActivity; args=1 arg0_kind=0 arg0_int=2131034160
[EXP088-B-DBG] findViewById: target=0x7f050030 content_view_id=38 registry=YES
[EXP088-B] findViewById(0x7f050030) → view_id=78
[RET-BEFORE] Lk/d;.<init> bytecode_size=8
[METHOD-IN] Lk/d;.<init> (bytecode_size=8)
[REC-MISS] Landroid/widget/Button;.setOnClickListener caller=Ldubrowgn/microtimer/MainActivity;.onCreate
[REC-MISS] Landroid/view/View;.setOnClickListener caller=Ldubrowgn/microtimer/MainActivity;.onCreate
[EXP060-LISTENER] setOnClickListener view_id=78 class=Landroid/widget/Button; listener_id=92
[REC-MISS] Landroid/app/Activity;.findViewById caller=Ldubrowgn/microtimer/MainActivity;.onCreate
[EXP088-B-ENTER] bridge_to_api: Ldubrowgn/microtimer/MainActivity;.findViewById args=2 shadow=YES
[EXP088-B-DISPATCH] ActivityShadow.dispatch: method=findViewById class=Ldubrowgn/microtimer/MainActivity;
[EXP075-ACTIVITY] ActivityShadow.dispatch: method=findViewById class=Ldubrowgn/microtimer/MainActivity; args=1 arg0_kind=0 arg0_int=2131034161
[EXP088-B-DBG] findViewById: target=0x7f050031 content_view_id=38 registry=YES
[EXP088-B] findViewById(0x7f050031) → view_id=79
[RET-BEFORE] Lk/d;.<init> bytecode_size=8
[METHOD-IN] Lk/d;.<init> (bytecode_size=8)
[REC-MISS] Landroid/widget/Button;.setOnClickListener caller=Ldubrowgn/microtimer/MainActivity;.onCreate
[REC-MISS] Landroid/view/View;.setOnClickListener caller=Ldubrowgn/microtimer/MainActivity;.onCreate
[EXP060-LISTENER] setOnClickListener view_id=79 class=Landroid/widget/Button; listener_id=93
[REC-MISS] Landroid/app/Activity;.findViewById caller=Ldubrowgn/microtimer/MainActivity;.onCreate
[EXP088-B-ENTER] bridge_to_api: Ldubrowgn/microtimer/MainActivity;.findViewById args=2 shadow=YES
[EXP088-B-DISPATCH] ActivityShadow.dispatch: method=findViewById class=Ldubrowgn/microtimer/MainActivity;
[EXP075-ACTIVITY] ActivityShadow.dispatch: method=findViewById class=Ldubrowgn/microtimer/MainActivity; args=1 arg0_kind=0 arg0_int=2131034162
[EXP088-B-DBG] findViewById: target=0x7f050032 content_view_id=38 registry=YES
[EXP088-B] findViewById(0x7f050032) → view_id=80
[RET-BEFORE] Lk/d;.<init> bytecode_size=8
[METHOD-IN] Lk/d;.<init> (bytecode_size=8)
[REC-MISS] Landroid/widget/Button;.setOnClickListener caller=Ldubrowgn/microtimer/MainActivity;.onCreate
[REC-MISS] Landroid/view/View;.setOnClickListener caller=Ldubrowgn/microtimer/MainActivity;.onCreate
[EXP060-LISTENER] setOnClickListener view_id=80 class=Landroid/widget/Button; listener_id=94
[REC-MISS] Landroid/app/Activity;.findViewById caller=Ldubrowgn/microtimer/MainActivity;.onCreate
[EXP088-B-ENTER] bridge_to_api: Ldubrowgn/microtimer/MainActivity;.findViewById args=2 shadow=YES
[EXP088-B-DISPATCH] ActivityShadow.dispatch: method=findViewById class=Ldubrowgn/microtimer/MainActivity;
[EXP075-ACTIVITY] ActivityShadow.dispatch: method=findViewById class=Ldubrowgn/microtimer/MainActivity; args=1 arg0_kind=0 arg0_int=2131034153
[EXP088-B-DBG] findViewById: target=0x7f050029 content_view_id=38 registry=YES
[EXP088-B] findViewById(0x7f050029) → view_id=82
[RET-BEFORE] Lk/d;.<init> bytecode_size=8
[METHOD-IN] Lk/d;.<init> (bytecode_size=8)
[REC-MISS] Landroid/widget/Button;.setOnClickListener caller=Ldubrowgn/microtimer/MainActivity;.onCreate
[REC-MISS] Landroid/view/View;.setOnClickListener caller=Ldubrowgn/microtimer/MainActivity;.onCreate
[EXP060-LISTENER] setOnClickListener view_id=82 class=Landroid/widget/Button; listener_id=95
[REC-MISS] Landroid/app/Activity;.findViewById caller=Ldubrowgn/microtimer/MainActivity;.onCreate
[EXP088-B-ENTER] bridge_to_api: Ldubrowgn/microtimer/MainActivity;.findViewById args=2 shadow=YES
[EXP088-B-DISPATCH] ActivityShadow.dispatch: method=findViewById class=Ldubrowgn/microtimer/MainActivity;
[EXP075-ACTIVITY] ActivityShadow.dispatch: method=findViewById class=Ldubrowgn/microtimer/MainActivity; args=1 arg0_kind=0 arg0_int=2131034163
[EXP088-B-DBG] findViewById: target=0x7f050033 content_view_id=38 registry=YES
[EXP088-B] findViewById(0x7f050033) → view_id=67
[RET-BEFORE] Lk/d;.<init> bytecode_size=8
[METHOD-IN] Lk/d;.<init> (bytecode_size=8)
[REC-MISS] Landroid/widget/ImageButton;.setOnClickListener caller=Ldubrowgn/microtimer/MainActivity;.onCreate
[REC-MISS] Landroid/view/View;.setOnClickListener caller=Ldubrowgn/microtimer/MainActivity;.onCreate
[EXP060-LISTENER] setOnClickListener view_id=67 class=Landroid/view/View; listener_id=96
[REC-MISS] Landroid/app/Activity;.findViewById caller=Ldubrowgn/microtimer/MainActivity;.onCreate
[EXP088-B-ENTER] bridge_to_api: Ldubrowgn/microtimer/MainActivity;.findViewById args=2 shadow=YES
[EXP088-B-DISPATCH] ActivityShadow.dispatch: method=findViewById class=Ldubrowgn/microtimer/MainActivity;
[EXP075-ACTIVITY] ActivityShadow.dispatch: method=findViewById class=Ldubrowgn/microtimer/MainActivity; args=1 arg0_kind=0 arg0_int=2131034164
[EXP088-B-DBG] findViewById: target=0x7f050034 content_view_id=38 registry=YES
[EXP088-B] findViewById(0x7f050034) → view_id=61
[RET-BEFORE] Lk/d;.<init> bytecode_size=8
[METHOD-IN] Lk/d;.<init> (bytecode_size=8)
[REC-MISS] Landroid/widget/ImageButton;.setOnClickListener caller=Ldubrowgn/microtimer/MainActivity;.onCreate
[REC-MISS] Landroid/view/View;.setOnClickListener caller=Ldubrowgn/microtimer/MainActivity;.onCreate
[EXP060-LISTENER] setOnClickListener view_id=61 class=Landroid/view/View; listener_id=97
[REC-MISS] Landroid/app/Activity;.findViewById caller=Ldubrowgn/microtimer/MainActivity;.onCreate
[EXP088-B-ENTER] bridge_to_api: Ldubrowgn/microtimer/MainActivity;.findViewById args=2 shadow=YES
[EXP088-B-DISPATCH] ActivityShadow.dispatch: method=findViewById class=Ldubrowgn/microtimer/MainActivity;
[EXP075-ACTIVITY] ActivityShadow.dispatch: method=findViewById class=Ldubrowgn/microtimer/MainActivity; args=1 arg0_kind=0 arg0_int=2131034165
[EXP088-B-DBG] findViewById: target=0x7f050035 content_view_id=38 registry=YES
[EXP088-B] findViewById(0x7f050035) → view_id=84
[RET-BEFORE] Lk/d;.<init> bytecode_size=8
[METHOD-IN] Lk/d;.<init> (bytecode_size=8)
[REC-MISS] Landroid/widget/Button;.setOnClickListener caller=Ldubrowgn/microtimer/MainActivity;.onCreate
[REC-MISS] Landroid/view/View;.setOnClickListener caller=Ldubrowgn/microtimer/MainActivity;.onCreate
[EXP060-LISTENER] setOnClickListener view_id=84 class=Landroid/widget/Button; listener_id=98
[REC-MISS] Landroid/app/Activity;.setShowWhenLocked caller=Ldubrowgn/microtimer/MainActivity;.onCreate
[EXP088-B-DISPATCH] ActivityShadow.dispatch: method=setShowWhenLocked class=Ldubrowgn/microtimer/MainActivity;
[EXP088-B-DISPATCH] ActivityShadow.dispatch: method=setShowWhenLocked class=Landroid/app/Activity;
[EXP088-B-DISPATCH] ActivityShadow.dispatch: method=setShowWhenLocked class=Ldubrowgn/microtimer/MainActivity;
[EXP088-B-DISPATCH] ActivityShadow.dispatch: method=setShowWhenLocked class=Landroid/app/Activity;
[EXP088-B-DISPATCH] ActivityShadow.dispatch: method=setShowWhenLocked class=Ldubrowgn/microtimer/MainActivity;
[EXP088-B-DISPATCH] ActivityShadow.dispatch: method=setShowWhenLocked class=Landroid/app/Activity;
[EXP088-B-DISPATCH] ActivityShadow.dispatch: method=setShowWhenLocked class=Ldubrowgn/microtimer/MainActivity;
[EXP088-B-DISPATCH] ActivityShadow.dispatch: method=setShowWhenLocked class=Landroid/app/Activity;
[EXP088-B-DISPATCH] ActivityShadow.dispatch: method=setShowWhenLocked class=Ldubrowgn/microtimer/MainActivity;
[EXP088-B-DISPATCH] ActivityShadow.dispatch: method=setShowWhenLocked class=Landroid/app/Activity;
[EXP088-B-DISPATCH] ActivityShadow.dispatch: method=setShowWhenLocked class=Ldubrowgn/microtimer/MainActivity;
[EXP088-B-DISPATCH] ActivityShadow.dispatch: method=setShowWhenLocked class=Landroid/app/Activity;
[EXP088-B-DISPATCH] ActivityShadow.dispatch: method=setShowWhenLocked class=Ldubrowgn/microtimer/MainActivity;
[EXP088-B-DISPATCH] ActivityShadow.dispatch: method=setShowWhenLocked class=Landroid/app/Activity;
[EXP088-B-DISPATCH] ActivityShadow.dispatch: method=setShowWhenLocked class=Ldubrowgn/microtimer/MainActivity;
[REC-MISS] Landroid/app/Activity;.setTurnScreenOn caller=Ldubrowgn/microtimer/MainActivity;.onCreate
[EXP088-B-DISPATCH] ActivityShadow.dispatch: method=setTurnScreenOn class=Ldubrowgn/microtimer/MainActivity;
[EXP088-B-DISPATCH] ActivityShadow.dispatch: method=setTurnScreenOn class=Landroid/app/Activity;
[EXP088-B-DISPATCH] ActivityShadow.dispatch: method=setTurnScreenOn class=Ldubrowgn/microtimer/MainActivity;
[EXP088-B-DISPATCH] ActivityShadow.dispatch: method=setTurnScreenOn class=Landroid/app/Activity;
[EXP088-B-DISPATCH] ActivityShadow.dispatch: method=setTurnScreenOn class=Ldubrowgn/microtimer/MainActivity;
[EXP088-B-DISPATCH] ActivityShadow.dispatch: method=setTurnScreenOn class=Landroid/app/Activity;
[EXP088-B-DISPATCH] ActivityShadow.dispatch: method=setTurnScreenOn class=Ldubrowgn/microtimer/MainActivity;
[EXP088-B-DISPATCH] ActivityShadow.dispatch: method=setTurnScreenOn class=Landroid/app/Activity;
[EXP088-B-DISPATCH] ActivityShadow.dispatch: method=setTurnScreenOn class=Ldubrowgn/microtimer/MainActivity;
[EXP088-B-DISPATCH] ActivityShadow.dispatch: method=setTurnScreenOn class=Landroid/app/Activity;
[EXP088-B-DISPATCH] ActivityShadow.dispatch: method=setTurnScreenOn class=Ldubrowgn/microtimer/MainActivity;
[EXP088-B-DISPATCH] ActivityShadow.dispatch: method=setTurnScreenOn class=Landroid/app/Activity;
[EXP088-B-DISPATCH] ActivityShadow.dispatch: method=setTurnScreenOn class=Ldubrowgn/microtimer/MainActivity;
[EXP088-B-DISPATCH] ActivityShadow.dispatch: method=setTurnScreenOn class=Landroid/app/Activity;
[EXP088-B-DISPATCH] ActivityShadow.dispatch: method=setTurnScreenOn class=Ldubrowgn/microtimer/MainActivity;
[REC-MISS] Landroid/content/Context;.getSystemService caller=Ldubrowgn/microtimer/MainActivity;.onCreate
[EXP088-B-DISPATCH] ActivityShadow.dispatch: method=getSystemService class=Ldubrowgn/microtimer/MainActivity;
[EXP088-B-DISPATCH] ActivityShadow.dispatch: method=getSystemService class=Landroid/app/Activity;
[EXP088-B-DISPATCH] ActivityShadow.dispatch: method=getSystemService class=Ldubrowgn/microtimer/MainActivity;
[EXP088-B-DISPATCH] ActivityShadow.dispatch: method=getSystemService class=Landroid/app/Activity;
[EXP088-B-DISPATCH] ActivityShadow.dispatch: method=getSystemService class=Ldubrowgn/microtimer/MainActivity;
[EXP088-B-DISPATCH] ActivityShadow.dispatch: method=getSystemService class=Landroid/app/Activity;
[EXP088-B-DISPATCH] ActivityShadow.dispatch: method=getSystemService class=Ldubrowgn/microtimer/MainActivity;
[EXP088-B-DISPATCH] ActivityShadow.dispatch: method=getSystemService class=Landroid/app/Activity;
[EXP088-B-DISPATCH] ActivityShadow.dispatch: method=getSystemService class=Ldubrowgn/microtimer/MainActivity;
[EXP088-B-DISPATCH] ActivityShadow.dispatch: method=getSystemService class=Landroid/app/Activity;
[EXP088-B-DISPATCH] ActivityShadow.dispatch: method=getSystemService class=Ldubrowgn/microtimer/MainActivity;
[EXP088-B-DISPATCH] ActivityShadow.dispatch: method=getSystemService class=Landroid/app/Activity;
[EXP088-B-DISPATCH] ActivityShadow.dispatch: method=getSystemService class=Ldubrowgn/microtimer/MainActivity;
[EXP088-B-DISPATCH] ActivityShadow.dispatch: method=getSystemService class=Landroid/app/Activity;
[EXP093-SVC] getSystemService("keyguard") → Landroid/app/KeyguardManager;
[RET-BEFORE] La/e;.f bytecode_size=12
[METHOD-IN] La/e;.f (bytecode_size=12)
[REC-MISS] Landroid/app/KeyguardManager;.requestDismissKeyguard caller=Ldubrowgn/microtimer/MainActivity;.onCreate
[RET-BEFORE] Ldubrowgn/microtimer/MainActivity;.c bytecode_size=10
[METHOD-IN] Ldubrowgn/microtimer/MainActivity;.c (bytecode_size=10)
[REC-MISS] Ljava/lang/Class;.getName caller=Ldubrowgn/microtimer/MainActivity;.c
[REC-MISS] Landroid/util/Log;.d caller=Ldubrowgn/microtimer/MainActivity;.c
[RET-BEFORE] La/e;.n bytecode_size=28
[METHOD-IN] La/e;.n (bytecode_size=28)
[REC-MISS] Ljava/lang/StringBuilder;.<init> caller=La/e;.n
[REC-MISS] Ljava/lang/StringBuilder;.append caller=La/e;.n
[REC-MISS] Ljava/lang/StringBuilder;.append caller=La/e;.n
[REC-MISS] Ljava/lang/StringBuilder;.toString caller=La/e;.n
[RET-BEFORE] La/e;.m bytecode_size=43
[METHOD-IN] La/e;.m (bytecode_size=43)
[REC-MISS] Ljava/lang/Class;.getName caller=La/e;.m
[REC-MISS] Ljava/lang/Throwable;.getStackTrace caller=La/e;.m
[REC-MISS] Ljava/util/Arrays;.copyOfRange caller=La/e;.m
[REC-MISS] Ljava/lang/Throwable;.setStackTrace caller=La/e;.m
[EXCEPTION] method=La/e;.n pc=27 exception=Lm/c; try_range=(none) handler=NOT_FOUND
[EXCEPTION] no handler for Lm/c; in La/e;.n — unwinding frame (propagate to caller)
[EXC-PROPAGATE] Lm/c; uncaught at caller Ldubrowgn/microtimer/MainActivity;.onCreate invoke_pc=1595 → caller continues after invoke (compatibility)
[EXCEPTION] method=Ldubrowgn/microtimer/MainActivity;.onCreate pc=1598 exception=<unknown> try_range=(no try covering pc) handler=NOT_FOUND
[EXCEPTION] no handler for <unknown> in Ldubrowgn/microtimer/MainActivity;.onCreate — unwinding frame (propagate to caller)
[FRAGMENT-LIFECYCLE] method=onStart declared_in=Ldubrowgn/microtimer/MainActivity; runtime_class=Ldubrowgn/microtimer/MainActivity;
[G07-LIFECYCLE] Ldubrowgn/microtimer/MainActivity;.onStart() dispatched via DEX engine (ok=0, instructions=0)
[FRAGMENT-LIFECYCLE] method=onResume declared_in=Ldubrowgn/microtimer/MainActivity; runtime_class=Ldubrowgn/microtimer/MainActivity;
[RET-BEFORE] Ldubrowgn/microtimer/MainActivity;.onResume bytecode_size=80
[METHOD-IN] Ldubrowgn/microtimer/MainActivity;.onResume (bytecode_size=80)
[RET-BEFORE] Ldubrowgn/microtimer/MainActivity;.c bytecode_size=10
[METHOD-IN] Ldubrowgn/microtimer/MainActivity;.c (bytecode_size=10)
[REC-MISS] Ljava/lang/Class;.getName caller=Ldubrowgn/microtimer/MainActivity;.c
[REC-MISS] Landroid/util/Log;.d caller=Ldubrowgn/microtimer/MainActivity;.c
[FRAGMENT-LIFECYCLE] method=onResume declared_in=Landroid/app/Activity; runtime_class=Ldubrowgn/microtimer/MainActivity;
[REC-MISS] Landroid/app/Activity;.onResume caller=Ldubrowgn/microtimer/MainActivity;.onResume
[EXP088-B-DISPATCH] ActivityShadow.dispatch: method=onResume class=Landroid/app/Activity;<super>
[EXP088-B-DISPATCH] ActivityShadow.dispatch: method=onResume class=Ldubrowgn/microtimer/MainActivity;
[EXP088-B-DISPATCH] ActivityShadow.dispatch: method=onResume class=Landroid/app/Activity;
[EXP088-B-DISPATCH] ActivityShadow.dispatch: method=onResume class=Ldubrowgn/microtimer/MainActivity;
[EXP088-B-DISPATCH] ActivityShadow.dispatch: method=onResume class=Landroid/app/Activity;
[EXP088-B-DISPATCH] ActivityShadow.dispatch: method=onResume class=Ldubrowgn/microtimer/MainActivity;
[EXP088-B-DISPATCH] ActivityShadow.dispatch: method=onResume class=Landroid/app/Activity;
[EXP088-B-DISPATCH] ActivityShadow.dispatch: method=onResume class=Ldubrowgn/microtimer/MainActivity;
[EXP088-B-DISPATCH] ActivityShadow.dispatch: method=onResume class=Landroid/app/Activity;
[EXP088-B-DISPATCH] ActivityShadow.dispatch: method=onResume class=Ldubrowgn/microtimer/MainActivity;
[EXP088-B-DISPATCH] ActivityShadow.dispatch: method=onResume class=Landroid/app/Activity;
[EXP088-B-DISPATCH] ActivityShadow.dispatch: method=onResume class=Ldubrowgn/microtimer/MainActivity;
[EXP088-B-DISPATCH] ActivityShadow.dispatch: method=onResume class=Landroid/app/Activity;
[EXP088-B-DISPATCH] ActivityShadow.dispatch: method=onResume class=Ldubrowgn/microtimer/MainActivity;
[EXP088-B-DISPATCH] ActivityShadow.dispatch: method=onResume class=Landroid/app/Activity;
[EXP088-B-DISPATCH] ActivityShadow.dispatch: method=onResume class=Ldubrowgn/microtimer/MainActivity;
[EXP061-NOTFOUND] class_descriptor=Landroid/widget/LinearLayout; method=getChildCount (class not in index) caller=Ldubrowgn/microtimer/MainActivity;.onResume
[REC-MISS] Landroid/widget/LinearLayout;.getChildCount caller=Ldubrowgn/microtimer/MainActivity;.onResume
[REC-MISS] Landroid/view/ViewGroup;.getChildCount caller=Ldubrowgn/microtimer/MainActivity;.onResume
[G07-LIFECYCLE] Ldubrowgn/microtimer/MainActivity;.onResume() dispatched via DEX engine (ok=1, instructions=19)
[ApkParser] Found EOCD at offset 208873
[ApkParser] Central Directory: 105 entries at offset 202300
[EXT01-WINBG] windowBackground=@0xffffffff rgb(255,255,255)
[EXP092-RENDER] node=56 class=Landroid/widget/LinearLayout; text="" children=8 depth=0 pos=(0,0) size=(1080x1920)
[EXP092-RENDER] node=57 class=Landroid/widget/ScrollView; text="" children=1 depth=1 pos=(0,0) size=(1080x948)
[EXP092-RENDER] node=58 class=Landroid/widget/LinearLayout; text="" children=0 depth=2 pos=(0,0) size=(1080x0)
[EXP092-RENDER] node=59 class=Landroid/view/View; text="" children=0 depth=1 pos=(0,948) size=(1080x3)
[EXP092-RENDER] node=60 class=Landroid/widget/LinearLayout; text="" children=3 depth=1 pos=(0,951) size=(1080x126)
[EXP092-RENDER] node=61 class=Landroid/widget/ImageButton; text="" children=0 depth=2 pos=(0,951) size=(126x126)
[EXP092-RENDER] node=62 class=Ldubrowgn.microtimer.RoTimeControl; text="" children=1 depth=2 pos=(126,951) size=(538x123)
[C013-LEAFCHK] Ldubrowgn.microtimer.RoTimeControl; children=1 own_content=0 img_resid=0 bg=0x0 vis=0 w=538 h=123
[EXP092-RENDER] node=65 class=Landroid/widget/TextView; text="" children=0 depth=3 pos=(126,951) size=(538x123)
[EXP092-RENDER] node=67 class=Landroid/widget/ImageButton; text="" children=0 depth=2 pos=(664,951) size=(126x126)
[EXP092-RENDER] node=68 class=Landroid/view/View; text="" children=0 depth=1 pos=(0,1077) size=(1080x3)
[EXP092-RENDER] node=69 class=Landroid/widget/LinearLayout; text="" children=3 depth=1 pos=(0,1080) size=(1080x210)
[EXP092-RENDER] node=70 class=Landroid/widget/Button; text="1" children=0 depth=2 pos=(0,1080) size=(360x210)
[EXP092-RENDER] node=71 class=Landroid/widget/Button; text="2" children=0 depth=2 pos=(360,1080) size=(360x210)
[EXP092-RENDER] node=72 class=Landroid/widget/Button; text="3" children=0 depth=2 pos=(720,1080) size=(360x210)
[EXP092-RENDER] node=73 class=Landroid/widget/LinearLayout; text="" children=3 depth=1 pos=(0,1290) size=(1080x210)
[EXP092-RENDER] node=74 class=Landroid/widget/Button; text="4" children=0 depth=2 pos=(0,1290) size=(360x210)
[EXP092-RENDER] node=75 class=Landroid/widget/Button; text="5" children=0 depth=2 pos=(360,1290) size=(360x210)
[EXP092-RENDER] node=76 class=Landroid/widget/Button; text="6" children=0 depth=2 pos=(720,1290) size=(360x210)
[EXP092-RENDER] node=77 class=Landroid/widget/LinearLayout; text="" children=3 depth=1 pos=(0,1500) size=(1080x210)
[EXP092-RENDER] node=78 class=Landroid/widget/Button; text="7" children=0 depth=2 pos=(0,1500) size=(360x210)
[EXP092-RENDER] node=79 class=Landroid/widget/Button; text="8" children=0 depth=2 pos=(360,1500) size=(360x210)
[EXP092-RENDER] node=80 class=Landroid/widget/Button; text="9" children=0 depth=2 pos=(720,1500) size=(360x210)
[EXP092-RENDER] node=81 class=Landroid/widget/LinearLayout; text="" children=3 depth=1 pos=(0,1710) size=(1080x210)
[EXP092-RENDER] node=82 class=Landroid/widget/Button; text="00" children=0 depth=2 pos=(0,1710) size=(360x210)
[EXP092-RENDER] node=83 class=Landroid/widget/Button; text="0" children=0 depth=2 pos=(360,1710) size=(360x210)
[EXP092-RENDER] node=84 class=Landroid/widget/Button; text="" children=0 depth=2 pos=(720,1710) size=(360x210)
[EXP092-COPY] fb has 1041437 non-white pixels out of 2073600 total
[EXP092-COPY] framebuffer_ updated, checking...
[EXP092-COPY] framebuffer_ has 1041437 non-white pixels
[CLICK-TEST] 14 view(s) with click listeners
[CLICK-TEST] 0 view(s) with XML android:onClick handlers
[UI-EVENT] event=CLICK view_object=84 view_class=Landroid/widget/Button; listener=98 listener_class=Lk/d;
[RET-BEFORE] Lk/d;.onClick bytecode_size=356
[METHOD-IN] Lk/d;.onClick (bytecode_size=356)
[SGET] class=Lk/d; method=onClick pc=96 field=Ldubrowgn/microtimer/MainActivity;.g value=0
[RET-BEFORE] La/e;.h bytecode_size=97
[METHOD-IN] La/e;.h (bytecode_size=97)
[RET-BEFORE] Ldubrowgn/microtimer/MainActivity;.c bytecode_size=10
[METHOD-IN] Ldubrowgn/microtimer/MainActivity;.c (bytecode_size=10)
[REC-MISS] Ljava/lang/Class;.getName caller=Ldubrowgn/microtimer/MainActivity;.c
[REC-MISS] Landroid/util/Log;.d caller=Ldubrowgn/microtimer/MainActivity;.c
[UI-EVENT] event=CLICK result=DISPATCHED listener=Lk/d;
[ApkParser] Found EOCD at offset 208873
[ApkParser] Central Directory: 105 entries at offset 202300
[EXT01-WINBG] windowBackground=@0xffffffff rgb(255,255,255)
[EXP092-RENDER] node=56 class=Landroid/widget/LinearLayout; text="" children=8 depth=0 pos=(0,0) size=(1080x1920)
[EXP092-RENDER] node=57 class=Landroid/widget/ScrollView; text="" children=1 depth=1 pos=(0,0) size=(1080x948)
[EXP092-RENDER] node=58 class=Landroid/widget/LinearLayout; text="" children=0 depth=2 pos=(0,0) size=(1080x0)
[EXP092-RENDER] node=59 class=Landroid/view/View; text="" children=0 depth=1 pos=(0,948) size=(1080x3)
[EXP092-RENDER] node=60 class=Landroid/widget/LinearLayout; text="" children=3 depth=1 pos=(0,951) size=(1080x126)
[EXP092-RENDER] node=61 class=Landroid/widget/ImageButton; text="" children=0 depth=2 pos=(0,951) size=(126x126)
[EXP092-RENDER] node=62 class=Ldubrowgn.microtimer.RoTimeControl; text="" children=1 depth=2 pos=(126,951) size=(538x123)
[C013-LEAFCHK] Ldubrowgn.microtimer.RoTimeControl; children=1 own_content=0 img_resid=0 bg=0x0 vis=0 w=538 h=123
[EXP092-RENDER] node=65 class=Landroid/widget/TextView; text="" children=0 depth=3 pos=(126,951) size=(538x123)
[EXP092-RENDER] node=67 class=Landroid/widget/ImageButton; text="" children=0 depth=2 pos=(664,951) size=(126x126)
[EXP092-RENDER] node=68 class=Landroid/view/View; text="" children=0 depth=1 pos=(0,1077) size=(1080x3)
[EXP092-RENDER] node=69 class=Landroid/widget/LinearLayout; text="" children=3 depth=1 pos=(0,1080) size=(1080x210)
[EXP092-RENDER] node=70 class=Landroid/widget/Button; text="1" children=0 depth=2 pos=(0,1080) size=(360x210)
[EXP092-RENDER] node=71 class=Landroid/widget/Button; text="2" children=0 depth=2 pos=(360,1080) size=(360x210)
[EXP092-RENDER] node=72 class=Landroid/widget/Button; text="3" children=0 depth=2 pos=(720,1080) size=(360x210)
[EXP092-RENDER] node=73 class=Landroid/widget/LinearLayout; text="" children=3 depth=1 pos=(0,1290) size=(1080x210)
[EXP092-RENDER] node=74 class=Landroid/widget/Button; text="4" children=0 depth=2 pos=(0,1290) size=(360x210)
[EXP092-RENDER] node=75 class=Landroid/widget/Button; text="5" children=0 depth=2 pos=(360,1290) size=(360x210)
[EXP092-RENDER] node=76 class=Landroid/widget/Button; text="6" children=0 depth=2 pos=(720,1290) size=(360x210)
[EXP092-RENDER] node=77 class=Landroid/widget/LinearLayout; text="" children=3 depth=1 pos=(0,1500) size=(1080x210)
[EXP092-RENDER] node=78 class=Landroid/widget/Button; text="7" children=0 depth=2 pos=(0,1500) size=(360x210)
[EXP092-RENDER] node=79 class=Landroid/widget/Button; text="8" children=0 depth=2 pos=(360,1500) size=(360x210)
[EXP092-RENDER] node=80 class=Landroid/widget/Button; text="9" children=0 depth=2 pos=(720,1500) size=(360x210)
[EXP092-RENDER] node=81 class=Landroid/widget/LinearLayout; text="" children=3 depth=1 pos=(0,1710) size=(1080x210)
[EXP092-RENDER] node=82 class=Landroid/widget/Button; text="00" children=0 depth=2 pos=(0,1710) size=(360x210)
[EXP092-RENDER] node=83 class=Landroid/widget/Button; text="0" children=0 depth=2 pos=(360,1710) size=(360x210)
[EXP092-RENDER] node=84 class=Landroid/widget/Button; text="" children=0 depth=2 pos=(720,1710) size=(360x210)
[EXP092-COPY] fb has 1041437 non-white pixels out of 2073600 total
[EXP092-COPY] framebuffer_ updated, checking...
[EXP092-COPY] framebuffer_ has 1041437 non-white pixels
[UI-EVENT] event=CLICK view_object=83 view_class=Landroid/widget/Button; listener=85 listener_class=Lk/d;
[RET-BEFORE] Lk/d;.onClick bytecode_size=356
[METHOD-IN] Lk/d;.onClick (bytecode_size=356)
[SGET] class=Lk/d; method=onClick pc=306 field=Ldubrowgn/microtimer/MainActivity;.g value=0
[RET-BEFORE] La/e;.h bytecode_size=97
[METHOD-IN] La/e;.h (bytecode_size=97)
[RET-BEFORE] Ldubrowgn/microtimer/MainActivity;.d bytecode_size=33
[METHOD-IN] Ldubrowgn/microtimer/MainActivity;.d (bytecode_size=33)
[REC-MISS] Ljava/lang/Integer;.remainderUnsigned caller=Ldubrowgn/microtimer/MainActivity;.d
[REC-MISS] Ldubrowgn.microtimer.RoTimeControl;.b caller=Ldubrowgn/microtimer/MainActivity;.d
[RET-BEFORE] Ldubrowgn/microtimer/RoTimeControl;.b bytecode_size=26
[METHOD-IN] Ldubrowgn/microtimer/RoTimeControl;.b (bytecode_size=26)
[RET-BEFORE] Lk/a;.toString bytecode_size=86
[METHOD-IN] Lk/a;.toString (bytecode_size=86)
[CLASS_INIT] class=Le/b; method=<clinit> bytecode_size=9
[RET-BEFORE] Le/b;.<clinit> bytecode_size=9
[METHOD-IN] Le/b;.<clinit> (bytecode_size=9)
[RET-BEFORE] Le/b;.<init> bytecode_size=6
[METHOD-IN] Le/b;.<init> (bytecode_size=6)
[CLASS_INIT] class=Le/b; method=<clinit> result=OK
[SGET] class=Lk/a; method=toString pc=0 field=Le/b;.b obj_id=102
[REC-MISS] Ljava/lang/Integer;.divideUnsigned caller=Lk/a;.toString
[REC-MISS] Ljava/lang/Integer;.remainderUnsigned caller=Lk/a;.toString
[RET-BEFORE] Lm/b;.<init> bytecode_size=6
[METHOD-IN] Lm/b;.<init> (bytecode_size=6)
[RET-BEFORE] Le/b;.b bytecode_size=192
[METHOD-IN] Le/b;.b (bytecode_size=192)
[REC-MISS] Ljava/lang/Integer;.toUnsignedString caller=Le/b;.b
[RET-BEFORE] La/e;.h bytecode_size=97
[METHOD-IN] La/e;.h (bytecode_size=97)
[REC-MISS] Ljava/lang/StringBuilder;.<init> caller=Le/b;.b
[RET-BEFORE] Lt/c;.<init> bytecode_size=5
[METHOD-IN] Lt/c;.<init> (bytecode_size=5)
[RET-BEFORE] Lt/a;.<init> bytecode_size=88
[METHOD-IN] Lt/a;.<init> (bytecode_size=88)
[REC-MISS] Ljava/lang/StringBuilder;.append caller=Le/b;.b
[REC-MISS] Ljava/lang/StringBuilder;.append caller=Le/b;.b
[REC-MISS] Ljava/lang/StringBuilder;.toString caller=Le/b;.b
[REC-MISS] Ljava/lang/Object;.toString caller=Le/b;.b
[REC-MISS] Ljava/lang/Integer;.divideUnsigned caller=Lk/a;.toString
[REC-MISS] Ljava/lang/Integer;.remainderUnsigned caller=Lk/a;.toString
[RET-BEFORE] Lm/b;.<init> bytecode_size=6
[METHOD-IN] Lm/b;.<init> (bytecode_size=6)
[RET-BEFORE] Le/b;.b bytecode_size=192
[METHOD-IN] Le/b;.b (bytecode_size=192)
[REC-MISS] Ljava/lang/Integer;.toUnsignedString caller=Le/b;.b
[RET-BEFORE] La/e;.h bytecode_size=97
[METHOD-IN] La/e;.h (bytecode_size=97)
[REC-MISS] Ljava/lang/StringBuilder;.<init> caller=Le/b;.b
[RET-BEFORE] Lt/c;.<init> bytecode_size=5
[METHOD-IN] Lt/c;.<init> (bytecode_size=5)
[RET-BEFORE] Lt/a;.<init> bytecode_size=88
[METHOD-IN] Lt/a;.<init> (bytecode_size=88)
[REC-MISS] Ljava/lang/StringBuilder;.append caller=Le/b;.b
[REC-MISS] Ljava/lang/StringBuilder;.append caller=Le/b;.b
[REC-MISS] Ljava/lang/StringBuilder;.toString caller=Le/b;.b
[REC-MISS] Ljava/lang/Object;.toString caller=Le/b;.b
[REC-MISS] Ljava/lang/Integer;.remainderUnsigned caller=Lk/a;.toString
[RET-BEFORE] Lm/b;.<init> bytecode_size=6
[METHOD-IN] Lm/b;.<init> (bytecode_size=6)
[RET-BEFORE] Le/b;.b bytecode_size=192
[METHOD-IN] Le/b;.b (bytecode_size=192)
[REC-MISS] Ljava/lang/Integer;.toUnsignedString caller=Le/b;.b
[RET-BEFORE] La/e;.h bytecode_size=97
[METHOD-IN] La/e;.h (bytecode_size=97)
[REC-MISS] Ljava/lang/StringBuilder;.<init> caller=Le/b;.b
[RET-BEFORE] Lt/c;.<init> bytecode_size=5
[METHOD-IN] Lt/c;.<init> (bytecode_size=5)
[RET-BEFORE] Lt/a;.<init> bytecode_size=88
[METHOD-IN] Lt/a;.<init> (bytecode_size=88)
[REC-MISS] Ljava/lang/StringBuilder;.append caller=Le/b;.b
[REC-MISS] Ljava/lang/StringBuilder;.append caller=Le/b;.b
[REC-MISS] Ljava/lang/StringBuilder;.toString caller=Le/b;.b
[REC-MISS] Ljava/lang/Object;.toString caller=Le/b;.b
[REC-MISS] Ljava/lang/StringBuilder;.<init> caller=Lk/a;.toString
[REC-MISS] Ljava/lang/StringBuilder;.append caller=Lk/a;.toString
[REC-MISS] Ljava/lang/StringBuilder;.append caller=Lk/a;.toString
[REC-MISS] Ljava/lang/StringBuilder;.append caller=Lk/a;.toString
[REC-MISS] Ljava/lang/StringBuilder;.append caller=Lk/a;.toString
[REC-MISS] Ljava/lang/StringBuilder;.append caller=Lk/a;.toString
[REC-MISS] Ljava/lang/StringBuilder;.toString caller=Lk/a;.toString
[REC-MISS] Landroid/widget/TextView;.setText caller=Ldubrowgn/microtimer/RoTimeControl;.b
[EXP091-SETTEXT] view_id=65 class=Landroid/widget/TextView; arg_kind=5 text="200:200:200"
[UI-EVENT] event=CLICK result=DISPATCHED listener=Lk/d;
[ApkParser] Found EOCD at offset 208873
[ApkParser] Central Directory: 105 entries at offset 202300
[EXT01-WINBG] windowBackground=@0xffffffff rgb(255,255,255)
[EXP092-RENDER] node=56 class=Landroid/widget/LinearLayout; text="" children=8 depth=0 pos=(0,0) size=(1080x1920)
[EXP092-RENDER] node=57 class=Landroid/widget/ScrollView; text="" children=1 depth=1 pos=(0,0) size=(1080x948)
[EXP092-RENDER] node=58 class=Landroid/widget/LinearLayout; text="" children=0 depth=2 pos=(0,0) size=(1080x0)
[EXP092-RENDER] node=59 class=Landroid/view/View; text="" children=0 depth=1 pos=(0,948) size=(1080x3)
[EXP092-RENDER] node=60 class=Landroid/widget/LinearLayout; text="" children=3 depth=1 pos=(0,951) size=(1080x126)
[EXP092-RENDER] node=61 class=Landroid/widget/ImageButton; text="" children=0 depth=2 pos=(0,951) size=(126x126)
[EXP092-RENDER] node=62 class=Ldubrowgn.microtimer.RoTimeControl; text="" children=1 depth=2 pos=(126,951) size=(664x123)
[C013-LEAFCHK] Ldubrowgn.microtimer.RoTimeControl; children=1 own_content=0 img_resid=0 bg=0x0 vis=0 w=664 h=123
[EXP092-RENDER] node=65 class=Landroid/widget/TextView; text="200:200:200" children=0 depth=3 pos=(126,951) size=(664x123)
[EXP092-RENDER] node=67 class=Landroid/widget/ImageButton; text="" children=0 depth=2 pos=(790,951) size=(126x126)
[EXP092-RENDER] node=68 class=Landroid/view/View; text="" children=0 depth=1 pos=(0,1077) size=(1080x3)
[EXP092-RENDER] node=69 class=Landroid/widget/LinearLayout; text="" children=3 depth=1 pos=(0,1080) size=(1080x210)
[EXP092-RENDER] node=70 class=Landroid/widget/Button; text="1" children=0 depth=2 pos=(0,1080) size=(360x210)
[EXP092-RENDER] node=71 class=Landroid/widget/Button; text="2" children=0 depth=2 pos=(360,1080) size=(360x210)
[EXP092-RENDER] node=72 class=Landroid/widget/Button; text="3" children=0 depth=2 pos=(720,1080) size=(360x210)
[EXP092-RENDER] node=73 class=Landroid/widget/LinearLayout; text="" children=3 depth=1 pos=(0,1290) size=(1080x210)
[EXP092-RENDER] node=74 class=Landroid/widget/Button; text="4" children=0 depth=2 pos=(0,1290) size=(360x210)
[EXP092-RENDER] node=75 class=Landroid/widget/Button; text="5" children=0 depth=2 pos=(360,1290) size=(360x210)
[EXP092-RENDER] node=76 class=Landroid/widget/Button; text="6" children=0 depth=2 pos=(720,1290) size=(360x210)
[EXP092-RENDER] node=77 class=Landroid/widget/LinearLayout; text="" children=3 depth=1 pos=(0,1500) size=(1080x210)
[EXP092-RENDER] node=78 class=Landroid/widget/Button; text="7" children=0 depth=2 pos=(0,1500) size=(360x210)
[EXP092-RENDER] node=79 class=Landroid/widget/Button; text="8" children=0 depth=2 pos=(360,1500) size=(360x210)
[EXP092-RENDER] node=80 class=Landroid/widget/Button; text="9" children=0 depth=2 pos=(720,1500) size=(360x210)
[EXP092-RENDER] node=81 class=Landroid/widget/LinearLayout; text="" children=3 depth=1 pos=(0,1710) size=(1080x210)
[EXP092-RENDER] node=82 class=Landroid/widget/Button; text="00" children=0 depth=2 pos=(0,1710) size=(360x210)
[EXP092-RENDER] node=83 class=Landroid/widget/Button; text="0" children=0 depth=2 pos=(360,1710) size=(360x210)
[EXP092-RENDER] node=84 class=Landroid/widget/Button; text="" children=0 depth=2 pos=(720,1710) size=(360x210)
[EXP092-COPY] fb has 1041437 non-white pixels out of 2073600 total
[EXP092-COPY] framebuffer_ updated, checking...
[EXP092-COPY] framebuffer_ has 1041437 non-white pixels
[UI-EVENT] event=CLICK view_object=82 view_class=Landroid/widget/Button; listener=95 listener_class=Lk/d;
[RET-BEFORE] Lk/d;.onClick bytecode_size=356
[METHOD-IN] Lk/d;.onClick (bytecode_size=356)
[SGET] class=Lk/d; method=onClick pc=294 field=Ldubrowgn/microtimer/MainActivity;.g value=0
[RET-BEFORE] La/e;.h bytecode_size=97
[METHOD-IN] La/e;.h (bytecode_size=97)
[RET-BEFORE] Ldubrowgn/microtimer/MainActivity;.d bytecode_size=33
[METHOD-IN] Ldubrowgn/microtimer/MainActivity;.d (bytecode_size=33)
[REC-MISS] Ljava/lang/Integer;.remainderUnsigned caller=Ldubrowgn/microtimer/MainActivity;.d
[REC-MISS] Ldubrowgn.microtimer.RoTimeControl;.b caller=Ldubrowgn/microtimer/MainActivity;.d
[RET-BEFORE] Ldubrowgn/microtimer/RoTimeControl;.b bytecode_size=26
[METHOD-IN] Ldubrowgn/microtimer/RoTimeControl;.b (bytecode_size=26)
[RET-BEFORE] Lk/a;.toString bytecode_size=86
[METHOD-IN] Lk/a;.toString (bytecode_size=86)
[SGET] class=Lk/a; method=toString pc=0 field=Le/b;.b obj_id=102
[REC-MISS] Ljava/lang/Integer;.divideUnsigned caller=Lk/a;.toString
[REC-MISS] Ljava/lang/Integer;.remainderUnsigned caller=Lk/a;.toString
[RET-BEFORE] Lm/b;.<init> bytecode_size=6
[METHOD-IN] Lm/b;.<init> (bytecode_size=6)
[RET-BEFORE] Le/b;.b bytecode_size=192
[METHOD-IN] Le/b;.b (bytecode_size=192)
[REC-MISS] Ljava/lang/Integer;.toUnsignedString caller=Le/b;.b
[RET-BEFORE] La/e;.h bytecode_size=97
[METHOD-IN] La/e;.h (bytecode_size=97)
[REC-MISS] Ljava/lang/StringBuilder;.<init> caller=Le/b;.b
[RET-BEFORE] Lt/c;.<init> bytecode_size=5
[METHOD-IN] Lt/c;.<init> (bytecode_size=5)
[RET-BEFORE] Lt/a;.<init> bytecode_size=88
[METHOD-IN] Lt/a;.<init> (bytecode_size=88)
[REC-MISS] Ljava/lang/StringBuilder;.append caller=Le/b;.b
[REC-MISS] Ljava/lang/StringBuilder;.append caller=Le/b;.b
[REC-MISS] Ljava/lang/StringBuilder;.toString caller=Le/b;.b
[REC-MISS] Ljava/lang/Object;.toString caller=Le/b;.b
[REC-MISS] Ljava/lang/Integer;.divideUnsigned caller=Lk/a;.toString
[REC-MISS] Ljava/lang/Integer;.remainderUnsigned caller=Lk/a;.toString
[RET-BEFORE] Lm/b;.<init> bytecode_size=6
[METHOD-IN] Lm/b;.<init> (bytecode_size=6)
[RET-BEFORE] Le/b;.b bytecode_size=192
[METHOD-IN] Le/b;.b (bytecode_size=192)
[REC-MISS] Ljava/lang/Integer;.toUnsignedString caller=Le/b;.b
[RET-BEFORE] La/e;.h bytecode_size=97
[METHOD-IN] La/e;.h (bytecode_size=97)
[REC-MISS] Ljava/lang/StringBuilder;.<init> caller=Le/b;.b
[RET-BEFORE] Lt/c;.<init> bytecode_size=5
[METHOD-IN] Lt/c;.<init> (bytecode_size=5)
[RET-BEFORE] Lt/a;.<init> bytecode_size=88
[METHOD-IN] Lt/a;.<init> (bytecode_size=88)
[REC-MISS] Ljava/lang/StringBuilder;.append caller=Le/b;.b
[REC-MISS] Ljava/lang/StringBuilder;.append caller=Le/b;.b
[REC-MISS] Ljava/lang/StringBuilder;.toString caller=Le/b;.b
[REC-MISS] Ljava/lang/Object;.toString caller=Le/b;.b
[REC-MISS] Ljava/lang/Integer;.remainderUnsigned caller=Lk/a;.toString
[RET-BEFORE] Lm/b;.<init> bytecode_size=6
[METHOD-IN] Lm/b;.<init> (bytecode_size=6)
[RET-BEFORE] Le/b;.b bytecode_size=192
[METHOD-IN] Le/b;.b (bytecode_size=192)
[REC-MISS] Ljava/lang/Integer;.toUnsignedString caller=Le/b;.b
[RET-BEFORE] La/e;.h bytecode_size=97
[METHOD-IN] La/e;.h (bytecode_size=97)
[REC-MISS] Ljava/lang/StringBuilder;.<init> caller=Le/b;.b
[RET-BEFORE] Lt/c;.<init> bytecode_size=5
[METHOD-IN] Lt/c;.<init> (bytecode_size=5)
[RET-BEFORE] Lt/a;.<init> bytecode_size=88
[METHOD-IN] Lt/a;.<init> (bytecode_size=88)
[REC-MISS] Ljava/lang/StringBuilder;.append caller=Le/b;.b
[REC-MISS] Ljava/lang/StringBuilder;.append caller=Le/b;.b
[REC-MISS] Ljava/lang/StringBuilder;.toString caller=Le/b;.b
[REC-MISS] Ljava/lang/Object;.toString caller=Le/b;.b
[REC-MISS] Ljava/lang/StringBuilder;.<init> caller=Lk/a;.toString
[REC-MISS] Ljava/lang/StringBuilder;.append caller=Lk/a;.toString
[REC-MISS] Ljava/lang/StringBuilder;.append caller=Lk/a;.toString
[REC-MISS] Ljava/lang/StringBuilder;.append caller=Lk/a;.toString
[REC-MISS] Ljava/lang/StringBuilder;.append caller=Lk/a;.toString
[REC-MISS] Ljava/lang/StringBuilder;.append caller=Lk/a;.toString
[REC-MISS] Ljava/lang/StringBuilder;.toString caller=Lk/a;.toString
[REC-MISS] Landroid/widget/TextView;.setText caller=Ldubrowgn/microtimer/RoTimeControl;.b
[EXP091-SETTEXT] view_id=65 class=Landroid/widget/TextView; arg_kind=5 text="200:200:200"
[RET-BEFORE] Ldubrowgn/microtimer/MainActivity;.d bytecode_size=33
[METHOD-IN] Ldubrowgn/microtimer/MainActivity;.d (bytecode_size=33)
[REC-MISS] Ljava/lang/Integer;.remainderUnsigned caller=Ldubrowgn/microtimer/MainActivity;.d
[REC-MISS] Ldubrowgn.microtimer.RoTimeControl;.b caller=Ldubrowgn/microtimer/MainActivity;.d
[RET-BEFORE] Ldubrowgn/microtimer/RoTimeControl;.b bytecode_size=26
[METHOD-IN] Ldubrowgn/microtimer/RoTimeControl;.b (bytecode_size=26)
[RET-BEFORE] Lk/a;.toString bytecode_size=86
[METHOD-IN] Lk/a;.toString (bytecode_size=86)
[SGET] class=Lk/a; method=toString pc=0 field=Le/b;.b obj_id=102
[REC-MISS] Ljava/lang/Integer;.divideUnsigned caller=Lk/a;.toString
[REC-MISS] Ljava/lang/Integer;.remainderUnsigned caller=Lk/a;.toString
[RET-BEFORE] Lm/b;.<init> bytecode_size=6
[METHOD-IN] Lm/b;.<init> (bytecode_size=6)
[RET-BEFORE] Le/b;.b bytecode_size=192
[METHOD-IN] Le/b;.b (bytecode_size=192)
[REC-MISS] Ljava/lang/Integer;.toUnsignedString caller=Le/b;.b
[RET-BEFORE] La/e;.h bytecode_size=97
[METHOD-IN] La/e;.h (bytecode_size=97)
[REC-MISS] Ljava/lang/StringBuilder;.<init> caller=Le/b;.b
[RET-BEFORE] Lt/c;.<init> bytecode_size=5
[METHOD-IN] Lt/c;.<init> (bytecode_size=5)
[RET-BEFORE] Lt/a;.<init> bytecode_size=88
[METHOD-IN] Lt/a;.<init> (bytecode_size=88)
[REC-MISS] Ljava/lang/StringBuilder;.append caller=Le/b;.b
[REC-MISS] Ljava/lang/StringBuilder;.append caller=Le/b;.b
[REC-MISS] Ljava/lang/StringBuilder;.toString caller=Le/b;.b
[REC-MISS] Ljava/lang/Object;.toString caller=Le/b;.b
[REC-MISS] Ljava/lang/Integer;.divideUnsigned caller=Lk/a;.toString
[REC-MISS] Ljava/lang/Integer;.remainderUnsigned caller=Lk/a;.toString
[RET-BEFORE] Lm/b;.<init> bytecode_size=6
[METHOD-IN] Lm/b;.<init> (bytecode_size=6)
[RET-BEFORE] Le/b;.b bytecode_size=192
[METHOD-IN] Le/b;.b (bytecode_size=192)
[REC-MISS] Ljava/lang/Integer;.toUnsignedString caller=Le/b;.b
[RET-BEFORE] La/e;.h bytecode_size=97
[METHOD-IN] La/e;.h (bytecode_size=97)
[REC-MISS] Ljava/lang/StringBuilder;.<init> caller=Le/b;.b
[RET-BEFORE] Lt/c;.<init> bytecode_size=5
[METHOD-IN] Lt/c;.<init> (bytecode_size=5)
[RET-BEFORE] Lt/a;.<init> bytecode_size=88
[METHOD-IN] Lt/a;.<init> (bytecode_size=88)
[REC-MISS] Ljava/lang/StringBuilder;.append caller=Le/b;.b
[REC-MISS] Ljava/lang/StringBuilder;.append caller=Le/b;.b
[REC-MISS] Ljava/lang/StringBuilder;.toString caller=Le/b;.b
[REC-MISS] Ljava/lang/Object;.toString caller=Le/b;.b
[REC-MISS] Ljava/lang/Integer;.remainderUnsigned caller=Lk/a;.toString
[RET-BEFORE] Lm/b;.<init> bytecode_size=6
[METHOD-IN] Lm/b;.<init> (bytecode_size=6)
[RET-BEFORE] Le/b;.b bytecode_size=192
[METHOD-IN] Le/b;.b (bytecode_size=192)
[REC-MISS] Ljava/lang/Integer;.toUnsignedString caller=Le/b;.b
[RET-BEFORE] La/e;.h bytecode_size=97
[METHOD-IN] La/e;.h (bytecode_size=97)
[REC-MISS] Ljava/lang/StringBuilder;.<init> caller=Le/b;.b
[RET-BEFORE] Lt/c;.<init> bytecode_size=5
[METHOD-IN] Lt/c;.<init> (bytecode_size=5)
[RET-BEFORE] Lt/a;.<init> bytecode_size=88
[METHOD-IN] Lt/a;.<init> (bytecode_size=88)
[REC-MISS] Ljava/lang/StringBuilder;.append caller=Le/b;.b
[REC-MISS] Ljava/lang/StringBuilder;.append caller=Le/b;.b
[REC-MISS] Ljava/lang/StringBuilder;.toString caller=Le/b;.b
[REC-MISS] Ljava/lang/Object;.toString caller=Le/b;.b
[REC-MISS] Ljava/lang/StringBuilder;.<init> caller=Lk/a;.toString
[REC-MISS] Ljava/lang/StringBuilder;.append caller=Lk/a;.toString
[REC-MISS] Ljava/lang/StringBuilder;.append caller=Lk/a;.toString
[REC-MISS] Ljava/lang/StringBuilder;.append caller=Lk/a;.toString
[REC-MISS] Ljava/lang/StringBuilder;.append caller=Lk/a;.toString
[REC-MISS] Ljava/lang/StringBuilder;.append caller=Lk/a;.toString
[REC-MISS] Ljava/lang/StringBuilder;.toString caller=Lk/a;.toString
[REC-MISS] Landroid/widget/TextView;.setText caller=Ldubrowgn/microtimer/RoTimeControl;.b
[EXP091-SETTEXT] view_id=65 class=Landroid/widget/TextView; arg_kind=5 text="200:200:200"
[UI-EVENT] event=CLICK result=DISPATCHED listener=Lk/d;
[ApkParser] Found EOCD at offset 208873
[ApkParser] Central Directory: 105 entries at offset 202300
[EXT01-WINBG] windowBackground=@0xffffffff rgb(255,255,255)
[EXP092-RENDER] node=56 class=Landroid/widget/LinearLayout; text="" children=8 depth=0 pos=(0,0) size=(1080x1920)
[EXP092-RENDER] node=57 class=Landroid/widget/ScrollView; text="" children=1 depth=1 pos=(0,0) size=(1080x948)
[EXP092-RENDER] node=58 class=Landroid/widget/LinearLayout; text="" children=0 depth=2 pos=(0,0) size=(1080x0)
[EXP092-RENDER] node=59 class=Landroid/view/View; text="" children=0 depth=1 pos=(0,948) size=(1080x3)
[EXP092-RENDER] node=60 class=Landroid/widget/LinearLayout; text="" children=3 depth=1 pos=(0,951) size=(1080x126)
[EXP092-RENDER] node=61 class=Landroid/widget/ImageButton; text="" children=0 depth=2 pos=(0,951) size=(126x126)
[EXP092-RENDER] node=62 class=Ldubrowgn.microtimer.RoTimeControl; text="" children=1 depth=2 pos=(126,951) size=(664x123)
[C013-LEAFCHK] Ldubrowgn.microtimer.RoTimeControl; children=1 own_content=0 img_resid=0 bg=0x0 vis=0 w=664 h=123
[EXP092-RENDER] node=65 class=Landroid/widget/TextView; text="200:200:200" children=0 depth=3 pos=(126,951) size=(664x123)
[EXP092-RENDER] node=67 class=Landroid/widget/ImageButton; text="" children=0 depth=2 pos=(790,951) size=(126x126)
[EXP092-RENDER] node=68 class=Landroid/view/View; text="" children=0 depth=1 pos=(0,1077) size=(1080x3)
[EXP092-RENDER] node=69 class=Landroid/widget/LinearLayout; text="" children=3 depth=1 pos=(0,1080) size=(1080x210)
[EXP092-RENDER] node=70 class=Landroid/widget/Button; text="1" children=0 depth=2 pos=(0,1080) size=(360x210)
[EXP092-RENDER] node=71 class=Landroid/widget/Button; text="2" children=0 depth=2 pos=(360,1080) size=(360x210)
[EXP092-RENDER] node=72 class=Landroid/widget/Button; text="3" children=0 depth=2 pos=(720,1080) size=(360x210)
[EXP092-RENDER] node=73 class=Landroid/widget/LinearLayout; text="" children=3 depth=1 pos=(0,1290) size=(1080x210)
[EXP092-RENDER] node=74 class=Landroid/widget/Button; text="4" children=0 depth=2 pos=(0,1290) size=(360x210)
[EXP092-RENDER] node=75 class=Landroid/widget/Button; text="5" children=0 depth=2 pos=(360,1290) size=(360x210)
[EXP092-RENDER] node=76 class=Landroid/widget/Button; text="6" children=0 depth=2 pos=(720,1290) size=(360x210)
[EXP092-RENDER] node=77 class=Landroid/widget/LinearLayout; text="" children=3 depth=1 pos=(0,1500) size=(1080x210)
[EXP092-RENDER] node=78 class=Landroid/widget/Button; text="7" children=0 depth=2 pos=(0,1500) size=(360x210)
[EXP092-RENDER] node=79 class=Landroid/widget/Button; text="8" children=0 depth=2 pos=(360,1500) size=(360x210)
[EXP092-RENDER] node=80 class=Landroid/widget/Button; text="9" children=0 depth=2 pos=(720,1500) size=(360x210)
[EXP092-RENDER] node=81 class=Landroid/widget/LinearLayout; text="" children=3 depth=1 pos=(0,1710) size=(1080x210)
[EXP092-RENDER] node=82 class=Landroid/widget/Button; text="00" children=0 depth=2 pos=(0,1710) size=(360x210)
[EXP092-RENDER] node=83 class=Landroid/widget/Button; text="0" children=0 depth=2 pos=(360,1710) size=(360x210)
[EXP092-RENDER] node=84 class=Landroid/widget/Button; text="" children=0 depth=2 pos=(720,1710) size=(360x210)
[EXP092-COPY] fb has 1041437 non-white pixels out of 2073600 total
[EXP092-COPY] framebuffer_ updated, checking...
[EXP092-COPY] framebuffer_ has 1041437 non-white pixels
[UI-EVENT] event=CLICK view_object=80 view_class=Landroid/widget/Button; listener=94 listener_class=Lk/d;
[RET-BEFORE] Lk/d;.onClick bytecode_size=356
[METHOD-IN] Lk/d;.onClick (bytecode_size=356)
[SGET] class=Lk/d; method=onClick pc=315 field=Ldubrowgn/microtimer/MainActivity;.g value=0
[RET-BEFORE] La/e;.h bytecode_size=97
[METHOD-IN] La/e;.h (bytecode_size=97)
[RET-BEFORE] Ldubrowgn/microtimer/MainActivity;.d bytecode_size=33
[METHOD-IN] Ldubrowgn/microtimer/MainActivity;.d (bytecode_size=33)
[REC-MISS] Ljava/lang/Integer;.remainderUnsigned caller=Ldubrowgn/microtimer/MainActivity;.d
[REC-MISS] Ldubrowgn.microtimer.RoTimeControl;.b caller=Ldubrowgn/microtimer/MainActivity;.d
[RET-BEFORE] Ldubrowgn/microtimer/RoTimeControl;.b bytecode_size=26
[METHOD-IN] Ldubrowgn/microtimer/RoTimeControl;.b (bytecode_size=26)
[RET-BEFORE] Lk/a;.toString bytecode_size=86
[METHOD-IN] Lk/a;.toString (bytecode_size=86)
[SGET] class=Lk/a; method=toString pc=0 field=Le/b;.b obj_id=102
[REC-MISS] Ljava/lang/Integer;.divideUnsigned caller=Lk/a;.toString
[REC-MISS] Ljava/lang/Integer;.remainderUnsigned caller=Lk/a;.toString
[RET-BEFORE] Lm/b;.<init> bytecode_size=6
[METHOD-IN] Lm/b;.<init> (bytecode_size=6)
[RET-BEFORE] Le/b;.b bytecode_size=192
[METHOD-IN] Le/b;.b (bytecode_size=192)
[REC-MISS] Ljava/lang/Integer;.toUnsignedString caller=Le/b;.b
[RET-BEFORE] La/e;.h bytecode_size=97
[METHOD-IN] La/e;.h (bytecode_size=97)
[REC-MISS] Ljava/lang/StringBuilder;.<init> caller=Le/b;.b
[RET-BEFORE] Lt/c;.<init> bytecode_size=5
[METHOD-IN] Lt/c;.<init> (bytecode_size=5)
[RET-BEFORE] Lt/a;.<init> bytecode_size=88
[METHOD-IN] Lt/a;.<init> (bytecode_size=88)
[REC-MISS] Ljava/lang/StringBuilder;.append caller=Le/b;.b
[REC-MISS] Ljava/lang/StringBuilder;.append caller=Le/b;.b
[REC-MISS] Ljava/lang/StringBuilder;.toString caller=Le/b;.b
[REC-MISS] Ljava/lang/Object;.toString caller=Le/b;.b
[REC-MISS] Ljava/lang/Integer;.divideUnsigned caller=Lk/a;.toString
[REC-MISS] Ljava/lang/Integer;.remainderUnsigned caller=Lk/a;.toString
[RET-BEFORE] Lm/b;.<init> bytecode_size=6
[METHOD-IN] Lm/b;.<init> (bytecode_size=6)
[RET-BEFORE] Le/b;.b bytecode_size=192
[METHOD-IN] Le/b;.b (bytecode_size=192)
[REC-MISS] Ljava/lang/Integer;.toUnsignedString caller=Le/b;.b
[RET-BEFORE] La/e;.h bytecode_size=97
[METHOD-IN] La/e;.h (bytecode_size=97)
[REC-MISS] Ljava/lang/StringBuilder;.<init> caller=Le/b;.b
[RET-BEFORE] Lt/c;.<init> bytecode_size=5
[METHOD-IN] Lt/c;.<init> (bytecode_size=5)
[RET-BEFORE] Lt/a;.<init> bytecode_size=88
[METHOD-IN] Lt/a;.<init> (bytecode_size=88)
[REC-MISS] Ljava/lang/StringBuilder;.append caller=Le/b;.b
[REC-MISS] Ljava/lang/StringBuilder;.append caller=Le/b;.b
[REC-MISS] Ljava/lang/StringBuilder;.toString caller=Le/b;.b
[REC-MISS] Ljava/lang/Object;.toString caller=Le/b;.b
[REC-MISS] Ljava/lang/Integer;.remainderUnsigned caller=Lk/a;.toString
[RET-BEFORE] Lm/b;.<init> bytecode_size=6
[METHOD-IN] Lm/b;.<init> (bytecode_size=6)
[RET-BEFORE] Le/b;.b bytecode_size=192
[METHOD-IN] Le/b;.b (bytecode_size=192)
[REC-MISS] Ljava/lang/Integer;.toUnsignedString caller=Le/b;.b
[RET-BEFORE] La/e;.h bytecode_size=97
[METHOD-IN] La/e;.h (bytecode_size=97)
[REC-MISS] Ljava/lang/StringBuilder;.<init> caller=Le/b;.b
[RET-BEFORE] Lt/c;.<init> bytecode_size=5
[METHOD-IN] Lt/c;.<init> (bytecode_size=5)
[RET-BEFORE] Lt/a;.<init> bytecode_size=88
[METHOD-IN] Lt/a;.<init> (bytecode_size=88)
[REC-MISS] Ljava/lang/StringBuilder;.append caller=Le/b;.b
[REC-MISS] Ljava/lang/StringBuilder;.append caller=Le/b;.b
[REC-MISS] Ljava/lang/StringBuilder;.toString caller=Le/b;.b
[REC-MISS] Ljava/lang/Object;.toString caller=Le/b;.b
[REC-MISS] Ljava/lang/StringBuilder;.<init> caller=Lk/a;.toString
[REC-MISS] Ljava/lang/StringBuilder;.append caller=Lk/a;.toString
[REC-MISS] Ljava/lang/StringBuilder;.append caller=Lk/a;.toString
[REC-MISS] Ljava/lang/StringBuilder;.append caller=Lk/a;.toString
[REC-MISS] Ljava/lang/StringBuilder;.append caller=Lk/a;.toString
[REC-MISS] Ljava/lang/StringBuilder;.append caller=Lk/a;.toString
[REC-MISS] Ljava/lang/StringBuilder;.toString caller=Lk/a;.toString
[REC-MISS] Landroid/widget/TextView;.setText caller=Ldubrowgn/microtimer/RoTimeControl;.b
[EXP091-SETTEXT] view_id=65 class=Landroid/widget/TextView; arg_kind=5 text="200:200:209"
[UI-EVENT] event=CLICK result=DISPATCHED listener=Lk/d;
[ApkParser] Found EOCD at offset 208873
[ApkParser] Central Directory: 105 entries at offset 202300
[EXT01-WINBG] windowBackground=@0xffffffff rgb(255,255,255)
[EXP092-RENDER] node=56 class=Landroid/widget/LinearLayout; text="" children=8 depth=0 pos=(0,0) size=(1080x1920)
[EXP092-RENDER] node=57 class=Landroid/widget/ScrollView; text="" children=1 depth=1 pos=(0,0) size=(1080x948)
[EXP092-RENDER] node=58 class=Landroid/widget/LinearLayout; text="" children=0 depth=2 pos=(0,0) size=(1080x0)
[EXP092-RENDER] node=59 class=Landroid/view/View; text="" children=0 depth=1 pos=(0,948) size=(1080x3)
[EXP092-RENDER] node=60 class=Landroid/widget/LinearLayout; text="" children=3 depth=1 pos=(0,951) size=(1080x126)
[EXP092-RENDER] node=61 class=Landroid/widget/ImageButton; text="" children=0 depth=2 pos=(0,951) size=(126x126)
[EXP092-RENDER] node=62 class=Ldubrowgn.microtimer.RoTimeControl; text="" children=1 depth=2 pos=(126,951) size=(664x123)
[C013-LEAFCHK] Ldubrowgn.microtimer.RoTimeControl; children=1 own_content=0 img_resid=0 bg=0x0 vis=0 w=664 h=123
[EXP092-RENDER] node=65 class=Landroid/widget/TextView; text="200:200:209" children=0 depth=3 pos=(126,951) size=(664x123)
[EXP092-RENDER] node=67 class=Landroid/widget/ImageButton; text="" children=0 depth=2 pos=(790,951) size=(126x126)
[EXP092-RENDER] node=68 class=Landroid/view/View; text="" children=0 depth=1 pos=(0,1077) size=(1080x3)
[EXP092-RENDER] node=69 class=Landroid/widget/LinearLayout; text="" children=3 depth=1 pos=(0,1080) size=(1080x210)
[EXP092-RENDER] node=70 class=Landroid/widget/Button; text="1" children=0 depth=2 pos=(0,1080) size=(360x210)
[EXP092-RENDER] node=71 class=Landroid/widget/Button; text="2" children=0 depth=2 pos=(360,1080) size=(360x210)
[EXP092-RENDER] node=72 class=Landroid/widget/Button; text="3" children=0 depth=2 pos=(720,1080) size=(360x210)
[EXP092-RENDER] node=73 class=Landroid/widget/LinearLayout; text="" children=3 depth=1 pos=(0,1290) size=(1080x210)
[EXP092-RENDER] node=74 class=Landroid/widget/Button; text="4" children=0 depth=2 pos=(0,1290) size=(360x210)
[EXP092-RENDER] node=75 class=Landroid/widget/Button; text="5" children=0 depth=2 pos=(360,1290) size=(360x210)
[EXP092-RENDER] node=76 class=Landroid/widget/Button; text="6" children=0 depth=2 pos=(720,1290) size=(360x210)
[EXP092-RENDER] node=77 class=Landroid/widget/LinearLayout; text="" children=3 depth=1 pos=(0,1500) size=(1080x210)
[EXP092-RENDER] node=78 class=Landroid/widget/Button; text="7" children=0 depth=2 pos=(0,1500) size=(360x210)
[EXP092-RENDER] node=79 class=Landroid/widget/Button; text="8" children=0 depth=2 pos=(360,1500) size=(360x210)
[EXP092-RENDER] node=80 class=Landroid/widget/Button; text="9" children=0 depth=2 pos=(720,1500) size=(360x210)
[EXP092-RENDER] node=81 class=Landroid/widget/LinearLayout; text="" children=3 depth=1 pos=(0,1710) size=(1080x210)
[EXP092-RENDER] node=82 class=Landroid/widget/Button; text="00" children=0 depth=2 pos=(0,1710) size=(360x210)
[EXP092-RENDER] node=83 class=Landroid/widget/Button; text="0" children=0 depth=2 pos=(360,1710) size=(360x210)
[EXP092-RENDER] node=84 class=Landroid/widget/Button; text="" children=0 depth=2 pos=(720,1710) size=(360x210)
[EXP092-COPY] fb has 1041437 non-white pixels out of 2073600 total
[EXP092-COPY] framebuffer_ updated, checking...
[EXP092-COPY] framebuffer_ has 1041437 non-white pixels
[UI-EVENT] event=CLICK view_object=79 view_class=Landroid/widget/Button; listener=93 listener_class=Lk/d;
[RET-BEFORE] Lk/d;.onClick bytecode_size=356
[METHOD-IN] Lk/d;.onClick (bytecode_size=356)
[SGET] class=Lk/d; method=onClick pc=16 field=Ldubrowgn/microtimer/MainActivity;.g value=0
[RET-BEFORE] La/e;.h bytecode_size=97
[METHOD-IN] La/e;.h (bytecode_size=97)
[RET-BEFORE] Ldubrowgn/microtimer/MainActivity;.d bytecode_size=33
[METHOD-IN] Ldubrowgn/microtimer/MainActivity;.d (bytecode_size=33)
[REC-MISS] Ljava/lang/Integer;.remainderUnsigned caller=Ldubrowgn/microtimer/MainActivity;.d
[REC-MISS] Ldubrowgn.microtimer.RoTimeControl;.b caller=Ldubrowgn/microtimer/MainActivity;.d
[RET-BEFORE] Ldubrowgn/microtimer/RoTimeControl;.b bytecode_size=26
[METHOD-IN] Ldubrowgn/microtimer/RoTimeControl;.b (bytecode_size=26)
[RET-BEFORE] Lk/a;.toString bytecode_size=86
[METHOD-IN] Lk/a;.toString (bytecode_size=86)
[SGET] class=Lk/a; method=toString pc=0 field=Le/b;.b obj_id=102
[REC-MISS] Ljava/lang/Integer;.divideUnsigned caller=Lk/a;.toString
[REC-MISS] Ljava/lang/Integer;.remainderUnsigned caller=Lk/a;.toString
[RET-BEFORE] Lm/b;.<init> bytecode_size=6
[METHOD-IN] Lm/b;.<init> (bytecode_size=6)
[RET-BEFORE] Le/b;.b bytecode_size=192
[METHOD-IN] Le/b;.b (bytecode_size=192)
[REC-MISS] Ljava/lang/Integer;.toUnsignedString caller=Le/b;.b
[RET-BEFORE] La/e;.h bytecode_size=97
[METHOD-IN] La/e;.h (bytecode_size=97)
[REC-MISS] Ljava/lang/StringBuilder;.<init> caller=Le/b;.b
[RET-BEFORE] Lt/c;.<init> bytecode_size=5
[METHOD-IN] Lt/c;.<init> (bytecode_size=5)
[RET-BEFORE] Lt/a;.<init> bytecode_size=88
[METHOD-IN] Lt/a;.<init> (bytecode_size=88)
[REC-MISS] Ljava/lang/StringBuilder;.append caller=Le/b;.b
[REC-MISS] Ljava/lang/StringBuilder;.append caller=Le/b;.b
[REC-MISS] Ljava/lang/StringBuilder;.toString caller=Le/b;.b
[REC-MISS] Ljava/lang/Object;.toString caller=Le/b;.b
[REC-MISS] Ljava/lang/Integer;.divideUnsigned caller=Lk/a;.toString
[REC-MISS] Ljava/lang/Integer;.remainderUnsigned caller=Lk/a;.toString
[RET-BEFORE] Lm/b;.<init> bytecode_size=6
[METHOD-IN] Lm/b;.<init> (bytecode_size=6)
[RET-BEFORE] Le/b;.b bytecode_size=192
[METHOD-IN] Le/b;.b (bytecode_size=192)
[REC-MISS] Ljava/lang/Integer;.toUnsignedString caller=Le/b;.b
[RET-BEFORE] La/e;.h bytecode_size=97
[METHOD-IN] La/e;.h (bytecode_size=97)
[REC-MISS] Ljava/lang/StringBuilder;.<init> caller=Le/b;.b
[RET-BEFORE] Lt/c;.<init> bytecode_size=5
[METHOD-IN] Lt/c;.<init> (bytecode_size=5)
[RET-BEFORE] Lt/a;.<init> bytecode_size=88
[METHOD-IN] Lt/a;.<init> (bytecode_size=88)
[REC-MISS] Ljava/lang/StringBuilder;.append caller=Le/b;.b
[REC-MISS] Ljava/lang/StringBuilder;.append caller=Le/b;.b
[REC-MISS] Ljava/lang/StringBuilder;.toString caller=Le/b;.b
[REC-MISS] Ljava/lang/Object;.toString caller=Le/b;.b
[REC-MISS] Ljava/lang/Integer;.remainderUnsigned caller=Lk/a;.toString
[RET-BEFORE] Lm/b;.<init> bytecode_size=6
[METHOD-IN] Lm/b;.<init> (bytecode_size=6)
[RET-BEFORE] Le/b;.b bytecode_size=192
[METHOD-IN] Le/b;.b (bytecode_size=192)
[REC-MISS] Ljava/lang/Integer;.toUnsignedString caller=Le/b;.b
[RET-BEFORE] La/e;.h bytecode_size=97
[METHOD-IN] La/e;.h (bytecode_size=97)
[REC-MISS] Ljava/lang/Object;.toString caller=Le/b;.b
[REC-MISS] Ljava/lang/StringBuilder;.<init> caller=Lk/a;.toString
[REC-MISS] Ljava/lang/StringBuilder;.append caller=Lk/a;.toString
[REC-MISS] Ljava/lang/StringBuilder;.append caller=Lk/a;.toString
[REC-MISS] Ljava/lang/StringBuilder;.append caller=Lk/a;.toString
[REC-MISS] Ljava/lang/StringBuilder;.append caller=Lk/a;.toString
[REC-MISS] Ljava/lang/StringBuilder;.append caller=Lk/a;.toString
[REC-MISS] Ljava/lang/StringBuilder;.toString caller=Lk/a;.toString
[REC-MISS] Landroid/widget/TextView;.setText caller=Ldubrowgn/microtimer/RoTimeControl;.b
[EXP091-SETTEXT] view_id=65 class=Landroid/widget/TextView; arg_kind=5 text="200:200:null"
[UI-EVENT] event=CLICK result=DISPATCHED listener=Lk/d;
[ApkParser] Found EOCD at offset 208873
[ApkParser] Central Directory: 105 entries at offset 202300
[EXT01-WINBG] windowBackground=@0xffffffff rgb(255,255,255)
[EXP092-RENDER] node=56 class=Landroid/widget/LinearLayout; text="" children=8 depth=0 pos=(0,0) size=(1080x1920)
[EXP092-RENDER] node=57 class=Landroid/widget/ScrollView; text="" children=1 depth=1 pos=(0,0) size=(1080x948)
[EXP092-RENDER] node=58 class=Landroid/widget/LinearLayout; text="" children=0 depth=2 pos=(0,0) size=(1080x0)
[EXP092-RENDER] node=59 class=Landroid/view/View; text="" children=0 depth=1 pos=(0,948) size=(1080x3)
[EXP092-RENDER] node=60 class=Landroid/widget/LinearLayout; text="" children=3 depth=1 pos=(0,951) size=(1080x126)
[EXP092-RENDER] node=61 class=Landroid/widget/ImageButton; text="" children=0 depth=2 pos=(0,951) size=(126x126)
[EXP092-RENDER] node=62 class=Ldubrowgn.microtimer.RoTimeControl; text="" children=1 depth=2 pos=(126,951) size=(656x123)
[C013-LEAFCHK] Ldubrowgn.microtimer.RoTimeControl; children=1 own_content=0 img_resid=0 bg=0x0 vis=0 w=656 h=123
[EXP092-RENDER] node=65 class=Landroid/widget/TextView; text="200:200:null" children=0 depth=3 pos=(126,951) size=(656x123)
[EXP092-RENDER] node=67 class=Landroid/widget/ImageButton; text="" children=0 depth=2 pos=(782,951) size=(126x126)
[EXP092-RENDER] node=68 class=Landroid/view/View; text="" children=0 depth=1 pos=(0,1077) size=(1080x3)
[EXP092-RENDER] node=69 class=Landroid/widget/LinearLayout; text="" children=3 depth=1 pos=(0,1080) size=(1080x210)
[EXP092-RENDER] node=70 class=Landroid/widget/Button; text="1" children=0 depth=2 pos=(0,1080) size=(360x210)
[EXP092-RENDER] node=71 class=Landroid/widget/Button; text="2" children=0 depth=2 pos=(360,1080) size=(360x210)
[EXP092-RENDER] node=72 class=Landroid/widget/Button; text="3" children=0 depth=2 pos=(720,1080) size=(360x210)
[EXP092-RENDER] node=73 class=Landroid/widget/LinearLayout; text="" children=3 depth=1 pos=(0,1290) size=(1080x210)
[EXP092-RENDER] node=74 class=Landroid/widget/Button; text="4" children=0 depth=2 pos=(0,1290) size=(360x210)
[EXP092-RENDER] node=75 class=Landroid/widget/Button; text="5" children=0 depth=2 pos=(360,1290) size=(360x210)
[EXP092-RENDER] node=76 class=Landroid/widget/Button; text="6" children=0 depth=2 pos=(720,1290) size=(360x210)
[EXP092-RENDER] node=77 class=Landroid/widget/LinearLayout; text="" children=3 depth=1 pos=(0,1500) size=(1080x210)
[EXP092-RENDER] node=78 class=Landroid/widget/Button; text="7" children=0 depth=2 pos=(0,1500) size=(360x210)
[EXP092-RENDER] node=79 class=Landroid/widget/Button; text="8" children=0 depth=2 pos=(360,1500) size=(360x210)
[EXP092-RENDER] node=80 class=Landroid/widget/Button; text="9" children=0 depth=2 pos=(720,1500) size=(360x210)
[EXP092-RENDER] node=81 class=Landroid/widget/LinearLayout; text="" children=3 depth=1 pos=(0,1710) size=(1080x210)
[EXP092-RENDER] node=82 class=Landroid/widget/Button; text="00" children=0 depth=2 pos=(0,1710) size=(360x210)
[EXP092-RENDER] node=83 class=Landroid/widget/Button; text="0" children=0 depth=2 pos=(360,1710) size=(360x210)
[EXP092-RENDER] node=84 class=Landroid/widget/Button; text="" children=0 depth=2 pos=(720,1710) size=(360x210)
[EXP092-COPY] fb has 1041437 non-white pixels out of 2073600 total
[EXP092-COPY] framebuffer_ updated, checking...
[EXP092-COPY] framebuffer_ has 1041437 non-white pixels
[UI-EVENT] event=CLICK view_object=78 view_class=Landroid/widget/Button; listener=92 listener_class=Lk/d;
[RET-BEFORE] Lk/d;.onClick bytecode_size=356
[METHOD-IN] Lk/d;.onClick (bytecode_size=356)
[RET-BEFORE] La/e;.h bytecode_size=97
[METHOD-IN] La/e;.h (bytecode_size=97)
[RET-BEFORE] Ldubrowgn/microtimer/MainActivity;.d bytecode_size=33
[METHOD-IN] Ldubrowgn/microtimer/MainActivity;.d (bytecode_size=33)
[REC-MISS] Ljava/lang/Integer;.remainderUnsigned caller=Ldubrowgn/microtimer/MainActivity;.d
[REC-MISS] Ldubrowgn.microtimer.RoTimeControl;.b caller=Ldubrowgn/microtimer/MainActivity;.d
[RET-BEFORE] Ldubrowgn/microtimer/RoTimeControl;.b bytecode_size=26
[METHOD-IN] Ldubrowgn/microtimer/RoTimeControl;.b (bytecode_size=26)
[RET-BEFORE] Lk/a;.toString bytecode_size=86
[METHOD-IN] Lk/a;.toString (bytecode_size=86)
[SGET] class=Lk/a; method=toString pc=0 field=Le/b;.b obj_id=102
[REC-MISS] Ljava/lang/Integer;.divideUnsigned caller=Lk/a;.toString
[REC-MISS] Ljava/lang/Integer;.remainderUnsigned caller=Lk/a;.toString
[RET-BEFORE] Lm/b;.<init> bytecode_size=6
[METHOD-IN] Lm/b;.<init> (bytecode_size=6)
[RET-BEFORE] Le/b;.b bytecode_size=192
[METHOD-IN] Le/b;.b (bytecode_size=192)
[REC-MISS] Ljava/lang/Integer;.toUnsignedString caller=Le/b;.b
[RET-BEFORE] La/e;.h bytecode_size=97
[METHOD-IN] La/e;.h (bytecode_size=97)
[REC-MISS] Ljava/lang/StringBuilder;.<init> caller=Le/b;.b
[RET-BEFORE] Lt/c;.<init> bytecode_size=5
[METHOD-IN] Lt/c;.<init> (bytecode_size=5)
[RET-BEFORE] Lt/a;.<init> bytecode_size=88
[METHOD-IN] Lt/a;.<init> (bytecode_size=88)
[REC-MISS] Ljava/lang/StringBuilder;.append caller=Le/b;.b
[REC-MISS] Ljava/lang/StringBuilder;.append caller=Le/b;.b
[REC-MISS] Ljava/lang/StringBuilder;.toString caller=Le/b;.b
[REC-MISS] Ljava/lang/Object;.toString caller=Le/b;.b
[REC-MISS] Ljava/lang/Integer;.divideUnsigned caller=Lk/a;.toString
[REC-MISS] Ljava/lang/Integer;.remainderUnsigned caller=Lk/a;.toString
[RET-BEFORE] Lm/b;.<init> bytecode_size=6
[METHOD-IN] Lm/b;.<init> (bytecode_size=6)
[RET-BEFORE] Le/b;.b bytecode_size=192
[METHOD-IN] Le/b;.b (bytecode_size=192)
[REC-MISS] Ljava/lang/Integer;.toUnsignedString caller=Le/b;.b
[RET-BEFORE] La/e;.h bytecode_size=97
[METHOD-IN] La/e;.h (bytecode_size=97)
[REC-MISS] Ljava/lang/StringBuilder;.<init> caller=Le/b;.b
[RET-BEFORE] Lt/c;.<init> bytecode_size=5
[METHOD-IN] Lt/c;.<init> (bytecode_size=5)
[RET-BEFORE] Lt/a;.<init> bytecode_size=88
[METHOD-IN] Lt/a;.<init> (bytecode_size=88)
[REC-MISS] Ljava/lang/StringBuilder;.append caller=Le/b;.b
[REC-MISS] Ljava/lang/StringBuilder;.append caller=Le/b;.b
[REC-MISS] Ljava/lang/StringBuilder;.toString caller=Le/b;.b
[REC-MISS] Ljava/lang/Object;.toString caller=Le/b;.b
[REC-MISS] Ljava/lang/Integer;.remainderUnsigned caller=Lk/a;.toString
[RET-BEFORE] Lm/b;.<init> bytecode_size=6
[METHOD-IN] Lm/b;.<init> (bytecode_size=6)
[RET-BEFORE] Le/b;.b bytecode_size=192
[METHOD-IN] Le/b;.b (bytecode_size=192)
[REC-MISS] Ljava/lang/Integer;.toUnsignedString caller=Le/b;.b
[RET-BEFORE] La/e;.h bytecode_size=97
[METHOD-IN] La/e;.h (bytecode_size=97)
[REC-MISS] Ljava/lang/Object;.toString caller=Le/b;.b
[REC-MISS] Ljava/lang/StringBuilder;.<init> caller=Lk/a;.toString
[REC-MISS] Ljava/lang/StringBuilder;.append caller=Lk/a;.toString
[REC-MISS] Ljava/lang/StringBuilder;.append caller=Lk/a;.toString
[REC-MISS] Ljava/lang/StringBuilder;.append caller=Lk/a;.toString
[REC-MISS] Ljava/lang/StringBuilder;.append caller=Lk/a;.toString
[REC-MISS] Ljava/lang/StringBuilder;.append caller=Lk/a;.toString
[REC-MISS] Ljava/lang/StringBuilder;.toString caller=Lk/a;.toString
[REC-MISS] Landroid/widget/TextView;.setText caller=Ldubrowgn/microtimer/RoTimeControl;.b
[EXP091-SETTEXT] view_id=65 class=Landroid/widget/TextView; arg_kind=5 text="200:209:null"
[UI-EVENT] event=CLICK result=DISPATCHED listener=Lk/d;
[ApkParser] Found EOCD at offset 208873
[ApkParser] Central Directory: 105 entries at offset 202300
[EXT01-WINBG] windowBackground=@0xffffffff rgb(255,255,255)
[EXP092-RENDER] node=56 class=Landroid/widget/LinearLayout; text="" children=8 depth=0 pos=(0,0) size=(1080x1920)
[EXP092-RENDER] node=57 class=Landroid/widget/ScrollView; text="" children=1 depth=1 pos=(0,0) size=(1080x948)
[EXP092-RENDER] node=58 class=Landroid/widget/LinearLayout; text="" children=0 depth=2 pos=(0,0) size=(1080x0)
[EXP092-RENDER] node=59 class=Landroid/view/View; text="" children=0 depth=1 pos=(0,948) size=(1080x3)
[EXP092-RENDER] node=60 class=Landroid/widget/LinearLayout; text="" children=3 depth=1 pos=(0,951) size=(1080x126)
[EXP092-RENDER] node=61 class=Landroid/widget/ImageButton; text="" children=0 depth=2 pos=(0,951) size=(126x126)
[EXP092-RENDER] node=62 class=Ldubrowgn.microtimer.RoTimeControl; text="" children=1 depth=2 pos=(126,951) size=(656x123)
[C013-LEAFCHK] Ldubrowgn.microtimer.RoTimeControl; children=1 own_content=0 img_resid=0 bg=0x0 vis=0 w=656 h=123
[EXP092-RENDER] node=65 class=Landroid/widget/TextView; text="200:209:null" children=0 depth=3 pos=(126,951) size=(656x123)
[EXP092-RENDER] node=67 class=Landroid/widget/ImageButton; text="" children=0 depth=2 pos=(782,951) size=(126x126)
[EXP092-RENDER] node=68 class=Landroid/view/View; text="" children=0 depth=1 pos=(0,1077) size=(1080x3)
[EXP092-RENDER] node=69 class=Landroid/widget/LinearLayout; text="" children=3 depth=1 pos=(0,1080) size=(1080x210)
[EXP092-RENDER] node=70 class=Landroid/widget/Button; text="1" children=0 depth=2 pos=(0,1080) size=(360x210)
[EXP092-RENDER] node=71 class=Landroid/widget/Button; text="2" children=0 depth=2 pos=(360,1080) size=(360x210)
[EXP092-RENDER] node=72 class=Landroid/widget/Button; text="3" children=0 depth=2 pos=(720,1080) size=(360x210)
[EXP092-RENDER] node=73 class=Landroid/widget/LinearLayout; text="" children=3 depth=1 pos=(0,1290) size=(1080x210)
[EXP092-RENDER] node=74 class=Landroid/widget/Button; text="4" children=0 depth=2 pos=(0,1290) size=(360x210)
[EXP092-RENDER] node=75 class=Landroid/widget/Button; text="5" children=0 depth=2 pos=(360,1290) size=(360x210)
[EXP092-RENDER] node=76 class=Landroid/widget/Button; text="6" children=0 depth=2 pos=(720,1290) size=(360x210)
[EXP092-RENDER] node=77 class=Landroid/widget/LinearLayout; text="" children=3 depth=1 pos=(0,1500) size=(1080x210)
[EXP092-RENDER] node=78 class=Landroid/widget/Button; text="7" children=0 depth=2 pos=(0,1500) size=(360x210)
[EXP092-RENDER] node=79 class=Landroid/widget/Button; text="8" children=0 depth=2 pos=(360,1500) size=(360x210)
[EXP092-RENDER] node=80 class=Landroid/widget/Button; text="9" children=0 depth=2 pos=(720,1500) size=(360x210)
[EXP092-RENDER] node=81 class=Landroid/widget/LinearLayout; text="" children=3 depth=1 pos=(0,1710) size=(1080x210)
[EXP092-RENDER] node=82 class=Landroid/widget/Button; text="00" children=0 depth=2 pos=(0,1710) size=(360x210)
[EXP092-RENDER] node=83 class=Landroid/widget/Button; text="0" children=0 depth=2 pos=(360,1710) size=(360x210)
[EXP092-RENDER] node=84 class=Landroid/widget/Button; text="" children=0 depth=2 pos=(720,1710) size=(360x210)
[EXP092-COPY] fb has 1041437 non-white pixels out of 2073600 total
[EXP092-COPY] framebuffer_ updated, checking...
[EXP092-COPY] framebuffer_ has 1041437 non-white pixels
[UI-EVENT] event=CLICK view_object=76 view_class=Landroid/widget/Button; listener=91 listener_class=Lk/d;
[RET-BEFORE] Lk/d;.onClick bytecode_size=356
[METHOD-IN] Lk/d;.onClick (bytecode_size=356)
[RET-BEFORE] La/e;.h bytecode_size=97
[METHOD-IN] La/e;.h (bytecode_size=97)
[RET-BEFORE] Ldubrowgn/microtimer/MainActivity;.d bytecode_size=33
[METHOD-IN] Ldubrowgn/microtimer/MainActivity;.d (bytecode_size=33)
[REC-MISS] Ljava/lang/Integer;.remainderUnsigned caller=Ldubrowgn/microtimer/MainActivity;.d
[RET-BEFORE] Ldubrowgn/microtimer/RoTimeControl;.b bytecode_size=26
[METHOD-IN] Ldubrowgn/microtimer/RoTimeControl;.b (bytecode_size=26)
[RET-BEFORE] Lk/a;.toString bytecode_size=86
[METHOD-IN] Lk/a;.toString (bytecode_size=86)
[SGET] class=Lk/a; method=toString pc=0 field=Le/b;.b obj_id=102
[RET-BEFORE] Lm/b;.<init> bytecode_size=6
[METHOD-IN] Lm/b;.<init> (bytecode_size=6)
[RET-BEFORE] Le/b;.b bytecode_size=192
[METHOD-IN] Le/b;.b (bytecode_size=192)
[RET-BEFORE] La/e;.h bytecode_size=97
[METHOD-IN] La/e;.h (bytecode_size=97)
[RET-BEFORE] Lt/c;.<init> bytecode_size=5
[METHOD-IN] Lt/c;.<init> (bytecode_size=5)
[RET-BEFORE] Lt/a;.<init> bytecode_size=88
[METHOD-IN] Lt/a;.<init> (bytecode_size=88)
[RET-BEFORE] Lm/b;.<init> bytecode_size=6
[METHOD-IN] Lm/b;.<init> (bytecode_size=6)
[RET-BEFORE] Le/b;.b bytecode_size=192
[METHOD-IN] Le/b;.b (bytecode_size=192)
[RET-BEFORE] La/e;.h bytecode_size=97
[METHOD-IN] La/e;.h (bytecode_size=97)
[RET-BEFORE] Lm/b;.<init> bytecode_size=6
[METHOD-IN] Lm/b;.<init> (bytecode_size=6)
[RET-BEFORE] Le/b;.b bytecode_size=192
[METHOD-IN] Le/b;.b (bytecode_size=192)
[RET-BEFORE] La/e;.h bytecode_size=97
[METHOD-IN] La/e;.h (bytecode_size=97)
[EXP091-SETTEXT] view_id=65 class=Landroid/widget/TextView; arg_kind=5 text="200:null:null"
[UI-EVENT] event=CLICK result=DISPATCHED listener=Lk/d;
[ApkParser] Found EOCD at offset 208873
[ApkParser] Central Directory: 105 entries at offset 202300
[EXT01-WINBG] windowBackground=@0xffffffff rgb(255,255,255)
[EXP092-RENDER] node=56 class=Landroid/widget/LinearLayout; text="" children=8 depth=0 pos=(0,0) size=(1080x1920)
[EXP092-RENDER] node=57 class=Landroid/widget/ScrollView; text="" children=1 depth=1 pos=(0,0) size=(1080x948)
[EXP092-RENDER] node=58 class=Landroid/widget/LinearLayout; text="" children=0 depth=2 pos=(0,0) size=(1080x0)
[EXP092-RENDER] node=59 class=Landroid/view/View; text="" children=0 depth=1 pos=(0,948) size=(1080x3)
[EXP092-RENDER] node=60 class=Landroid/widget/LinearLayout; text="" children=3 depth=1 pos=(0,951) size=(1080x126)
[EXP092-RENDER] node=61 class=Landroid/widget/ImageButton; text="" children=0 depth=2 pos=(0,951) size=(126x126)
[EXP092-RENDER] node=62 class=Ldubrowgn.microtimer.RoTimeControl; text="" children=1 depth=2 pos=(126,951) size=(648x123)
[C013-LEAFCHK] Ldubrowgn.microtimer.RoTimeControl; children=1 own_content=0 img_resid=0 bg=0x0 vis=0 w=648 h=123
[EXP092-RENDER] node=65 class=Landroid/widget/TextView; text="200:null:null" children=0 depth=3 pos=(126,951) size=(648x123)
[EXP092-RENDER] node=67 class=Landroid/widget/ImageButton; text="" children=0 depth=2 pos=(774,951) size=(126x126)
[EXP092-RENDER] node=68 class=Landroid/view/View; text="" children=0 depth=1 pos=(0,1077) size=(1080x3)
[EXP092-RENDER] node=69 class=Landroid/widget/LinearLayout; text="" children=3 depth=1 pos=(0,1080) size=(1080x210)
[EXP092-RENDER] node=70 class=Landroid/widget/Button; text="1" children=0 depth=2 pos=(0,1080) size=(360x210)
[EXP092-RENDER] node=71 class=Landroid/widget/Button; text="2" children=0 depth=2 pos=(360,1080) size=(360x210)
[EXP092-RENDER] node=72 class=Landroid/widget/Button; text="3" children=0 depth=2 pos=(720,1080) size=(360x210)
[EXP092-RENDER] node=73 class=Landroid/widget/LinearLayout; text="" children=3 depth=1 pos=(0,1290) size=(1080x210)
[EXP092-RENDER] node=74 class=Landroid/widget/Button; text="4" children=0 depth=2 pos=(0,1290) size=(360x210)
[EXP092-RENDER] node=75 class=Landroid/widget/Button; text="5" children=0 depth=2 pos=(360,1290) size=(360x210)
[EXP092-RENDER] node=76 class=Landroid/widget/Button; text="6" children=0 depth=2 pos=(720,1290) size=(360x210)
[EXP092-RENDER] node=77 class=Landroid/widget/LinearLayout; text="" children=3 depth=1 pos=(0,1500) size=(1080x210)
[EXP092-RENDER] node=78 class=Landroid/widget/Button; text="7" children=0 depth=2 pos=(0,1500) size=(360x210)
[EXP092-RENDER] node=79 class=Landroid/widget/Button; text="8" children=0 depth=2 pos=(360,1500) size=(360x210)
[EXP092-RENDER] node=80 class=Landroid/widget/Button; text="9" children=0 depth=2 pos=(720,1500) size=(360x210)
[EXP092-RENDER] node=81 class=Landroid/widget/LinearLayout; text="" children=3 depth=1 pos=(0,1710) size=(1080x210)
[EXP092-RENDER] node=82 class=Landroid/widget/Button; text="00" children=0 depth=2 pos=(0,1710) size=(360x210)
[EXP092-RENDER] node=83 class=Landroid/widget/Button; text="0" children=0 depth=2 pos=(360,1710) size=(360x210)
[EXP092-RENDER] node=84 class=Landroid/widget/Button; text="" children=0 depth=2 pos=(720,1710) size=(360x210)
[EXP092-COPY] fb has 1041437 non-white pixels out of 2073600 total
[EXP092-COPY] framebuffer_ updated, checking...
[EXP092-COPY] framebuffer_ has 1041437 non-white pixels
[UI-EVENT] event=CLICK view_object=75 view_class=Landroid/widget/Button; listener=90 listener_class=Lk/d;
[RET-BEFORE] Lk/d;.onClick bytecode_size=356
[METHOD-IN] Lk/d;.onClick (bytecode_size=356)
[RET-BEFORE] La/e;.h bytecode_size=97
[METHOD-IN] La/e;.h (bytecode_size=97)
[RET-BEFORE] Ldubrowgn/microtimer/MainActivity;.d bytecode_size=33
[METHOD-IN] Ldubrowgn/microtimer/MainActivity;.d (bytecode_size=33)
[RET-BEFORE] Ldubrowgn/microtimer/RoTimeControl;.b bytecode_size=26
[METHOD-IN] Ldubrowgn/microtimer/RoTimeControl;.b (bytecode_size=26)
[RET-BEFORE] Lk/a;.toString bytecode_size=86
[METHOD-IN] Lk/a;.toString (bytecode_size=86)
[SGET] class=Lk/a; method=toString pc=0 field=Le/b;.b obj_id=102
[RET-BEFORE] Lm/b;.<init> bytecode_size=6
[METHOD-IN] Lm/b;.<init> (bytecode_size=6)
[RET-BEFORE] Le/b;.b bytecode_size=192
[METHOD-IN] Le/b;.b (bytecode_size=192)
[RET-BEFORE] La/e;.h bytecode_size=97
[METHOD-IN] La/e;.h (bytecode_size=97)
[RET-BEFORE] Lt/c;.<init> bytecode_size=5
[METHOD-IN] Lt/c;.<init> (bytecode_size=5)
[RET-BEFORE] Lt/a;.<init> bytecode_size=88
[METHOD-IN] Lt/a;.<init> (bytecode_size=88)
[RET-BEFORE] Lm/b;.<init> bytecode_size=6
[METHOD-IN] Lm/b;.<init> (bytecode_size=6)
[RET-BEFORE] Le/b;.b bytecode_size=192
[METHOD-IN] Le/b;.b (bytecode_size=192)
[RET-BEFORE] La/e;.h bytecode_size=97
[METHOD-IN] La/e;.h (bytecode_size=97)
[RET-BEFORE] Lm/b;.<init> bytecode_size=6
[METHOD-IN] Lm/b;.<init> (bytecode_size=6)
[RET-BEFORE] Le/b;.b bytecode_size=192
[METHOD-IN] Le/b;.b (bytecode_size=192)
[RET-BEFORE] La/e;.h bytecode_size=97
[METHOD-IN] La/e;.h (bytecode_size=97)
[EXP091-SETTEXT] view_id=65 class=Landroid/widget/TextView; arg_kind=5 text="209:null:null"
[UI-EVENT] event=CLICK result=DISPATCHED listener=Lk/d;
[ApkParser] Found EOCD at offset 208873
[ApkParser] Central Directory: 105 entries at offset 202300
[EXT01-WINBG] windowBackground=@0xffffffff rgb(255,255,255)
[EXP092-RENDER] node=56 class=Landroid/widget/LinearLayout; text="" children=8 depth=0 pos=(0,0) size=(1080x1920)
[EXP092-RENDER] node=57 class=Landroid/widget/ScrollView; text="" children=1 depth=1 pos=(0,0) size=(1080x948)
[EXP092-RENDER] node=58 class=Landroid/widget/LinearLayout; text="" children=0 depth=2 pos=(0,0) size=(1080x0)
[EXP092-RENDER] node=59 class=Landroid/view/View; text="" children=0 depth=1 pos=(0,948) size=(1080x3)
[EXP092-RENDER] node=60 class=Landroid/widget/LinearLayout; text="" children=3 depth=1 pos=(0,951) size=(1080x126)
[EXP092-RENDER] node=61 class=Landroid/widget/ImageButton; text="" children=0 depth=2 pos=(0,951) size=(126x126)
[EXP092-RENDER] node=62 class=Ldubrowgn.microtimer.RoTimeControl; text="" children=1 depth=2 pos=(126,951) size=(648x123)
[C013-LEAFCHK] Ldubrowgn.microtimer.RoTimeControl; children=1 own_content=0 img_resid=0 bg=0x0 vis=0 w=648 h=123
[EXP092-RENDER] node=65 class=Landroid/widget/TextView; text="209:null:null" children=0 depth=3 pos=(126,951) size=(648x123)
[EXP092-RENDER] node=67 class=Landroid/widget/ImageButton; text="" children=0 depth=2 pos=(774,951) size=(126x126)
[EXP092-RENDER] node=68 class=Landroid/view/View; text="" children=0 depth=1 pos=(0,1077) size=(1080x3)
[EXP092-RENDER] node=69 class=Landroid/widget/LinearLayout; text="" children=3 depth=1 pos=(0,1080) size=(1080x210)
[EXP092-RENDER] node=70 class=Landroid/widget/Button; text="1" children=0 depth=2 pos=(0,1080) size=(360x210)
[EXP092-RENDER] node=71 class=Landroid/widget/Button; text="2" children=0 depth=2 pos=(360,1080) size=(360x210)
[EXP092-RENDER] node=72 class=Landroid/widget/Button; text="3" children=0 depth=2 pos=(720,1080) size=(360x210)
[EXP092-RENDER] node=73 class=Landroid/widget/LinearLayout; text="" children=3 depth=1 pos=(0,1290) size=(1080x210)
[EXP092-RENDER] node=74 class=Landroid/widget/Button; text="4" children=0 depth=2 pos=(0,1290) size=(360x210)
[EXP092-RENDER] node=75 class=Landroid/widget/Button; text="5" children=0 depth=2 pos=(360,1290) size=(360x210)
[EXP092-RENDER] node=76 class=Landroid/widget/Button; text="6" children=0 depth=2 pos=(720,1290) size=(360x210)
[EXP092-RENDER] node=77 class=Landroid/widget/LinearLayout; text="" children=3 depth=1 pos=(0,1500) size=(1080x210)
[EXP092-RENDER] node=78 class=Landroid/widget/Button; text="7" children=0 depth=2 pos=(0,1500) size=(360x210)
[EXP092-RENDER] node=79 class=Landroid/widget/Button; text="8" children=0 depth=2 pos=(360,1500) size=(360x210)
[EXP092-RENDER] node=80 class=Landroid/widget/Button; text="9" children=0 depth=2 pos=(720,1500) size=(360x210)
[EXP092-RENDER] node=81 class=Landroid/widget/LinearLayout; text="" children=3 depth=1 pos=(0,1710) size=(1080x210)
[EXP092-RENDER] node=82 class=Landroid/widget/Button; text="00" children=0 depth=2 pos=(0,1710) size=(360x210)
[EXP092-RENDER] node=83 class=Landroid/widget/Button; text="0" children=0 depth=2 pos=(360,1710) size=(360x210)
[EXP092-RENDER] node=84 class=Landroid/widget/Button; text="" children=0 depth=2 pos=(720,1710) size=(360x210)
[EXP092-COPY] fb has 1041437 non-white pixels out of 2073600 total
[EXP092-COPY] framebuffer_ updated, checking...
[EXP092-COPY] framebuffer_ has 1041437 non-white pixels
[UI-EVENT] event=CLICK view_object=74 view_class=Landroid/widget/Button; listener=89 listener_class=Lk/d;
[RET-BEFORE] Lk/d;.onClick bytecode_size=356
[METHOD-IN] Lk/d;.onClick (bytecode_size=356)
[RET-BEFORE] La/e;.h bytecode_size=97
[METHOD-IN] La/e;.h (bytecode_size=97)
[RET-BEFORE] Ldubrowgn/microtimer/MainActivity;.d bytecode_size=33
[METHOD-IN] Ldubrowgn/microtimer/MainActivity;.d (bytecode_size=33)
[RET-BEFORE] Ldubrowgn/microtimer/RoTimeControl;.b bytecode_size=26
[METHOD-IN] Ldubrowgn/microtimer/RoTimeControl;.b (bytecode_size=26)
[RET-BEFORE] Lk/a;.toString bytecode_size=86
[METHOD-IN] Lk/a;.toString (bytecode_size=86)
[SGET] class=Lk/a; method=toString pc=0 field=Le/b;.b obj_id=102
[RET-BEFORE] Lm/b;.<init> bytecode_size=6
[METHOD-IN] Lm/b;.<init> (bytecode_size=6)
[RET-BEFORE] Le/b;.b bytecode_size=192
[METHOD-IN] Le/b;.b (bytecode_size=192)
[RET-BEFORE] La/e;.h bytecode_size=97
[METHOD-IN] La/e;.h (bytecode_size=97)
[RET-BEFORE] Lm/b;.<init> bytecode_size=6
[METHOD-IN] Lm/b;.<init> (bytecode_size=6)
[RET-BEFORE] Le/b;.b bytecode_size=192
[METHOD-IN] Le/b;.b (bytecode_size=192)
[RET-BEFORE] La/e;.h bytecode_size=97
[METHOD-IN] La/e;.h (bytecode_size=97)
[RET-BEFORE] Lm/b;.<init> bytecode_size=6
[METHOD-IN] Lm/b;.<init> (bytecode_size=6)
[RET-BEFORE] Le/b;.b bytecode_size=192
[METHOD-IN] Le/b;.b (bytecode_size=192)
[RET-BEFORE] La/e;.h bytecode_size=97
[METHOD-IN] La/e;.h (bytecode_size=97)
[EXP091-SETTEXT] view_id=65 class=Landroid/widget/TextView; arg_kind=5 text="null:null:null"
[UI-EVENT] event=CLICK result=DISPATCHED listener=Lk/d;
[ApkParser] Found EOCD at offset 208873
[ApkParser] Central Directory: 105 entries at offset 202300
[EXT01-WINBG] windowBackground=@0xffffffff rgb(255,255,255)
[EXP092-RENDER] node=56 class=Landroid/widget/LinearLayout; text="" children=8 depth=0 pos=(0,0) size=(1080x1920)
[EXP092-RENDER] node=57 class=Landroid/widget/ScrollView; text="" children=1 depth=1 pos=(0,0) size=(1080x948)
[EXP092-RENDER] node=58 class=Landroid/widget/LinearLayout; text="" children=0 depth=2 pos=(0,0) size=(1080x0)
[EXP092-RENDER] node=59 class=Landroid/view/View; text="" children=0 depth=1 pos=(0,948) size=(1080x3)
[EXP092-RENDER] node=60 class=Landroid/widget/LinearLayout; text="" children=3 depth=1 pos=(0,951) size=(1080x126)
[EXP092-RENDER] node=61 class=Landroid/widget/ImageButton; text="" children=0 depth=2 pos=(0,951) size=(126x126)
[EXP092-RENDER] node=62 class=Ldubrowgn.microtimer.RoTimeControl; text="" children=1 depth=2 pos=(126,951) size=(640x123)
[C013-LEAFCHK] Ldubrowgn.microtimer.RoTimeControl; children=1 own_content=0 img_resid=0 bg=0x0 vis=0 w=640 h=123
[EXP092-RENDER] node=65 class=Landroid/widget/TextView; text="null:null:null" children=0 depth=3 pos=(126,951) size=(640x123)
[EXP092-RENDER] node=67 class=Landroid/widget/ImageButton; text="" children=0 depth=2 pos=(766,951) size=(126x126)
[EXP092-RENDER] node=68 class=Landroid/view/View; text="" children=0 depth=1 pos=(0,1077) size=(1080x3)
[EXP092-RENDER] node=69 class=Landroid/widget/LinearLayout; text="" children=3 depth=1 pos=(0,1080) size=(1080x210)
[EXP092-RENDER] node=70 class=Landroid/widget/Button; text="1" children=0 depth=2 pos=(0,1080) size=(360x210)
[EXP092-RENDER] node=71 class=Landroid/widget/Button; text="2" children=0 depth=2 pos=(360,1080) size=(360x210)
[EXP092-RENDER] node=72 class=Landroid/widget/Button; text="3" children=0 depth=2 pos=(720,1080) size=(360x210)
[EXP092-RENDER] node=73 class=Landroid/widget/LinearLayout; text="" children=3 depth=1 pos=(0,1290) size=(1080x210)
[EXP092-RENDER] node=74 class=Landroid/widget/Button; text="4" children=0 depth=2 pos=(0,1290) size=(360x210)
[EXP092-RENDER] node=75 class=Landroid/widget/Button; text="5" children=0 depth=2 pos=(360,1290) size=(360x210)
[EXP092-RENDER] node=76 class=Landroid/widget/Button; text="6" children=0 depth=2 pos=(720,1290) size=(360x210)
[EXP092-RENDER] node=77 class=Landroid/widget/LinearLayout; text="" children=3 depth=1 pos=(0,1500) size=(1080x210)
[EXP092-RENDER] node=78 class=Landroid/widget/Button; text="7" children=0 depth=2 pos=(0,1500) size=(360x210)
[EXP092-RENDER] node=79 class=Landroid/widget/Button; text="8" children=0 depth=2 pos=(360,1500) size=(360x210)
[EXP092-RENDER] node=80 class=Landroid/widget/Button; text="9" children=0 depth=2 pos=(720,1500) size=(360x210)
[EXP092-RENDER] node=81 class=Landroid/widget/LinearLayout; text="" children=3 depth=1 pos=(0,1710) size=(1080x210)
[EXP092-RENDER] node=82 class=Landroid/widget/Button; text="00" children=0 depth=2 pos=(0,1710) size=(360x210)
[EXP092-RENDER] node=83 class=Landroid/widget/Button; text="0" children=0 depth=2 pos=(360,1710) size=(360x210)
[EXP092-RENDER] node=84 class=Landroid/widget/Button; text="" children=0 depth=2 pos=(720,1710) size=(360x210)
[EXP092-COPY] fb has 1041437 non-white pixels out of 2073600 total
[EXP092-COPY] framebuffer_ updated, checking...
[EXP092-COPY] framebuffer_ has 1041437 non-white pixels
[UI-EVENT] event=CLICK view_object=72 view_class=Landroid/widget/Button; listener=88 listener_class=Lk/d;
[RET-BEFORE] Lk/d;.onClick bytecode_size=356
[METHOD-IN] Lk/d;.onClick (bytecode_size=356)
[RET-BEFORE] La/e;.h bytecode_size=97
[METHOD-IN] La/e;.h (bytecode_size=97)
[RET-BEFORE] Ldubrowgn/microtimer/MainActivity;.d bytecode_size=33
[METHOD-IN] Ldubrowgn/microtimer/MainActivity;.d (bytecode_size=33)
[RET-BEFORE] Ldubrowgn/microtimer/RoTimeControl;.b bytecode_size=26
[METHOD-IN] Ldubrowgn/microtimer/RoTimeControl;.b (bytecode_size=26)
[RET-BEFORE] Lk/a;.toString bytecode_size=86
[METHOD-IN] Lk/a;.toString (bytecode_size=86)
[SGET] class=Lk/a; method=toString pc=0 field=Le/b;.b obj_id=102
[RET-BEFORE] Lm/b;.<init> bytecode_size=6
[METHOD-IN] Lm/b;.<init> (bytecode_size=6)
[RET-BEFORE] Le/b;.b bytecode_size=192
[METHOD-IN] Le/b;.b (bytecode_size=192)
[RET-BEFORE] La/e;.h bytecode_size=97
[METHOD-IN] La/e;.h (bytecode_size=97)
[RET-BEFORE] Lm/b;.<init> bytecode_size=6
[METHOD-IN] Lm/b;.<init> (bytecode_size=6)
[RET-BEFORE] Le/b;.b bytecode_size=192
[METHOD-IN] Le/b;.b (bytecode_size=192)
[RET-BEFORE] La/e;.h bytecode_size=97
[METHOD-IN] La/e;.h (bytecode_size=97)
[RET-BEFORE] Lm/b;.<init> bytecode_size=6
[METHOD-IN] Lm/b;.<init> (bytecode_size=6)
[RET-BEFORE] Le/b;.b bytecode_size=192
[METHOD-IN] Le/b;.b (bytecode_size=192)
[RET-BEFORE] La/e;.h bytecode_size=97
[METHOD-IN] La/e;.h (bytecode_size=97)
[EXP091-SETTEXT] view_id=65 class=Landroid/widget/TextView; arg_kind=5 text="null:null:null"
[UI-EVENT] event=CLICK result=DISPATCHED listener=Lk/d;
[ApkParser] Found EOCD at offset 208873
[ApkParser] Central Directory: 105 entries at offset 202300
[EXT01-WINBG] windowBackground=@0xffffffff rgb(255,255,255)
[EXP092-RENDER] node=56 class=Landroid/widget/LinearLayout; text="" children=8 depth=0 pos=(0,0) size=(1080x1920)
[EXP092-RENDER] node=57 class=Landroid/widget/ScrollView; text="" children=1 depth=1 pos=(0,0) size=(1080x948)
[EXP092-RENDER] node=58 class=Landroid/widget/LinearLayout; text="" children=0 depth=2 pos=(0,0) size=(1080x0)
[EXP092-RENDER] node=59 class=Landroid/view/View; text="" children=0 depth=1 pos=(0,948) size=(1080x3)
[EXP092-RENDER] node=60 class=Landroid/widget/LinearLayout; text="" children=3 depth=1 pos=(0,951) size=(1080x126)
[EXP092-RENDER] node=61 class=Landroid/widget/ImageButton; text="" children=0 depth=2 pos=(0,951) size=(126x126)
[EXP092-RENDER] node=62 class=Ldubrowgn.microtimer.RoTimeControl; text="" children=1 depth=2 pos=(126,951) size=(640x123)
[C013-LEAFCHK] Ldubrowgn.microtimer.RoTimeControl; children=1 own_content=0 img_resid=0 bg=0x0 vis=0 w=640 h=123
[EXP092-RENDER] node=65 class=Landroid/widget/TextView; text="null:null:null" children=0 depth=3 pos=(126,951) size=(640x123)
[EXP092-RENDER] node=67 class=Landroid/widget/ImageButton; text="" children=0 depth=2 pos=(766,951) size=(126x126)
[EXP092-RENDER] node=68 class=Landroid/view/View; text="" children=0 depth=1 pos=(0,1077) size=(1080x3)
[EXP092-RENDER] node=69 class=Landroid/widget/LinearLayout; text="" children=3 depth=1 pos=(0,1080) size=(1080x210)
[EXP092-RENDER] node=70 class=Landroid/widget/Button; text="1" children=0 depth=2 pos=(0,1080) size=(360x210)
[EXP092-RENDER] node=71 class=Landroid/widget/Button; text="2" children=0 depth=2 pos=(360,1080) size=(360x210)
[EXP092-RENDER] node=72 class=Landroid/widget/Button; text="3" children=0 depth=2 pos=(720,1080) size=(360x210)
[EXP092-RENDER] node=73 class=Landroid/widget/LinearLayout; text="" children=3 depth=1 pos=(0,1290) size=(1080x210)
[EXP092-RENDER] node=74 class=Landroid/widget/Button; text="4" children=0 depth=2 pos=(0,1290) size=(360x210)
[EXP092-RENDER] node=75 class=Landroid/widget/Button; text="5" children=0 depth=2 pos=(360,1290) size=(360x210)
[EXP092-RENDER] node=76 class=Landroid/widget/Button; text="6" children=0 depth=2 pos=(720,1290) size=(360x210)
[EXP092-RENDER] node=77 class=Landroid/widget/LinearLayout; text="" children=3 depth=1 pos=(0,1500) size=(1080x210)
[EXP092-RENDER] node=78 class=Landroid/widget/Button; text="7" children=0 depth=2 pos=(0,1500) size=(360x210)
[EXP092-RENDER] node=79 class=Landroid/widget/Button; text="8" children=0 depth=2 pos=(360,1500) size=(360x210)
[EXP092-RENDER] node=80 class=Landroid/widget/Button; text="9" children=0 depth=2 pos=(720,1500) size=(360x210)
[EXP092-RENDER] node=81 class=Landroid/widget/LinearLayout; text="" children=3 depth=1 pos=(0,1710) size=(1080x210)
[EXP092-RENDER] node=82 class=Landroid/widget/Button; text="00" children=0 depth=2 pos=(0,1710) size=(360x210)
[EXP092-RENDER] node=83 class=Landroid/widget/Button; text="0" children=0 depth=2 pos=(360,1710) size=(360x210)
[EXP092-RENDER] node=84 class=Landroid/widget/Button; text="" children=0 depth=2 pos=(720,1710) size=(360x210)
[EXP092-COPY] fb has 1041437 non-white pixels out of 2073600 total
[EXP092-COPY] framebuffer_ updated, checking...
[EXP092-COPY] framebuffer_ has 1041437 non-white pixels
[UI-EVENT] event=CLICK view_object=71 view_class=Landroid/widget/Button; listener=87 listener_class=Lk/d;
[RET-BEFORE] Lk/d;.onClick bytecode_size=356
[METHOD-IN] Lk/d;.onClick (bytecode_size=356)
[RET-BEFORE] La/e;.h bytecode_size=97
[METHOD-IN] La/e;.h (bytecode_size=97)
[RET-BEFORE] Ldubrowgn/microtimer/MainActivity;.d bytecode_size=33
[METHOD-IN] Ldubrowgn/microtimer/MainActivity;.d (bytecode_size=33)
[RET-BEFORE] Ldubrowgn/microtimer/RoTimeControl;.b bytecode_size=26
[METHOD-IN] Ldubrowgn/microtimer/RoTimeControl;.b (bytecode_size=26)
[RET-BEFORE] Lk/a;.toString bytecode_size=86
[METHOD-IN] Lk/a;.toString (bytecode_size=86)
[SGET] class=Lk/a; method=toString pc=0 field=Le/b;.b obj_id=102
[RET-BEFORE] Lm/b;.<init> bytecode_size=6
[METHOD-IN] Lm/b;.<init> (bytecode_size=6)
[RET-BEFORE] Le/b;.b bytecode_size=192
[METHOD-IN] Le/b;.b (bytecode_size=192)
[RET-BEFORE] La/e;.h bytecode_size=97
[METHOD-IN] La/e;.h (bytecode_size=97)
[RET-BEFORE] Lm/b;.<init> bytecode_size=6
[METHOD-IN] Lm/b;.<init> (bytecode_size=6)
[RET-BEFORE] Le/b;.b bytecode_size=192
[METHOD-IN] Le/b;.b (bytecode_size=192)
[RET-BEFORE] La/e;.h bytecode_size=97
[METHOD-IN] La/e;.h (bytecode_size=97)
[RET-BEFORE] Lm/b;.<init> bytecode_size=6
[METHOD-IN] Lm/b;.<init> (bytecode_size=6)
[RET-BEFORE] Le/b;.b bytecode_size=192
[METHOD-IN] Le/b;.b (bytecode_size=192)
[RET-BEFORE] La/e;.h bytecode_size=97
[METHOD-IN] La/e;.h (bytecode_size=97)
[EXP091-SETTEXT] view_id=65 class=Landroid/widget/TextView; arg_kind=5 text="null:null:null"
[UI-EVENT] event=CLICK result=DISPATCHED listener=Lk/d;
[ApkParser] Found EOCD at offset 208873
[ApkParser] Central Directory: 105 entries at offset 202300
[EXT01-WINBG] windowBackground=@0xffffffff rgb(255,255,255)
[EXP092-RENDER] node=56 class=Landroid/widget/LinearLayout; text="" children=8 depth=0 pos=(0,0) size=(1080x1920)
[EXP092-RENDER] node=57 class=Landroid/widget/ScrollView; text="" children=1 depth=1 pos=(0,0) size=(1080x948)
[EXP092-RENDER] node=58 class=Landroid/widget/LinearLayout; text="" children=0 depth=2 pos=(0,0) size=(1080x0)
[EXP092-RENDER] node=59 class=Landroid/view/View; text="" children=0 depth=1 pos=(0,948) size=(1080x3)
[EXP092-RENDER] node=60 class=Landroid/widget/LinearLayout; text="" children=3 depth=1 pos=(0,951) size=(1080x126)
[EXP092-RENDER] node=61 class=Landroid/widget/ImageButton; text="" children=0 depth=2 pos=(0,951) size=(126x126)
[EXP092-RENDER] node=62 class=Ldubrowgn.microtimer.RoTimeControl; text="" children=1 depth=2 pos=(126,951) size=(640x123)
[C013-LEAFCHK] Ldubrowgn.microtimer.RoTimeControl; children=1 own_content=0 img_resid=0 bg=0x0 vis=0 w=640 h=123
[EXP092-RENDER] node=65 class=Landroid/widget/TextView; text="null:null:null" children=0 depth=3 pos=(126,951) size=(640x123)
[EXP092-RENDER] node=67 class=Landroid/widget/ImageButton; text="" children=0 depth=2 pos=(766,951) size=(126x126)
[EXP092-RENDER] node=68 class=Landroid/view/View; text="" children=0 depth=1 pos=(0,1077) size=(1080x3)
[EXP092-RENDER] node=69 class=Landroid/widget/LinearLayout; text="" children=3 depth=1 pos=(0,1080) size=(1080x210)
[EXP092-RENDER] node=70 class=Landroid/widget/Button; text="1" children=0 depth=2 pos=(0,1080) size=(360x210)
[EXP092-RENDER] node=71 class=Landroid/widget/Button; text="2" children=0 depth=2 pos=(360,1080) size=(360x210)
[EXP092-RENDER] node=72 class=Landroid/widget/Button; text="3" children=0 depth=2 pos=(720,1080) size=(360x210)
[EXP092-RENDER] node=73 class=Landroid/widget/LinearLayout; text="" children=3 depth=1 pos=(0,1290) size=(1080x210)
[EXP092-RENDER] node=74 class=Landroid/widget/Button; text="4" children=0 depth=2 pos=(0,1290) size=(360x210)
[EXP092-RENDER] node=75 class=Landroid/widget/Button; text="5" children=0 depth=2 pos=(360,1290) size=(360x210)
[EXP092-RENDER] node=76 class=Landroid/widget/Button; text="6" children=0 depth=2 pos=(720,1290) size=(360x210)
[EXP092-RENDER] node=77 class=Landroid/widget/LinearLayout; text="" children=3 depth=1 pos=(0,1500) size=(1080x210)
[EXP092-RENDER] node=78 class=Landroid/widget/Button; text="7" children=0 depth=2 pos=(0,1500) size=(360x210)
[EXP092-RENDER] node=79 class=Landroid/widget/Button; text="8" children=0 depth=2 pos=(360,1500) size=(360x210)
[EXP092-RENDER] node=80 class=Landroid/widget/Button; text="9" children=0 depth=2 pos=(720,1500) size=(360x210)
[EXP092-RENDER] node=81 class=Landroid/widget/LinearLayout; text="" children=3 depth=1 pos=(0,1710) size=(1080x210)
[EXP092-RENDER] node=82 class=Landroid/widget/Button; text="00" children=0 depth=2 pos=(0,1710) size=(360x210)
[EXP092-RENDER] node=83 class=Landroid/widget/Button; text="0" children=0 depth=2 pos=(360,1710) size=(360x210)
[EXP092-RENDER] node=84 class=Landroid/widget/Button; text="" children=0 depth=2 pos=(720,1710) size=(360x210)
[EXP092-COPY] fb has 1041437 non-white pixels out of 2073600 total
[EXP092-COPY] framebuffer_ updated, checking...
[EXP092-COPY] framebuffer_ has 1041437 non-white pixels
[UI-EVENT] event=CLICK view_object=70 view_class=Landroid/widget/Button; listener=86 listener_class=Lk/d;
[RET-BEFORE] Lk/d;.onClick bytecode_size=356
[METHOD-IN] Lk/d;.onClick (bytecode_size=356)
[RET-BEFORE] La/e;.h bytecode_size=97
[METHOD-IN] La/e;.h (bytecode_size=97)
[RET-BEFORE] Ldubrowgn/microtimer/MainActivity;.d bytecode_size=33
[METHOD-IN] Ldubrowgn/microtimer/MainActivity;.d (bytecode_size=33)
[RET-BEFORE] Ldubrowgn/microtimer/RoTimeControl;.b bytecode_size=26
[METHOD-IN] Ldubrowgn/microtimer/RoTimeControl;.b (bytecode_size=26)
[RET-BEFORE] Lk/a;.toString bytecode_size=86
[METHOD-IN] Lk/a;.toString (bytecode_size=86)
[SGET] class=Lk/a; method=toString pc=0 field=Le/b;.b obj_id=102
[RET-BEFORE] Lm/b;.<init> bytecode_size=6
[METHOD-IN] Lm/b;.<init> (bytecode_size=6)
[RET-BEFORE] Le/b;.b bytecode_size=192
[METHOD-IN] Le/b;.b (bytecode_size=192)
[RET-BEFORE] La/e;.h bytecode_size=97
[METHOD-IN] La/e;.h (bytecode_size=97)
[RET-BEFORE] Lm/b;.<init> bytecode_size=6
[METHOD-IN] Lm/b;.<init> (bytecode_size=6)
[RET-BEFORE] Le/b;.b bytecode_size=192
[METHOD-IN] Le/b;.b (bytecode_size=192)
[RET-BEFORE] La/e;.h bytecode_size=97
[METHOD-IN] La/e;.h (bytecode_size=97)
[RET-BEFORE] Lm/b;.<init> bytecode_size=6
[METHOD-IN] Lm/b;.<init> (bytecode_size=6)
[RET-BEFORE] Le/b;.b bytecode_size=192
[METHOD-IN] Le/b;.b (bytecode_size=192)
[RET-BEFORE] La/e;.h bytecode_size=97
[METHOD-IN] La/e;.h (bytecode_size=97)
[EXP091-SETTEXT] view_id=65 class=Landroid/widget/TextView; arg_kind=5 text="null:null:null"
[UI-EVENT] event=CLICK result=DISPATCHED listener=Lk/d;
[ApkParser] Found EOCD at offset 208873
[ApkParser] Central Directory: 105 entries at offset 202300
[EXT01-WINBG] windowBackground=@0xffffffff rgb(255,255,255)
[EXP092-RENDER] node=56 class=Landroid/widget/LinearLayout; text="" children=8 depth=0 pos=(0,0) size=(1080x1920)
[EXP092-RENDER] node=57 class=Landroid/widget/ScrollView; text="" children=1 depth=1 pos=(0,0) size=(1080x948)
[EXP092-RENDER] node=58 class=Landroid/widget/LinearLayout; text="" children=0 depth=2 pos=(0,0) size=(1080x0)
[EXP092-RENDER] node=59 class=Landroid/view/View; text="" children=0 depth=1 pos=(0,948) size=(1080x3)
[EXP092-RENDER] node=60 class=Landroid/widget/LinearLayout; text="" children=3 depth=1 pos=(0,951) size=(1080x126)
[EXP092-RENDER] node=61 class=Landroid/widget/ImageButton; text="" children=0 depth=2 pos=(0,951) size=(126x126)
[EXP092-RENDER] node=62 class=Ldubrowgn.microtimer.RoTimeControl; text="" children=1 depth=2 pos=(126,951) size=(640x123)
[C013-LEAFCHK] Ldubrowgn.microtimer.RoTimeControl; children=1 own_content=0 img_resid=0 bg=0x0 vis=0 w=640 h=123
[EXP092-RENDER] node=65 class=Landroid/widget/TextView; text="null:null:null" children=0 depth=3 pos=(126,951) size=(640x123)
[EXP092-RENDER] node=67 class=Landroid/widget/ImageButton; text="" children=0 depth=2 pos=(766,951) size=(126x126)
[EXP092-RENDER] node=68 class=Landroid/view/View; text="" children=0 depth=1 pos=(0,1077) size=(1080x3)
[EXP092-RENDER] node=69 class=Landroid/widget/LinearLayout; text="" children=3 depth=1 pos=(0,1080) size=(1080x210)
[EXP092-RENDER] node=70 class=Landroid/widget/Button; text="1" children=0 depth=2 pos=(0,1080) size=(360x210)
[EXP092-RENDER] node=71 class=Landroid/widget/Button; text="2" children=0 depth=2 pos=(360,1080) size=(360x210)
[EXP092-RENDER] node=72 class=Landroid/widget/Button; text="3" children=0 depth=2 pos=(720,1080) size=(360x210)
[EXP092-RENDER] node=73 class=Landroid/widget/LinearLayout; text="" children=3 depth=1 pos=(0,1290) size=(1080x210)
[EXP092-RENDER] node=74 class=Landroid/widget/Button; text="4" children=0 depth=2 pos=(0,1290) size=(360x210)
[EXP092-RENDER] node=75 class=Landroid/widget/Button; text="5" children=0 depth=2 pos=(360,1290) size=(360x210)
[EXP092-RENDER] node=76 class=Landroid/widget/Button; text="6" children=0 depth=2 pos=(720,1290) size=(360x210)
[EXP092-RENDER] node=77 class=Landroid/widget/LinearLayout; text="" children=3 depth=1 pos=(0,1500) size=(1080x210)
[EXP092-RENDER] node=78 class=Landroid/widget/Button; text="7" children=0 depth=2 pos=(0,1500) size=(360x210)
[EXP092-RENDER] node=79 class=Landroid/widget/Button; text="8" children=0 depth=2 pos=(360,1500) size=(360x210)
[EXP092-RENDER] node=80 class=Landroid/widget/Button; text="9" children=0 depth=2 pos=(720,1500) size=(360x210)
[EXP092-RENDER] node=81 class=Landroid/widget/LinearLayout; text="" children=3 depth=1 pos=(0,1710) size=(1080x210)
[EXP092-RENDER] node=82 class=Landroid/widget/Button; text="00" children=0 depth=2 pos=(0,1710) size=(360x210)
[EXP092-RENDER] node=83 class=Landroid/widget/Button; text="0" children=0 depth=2 pos=(360,1710) size=(360x210)
[EXP092-RENDER] node=84 class=Landroid/widget/Button; text="" children=0 depth=2 pos=(720,1710) size=(360x210)
[EXP092-COPY] fb has 1041437 non-white pixels out of 2073600 total
[EXP092-COPY] framebuffer_ updated, checking...
[EXP092-COPY] framebuffer_ has 1041437 non-white pixels
[CLICK-TEST] done: probed=12 state_changed=11 frames_saved=5
[G08-LAUNCH] FAILED: no component (implicit intent)
[ApkParser] Found EOCD at offset 208873
[ApkParser] Central Directory: 105 entries at offset 202300
[EXT01-WINBG] windowBackground=@0xffffffff rgb(255,255,255)
[EXP092-RENDER] node=56 class=Landroid/widget/LinearLayout; text="" children=8 depth=0 pos=(0,0) size=(1080x1920)
[EXP092-RENDER] node=57 class=Landroid/widget/ScrollView; text="" children=1 depth=1 pos=(0,0) size=(1080x948)
[EXP092-RENDER] node=58 class=Landroid/widget/LinearLayout; text="" children=0 depth=2 pos=(0,0) size=(1080x0)
[EXP092-RENDER] node=59 class=Landroid/view/View; text="" children=0 depth=1 pos=(0,948) size=(1080x3)
[EXP092-RENDER] node=60 class=Landroid/widget/LinearLayout; text="" children=3 depth=1 pos=(0,951) size=(1080x126)
[EXP092-RENDER] node=61 class=Landroid/widget/ImageButton; text="" children=0 depth=2 pos=(0,951) size=(126x126)
[EXP092-RENDER] node=62 class=Ldubrowgn.microtimer.RoTimeControl; text="" children=1 depth=2 pos=(126,951) size=(640x123)
[C013-LEAFCHK] Ldubrowgn.microtimer.RoTimeControl; children=1 own_content=0 img_resid=0 bg=0x0 vis=0 w=640 h=123
[EXP092-RENDER] node=65 class=Landroid/widget/TextView; text="null:null:null" children=0 depth=3 pos=(126,951) size=(640x123)
[EXP092-RENDER] node=67 class=Landroid/widget/ImageButton; text="" children=0 depth=2 pos=(766,951) size=(126x126)
[EXP092-RENDER] node=68 class=Landroid/view/View; text="" children=0 depth=1 pos=(0,1077) size=(1080x3)
[EXP092-RENDER] node=69 class=Landroid/widget/LinearLayout; text="" children=3 depth=1 pos=(0,1080) size=(1080x210)
[EXP092-RENDER] node=70 class=Landroid/widget/Button; text="1" children=0 depth=2 pos=(0,1080) size=(360x210)
[EXP092-RENDER] node=71 class=Landroid/widget/Button; text="2" children=0 depth=2 pos=(360,1080) size=(360x210)
[EXP092-RENDER] node=72 class=Landroid/widget/Button; text="3" children=0 depth=2 pos=(720,1080) size=(360x210)
[EXP092-RENDER] node=73 class=Landroid/widget/LinearLayout; text="" children=3 depth=1 pos=(0,1290) size=(1080x210)
[EXP092-RENDER] node=74 class=Landroid/widget/Button; text="4" children=0 depth=2 pos=(0,1290) size=(360x210)
[EXP092-RENDER] node=75 class=Landroid/widget/Button; text="5" children=0 depth=2 pos=(360,1290) size=(360x210)
[EXP092-RENDER] node=76 class=Landroid/widget/Button; text="6" children=0 depth=2 pos=(720,1290) size=(360x210)
[EXP092-RENDER] node=77 class=Landroid/widget/LinearLayout; text="" children=3 depth=1 pos=(0,1500) size=(1080x210)
[EXP092-RENDER] node=78 class=Landroid/widget/Button; text="7" children=0 depth=2 pos=(0,1500) size=(360x210)
[EXP092-RENDER] node=79 class=Landroid/widget/Button; text="8" children=0 depth=2 pos=(360,1500) size=(360x210)
[EXP092-RENDER] node=80 class=Landroid/widget/Button; text="9" children=0 depth=2 pos=(720,1500) size=(360x210)
[EXP092-RENDER] node=81 class=Landroid/widget/LinearLayout; text="" children=3 depth=1 pos=(0,1710) size=(1080x210)
[EXP092-RENDER] node=82 class=Landroid/widget/Button; text="00" children=0 depth=2 pos=(0,1710) size=(360x210)
[EXP092-RENDER] node=83 class=Landroid/widget/Button; text="0" children=0 depth=2 pos=(360,1710) size=(360x210)
[EXP092-RENDER] node=84 class=Landroid/widget/Button; text="" children=0 depth=2 pos=(720,1710) size=(360x210)
[EXP092-COPY] fb has 1041437 non-white pixels out of 2073600 total
[EXP092-COPY] framebuffer_ updated, checking...
[EXP092-COPY] framebuffer_ has 1041437 non-white pixels
[FRAME-SEQ] frame_1: runnables_fired=0, diff_px=38915
[ApkParser] Found EOCD at offset 208873
[ApkParser] Central Directory: 105 entries at offset 202300
[EXT01-WINBG] windowBackground=@0xffffffff rgb(255,255,255)
[EXP092-RENDER] node=56 class=Landroid/widget/LinearLayout; text="" children=8 depth=0 pos=(0,0) size=(1080x1920)
[EXP092-RENDER] node=57 class=Landroid/widget/ScrollView; text="" children=1 depth=1 pos=(0,0) size=(1080x948)
[EXP092-RENDER] node=58 class=Landroid/widget/LinearLayout; text="" children=0 depth=2 pos=(0,0) size=(1080x0)
[EXP092-RENDER] node=59 class=Landroid/view/View; text="" children=0 depth=1 pos=(0,948) size=(1080x3)
[EXP092-RENDER] node=60 class=Landroid/widget/LinearLayout; text="" children=3 depth=1 pos=(0,951) size=(1080x126)
[EXP092-RENDER] node=61 class=Landroid/widget/ImageButton; text="" children=0 depth=2 pos=(0,951) size=(126x126)
[EXP092-RENDER] node=62 class=Ldubrowgn.microtimer.RoTimeControl; text="" children=1 depth=2 pos=(126,951) size=(640x123)
[C013-LEAFCHK] Ldubrowgn.microtimer.RoTimeControl; children=1 own_content=0 img_resid=0 bg=0x0 vis=0 w=640 h=123
[EXP092-RENDER] node=65 class=Landroid/widget/TextView; text="null:null:null" children=0 depth=3 pos=(126,951) size=(640x123)
[EXP092-RENDER] node=67 class=Landroid/widget/ImageButton; text="" children=0 depth=2 pos=(766,951) size=(126x126)
[EXP092-RENDER] node=68 class=Landroid/view/View; text="" children=0 depth=1 pos=(0,1077) size=(1080x3)
[EXP092-RENDER] node=69 class=Landroid/widget/LinearLayout; text="" children=3 depth=1 pos=(0,1080) size=(1080x210)
[EXP092-RENDER] node=70 class=Landroid/widget/Button; text="1" children=0 depth=2 pos=(0,1080) size=(360x210)
[EXP092-RENDER] node=71 class=Landroid/widget/Button; text="2" children=0 depth=2 pos=(360,1080) size=(360x210)
[EXP092-RENDER] node=72 class=Landroid/widget/Button; text="3" children=0 depth=2 pos=(720,1080) size=(360x210)
[EXP092-RENDER] node=73 class=Landroid/widget/LinearLayout; text="" children=3 depth=1 pos=(0,1290) size=(1080x210)
[EXP092-RENDER] node=74 class=Landroid/widget/Button; text="4" children=0 depth=2 pos=(0,1290) size=(360x210)
[EXP092-RENDER] node=75 class=Landroid/widget/Button; text="5" children=0 depth=2 pos=(360,1290) size=(360x210)
[EXP092-RENDER] node=76 class=Landroid/widget/Button; text="6" children=0 depth=2 pos=(720,1290) size=(360x210)
[EXP092-RENDER] node=77 class=Landroid/widget/LinearLayout; text="" children=3 depth=1 pos=(0,1500) size=(1080x210)
[EXP092-RENDER] node=78 class=Landroid/widget/Button; text="7" children=0 depth=2 pos=(0,1500) size=(360x210)
[EXP092-RENDER] node=79 class=Landroid/widget/Button; text="8" children=0 depth=2 pos=(360,1500) size=(360x210)
[EXP092-RENDER] node=80 class=Landroid/widget/Button; text="9" children=0 depth=2 pos=(720,1500) size=(360x210)
[EXP092-RENDER] node=81 class=Landroid/widget/LinearLayout; text="" children=3 depth=1 pos=(0,1710) size=(1080x210)
[EXP092-RENDER] node=82 class=Landroid/widget/Button; text="00" children=0 depth=2 pos=(0,1710) size=(360x210)
[EXP092-RENDER] node=83 class=Landroid/widget/Button; text="0" children=0 depth=2 pos=(360,1710) size=(360x210)
[EXP092-RENDER] node=84 class=Landroid/widget/Button; text="" children=0 depth=2 pos=(720,1710) size=(360x210)
[EXP092-COPY] fb has 1041437 non-white pixels out of 2073600 total
[EXP092-COPY] framebuffer_ updated, checking...
[EXP092-COPY] framebuffer_ has 1041437 non-white pixels
[FRAME-SEQ] frame_2: runnables_fired=0, diff_px=0
[ApkParser] Found EOCD at offset 208873
[ApkParser] Central Directory: 105 entries at offset 202300
[EXT01-WINBG] windowBackground=@0xffffffff rgb(255,255,255)
[EXP092-RENDER] node=56 class=Landroid/widget/LinearLayout; text="" children=8 depth=0 pos=(0,0) size=(1080x1920)
[EXP092-RENDER] node=57 class=Landroid/widget/ScrollView; text="" children=1 depth=1 pos=(0,0) size=(1080x948)
[EXP092-RENDER] node=58 class=Landroid/widget/LinearLayout; text="" children=0 depth=2 pos=(0,0) size=(1080x0)
[EXP092-RENDER] node=59 class=Landroid/view/View; text="" children=0 depth=1 pos=(0,948) size=(1080x3)
[EXP092-RENDER] node=60 class=Landroid/widget/LinearLayout; text="" children=3 depth=1 pos=(0,951) size=(1080x126)
[EXP092-RENDER] node=61 class=Landroid/widget/ImageButton; text="" children=0 depth=2 pos=(0,951) size=(126x126)
[EXP092-RENDER] node=62 class=Ldubrowgn.microtimer.RoTimeControl; text="" children=1 depth=2 pos=(126,951) size=(640x123)
[C013-LEAFCHK] Ldubrowgn.microtimer.RoTimeControl; children=1 own_content=0 img_resid=0 bg=0x0 vis=0 w=640 h=123
[EXP092-RENDER] node=65 class=Landroid/widget/TextView; text="null:null:null" children=0 depth=3 pos=(126,951) size=(640x123)
[EXP092-RENDER] node=67 class=Landroid/widget/ImageButton; text="" children=0 depth=2 pos=(766,951) size=(126x126)
[EXP092-RENDER] node=68 class=Landroid/view/View; text="" children=0 depth=1 pos=(0,1077) size=(1080x3)
[EXP092-RENDER] node=69 class=Landroid/widget/LinearLayout; text="" children=3 depth=1 pos=(0,1080) size=(1080x210)
[EXP092-RENDER] node=70 class=Landroid/widget/Button; text="1" children=0 depth=2 pos=(0,1080) size=(360x210)
[EXP092-RENDER] node=71 class=Landroid/widget/Button; text="2" children=0 depth=2 pos=(360,1080) size=(360x210)
[EXP092-RENDER] node=72 class=Landroid/widget/Button; text="3" children=0 depth=2 pos=(720,1080) size=(360x210)
[EXP092-RENDER] node=73 class=Landroid/widget/LinearLayout; text="" children=3 depth=1 pos=(0,1290) size=(1080x210)
[EXP092-RENDER] node=74 class=Landroid/widget/Button; text="4" children=0 depth=2 pos=(0,1290) size=(360x210)
[EXP092-RENDER] node=75 class=Landroid/widget/Button; text="5" children=0 depth=2 pos=(360,1290) size=(360x210)
[EXP092-RENDER] node=76 class=Landroid/widget/Button; text="6" children=0 depth=2 pos=(720,1290) size=(360x210)
[EXP092-RENDER] node=77 class=Landroid/widget/LinearLayout; text="" children=3 depth=1 pos=(0,1500) size=(1080x210)
[EXP092-RENDER] node=78 class=Landroid/widget/Button; text="7" children=0 depth=2 pos=(0,1500) size=(360x210)
[EXP092-RENDER] node=79 class=Landroid/widget/Button; text="8" children=0 depth=2 pos=(360,1500) size=(360x210)
[EXP092-RENDER] node=80 class=Landroid/widget/Button; text="9" children=0 depth=2 pos=(720,1500) size=(360x210)
[EXP092-RENDER] node=81 class=Landroid/widget/LinearLayout; text="" children=3 depth=1 pos=(0,1710) size=(1080x210)
[EXP092-RENDER] node=82 class=Landroid/widget/Button; text="00" children=0 depth=2 pos=(0,1710) size=(360x210)
[EXP092-RENDER] node=83 class=Landroid/widget/Button; text="0" children=0 depth=2 pos=(360,1710) size=(360x210)
[EXP092-RENDER] node=84 class=Landroid/widget/Button; text="" children=0 depth=2 pos=(720,1710) size=(360x210)
[EXP092-COPY] fb has 1041437 non-white pixels out of 2073600 total
[EXP092-COPY] framebuffer_ updated, checking...
[EXP092-COPY] framebuffer_ has 1041437 non-white pixels
[FRAME-SEQ] frame_3: runnables_fired=0, diff_px=0
[ApkParser] Found EOCD at offset 208873
[ApkParser] Central Directory: 105 entries at offset 202300
[EXT01-WINBG] windowBackground=@0xffffffff rgb(255,255,255)
[EXP092-RENDER] node=56 class=Landroid/widget/LinearLayout; text="" children=8 depth=0 pos=(0,0) size=(1080x1920)
[EXP092-RENDER] node=57 class=Landroid/widget/ScrollView; text="" children=1 depth=1 pos=(0,0) size=(1080x948)
[EXP092-RENDER] node=58 class=Landroid/widget/LinearLayout; text="" children=0 depth=2 pos=(0,0) size=(1080x0)
[EXP092-RENDER] node=59 class=Landroid/view/View; text="" children=0 depth=1 pos=(0,948) size=(1080x3)
[EXP092-RENDER] node=60 class=Landroid/widget/LinearLayout; text="" children=3 depth=1 pos=(0,951) size=(1080x126)
[EXP092-RENDER] node=61 class=Landroid/widget/ImageButton; text="" children=0 depth=2 pos=(0,951) size=(126x126)
[EXP092-RENDER] node=62 class=Ldubrowgn.microtimer.RoTimeControl; text="" children=1 depth=2 pos=(126,951) size=(640x123)
[C013-LEAFCHK] Ldubrowgn.microtimer.RoTimeControl; children=1 own_content=0 img_resid=0 bg=0x0 vis=0 w=640 h=123
[EXP092-RENDER] node=65 class=Landroid/widget/TextView; text="null:null:null" children=0 depth=3 pos=(126,951) size=(640x123)
[EXP092-RENDER] node=67 class=Landroid/widget/ImageButton; text="" children=0 depth=2 pos=(766,951) size=(126x126)
[EXP092-RENDER] node=68 class=Landroid/view/View; text="" children=0 depth=1 pos=(0,1077) size=(1080x3)
[EXP092-RENDER] node=69 class=Landroid/widget/LinearLayout; text="" children=3 depth=1 pos=(0,1080) size=(1080x210)
[EXP092-RENDER] node=70 class=Landroid/widget/Button; text="1" children=0 depth=2 pos=(0,1080) size=(360x210)
[EXP092-RENDER] node=71 class=Landroid/widget/Button; text="2" children=0 depth=2 pos=(360,1080) size=(360x210)
[EXP092-RENDER] node=72 class=Landroid/widget/Button; text="3" children=0 depth=2 pos=(720,1080) size=(360x210)
[EXP092-RENDER] node=73 class=Landroid/widget/LinearLayout; text="" children=3 depth=1 pos=(0,1290) size=(1080x210)
[EXP092-RENDER] node=74 class=Landroid/widget/Button; text="4" children=0 depth=2 pos=(0,1290) size=(360x210)
[EXP092-RENDER] node=75 class=Landroid/widget/Button; text="5" children=0 depth=2 pos=(360,1290) size=(360x210)
[EXP092-RENDER] node=76 class=Landroid/widget/Button; text="6" children=0 depth=2 pos=(720,1290) size=(360x210)
[EXP092-RENDER] node=77 class=Landroid/widget/LinearLayout; text="" children=3 depth=1 pos=(0,1500) size=(1080x210)
[EXP092-RENDER] node=78 class=Landroid/widget/Button; text="7" children=0 depth=2 pos=(0,1500) size=(360x210)
[EXP092-RENDER] node=79 class=Landroid/widget/Button; text="8" children=0 depth=2 pos=(360,1500) size=(360x210)
[EXP092-RENDER] node=80 class=Landroid/widget/Button; text="9" children=0 depth=2 pos=(720,1500) size=(360x210)
[EXP092-RENDER] node=81 class=Landroid/widget/LinearLayout; text="" children=3 depth=1 pos=(0,1710) size=(1080x210)
[EXP092-RENDER] node=82 class=Landroid/widget/Button; text="00" children=0 depth=2 pos=(0,1710) size=(360x210)
[EXP092-RENDER] node=83 class=Landroid/widget/Button; text="0" children=0 depth=2 pos=(360,1710) size=(360x210)
[EXP092-RENDER] node=84 class=Landroid/widget/Button; text="" children=0 depth=2 pos=(720,1710) size=(360x210)
[EXP092-COPY] fb has 1041437 non-white pixels out of 2073600 total
[EXP092-COPY] framebuffer_ updated, checking...
[EXP092-COPY] framebuffer_ has 1041437 non-white pixels
[FRAME-SEQ] frame_4: runnables_fired=0, diff_px=0
[ApkParser] Found EOCD at offset 208873
[ApkParser] Central Directory: 105 entries at offset 202300
[EXT01-WINBG] windowBackground=@0xffffffff rgb(255,255,255)
[EXP092-RENDER] node=56 class=Landroid/widget/LinearLayout; text="" children=8 depth=0 pos=(0,0) size=(1080x1920)
[EXP092-RENDER] node=57 class=Landroid/widget/ScrollView; text="" children=1 depth=1 pos=(0,0) size=(1080x948)
[EXP092-RENDER] node=58 class=Landroid/widget/LinearLayout; text="" children=0 depth=2 pos=(0,0) size=(1080x0)
[EXP092-RENDER] node=59 class=Landroid/view/View; text="" children=0 depth=1 pos=(0,948) size=(1080x3)
[EXP092-RENDER] node=60 class=Landroid/widget/LinearLayout; text="" children=3 depth=1 pos=(0,951) size=(1080x126)
[EXP092-RENDER] node=61 class=Landroid/widget/ImageButton; text="" children=0 depth=2 pos=(0,951) size=(126x126)
[EXP092-RENDER] node=62 class=Ldubrowgn.microtimer.RoTimeControl; text="" children=1 depth=2 pos=(126,951) size=(640x123)
[C013-LEAFCHK] Ldubrowgn.microtimer.RoTimeControl; children=1 own_content=0 img_resid=0 bg=0x0 vis=0 w=640 h=123
[EXP092-RENDER] node=65 class=Landroid/widget/TextView; text="null:null:null" children=0 depth=3 pos=(126,951) size=(640x123)
[EXP092-RENDER] node=67 class=Landroid/widget/ImageButton; text="" children=0 depth=2 pos=(766,951) size=(126x126)
[EXP092-RENDER] node=68 class=Landroid/view/View; text="" children=0 depth=1 pos=(0,1077) size=(1080x3)
[EXP092-RENDER] node=69 class=Landroid/widget/LinearLayout; text="" children=3 depth=1 pos=(0,1080) size=(1080x210)
[EXP092-RENDER] node=70 class=Landroid/widget/Button; text="1" children=0 depth=2 pos=(0,1080) size=(360x210)
[EXP092-RENDER] node=71 class=Landroid/widget/Button; text="2" children=0 depth=2 pos=(360,1080) size=(360x210)
[EXP092-RENDER] node=72 class=Landroid/widget/Button; text="3" children=0 depth=2 pos=(720,1080) size=(360x210)
[EXP092-RENDER] node=73 class=Landroid/widget/LinearLayout; text="" children=3 depth=1 pos=(0,1290) size=(1080x210)
[EXP092-RENDER] node=74 class=Landroid/widget/Button; text="4" children=0 depth=2 pos=(0,1290) size=(360x210)
[EXP092-RENDER] node=75 class=Landroid/widget/Button; text="5" children=0 depth=2 pos=(360,1290) size=(360x210)
[EXP092-RENDER] node=76 class=Landroid/widget/Button; text="6" children=0 depth=2 pos=(720,1290) size=(360x210)
[EXP092-RENDER] node=77 class=Landroid/widget/LinearLayout; text="" children=3 depth=1 pos=(0,1500) size=(1080x210)
[EXP092-RENDER] node=78 class=Landroid/widget/Button; text="7" children=0 depth=2 pos=(0,1500) size=(360x210)
[EXP092-RENDER] node=79 class=Landroid/widget/Button; text="8" children=0 depth=2 pos=(360,1500) size=(360x210)
[EXP092-RENDER] node=80 class=Landroid/widget/Button; text="9" children=0 depth=2 pos=(720,1500) size=(360x210)
[EXP092-RENDER] node=81 class=Landroid/widget/LinearLayout; text="" children=3 depth=1 pos=(0,1710) size=(1080x210)
[EXP092-RENDER] node=82 class=Landroid/widget/Button; text="00" children=0 depth=2 pos=(0,1710) size=(360x210)
[EXP092-RENDER] node=83 class=Landroid/widget/Button; text="0" children=0 depth=2 pos=(360,1710) size=(360x210)
[EXP092-RENDER] node=84 class=Landroid/widget/Button; text="" children=0 depth=2 pos=(720,1710) size=(360x210)
[EXP092-COPY] fb has 1041437 non-white pixels out of 2073600 total
[EXP092-COPY] framebuffer_ updated, checking...
[EXP092-COPY] framebuffer_ has 1041437 non-white pixels
[FRAME-SEQ] frame_5: runnables_fired=0, diff_px=0
[FRAME-SEQ] done: runnables_fired=0 frames=6 dir=/home/z/my-project/logs/mt_click/frames
