path,size_bytes,mtime,ftype,purpose,exp_num,sha256
miniandroid/run/exp037a_week1_test_results.txt,5606,2026-08-22T16:54:07.328941+00:00,TXT,GENERATED_OUTPUT,37,
miniandroid/run/screenshot_note.txt,134,2026-08-22T16:54:07.961942+00:00,TXT,GENERATED_OUTPUT,,
miniandroid/run/report.md.json,4952,2026-08-22T16:54:07.945942+00:00,JSON,GENERATED_OUTPUT,,
miniandroid/run/test_matrix.json,786,2026-08-22T16:54:07.961942+00:00,JSON,HISTORICAL_EVIDENCE,,
miniandroid/run/exp037a_source_hashes.txt,282,2026-08-22T16:54:07.328941+00:00,TXT,GENERATED_OUTPUT,37,
miniandroid/run/exp037a_week2_test_results.txt,3846,2026-08-22T16:54:07.328941+00:00,TXT,GENERATED_OUTPUT,37,
miniandroid/run/api_trace.json,9684,2026-08-22T16:54:07.309941+00:00,JSON,GENERATED_OUTPUT,,
miniandroid/run/exp037a_week2_source_hashes.txt,481,2026-08-22T16:54:07.328941+00:00,TXT,GENERATED_OUTPUT,37,
miniandroid/run/exp037a_week3_source_hashes.txt,494,2026-08-22T16:54:07.328941+00:00,TXT,GENERATED_OUTPUT,37,
miniandroid/run/report.md,1717,2026-08-22T16:54:07.945942+00:00,REPORT_MD,HISTORICAL_EVIDENCE,,
miniandroid/run/exp037a_week3_test_results.txt,16808,2026-08-22T16:54:07.328941+00:00,TXT,GENERATED_OUTPUT,37,
miniandroid/run/screenshot.ppm,6220817,2026-08-22T16:54:07.961942+00:00,SCREENSHOT_PPM,DEBUG_TEMP,,
miniandroid/run/exp071_run6/failure_report.json,926,2026-08-22T16:54:07.720942+00:00,JSON,HISTORICAL_EVIDENCE,71,3feaf56fed33ead84492f505d593d5901ad08f6205fcd9c0bc3f06956aed93c8
miniandroid/run/exp071_run6/application_runtime.json,3602,2026-08-22T16:54:07.720942+00:00,JSON,GENERATED_OUTPUT,71,f3cc3b160e9824bc7e51232e4ebb4d2e7f63ad42388b558d56ba0a965dff987a
miniandroid/run/exp071_run6/runtime_state_trace.json,2844,2026-08-22T16:54:07.721941+00:00,JSON,GENERATED_OUTPUT,71,1491f1a4291cf1fc65e0842076b2b598e05f1513a8490e3aec5779a6aa3e9330
miniandroid/run/exp071_run6/report.md.json,4967,2026-08-22T16:54:07.720942+00:00,JSON,GENERATED_OUTPUT,71,594b508d3b60697c0b3ec3d42fcbb62ab675922e39b9d0cf398d87cdabe9dcdf
miniandroid/run/exp071_run6/test_matrix.json,787,2026-08-22T16:54:07.721941+00:00,JSON,HISTORICAL_EVIDENCE,71,63243b7d8fa6bf4b24d63c1375ade1f1f7e5ae90db5c2fd31b0eb49316d14a8e
miniandroid/run/exp071_run6/golden_end_to_end.json,1200,2026-08-22T16:54:07.720942+00:00,JSON,GENERATED_OUTPUT,71,5f7cbd75aedd327edacbbe6c848854689cd0f8b4e7175a6895dc2a167cb8bbcc
miniandroid/run/exp071_run6/render_request.txt,164,2026-08-22T16:54:07.720942+00:00,TXT,GENERATED_OUTPUT,71,
miniandroid/run/exp071_run6/shadow_report.json,3968,2026-08-22T16:54:07.721941+00:00,JSON,GENERATED_OUTPUT,71,ea53d8df2143cf7179274265656a55553886bbbd2ff79f42a3a8d2d4bfdb4b6f
miniandroid/run/exp071_run6/runtime_component_map.json,1010,2026-08-22T16:54:07.721941+00:00,JSON,GENERATED_OUTPUT,71,fcf1832a9a182b225cf50422abdce66943033507032f2fd74f1c4e3d10a3cb1a
miniandroid/run/exp071_run6/report.md,2876,2026-08-22T16:54:07.720942+00:00,REPORT_MD,HISTORICAL_EVIDENCE,71,
miniandroid/run/exp071_run6/golden/corpus.json,2017,2026-08-22T16:54:07.720942+00:00,JSON,REGRESSION_FIXTURE,71,647c390de845e1540e946c6b681469290a99023876e9b9d2a838bd76aaf6c50c
miniandroid/run/exp071_run6/database/android_api_frequency.json,56550,2026-08-22T16:54:07.720942+00:00,JSON,GENERATED_OUTPUT,71,
miniandroid/run/exp071_run6/database/dex_opcode_frequency.json,219,2026-08-22T16:54:07.720942+00:00,JSON,GENERATED_OUTPUT,71,f7db13b55a884b1fd1000373491042334b8e4126355c7a9c95273bc3ebd1c80f
miniandroid/run/exp046_sget/failure_report.json,926,2026-08-22T16:54:07.387941+00:00,JSON,HISTORICAL_EVIDENCE,46,76d0a76d188cc7b01b05ef2000c4b6a9039d5c5e5ea66287cd9335309bf8ecac
miniandroid/run/exp046_sget/application_runtime.json,3602,2026-08-22T16:54:07.387941+00:00,JSON,GENERATED_OUTPUT,46,d215de7e09152703304c16f03e884dbfa131cb083ab01462254608e79db9ba96
miniandroid/run/exp046_sget/runtime_state_trace.json,2844,2026-08-22T16:54:07.387941+00:00,JSON,GENERATED_OUTPUT,46,6d28c2b40250783f956797ce8f0de0fda69e4e0f3c9a0e7ce73bb3eafe457c8e
miniandroid/run/exp046_sget/report.md.json,4966,2026-08-22T16:54:07.387941+00:00,JSON,GENERATED_OUTPUT,46,1a2372c993a3f8d9147e8249ead3586b2ab1cc8109183410dbbeb3f8fdb23774
miniandroid/run/exp046_sget/test_matrix.json,787,2026-08-22T16:54:07.390941+00:00,JSON,HISTORICAL_EVIDENCE,46,63243b7d8fa6bf4b24d63c1375ade1f1f7e5ae90db5c2fd31b0eb49316d14a8e
miniandroid/run/exp046_sget/golden_end_to_end.json,1200,2026-08-22T16:54:07.387941+00:00,JSON,GENERATED_OUTPUT,46,b749e8aa0937b7987ace84c4917732371a8b06b274f002082554a6a2e44153a0
miniandroid/run/exp046_sget/runtime_component_map.json,1010,2026-08-22T16:54:07.387941+00:00,JSON,GENERATED_OUTPUT,46,3e87a1fd6ab2471b98d061f82a051cd9c106e32f6ac6064a6c666f3d79b50b90
miniandroid/run/exp046_sget/report.md,2875,2026-08-22T16:54:07.387941+00:00,REPORT_MD,HISTORICAL_EVIDENCE,46,
miniandroid/run/exp046_sget/golden/corpus.json,2017,2026-08-22T16:54:07.387941+00:00,JSON,REGRESSION_FIXTURE,46,647c390de845e1540e946c6b681469290a99023876e9b9d2a838bd76aaf6c50c
miniandroid/run/exp046_sget/database/dex_opcode_frequency.json,219,2026-08-22T16:54:07.387941+00:00,JSON,GENERATED_OUTPUT,46,f7db13b55a884b1fd1000373491042334b8e4126355c7a9c95273bc3ebd1c80f
miniandroid/run/exp053_task2r/failure_report.json,926,2026-08-22T16:54:07.500941+00:00,JSON,HISTORICAL_EVIDENCE,53,31e2185f3b16617f9f87b69bc48bd132313110b75698bf39481e8f5fd4326c71
miniandroid/run/exp053_task2r/application_runtime.json,3607,2026-08-22T16:54:07.500941+00:00,JSON,GENERATED_OUTPUT,53,59f030b02261b0afe329d7746f676c10ceeb85a75e1f52ee9991626c7fcceba5
miniandroid/run/exp053_task2r/runtime_state_trace.json,2846,2026-08-22T16:54:07.500941+00:00,JSON,GENERATED_OUTPUT,53,cc107a2c191b0d6c7a447e3623a207164b8967a5aa27c3863dc5e70a5f2c8b4b
miniandroid/run/exp053_task2r/report.md.json,4964,2026-08-22T16:54:07.500941+00:00,JSON,GENERATED_OUTPUT,53,280b2fa4eb8c237d2bffab76d39072bd89a3171bdcb2351b4d992e9de833545a
miniandroid/run/exp053_task2r/test_matrix.json,787,2026-08-22T16:54:07.502941+00:00,JSON,HISTORICAL_EVIDENCE,53,63243b7d8fa6bf4b24d63c1375ade1f1f7e5ae90db5c2fd31b0eb49316d14a8e
miniandroid/run/exp053_task2r/golden_end_to_end.json,1200,2026-08-22T16:54:07.500941+00:00,JSON,GENERATED_OUTPUT,53,3731c6f4e946c66c30d04a90d2b4a44ff5d66b34f8109cf5324cff28e73849ce
miniandroid/run/exp053_task2r/shadow_report.json,3859,2026-08-22T16:54:07.502941+00:00,JSON,GENERATED_OUTPUT,53,e2da8a8a1a7410dfe402ae3b31fda7be98a5c27d89c819aa27e53744156ae8a2
miniandroid/run/exp053_task2r/runtime_component_map.json,1010,2026-08-22T16:54:07.500941+00:00,JSON,GENERATED_OUTPUT,53,99dcc15b8eb376cae7a5090183a9b8e7cb0aca60b59db202d018cc2922522583
miniandroid/run/exp053_task2r/report.md,2876,2026-08-22T16:54:07.500941+00:00,REPORT_MD,HISTORICAL_EVIDENCE,53,
miniandroid/run/exp053_task2r/golden/corpus.json,2017,2026-08-22T16:54:07.500941+00:00,JSON,REGRESSION_FIXTURE,53,647c390de845e1540e946c6b681469290a99023876e9b9d2a838bd76aaf6c50c
miniandroid/run/exp053_task2r/database/android_api_frequency.json,21479,2026-08-22T16:54:07.500941+00:00,JSON,GENERATED_OUTPUT,53,
miniandroid/run/exp053_task2r/database/dex_opcode_frequency.json,219,2026-08-22T16:54:07.500941+00:00,JSON,GENERATED_OUTPUT,53,f7db13b55a884b1fd1000373491042334b8e4126355c7a9c95273bc3ebd1c80f
miniandroid/run/exp058_debug/failure_report.json,926,2026-08-22T16:54:07.549941+00:00,JSON,HISTORICAL_EVIDENCE,58,8cbbfc2076f91d769df833f1e35e590ac6f686a4f1aa1dc2ea552445865b58a0
miniandroid/run/exp058_debug/application_runtime.json,3605,2026-08-22T16:54:07.548941+00:00,JSON,GENERATED_OUTPUT,58,41419b0f647247fef497b8d2eec21394e36691f822ad3fce481ad0d1a8d24c65
miniandroid/run/exp058_debug/runtime_state_trace.json,2846,2026-08-22T16:54:07.549941+00:00,JSON,GENERATED_OUTPUT,58,426c67bf3ff09931147aaaeeb65e8e14e1010df487956495f0370b2c6742c4bd
miniandroid/run/exp058_debug/report.md.json,4966,2026-08-22T16:54:07.549941+00:00,JSON,GENERATED_OUTPUT,58,db994a79fe1eff1439144459813113fdb61d5bfa071787eebeba350e5d411a16
miniandroid/run/exp058_debug/test_matrix.json,787,2026-08-22T16:54:07.550941+00:00,JSON,HISTORICAL_EVIDENCE,58,63243b7d8fa6bf4b24d63c1375ade1f1f7e5ae90db5c2fd31b0eb49316d14a8e
miniandroid/run/exp058_debug/golden_end_to_end.json,1200,2026-08-22T16:54:07.549941+00:00,JSON,GENERATED_OUTPUT,58,1f0b46b8e9d5f4d21b6026b09e377323950bee545ddf44c739329910ffa00b90
miniandroid/run/exp058_debug/shadow_report.json,3859,2026-08-22T16:54:07.550941+00:00,JSON,GENERATED_OUTPUT,58,5be4dbe2704c42cd4ff318cf621321ec431ca0c67babd840e50f097b5b774524
miniandroid/run/exp058_debug/runtime_component_map.json,1010,2026-08-22T16:54:07.549941+00:00,JSON,GENERATED_OUTPUT,58,186c078b58f84008f2cfbeff62bcde95f21858f719bb5bc37bf33ea068efec83
miniandroid/run/exp058_debug/report.md,2876,2026-08-22T16:54:07.549941+00:00,REPORT_MD,HISTORICAL_EVIDENCE,58,
miniandroid/run/exp058_debug/golden/corpus.json,2017,2026-08-22T16:54:07.549941+00:00,JSON,REGRESSION_FIXTURE,58,647c390de845e1540e946c6b681469290a99023876e9b9d2a838bd76aaf6c50c
miniandroid/run/exp058_debug/database/dex_opcode_frequency.json,219,2026-08-22T16:54:07.549941+00:00,JSON,GENERATED_OUTPUT,58,f7db13b55a884b1fd1000373491042334b8e4126355c7a9c95273bc3ebd1c80f
miniandroid/run/exp055_baseline/failure_report.json,926,2026-08-22T16:54:07.511941+00:00,JSON,HISTORICAL_EVIDENCE,55,12aa33d9d80835a6cc449ec2203c3a422462d872d2af36992442cd145cbf975c
miniandroid/run/exp055_baseline/application_runtime.json,3614,2026-08-22T16:54:07.511941+00:00,JSON,GENERATED_OUTPUT,55,36d556e74f60410c527deaded80a779392c55d1d9a6b57df45d405baab229cc3
miniandroid/run/exp055_baseline/runtime_state_trace.json,2849,2026-08-22T16:54:07.511941+00:00,JSON,GENERATED_OUTPUT,55,31831bd0f1a7536b0041a4a7374f6b8652b622433487401f9502e4f1b977de98
miniandroid/run/exp055_baseline/report.md.json,4966,2026-08-22T16:54:07.511941+00:00,JSON,GENERATED_OUTPUT,55,101d03a15d4cb214f473350be04bd4da959453ba97936d45ba667a3a4d902928
miniandroid/run/exp055_baseline/test_matrix.json,787,2026-08-22T16:54:07.512941+00:00,JSON,HISTORICAL_EVIDENCE,55,63243b7d8fa6bf4b24d63c1375ade1f1f7e5ae90db5c2fd31b0eb49316d14a8e
miniandroid/run/exp055_baseline/golden_end_to_end.json,1200,2026-08-22T16:54:07.511941+00:00,JSON,GENERATED_OUTPUT,55,3b384879f8ca4e75b5bbc75b0176f48d8577898639df436d86a3f745ba823a39
miniandroid/run/exp055_baseline/runtime_component_map.json,1010,2026-08-22T16:54:07.511941+00:00,JSON,GENERATED_OUTPUT,55,2c980b0a40de0f98e0c08d9a604da2350fabb08afc7266271bb01933f4ef7b7b
miniandroid/run/exp055_baseline/report.md,2879,2026-08-22T16:54:07.511941+00:00,REPORT_MD,HISTORICAL_EVIDENCE,55,
miniandroid/run/exp055_baseline/golden/corpus.json,2017,2026-08-22T16:54:07.511941+00:00,JSON,REGRESSION_FIXTURE,55,647c390de845e1540e946c6b681469290a99023876e9b9d2a838bd76aaf6c50c
miniandroid/run/exp055_baseline/database/dex_opcode_frequency.json,219,2026-08-22T16:54:07.511941+00:00,JSON,GENERATED_OUTPUT,55,f7db13b55a884b1fd1000373491042334b8e4126355c7a9c95273bc3ebd1c80f
miniandroid/run/exp055_retval2/failure_report.json,926,2026-08-22T16:54:07.522941+00:00,JSON,HISTORICAL_EVIDENCE,55,9668a8cebec8d2964f5e33a2c8973d7fa2d48ecb35a38ff80f775a252b68c2cf
miniandroid/run/exp055_retval2/application_runtime.json,3606,2026-08-22T16:54:07.522941+00:00,JSON,GENERATED_OUTPUT,55,c9f5fde078449b12efab5af506ec0065a2ec93cb0a43f2ab0024a0294e879056
miniandroid/run/exp055_retval2/runtime_state_trace.json,2843,2026-08-22T16:54:07.522941+00:00,JSON,GENERATED_OUTPUT,55,7a6bcd5d3975964a84aea262632a79303f5aec65b5338503bb4ab9a1d640dc59
miniandroid/run/exp055_retval2/report.md.json,4966,2026-08-22T16:54:07.522941+00:00,JSON,GENERATED_OUTPUT,55,121ccb523154136e14db98bae87fa8048b19867ff40dbb2b9b98872b313c78fd
miniandroid/run/exp055_retval2/test_matrix.json,787,2026-08-22T16:54:07.523941+00:00,JSON,HISTORICAL_EVIDENCE,55,63243b7d8fa6bf4b24d63c1375ade1f1f7e5ae90db5c2fd31b0eb49316d14a8e
miniandroid/run/exp055_retval2/golden_end_to_end.json,1200,2026-08-22T16:54:07.522941+00:00,JSON,GENERATED_OUTPUT,55,bb2dc0acfa9239ccd9c97c5ad85bd7c5dfd19df7b40a503e1406a7ad822dda7c
miniandroid/run/exp055_retval2/runtime_component_map.json,1010,2026-08-22T16:54:07.522941+00:00,JSON,GENERATED_OUTPUT,55,713a3b19ddc1b574cdedc41ea06c6f7050d3cb33dc81489b2171d3c095c856b0
miniandroid/run/exp055_retval2/report.md,2878,2026-08-22T16:54:07.522941+00:00,REPORT_MD,HISTORICAL_EVIDENCE,55,
miniandroid/run/exp055_retval2/golden/corpus.json,2017,2026-08-22T16:54:07.522941+00:00,JSON,REGRESSION_FIXTURE,55,647c390de845e1540e946c6b681469290a99023876e9b9d2a838bd76aaf6c50c
miniandroid/run/exp055_retval2/database/dex_opcode_frequency.json,219,2026-08-22T16:54:07.522941+00:00,JSON,GENERATED_OUTPUT,55,f7db13b55a884b1fd1000373491042334b8e4126355c7a9c95273bc3ebd1c80f
miniandroid/run/exp055_diag2/failure_report.json,926,2026-08-22T16:54:07.516941+00:00,JSON,HISTORICAL_EVIDENCE,55,1cb9b4ca640c475fd07aa9276945803290f95a945523e527838b6560564028b1
miniandroid/run/exp055_diag2/application_runtime.json,3608,2026-08-22T16:54:07.516941+00:00,JSON,GENERATED_OUTPUT,55,da80fa025bbd3c91a2ad1d67e338f0a0268b5550fed05e6bdae4738b2323e832
miniandroid/run/exp055_diag2/runtime_state_trace.json,2849,2026-08-22T16:54:07.517941+00:00,JSON,GENERATED_OUTPUT,55,0050dc8964f2fcb48bf71b8fbe5d87283d9642f043e6dacbb1580a2cbc443792
miniandroid/run/exp055_diag2/report.md.json,4966,2026-08-22T16:54:07.517941+00:00,JSON,GENERATED_OUTPUT,55,460e321644dca225c61dadcb0f30860c77199ff2f8344a1b98941d7ed128c75f
miniandroid/run/exp055_diag2/test_matrix.json,787,2026-08-22T16:54:07.517941+00:00,JSON,HISTORICAL_EVIDENCE,55,63243b7d8fa6bf4b24d63c1375ade1f1f7e5ae90db5c2fd31b0eb49316d14a8e
miniandroid/run/exp055_diag2/golden_end_to_end.json,1200,2026-08-22T16:54:07.517941+00:00,JSON,GENERATED_OUTPUT,55,452a01a03bf4124134d166cc955654645c6576d12f49b2c7ebe9b1990be3de39
miniandroid/run/exp055_diag2/runtime_component_map.json,1010,2026-08-22T16:54:07.517941+00:00,JSON,GENERATED_OUTPUT,55,1ffef843831a03c125b15e7fede6612bb0f582082380b67c53afbf2e927a7b69
miniandroid/run/exp055_diag2/report.md,2876,2026-08-22T16:54:07.517941+00:00,REPORT_MD,HISTORICAL_EVIDENCE,55,
miniandroid/run/exp055_diag2/golden/corpus.json,2017,2026-08-22T16:54:07.516941+00:00,JSON,REGRESSION_FIXTURE,55,647c390de845e1540e946c6b681469290a99023876e9b9d2a838bd76aaf6c50c
miniandroid/run/exp055_diag2/database/dex_opcode_frequency.json,219,2026-08-22T16:54:07.516941+00:00,JSON,GENERATED_OUTPUT,55,f7db13b55a884b1fd1000373491042334b8e4126355c7a9c95273bc3ebd1c80f
miniandroid/run/exp065_run7/failure_report.json,926,2026-08-22T16:54:07.639941+00:00,JSON,HISTORICAL_EVIDENCE,65,020020332534d40c88d788d42a88a35babfd30e466362d910951c95ab7ec695e
miniandroid/run/exp065_run7/application_runtime.json,3606,2026-08-22T16:54:07.639941+00:00,JSON,GENERATED_OUTPUT,65,38d0e89d91b1d02eedacf5e0f3701b4f600dd678ebd4fe62408ac238909b3bd5
miniandroid/run/exp065_run7/runtime_state_trace.json,2848,2026-08-22T16:54:07.639941+00:00,JSON,GENERATED_OUTPUT,65,cda727f2e783b7bfe2da48d78b2d429463b04f21e764d3a5398232463f06fedc
miniandroid/run/exp065_run7/report.md.json,4967,2026-08-22T16:54:07.639941+00:00,JSON,GENERATED_OUTPUT,65,a79790e2e4c99d6ae4ef2d63b3c2866dd936e198b60ba56cc45b5e9fad1138ea
miniandroid/run/exp065_run7/test_matrix.json,787,2026-08-22T16:54:07.640941+00:00,JSON,HISTORICAL_EVIDENCE,65,63243b7d8fa6bf4b24d63c1375ade1f1f7e5ae90db5c2fd31b0eb49316d14a8e
miniandroid/run/exp065_run7/golden_end_to_end.json,1200,2026-08-22T16:54:07.639941+00:00,JSON,GENERATED_OUTPUT,65,79fa3ff00cc02831bb13cf49d60c3128f076556915179bf3c4ed4ab3f482cf3f
miniandroid/run/exp065_run7/render_request.txt,164,2026-08-22T16:54:07.639941+00:00,TXT,GENERATED_OUTPUT,65,
miniandroid/run/exp065_run7/shadow_report.json,3968,2026-08-22T16:54:07.640941+00:00,JSON,GENERATED_OUTPUT,65,09d568051af54a8463a0a60190cfd6efb8aec8254982d4115b892a157c72e733
miniandroid/run/exp065_run7/view_tree.json,556955,2026-08-22T16:54:07.640941+00:00,VIEW_TREE_DUMP,GENERATED_OUTPUT,65,
miniandroid/run/exp065_run7/runtime_component_map.json,1010,2026-08-22T16:54:07.639941+00:00,JSON,GENERATED_OUTPUT,65,bb7ae9d35b318bc30c4bb78ba5939cb96426c38b367eca15e700a732a0d0e8fc
miniandroid/run/exp065_run7/report.md,2876,2026-08-22T16:54:07.639941+00:00,REPORT_MD,HISTORICAL_EVIDENCE,65,
miniandroid/run/exp065_run7/golden/corpus.json,2017,2026-08-22T16:54:07.639941+00:00,JSON,REGRESSION_FIXTURE,65,647c390de845e1540e946c6b681469290a99023876e9b9d2a838bd76aaf6c50c
miniandroid/run/exp065_run7/database/dex_opcode_frequency.json,219,2026-08-22T16:54:07.639941+00:00,JSON,GENERATED_OUTPUT,65,f7db13b55a884b1fd1000373491042334b8e4126355c7a9c95273bc3ebd1c80f
miniandroid/run/exp045_debug/failure_report.json,1262,2026-08-22T16:54:07.338941+00:00,JSON,HISTORICAL_EVIDENCE,45,084cfd8de57459f0a5281643cfe157c21888bdad3f6ec8154b13f4dbed1a72b9
miniandroid/run/exp045_debug/application_runtime.json,3801,2026-08-22T16:54:07.338941+00:00,JSON,GENERATED_OUTPUT,45,6544b01d691606b705f5d3b9fa14f89e46e0c28dc95f909ea9436947f1e06d20
miniandroid/run/exp045_debug/runtime_state_trace.json,3045,2026-08-22T16:54:07.338941+00:00,JSON,GENERATED_OUTPUT,45,
miniandroid/run/exp045_debug/report.md.json,4962,2026-08-22T16:54:07.338941+00:00,JSON,GENERATED_OUTPUT,45,a96eb748b4f747f04dbfb4f8fc66f8a5d420076343a125e5729c3630bf6d2357
miniandroid/run/exp045_debug/test_matrix.json,787,2026-08-22T16:54:07.341941+00:00,JSON,HISTORICAL_EVIDENCE,45,63243b7d8fa6bf4b24d63c1375ade1f1f7e5ae90db5c2fd31b0eb49316d14a8e
miniandroid/run/exp045_debug/golden_end_to_end.json,1200,2026-08-22T16:54:07.338941+00:00,JSON,GENERATED_OUTPUT,45,ac3061c9da086781e429f0e690f151cd6047121dc4208746d59abe214c5cb51e
miniandroid/run/exp045_debug/runtime_component_map.json,1010,2026-08-22T16:54:07.338941+00:00,JSON,GENERATED_OUTPUT,45,b40d82a85ea058cb9304311e3b9812a95ecdcc1406239aa95afd5f4449581a1c
miniandroid/run/exp045_debug/report.md,2872,2026-08-22T16:54:07.338941+00:00,REPORT_MD,HISTORICAL_EVIDENCE,45,
miniandroid/run/exp045_debug/golden/corpus.json,2017,2026-08-22T16:54:07.338941+00:00,JSON,REGRESSION_FIXTURE,45,647c390de845e1540e946c6b681469290a99023876e9b9d2a838bd76aaf6c50c
miniandroid/run/exp045_debug/database/android_api_frequency.json,2381,2026-08-22T16:54:07.338941+00:00,JSON,GENERATED_OUTPUT,45,
miniandroid/run/exp045_debug/database/dex_opcode_frequency.json,219,2026-08-22T16:54:07.338941+00:00,JSON,GENERATED_OUTPUT,45,f7db13b55a884b1fd1000373491042334b8e4126355c7a9c95273bc3ebd1c80f
miniandroid/run/exp051_run6/failure_report.json,926,2026-08-22T16:54:07.456941+00:00,JSON,HISTORICAL_EVIDENCE,51,8e9cd6bd014e9e2f5f13b0f8f03f0fbcbe4b40b4b5308aadd62c43e53455700b
miniandroid/run/exp051_run6/application_runtime.json,3603,2026-08-22T16:54:07.456941+00:00,JSON,GENERATED_OUTPUT,51,ca0d4aefeda77604f35eed3c1b81dda24b9d6aebefc8256a6773796390f64ee6
miniandroid/run/exp051_run6/runtime_state_trace.json,2846,2026-08-22T16:54:07.456941+00:00,JSON,GENERATED_OUTPUT,51,f98c6c19b4aaf75500ce9329d65e07f06fd702c3316fbe455a41381e8392bd61
miniandroid/run/exp051_run6/report.md.json,4966,2026-08-22T16:54:07.456941+00:00,JSON,GENERATED_OUTPUT,51,c62e6d9f377ae726357ebadbc96abe9bd7fc1b2b3e6c708e5ed48a5c09d8252c
miniandroid/run/exp051_run6/test_matrix.json,787,2026-08-22T16:54:07.458941+00:00,JSON,HISTORICAL_EVIDENCE,51,63243b7d8fa6bf4b24d63c1375ade1f1f7e5ae90db5c2fd31b0eb49316d14a8e
miniandroid/run/exp051_run6/golden_end_to_end.json,1200,2026-08-22T16:54:07.456941+00:00,JSON,GENERATED_OUTPUT,51,cbdd2546104b2f8316c7a15698a167005460489e5c5aa37edec23417c2ed4867
miniandroid/run/exp051_run6/shadow_report.json,3859,2026-08-22T16:54:07.458941+00:00,JSON,GENERATED_OUTPUT,51,80b0617cf5a7a54031a27b6bd7045856a05d140b711550e67131b7911bab180e
miniandroid/run/exp051_run6/runtime_component_map.json,1010,2026-08-22T16:54:07.456941+00:00,JSON,GENERATED_OUTPUT,51,2c4866b4f774017fbfe70604dbf4888daca6c1b8736700b8d488d47e85182a41
miniandroid/run/exp051_run6/report.md,2875,2026-08-22T16:54:07.456941+00:00,REPORT_MD,HISTORICAL_EVIDENCE,51,
miniandroid/run/exp051_run6/golden/corpus.json,2017,2026-08-22T16:54:07.456941+00:00,JSON,REGRESSION_FIXTURE,51,647c390de845e1540e946c6b681469290a99023876e9b9d2a838bd76aaf6c50c
miniandroid/run/exp051_run6/baseline/halt_events.txt,0,2026-08-22T16:54:07.456941+00:00,TXT,GENERATED_OUTPUT,51,
miniandroid/run/exp051_run6/baseline/shared_prefs.xml,635,2026-08-22T16:54:07.456941+00:00,OTHER,GENERATED_OUTPUT,51,
miniandroid/run/exp051_run6/baseline/unique_methods.txt,30684,2026-08-22T16:54:07.456941+00:00,TXT,GENERATED_OUTPUT,51,
miniandroid/run/exp051_run6/database/dex_opcode_frequency.json,219,2026-08-22T16:54:07.456941+00:00,JSON,GENERATED_OUTPUT,51,f7db13b55a884b1fd1000373491042334b8e4126355c7a9c95273bc3ebd1c80f
miniandroid/run/exp071_run4/failure_report.json,926,2026-08-22T16:54:07.718941+00:00,JSON,HISTORICAL_EVIDENCE,71,eb7996032d64a7e7a19c5c51c25b2dffbda1da18bba28003367b77a4eb0edd8e
miniandroid/run/exp071_run4/application_runtime.json,3610,2026-08-22T16:54:07.718941+00:00,JSON,GENERATED_OUTPUT,71,16b97cd184483f500c65ac08421b807435fb4a1dfad8a7150762ca3b8b4fb819
miniandroid/run/exp071_run4/runtime_state_trace.json,2852,2026-08-22T16:54:07.718941+00:00,JSON,GENERATED_OUTPUT,71,f9a36e111d1aea930462bcd29675c0a07926d56d65a6f0320d007af3725927fa
miniandroid/run/exp071_run4/report.md.json,4966,2026-08-22T16:54:07.718941+00:00,JSON,GENERATED_OUTPUT,71,5d935e63f93ad5e5292c8c25facfdee38ec9e8ad77e456ad0e8fcf289661db86
miniandroid/run/exp071_run4/test_matrix.json,787,2026-08-22T16:54:07.719942+00:00,JSON,HISTORICAL_EVIDENCE,71,63243b7d8fa6bf4b24d63c1375ade1f1f7e5ae90db5c2fd31b0eb49316d14a8e
miniandroid/run/exp071_run4/golden_end_to_end.json,1200,2026-08-22T16:54:07.718941+00:00,JSON,GENERATED_OUTPUT,71,4fa2a79cee3d85c3769f11fe6af522b845905c2b4e2256dabc611918885a92c9
miniandroid/run/exp071_run4/render_request.txt,164,2026-08-22T16:54:07.718941+00:00,TXT,GENERATED_OUTPUT,71,
miniandroid/run/exp071_run4/shadow_report.json,3968,2026-08-22T16:54:07.719942+00:00,JSON,GENERATED_OUTPUT,71,fd673b6c1792fde8920bd841971587e902a63cff96d1b993117f677383982d20
miniandroid/run/exp071_run4/runtime_component_map.json,1010,2026-08-22T16:54:07.718941+00:00,JSON,GENERATED_OUTPUT,71,ebb2966e9644342539a7ce66c11ddc2f1f6fdad6ac2e47c3fd1616468b12eb23
miniandroid/run/exp071_run4/report.md,2876,2026-08-22T16:54:07.718941+00:00,REPORT_MD,HISTORICAL_EVIDENCE,71,
miniandroid/run/exp071_run4/golden/corpus.json,2017,2026-08-22T16:54:07.718941+00:00,JSON,REGRESSION_FIXTURE,71,647c390de845e1540e946c6b681469290a99023876e9b9d2a838bd76aaf6c50c
miniandroid/run/exp071_run4/database/dex_opcode_frequency.json,219,2026-08-22T16:54:07.718941+00:00,JSON,GENERATED_OUTPUT,71,f7db13b55a884b1fd1000373491042334b8e4126355c7a9c95273bc3ebd1c80f
miniandroid/run/exp069_run1/failure_report.json,926,2026-08-22T16:54:07.664941+00:00,JSON,HISTORICAL_EVIDENCE,69,5db6f71bdb977611217cc4432efd2760a1e1f366ad5355ca04038876a802ef09
miniandroid/run/exp069_run1/application_runtime.json,3603,2026-08-22T16:54:07.664941+00:00,JSON,GENERATED_OUTPUT,69,64b4e14a65d5897dfc9211cf4c932436ffbfcca2f955c4170e5d207aa51ef252
miniandroid/run/exp069_run1/runtime_state_trace.json,2845,2026-08-22T16:54:07.665941+00:00,JSON,GENERATED_OUTPUT,69,8f71747c5cea6dc634db59fd8b7a2d267b117be7ec88a43f9d12eaef533ad558
miniandroid/run/exp069_run1/report.md.json,4967,2026-08-22T16:54:07.665941+00:00,JSON,GENERATED_OUTPUT,69,9e2d5c9c220a2de12b7c95b311c8b72d6d505039a8e373ba57b02232ee7b3054
miniandroid/run/exp069_run1/test_matrix.json,787,2026-08-22T16:54:07.665941+00:00,JSON,HISTORICAL_EVIDENCE,69,63243b7d8fa6bf4b24d63c1375ade1f1f7e5ae90db5c2fd31b0eb49316d14a8e
miniandroid/run/exp069_run1/golden_end_to_end.json,1200,2026-08-22T16:54:07.665941+00:00,JSON,GENERATED_OUTPUT,69,593ae04905f03205ebe412dd0641f227465e8ffe6c2e55f353f0413a8e2988a4
miniandroid/run/exp069_run1/render_request.txt,164,2026-08-22T16:54:07.665941+00:00,TXT,GENERATED_OUTPUT,69,
miniandroid/run/exp069_run1/runtime_component_map.json,1010,2026-08-22T16:54:07.665941+00:00,JSON,GENERATED_OUTPUT,69,bc0b1b6ada66b3c3c12a91c3f06508eb8eda0bc8dd21c485bd2cdb5ee443082f
miniandroid/run/exp069_run1/report.md,2876,2026-08-22T16:54:07.665941+00:00,REPORT_MD,HISTORICAL_EVIDENCE,69,
miniandroid/run/exp069_run1/golden/corpus.json,2017,2026-08-22T16:54:07.665941+00:00,JSON,REGRESSION_FIXTURE,69,647c390de845e1540e946c6b681469290a99023876e9b9d2a838bd76aaf6c50c
miniandroid/run/exp069_run1/database/dex_opcode_frequency.json,219,2026-08-22T16:54:07.664941+00:00,JSON,GENERATED_OUTPUT,69,f7db13b55a884b1fd1000373491042334b8e4126355c7a9c95273bc3ebd1c80f
miniandroid/run/exp063_res2/failure_report.json,926,2026-08-22T16:54:07.616941+00:00,JSON,HISTORICAL_EVIDENCE,63,1c734d36a06e9212daf8a74bbc16a45c2c7b203f8a9afa1e5ae55d4191d43f41
miniandroid/run/exp063_res2/application_runtime.json,3597,2026-08-22T16:54:07.616941+00:00,JSON,GENERATED_OUTPUT,63,
miniandroid/run/exp063_res2/runtime_state_trace.json,2839,2026-08-22T16:54:07.617941+00:00,JSON,GENERATED_OUTPUT,63,6ee5854c1e5590f41961a2645e477c52f37833e54e10cf1edd58b495a76ae8bc
miniandroid/run/exp063_res2/report.md.json,4967,2026-08-22T16:54:07.617941+00:00,JSON,GENERATED_OUTPUT,63,7c72cad2c92d89309d0b255055d4922b5926730bcc49abf47a781bb4453db11d
miniandroid/run/exp063_res2/test_matrix.json,787,2026-08-22T16:54:07.617941+00:00,JSON,HISTORICAL_EVIDENCE,63,63243b7d8fa6bf4b24d63c1375ade1f1f7e5ae90db5c2fd31b0eb49316d14a8e
miniandroid/run/exp063_res2/golden_end_to_end.json,1200,2026-08-22T16:54:07.617941+00:00,JSON,GENERATED_OUTPUT,63,083a6da6d4d425f810d33802e4a9c87fbfc1af9601a45579fd9a01617ec1937e
miniandroid/run/exp063_res2/render_request.txt,164,2026-08-22T16:54:07.617941+00:00,TXT,GENERATED_OUTPUT,63,
miniandroid/run/exp063_res2/shadow_report.json,3962,2026-08-22T16:54:07.617941+00:00,JSON,GENERATED_OUTPUT,63,48b449a57127f2d22dff2261ad8dcb0667ab28f14243fdc78c9b7021c95da83f
miniandroid/run/exp063_res2/view_tree.json,521287,2026-08-22T16:54:07.618941+00:00,VIEW_TREE_DUMP,GENERATED_OUTPUT,63,
miniandroid/run/exp063_res2/runtime_component_map.json,1010,2026-08-22T16:54:07.617941+00:00,JSON,GENERATED_OUTPUT,63,8015b1ab4d3ce0a6d86c1a3f595bb7f6a3ddcbf5543df57f1c4c24308e2e7d31
miniandroid/run/exp063_res2/report.md,2876,2026-08-22T16:54:07.617941+00:00,REPORT_MD,HISTORICAL_EVIDENCE,63,
miniandroid/run/exp063_res2/golden/corpus.json,2017,2026-08-22T16:54:07.617941+00:00,JSON,REGRESSION_FIXTURE,63,647c390de845e1540e946c6b681469290a99023876e9b9d2a838bd76aaf6c50c
miniandroid/run/exp063_res2/database/android_api_frequency.json,68238,2026-08-22T16:54:07.616941+00:00,JSON,GENERATED_OUTPUT,63,
miniandroid/run/exp063_res2/database/dex_opcode_frequency.json,219,2026-08-22T16:54:07.616941+00:00,JSON,GENERATED_OUTPUT,63,f7db13b55a884b1fd1000373491042334b8e4126355c7a9c95273bc3ebd1c80f
miniandroid/run/exp046_nez/failure_report.json,926,2026-08-22T16:54:07.381941+00:00,JSON,HISTORICAL_EVIDENCE,46,3f30dbd6c0094ba4f6f376d6191645e16acad9bbcfc2ff96cd13aac52acaf2e6
miniandroid/run/exp046_nez/application_runtime.json,3600,2026-08-22T16:54:07.381941+00:00,JSON,GENERATED_OUTPUT,46,7507e02959bdf41f97080eaa340e2a3f268fb9bade4a6f59e0cf6e5d0b4e10d3
miniandroid/run/exp046_nez/runtime_state_trace.json,2844,2026-08-22T16:54:07.381941+00:00,JSON,GENERATED_OUTPUT,46,f67e3fcc3d11fd8b9ad59ef9dccf74086a2309b3dc7e88aa2fcfc845743cca5c
miniandroid/run/exp046_nez/report.md.json,4966,2026-08-22T16:54:07.381941+00:00,JSON,GENERATED_OUTPUT,46,6a79faf96681b45459e35bda3d33dd9cd87a6aee516369b04b5b28995768f0de
miniandroid/run/exp046_nez/test_matrix.json,787,2026-08-22T16:54:07.384941+00:00,JSON,HISTORICAL_EVIDENCE,46,63243b7d8fa6bf4b24d63c1375ade1f1f7e5ae90db5c2fd31b0eb49316d14a8e
miniandroid/run/exp046_nez/golden_end_to_end.json,1200,2026-08-22T16:54:07.381941+00:00,JSON,GENERATED_OUTPUT,46,2e09fcf604a280ab0da5077583ff4e303d12709858218f3b510ce714a6793fde
miniandroid/run/exp046_nez/runtime_component_map.json,1010,2026-08-22T16:54:07.381941+00:00,JSON,GENERATED_OUTPUT,46,8318e7b46737117a07445fde8d3c0273090efa9c7dfdf576eb9ee14f850d5676
miniandroid/run/exp046_nez/report.md,2874,2026-08-22T16:54:07.381941+00:00,REPORT_MD,HISTORICAL_EVIDENCE,46,
miniandroid/run/exp046_nez/golden/corpus.json,2017,2026-08-22T16:54:07.381941+00:00,JSON,REGRESSION_FIXTURE,46,647c390de845e1540e946c6b681469290a99023876e9b9d2a838bd76aaf6c50c
miniandroid/run/exp046_nez/database/android_api_frequency.json,32684,2026-08-22T16:54:07.381941+00:00,JSON,GENERATED_OUTPUT,46,
miniandroid/run/exp046_nez/database/dex_opcode_frequency.json,219,2026-08-22T16:54:07.381941+00:00,JSON,GENERATED_OUTPUT,46,f7db13b55a884b1fd1000373491042334b8e4126355c7a9c95273bc3ebd1c80f
miniandroid/run/exp071_run3/failure_report.json,926,2026-08-22T16:54:07.716942+00:00,JSON,HISTORICAL_EVIDENCE,71,5c631a9ed471a923b7163a74846749f328de6b4f60f6c40f9512f2cc2076fada
miniandroid/run/exp071_run3/application_runtime.json,3606,2026-08-22T16:54:07.716942+00:00,JSON,GENERATED_OUTPUT,71,a5e166eecb4bd0d0b0f79bdaa905233d25764467f024973487444aa8aa566faa
miniandroid/run/exp071_run3/runtime_state_trace.json,2848,2026-08-22T16:54:07.716942+00:00,JSON,GENERATED_OUTPUT,71,4e673b68a1527f32d8674ca8bbc24a08116f94deebbda11ade3c6cbf1f9c9870
miniandroid/run/exp071_run3/report.md.json,4967,2026-08-22T16:54:07.716942+00:00,JSON,GENERATED_OUTPUT,71,22b6f042a52e1e43fab512bf5d569c96134824d00c8b358192c9b0539c31b42b
miniandroid/run/exp071_run3/test_matrix.json,787,2026-08-22T16:54:07.717942+00:00,JSON,HISTORICAL_EVIDENCE,71,63243b7d8fa6bf4b24d63c1375ade1f1f7e5ae90db5c2fd31b0eb49316d14a8e
miniandroid/run/exp071_run3/golden_end_to_end.json,1200,2026-08-22T16:54:07.716942+00:00,JSON,GENERATED_OUTPUT,71,5da1c06509effd73e74e9f9263ba43188e6e08561c014825430cf1489b6adbf0
miniandroid/run/exp071_run3/render_request.txt,164,2026-08-22T16:54:07.716942+00:00,TXT,GENERATED_OUTPUT,71,
miniandroid/run/exp071_run3/shadow_report.json,3964,2026-08-22T16:54:07.717942+00:00,JSON,GENERATED_OUTPUT,71,
miniandroid/run/exp071_run3/view_tree.json,843239,2026-08-22T16:54:07.718941+00:00,VIEW_TREE_DUMP,GENERATED_OUTPUT,71,
miniandroid/run/exp071_run3/runtime_component_map.json,1010,2026-08-22T16:54:07.716942+00:00,JSON,GENERATED_OUTPUT,71,a1ba711bb27ba553838a46ebe7b02b7f913fbadee63db406513a41756f328d57
miniandroid/run/exp071_run3/report.md,2876,2026-08-22T16:54:07.716942+00:00,REPORT_MD,HISTORICAL_EVIDENCE,71,
miniandroid/run/exp071_run3/golden/corpus.json,2017,2026-08-22T16:54:07.716942+00:00,JSON,REGRESSION_FIXTURE,71,647c390de845e1540e946c6b681469290a99023876e9b9d2a838bd76aaf6c50c
miniandroid/run/exp071_run3/database/android_api_frequency.json,70743,2026-08-22T16:54:07.716942+00:00,JSON,GENERATED_OUTPUT,71,
miniandroid/run/exp071_run3/database/dex_opcode_frequency.json,219,2026-08-22T16:54:07.716942+00:00,JSON,GENERATED_OUTPUT,71,f7db13b55a884b1fd1000373491042334b8e4126355c7a9c95273bc3ebd1c80f
miniandroid/run/exp058_typeres/failure_report.json,926,2026-08-22T16:54:07.569941+00:00,JSON,HISTORICAL_EVIDENCE,58,8c0beb1fb389ad40ad5af4313394372eee7201eb6ebdd08253ec3020a458190a
miniandroid/run/exp058_typeres/application_runtime.json,3613,2026-08-22T16:54:07.569941+00:00,JSON,GENERATED_OUTPUT,58,8fac9ffa7174b05340d0d1ea4b0348033d83ee82cb0ff7b624209467d5f1b136
miniandroid/run/exp058_typeres/runtime_state_trace.json,2849,2026-08-22T16:54:07.569941+00:00,JSON,GENERATED_OUTPUT,58,576f8d385faa0bf017ae22306933c34c0eb7238b2479d9d08cc7ed9f08c4d4c6
miniandroid/run/exp058_typeres/report.md.json,4967,2026-08-22T16:54:07.569941+00:00,JSON,GENERATED_OUTPUT,58,5143e809d344730f9d541fe9a2667154202f64d58d2521bac9487b1bbd878483
miniandroid/run/exp058_typeres/test_matrix.json,787,2026-08-22T16:54:07.570941+00:00,JSON,HISTORICAL_EVIDENCE,58,63243b7d8fa6bf4b24d63c1375ade1f1f7e5ae90db5c2fd31b0eb49316d14a8e
miniandroid/run/exp058_typeres/golden_end_to_end.json,1200,2026-08-22T16:54:07.569941+00:00,JSON,GENERATED_OUTPUT,58,0fc988e429980c3db9474a6484ac44ea0122c66b45ba3ba74489f54b36383332
miniandroid/run/exp058_typeres/shadow_report.json,3868,2026-08-22T16:54:07.570941+00:00,JSON,GENERATED_OUTPUT,58,42dcb43ec7437f01f07d3bdb21b8d5484312f0a9fa1524f5a16128713a155b28
miniandroid/run/exp058_typeres/runtime_component_map.json,1010,2026-08-22T16:54:07.569941+00:00,JSON,GENERATED_OUTPUT,58,45c12fb2e6d33b0879b94f24dd3189b538e6f05b1332ba97d981abc381e319d7
miniandroid/run/exp058_typeres/report.md,2879,2026-08-22T16:54:07.569941+00:00,REPORT_MD,HISTORICAL_EVIDENCE,58,
miniandroid/run/exp058_typeres/golden/corpus.json,2017,2026-08-22T16:54:07.569941+00:00,JSON,REGRESSION_FIXTURE,58,647c390de845e1540e946c6b681469290a99023876e9b9d2a838bd76aaf6c50c
miniandroid/run/exp058_typeres/database/android_api_frequency.json,31390,2026-08-22T16:54:07.569941+00:00,JSON,GENERATED_OUTPUT,58,
miniandroid/run/exp058_typeres/database/dex_opcode_frequency.json,219,2026-08-22T16:54:07.569941+00:00,JSON,GENERATED_OUTPUT,58,f7db13b55a884b1fd1000373491042334b8e4126355c7a9c95273bc3ebd1c80f
miniandroid/run/exp062_rval2/failure_report.json,926,2026-08-22T16:54:07.585941+00:00,JSON,HISTORICAL_EVIDENCE,62,e14a0656409c10ac534b59d4e4114d8b8b1ae3e36eae0a0a573bf5107031550b
miniandroid/run/exp062_rval2/application_runtime.json,3607,2026-08-22T16:54:07.585941+00:00,JSON,GENERATED_OUTPUT,62,c1dce66f1668c73a292e5a90c020e1bff3f024f0089a2ba197a8da57ff87a3fc
miniandroid/run/exp062_rval2/runtime_state_trace.json,2847,2026-08-22T16:54:07.585941+00:00,JSON,GENERATED_OUTPUT,62,3d4bdc7d58ccd0c6313577a594ef78f64470bb145297b6ddac9c3a53f1d95231
miniandroid/run/exp062_rval2/report.md.json,4966,2026-08-22T16:54:07.585941+00:00,JSON,GENERATED_OUTPUT,62,7b60ab507aca948c80e09a35669a2eda25eb30a8e1c488709916af4696a3432c
miniandroid/run/exp062_rval2/test_matrix.json,787,2026-08-22T16:54:07.586941+00:00,JSON,HISTORICAL_EVIDENCE,62,63243b7d8fa6bf4b24d63c1375ade1f1f7e5ae90db5c2fd31b0eb49316d14a8e
miniandroid/run/exp062_rval2/golden_end_to_end.json,1200,2026-08-22T16:54:07.585941+00:00,JSON,GENERATED_OUTPUT,62,571faa997d5325f66260416773ec415819c0519c3a06950e3534b4c747e247b7
miniandroid/run/exp062_rval2/render_request.txt,167,2026-08-22T16:54:07.585941+00:00,TXT,GENERATED_OUTPUT,62,
miniandroid/run/exp062_rval2/shadow_report.json,3967,2026-08-22T16:54:07.586941+00:00,JSON,GENERATED_OUTPUT,62,e0542ebe8f8c275c6a892655a6b6f87f247448607e8eceb46a7cff449d7e173b
miniandroid/run/exp062_rval2/view_tree.json,526073,2026-08-22T16:54:07.586941+00:00,VIEW_TREE_DUMP,GENERATED_OUTPUT,62,e572996581127bd6e7534bf95130a5514a8c1cf539aeb6a84437d5ac2ae43edf
miniandroid/run/exp062_rval2/runtime_component_map.json,1010,2026-08-22T16:54:07.585941+00:00,JSON,GENERATED_OUTPUT,62,e50d9fe93e727ea893d16ae84ec0f26cc0c54f4693c6bc956063c25c77002a37
miniandroid/run/exp062_rval2/report.md,2877,2026-08-22T16:54:07.585941+00:00,REPORT_MD,HISTORICAL_EVIDENCE,62,
miniandroid/run/exp062_rval2/golden/corpus.json,2017,2026-08-22T16:54:07.585941+00:00,JSON,REGRESSION_FIXTURE,62,647c390de845e1540e946c6b681469290a99023876e9b9d2a838bd76aaf6c50c
miniandroid/run/exp062_rval2/database/android_api_frequency.json,68269,2026-08-22T16:54:07.585941+00:00,JSON,GENERATED_OUTPUT,62,
miniandroid/run/exp062_rval2/database/dex_opcode_frequency.json,219,2026-08-22T16:54:07.585941+00:00,JSON,GENERATED_OUTPUT,62,f7db13b55a884b1fd1000373491042334b8e4126355c7a9c95273bc3ebd1c80f
miniandroid/run/exp065_run5/failure_report.json,926,2026-08-22T16:54:07.636941+00:00,JSON,HISTORICAL_EVIDENCE,65,5362a744e7f885e7cbbc29a1516fcd2c77b755d73049617df543bed1f3faa9f6
miniandroid/run/exp065_run5/application_runtime.json,3606,2026-08-22T16:54:07.636941+00:00,JSON,GENERATED_OUTPUT,65,ea974857111845e53101085034c725abb3beffc3c6b2cbf96128f4c39eb242cf
miniandroid/run/exp065_run5/runtime_state_trace.json,2848,2026-08-22T16:54:07.636941+00:00,JSON,GENERATED_OUTPUT,65,71561598ad9988cda7525533257e73881bcb22ba1772756dea2bb7337b628278
miniandroid/run/exp065_run5/report.md.json,4966,2026-08-22T16:54:07.636941+00:00,JSON,GENERATED_OUTPUT,65,b31e49add947086a7cfba150ceb150128549aa9e95588595208beb67c83a3cb5
miniandroid/run/exp065_run5/test_matrix.json,787,2026-08-22T16:54:07.637941+00:00,JSON,HISTORICAL_EVIDENCE,65,63243b7d8fa6bf4b24d63c1375ade1f1f7e5ae90db5c2fd31b0eb49316d14a8e
miniandroid/run/exp065_run5/golden_end_to_end.json,1200,2026-08-22T16:54:07.636941+00:00,JSON,GENERATED_OUTPUT,65,1047df96fcedb52f623aec372de7d5fd64bb20cb06ba3bbad7fd440db28d22a4
miniandroid/run/exp065_run5/render_request.txt,164,2026-08-22T16:54:07.636941+00:00,TXT,GENERATED_OUTPUT,65,
miniandroid/run/exp065_run5/shadow_report.json,3969,2026-08-22T16:54:07.637941+00:00,JSON,GENERATED_OUTPUT,65,1b10b38fb0e3752f1c8b4728f7243ca6a12959b3d0a8aa9f375b9cf6627b3b20
miniandroid/run/exp065_run5/runtime_component_map.json,1010,2026-08-22T16:54:07.636941+00:00,JSON,GENERATED_OUTPUT,65,579de009eba949bd07b9a655a40ec5abee7770d27cc5ee496fe518a5c0419003
miniandroid/run/exp065_run5/report.md,2876,2026-08-22T16:54:07.636941+00:00,REPORT_MD,HISTORICAL_EVIDENCE,65,
miniandroid/run/exp065_run5/golden/corpus.json,2017,2026-08-22T16:54:07.636941+00:00,JSON,REGRESSION_FIXTURE,65,647c390de845e1540e946c6b681469290a99023876e9b9d2a838bd76aaf6c50c
miniandroid/run/exp065_run5/database/dex_opcode_frequency.json,219,2026-08-22T16:54:07.636941+00:00,JSON,GENERATED_OUTPUT,65,f7db13b55a884b1fd1000373491042334b8e4126355c7a9c95273bc3ebd1c80f
miniandroid/run/exp071_confirm/failure_report.json,926,2026-08-22T16:54:07.692941+00:00,JSON,HISTORICAL_EVIDENCE,71,85670a83e886f0cec5a33acdfed1c1516d2067b329dd0593e6a5ae1817115fbd
miniandroid/run/exp071_confirm/application_runtime.json,3611,2026-08-22T16:54:07.692941+00:00,JSON,GENERATED_OUTPUT,71,e7ef09e4a21d0d2ecf1eed347d2099af7676236332659e686a16c2af8c5bfb7f
miniandroid/run/exp071_confirm/runtime_state_trace.json,2847,2026-08-22T16:54:07.692941+00:00,JSON,GENERATED_OUTPUT,71,89a726918f9a1e70bfc9e286e182eb744e9a4a790e702f5972b9f55c6e70a45a
miniandroid/run/exp071_confirm/report.md.json,4967,2026-08-22T16:54:07.692941+00:00,JSON,GENERATED_OUTPUT,71,05d4fc34e874178131a4243c707e85a85fa503bf6eb260e7c9d55064fc19ad42
miniandroid/run/exp071_confirm/test_matrix.json,787,2026-08-22T16:54:07.693941+00:00,JSON,HISTORICAL_EVIDENCE,71,63243b7d8fa6bf4b24d63c1375ade1f1f7e5ae90db5c2fd31b0eb49316d14a8e
miniandroid/run/exp071_confirm/golden_end_to_end.json,1200,2026-08-22T16:54:07.692941+00:00,JSON,GENERATED_OUTPUT,71,d74ef8aad44812d3ee385a984ba129c18dd2812dc3678517c3401c1fca56f4dc
miniandroid/run/exp071_confirm/render_request.txt,173,2026-08-22T16:54:07.692941+00:00,TXT,GENERATED_OUTPUT,71,
miniandroid/run/exp071_confirm/shadow_report.json,3969,2026-08-22T16:54:07.693941+00:00,JSON,GENERATED_OUTPUT,71,08209d817cc01ec397db41eaeb09d9c5aa9b01d92390134c0cc934ff19d87e30
miniandroid/run/exp071_confirm/view_tree.json,628788,2026-08-22T16:54:07.693941+00:00,VIEW_TREE_DUMP,GENERATED_OUTPUT,71,
miniandroid/run/exp071_confirm/runtime_component_map.json,1010,2026-08-22T16:54:07.692941+00:00,JSON,GENERATED_OUTPUT,71,8a8c1088651f6a69fb235e495228c3dc5db9a72c2132b325e4d7afbac0ffb3d5
miniandroid/run/exp071_confirm/report.md,2879,2026-08-22T16:54:07.692941+00:00,REPORT_MD,HISTORICAL_EVIDENCE,71,
miniandroid/run/exp071_confirm/golden/corpus.json,2017,2026-08-22T16:54:07.692941+00:00,JSON,REGRESSION_FIXTURE,71,647c390de845e1540e946c6b681469290a99023876e9b9d2a838bd76aaf6c50c
miniandroid/run/exp071_confirm/database/android_api_frequency.json,59302,2026-08-22T16:54:07.692941+00:00,JSON,GENERATED_OUTPUT,71,
miniandroid/run/exp071_confirm/database/dex_opcode_frequency.json,219,2026-08-22T16:54:07.692941+00:00,JSON,GENERATED_OUTPUT,71,f7db13b55a884b1fd1000373491042334b8e4126355c7a9c95273bc3ebd1c80f
miniandroid/run/exp067_r2/render_provenance.json,3916,2026-08-22T16:54:07.651941+00:00,JSON,GENERATED_OUTPUT,67,2dc1a9a459100d527f3537cf0ed5026aeeaba125b5bd49fa7ebb464fe870a550
miniandroid/run/exp067_r2/login_ui.png,22661,2026-08-22T16:54:07.651941+00:00,OTHER,GENERATED_OUTPUT,67,
miniandroid/run/exp067_r2/login_debug.png,55573,2026-08-22T16:54:07.651941+00:00,OTHER,GENERATED_OUTPUT,67,
miniandroid/run/exp062_sv/failure_report.json,926,2026-08-22T16:54:07.588941+00:00,JSON,HISTORICAL_EVIDENCE,62,7c262ceac516d4aa94def12d7bef37c2f16bb177cc36547dc162a89307be88a2
miniandroid/run/exp062_sv/application_runtime.json,3598,2026-08-22T16:54:07.588941+00:00,JSON,GENERATED_OUTPUT,62,
miniandroid/run/exp062_sv/runtime_state_trace.json,2844,2026-08-22T16:54:07.589941+00:00,JSON,GENERATED_OUTPUT,62,6ae8ee42c2561f8223c3dcf1ed90c02789fc7a7b52f362719121072fc79f2824
miniandroid/run/exp062_sv/report.md.json,4966,2026-08-22T16:54:07.589941+00:00,JSON,GENERATED_OUTPUT,62,e8ca031cb7a92e0badfce9e851d87c9a3df6ffe104edb48162c333a59dc5eafc
miniandroid/run/exp062_sv/test_matrix.json,787,2026-08-22T16:54:07.589941+00:00,JSON,HISTORICAL_EVIDENCE,62,63243b7d8fa6bf4b24d63c1375ade1f1f7e5ae90db5c2fd31b0eb49316d14a8e
miniandroid/run/exp062_sv/golden_end_to_end.json,1200,2026-08-22T16:54:07.588941+00:00,JSON,GENERATED_OUTPUT,62,5cb4c4df7dcc75129fda9d5ce37265f588c7740597cadebf9fd66796a8dbdd7e
miniandroid/run/exp062_sv/render_request.txt,158,2026-08-22T16:54:07.588941+00:00,TXT,GENERATED_OUTPUT,62,
miniandroid/run/exp062_sv/runtime_component_map.json,1010,2026-08-22T16:54:07.589941+00:00,JSON,GENERATED_OUTPUT,62,0ed35fe38712339af87e68d01d42565395cddaf2be424a7a867a32784aa6a893
miniandroid/run/exp062_sv/report.md,2874,2026-08-22T16:54:07.589941+00:00,REPORT_MD,HISTORICAL_EVIDENCE,62,
miniandroid/run/exp062_sv/golden/corpus.json,2017,2026-08-22T16:54:07.588941+00:00,JSON,REGRESSION_FIXTURE,62,647c390de845e1540e946c6b681469290a99023876e9b9d2a838bd76aaf6c50c
miniandroid/run/exp062_sv/database/dex_opcode_frequency.json,219,2026-08-22T16:54:07.588941+00:00,JSON,GENERATED_OUTPUT,62,f7db13b55a884b1fd1000373491042334b8e4126355c7a9c95273bc3ebd1c80f
miniandroid/run/exp070_run2/failure_report.json,926,2026-08-22T16:54:07.669941+00:00,JSON,HISTORICAL_EVIDENCE,70,ba63f87108199220966ace01a95103f7865c3af2917e1efa3d77cbf9ec4d6de2
miniandroid/run/exp070_run2/application_runtime.json,3602,2026-08-22T16:54:07.669941+00:00,JSON,GENERATED_OUTPUT,70,008a8086e336ae152259e9a2e869500dcc6ffba9d2f599458f50662f67584f59
miniandroid/run/exp070_run2/runtime_state_trace.json,2844,2026-08-22T16:54:07.669941+00:00,JSON,GENERATED_OUTPUT,70,fa3e0067096e4a6bd41272d69fb306a8409c9b9cda4c54bfb2fe39475c27cb8f
miniandroid/run/exp070_run2/report.md.json,4967,2026-08-22T16:54:07.669941+00:00,JSON,GENERATED_OUTPUT,70,c5578776f9226e7a7698d492fa11909df9655407e76f65deba1b1c515bab5932
miniandroid/run/exp070_run2/test_matrix.json,787,2026-08-22T16:54:07.670941+00:00,JSON,HISTORICAL_EVIDENCE,70,63243b7d8fa6bf4b24d63c1375ade1f1f7e5ae90db5c2fd31b0eb49316d14a8e
miniandroid/run/exp070_run2/golden_end_to_end.json,1200,2026-08-22T16:54:07.669941+00:00,JSON,GENERATED_OUTPUT,70,4d748909dff7502e5b3b0b0ccbf064a54ab2d9174126fc151224f5c225077e59
miniandroid/run/exp070_run2/render_request.txt,164,2026-08-22T16:54:07.669941+00:00,TXT,GENERATED_OUTPUT,70,
miniandroid/run/exp070_run2/shadow_report.json,3968,2026-08-22T16:54:07.670941+00:00,JSON,GENERATED_OUTPUT,70,5a532761d10c0635d15c6ac7d0d9f28199e87cd1959161926e9f44321c8c1fba
miniandroid/run/exp070_run2/view_tree.json,631820,2026-08-22T16:54:07.690942+00:00,VIEW_TREE_DUMP,GENERATED_OUTPUT,70,00470fbed4da71380d1e47a3db333919ce91f6d591cbe290d5b71602433d03ee
miniandroid/run/exp070_run2/runtime_component_map.json,1010,2026-08-22T16:54:07.669941+00:00,JSON,GENERATED_OUTPUT,70,7345fc4b8c53741e233a08ee0b5d05597262d4647c09c38bc39870dd695dcb46
miniandroid/run/exp070_run2/report.md,2876,2026-08-22T16:54:07.669941+00:00,REPORT_MD,HISTORICAL_EVIDENCE,70,
miniandroid/run/exp070_run2/golden/corpus.json,2017,2026-08-22T16:54:07.669941+00:00,JSON,REGRESSION_FIXTURE,70,647c390de845e1540e946c6b681469290a99023876e9b9d2a838bd76aaf6c50c
miniandroid/run/exp070_run2/database/dex_opcode_frequency.json,219,2026-08-22T16:54:07.669941+00:00,JSON,GENERATED_OUTPUT,70,f7db13b55a884b1fd1000373491042334b8e4126355c7a9c95273bc3ebd1c80f
miniandroid/run/exp058_ltzfix/failure_report.json,926,2026-08-22T16:54:07.556941+00:00,JSON,HISTORICAL_EVIDENCE,58,54a32ae4f250fa9a2c25fe3c75028361ce5034bc1dcf576aa0bd9d86af0e8e97
miniandroid/run/exp058_ltzfix/application_runtime.json,3609,2026-08-22T16:54:07.556941+00:00,JSON,GENERATED_OUTPUT,58,8924c841d885451756a1171ea1d13fcddd2f42cbd0107c9072f8317148a8baaf
miniandroid/run/exp058_ltzfix/runtime_state_trace.json,2847,2026-08-22T16:54:07.556941+00:00,JSON,GENERATED_OUTPUT,58,9579df1d07732a9b9b146e6a17e107876960ebafee078660fd1b622cb2afe99e
miniandroid/run/exp058_ltzfix/report.md.json,4966,2026-08-22T16:54:07.556941+00:00,JSON,GENERATED_OUTPUT,58,ae6576ab4daf21ee08c318d30b2b9e02469a4736bbd7988e23f7ee8e1f213e98
miniandroid/run/exp058_ltzfix/test_matrix.json,787,2026-08-22T16:54:07.557941+00:00,JSON,HISTORICAL_EVIDENCE,58,63243b7d8fa6bf4b24d63c1375ade1f1f7e5ae90db5c2fd31b0eb49316d14a8e
miniandroid/run/exp058_ltzfix/golden_end_to_end.json,1200,2026-08-22T16:54:07.556941+00:00,JSON,GENERATED_OUTPUT,58,4467e03dfb17bb806afbdd38066eb9ad1de1ca30025a7401744f2b63d083b25e
miniandroid/run/exp058_ltzfix/shadow_report.json,3862,2026-08-22T16:54:07.557941+00:00,JSON,GENERATED_OUTPUT,58,86db4d72cbd4520f144e87bb78e01e60194c5d5743ba86d2a476235502c94948
miniandroid/run/exp058_ltzfix/runtime_component_map.json,1010,2026-08-22T16:54:07.556941+00:00,JSON,GENERATED_OUTPUT,58,1835fcdfb140ca659d8d33fdbb08c9f23f2999663d9b1e6d8796666fba38f2d9
miniandroid/run/exp058_ltzfix/report.md,2877,2026-08-22T16:54:07.556941+00:00,REPORT_MD,HISTORICAL_EVIDENCE,58,
miniandroid/run/exp058_ltzfix/golden/corpus.json,2017,2026-08-22T16:54:07.556941+00:00,JSON,REGRESSION_FIXTURE,58,647c390de845e1540e946c6b681469290a99023876e9b9d2a838bd76aaf6c50c
miniandroid/run/exp058_ltzfix/database/android_api_frequency.json,28651,2026-08-22T16:54:07.556941+00:00,JSON,GENERATED_OUTPUT,58,
miniandroid/run/exp058_ltzfix/database/dex_opcode_frequency.json,219,2026-08-22T16:54:07.556941+00:00,JSON,GENERATED_OUTPUT,58,f7db13b55a884b1fd1000373491042334b8e4126355c7a9c95273bc3ebd1c80f
miniandroid/run/exp071_run1/failure_report.json,926,2026-08-22T16:54:07.703942+00:00,JSON,HISTORICAL_EVIDENCE,71,bf4e9a5ae1dd954218b9d37dc33297bc03607c2a67ba53fa49567b90d6b6bb51
miniandroid/run/exp071_run1/application_runtime.json,3599,2026-08-22T16:54:07.703942+00:00,JSON,GENERATED_OUTPUT,71,491d6f0a262fb2651315a63c7dbd526edffa92f2333b4c2261b3d4bd95fbccc0
miniandroid/run/exp071_run1/runtime_state_trace.json,2841,2026-08-22T16:54:07.703942+00:00,JSON,GENERATED_OUTPUT,71,865187302b1050eac6bced74e601fc0664fe43b14c4c25fe0ebe78ddcd829b64
miniandroid/run/exp071_run1/report.md.json,4967,2026-08-22T16:54:07.703942+00:00,JSON,GENERATED_OUTPUT,71,c3fcad71c97dcaf650b9db59d8fff0eac386a9bcc0a7ea5ea650d1b8ebd7c21b
miniandroid/run/exp071_run1/test_matrix.json,787,2026-08-22T16:54:07.704942+00:00,JSON,HISTORICAL_EVIDENCE,71,63243b7d8fa6bf4b24d63c1375ade1f1f7e5ae90db5c2fd31b0eb49316d14a8e
miniandroid/run/exp071_run1/golden_end_to_end.json,1200,2026-08-22T16:54:07.703942+00:00,JSON,GENERATED_OUTPUT,71,4fffffc9e78a9d729a3266333a60284703042bc60f5139ecc58e1a9498aa6af7
miniandroid/run/exp071_run1/render_request.txt,164,2026-08-22T16:54:07.703942+00:00,TXT,GENERATED_OUTPUT,71,
miniandroid/run/exp071_run1/runtime_component_map.json,1010,2026-08-22T16:54:07.703942+00:00,JSON,GENERATED_OUTPUT,71,75e0a2f95bbb69acf5bba098bc66e7f1e30a194d53c95e6afbefde20ff150ba7
miniandroid/run/exp071_run1/report.md,2876,2026-08-22T16:54:07.703942+00:00,REPORT_MD,HISTORICAL_EVIDENCE,71,
miniandroid/run/exp071_run1/golden/corpus.json,2017,2026-08-22T16:54:07.703942+00:00,JSON,REGRESSION_FIXTURE,71,647c390de845e1540e946c6b681469290a99023876e9b9d2a838bd76aaf6c50c
miniandroid/run/exp071_run1/database/dex_opcode_frequency.json,219,2026-08-22T16:54:07.703942+00:00,JSON,GENERATED_OUTPUT,71,f7db13b55a884b1fd1000373491042334b8e4126355c7a9c95273bc3ebd1c80f
miniandroid/run/exp049_range/failure_report.json,926,2026-08-22T16:54:07.429941+00:00,JSON,HISTORICAL_EVIDENCE,49,13095d3af68d0f3dacc0a70050c5c15903204b3f6f990ed605a79e34a7ccc14b
miniandroid/run/exp049_range/application_runtime.json,3602,2026-08-22T16:54:07.429941+00:00,JSON,GENERATED_OUTPUT,49,8dac4b3b7c59a15b053c80ac4c289d28c831abcc51c51e12f969563310971595
miniandroid/run/exp049_range/runtime_state_trace.json,2842,2026-08-22T16:54:07.429941+00:00,JSON,GENERATED_OUTPUT,49,2aeabdbf59615f73ebc0cddeedf8723cb1834f7b9534c01b13d7afaa70ae3038
miniandroid/run/exp049_range/report.md.json,4966,2026-08-22T16:54:07.429941+00:00,JSON,GENERATED_OUTPUT,49,6ee972b6b1dbba98a47d710cad789baeb4193d70b76398f4fa8fb85730fd3217
miniandroid/run/exp049_range/test_matrix.json,787,2026-08-22T16:54:07.432941+00:00,JSON,HISTORICAL_EVIDENCE,49,63243b7d8fa6bf4b24d63c1375ade1f1f7e5ae90db5c2fd31b0eb49316d14a8e
miniandroid/run/exp049_range/golden_end_to_end.json,1200,2026-08-22T16:54:07.429941+00:00,JSON,GENERATED_OUTPUT,49,45e8be9d519673cf8b5a06b857d8824a9b4f4450a58c9b4667aed5001168c09a
miniandroid/run/exp049_range/runtime_component_map.json,1010,2026-08-22T16:54:07.429941+00:00,JSON,GENERATED_OUTPUT,49,4b10d1cb040fdb56d682ea54342264a584b4858846d4688a3044139e7401be21
miniandroid/run/exp049_range/report.md,2876,2026-08-22T16:54:07.429941+00:00,REPORT_MD,HISTORICAL_EVIDENCE,49,
miniandroid/run/exp049_range/golden/corpus.json,2017,2026-08-22T16:54:07.429941+00:00,JSON,REGRESSION_FIXTURE,49,647c390de845e1540e946c6b681469290a99023876e9b9d2a838bd76aaf6c50c
miniandroid/run/exp049_range/database/android_api_frequency.json,26868,2026-08-22T16:54:07.429941+00:00,JSON,GENERATED_OUTPUT,49,
miniandroid/run/exp049_range/database/dex_opcode_frequency.json,219,2026-08-22T16:54:07.429941+00:00,JSON,GENERATED_OUTPUT,49,f7db13b55a884b1fd1000373491042334b8e4126355c7a9c95273bc3ebd1c80f
miniandroid/run/exp058_voidfix/failure_report.json,926,2026-08-22T16:54:07.570941+00:00,JSON,HISTORICAL_EVIDENCE,58,6785722ddae9d34f60393326eefa1f569a9454acadbf78f16d296906e3728cba
miniandroid/run/exp058_voidfix/application_runtime.json,3613,2026-08-22T16:54:07.570941+00:00,JSON,GENERATED_OUTPUT,58,6105f69bece8f16305636659d2ca2bbbd80e785b6041588beb6dd31b76ffeaf6
miniandroid/run/exp058_voidfix/runtime_state_trace.json,2850,2026-08-22T16:54:07.570941+00:00,JSON,GENERATED_OUTPUT,58,bdebc5f50bcd197006b1f00e142e9b43ddd33f955a58d33ae82bd98bfea314d7
miniandroid/run/exp058_voidfix/report.md.json,4966,2026-08-22T16:54:07.570941+00:00,JSON,GENERATED_OUTPUT,58,2443610ea8bda48eec4bda09b18093141dc314003cd498b331834ce54a54b2e1
miniandroid/run/exp058_voidfix/test_matrix.json,787,2026-08-22T16:54:07.571941+00:00,JSON,HISTORICAL_EVIDENCE,58,63243b7d8fa6bf4b24d63c1375ade1f1f7e5ae90db5c2fd31b0eb49316d14a8e
miniandroid/run/exp058_voidfix/golden_end_to_end.json,1200,2026-08-22T16:54:07.570941+00:00,JSON,GENERATED_OUTPUT,58,a5fa5701575235808122d2d823e288bd86d48574bde3953214ca0b920f200e3e
miniandroid/run/exp058_voidfix/shadow_report.json,3871,2026-08-22T16:54:07.571941+00:00,JSON,GENERATED_OUTPUT,58,
miniandroid/run/exp058_voidfix/runtime_component_map.json,1010,2026-08-22T16:54:07.570941+00:00,JSON,GENERATED_OUTPUT,58,df277289b402b482aa64be589b0529db1cf8390340c1b02c41ea5973e0213c9a
miniandroid/run/exp058_voidfix/report.md,2878,2026-08-22T16:54:07.570941+00:00,REPORT_MD,HISTORICAL_EVIDENCE,58,
miniandroid/run/exp058_voidfix/golden/corpus.json,2017,2026-08-22T16:54:07.570941+00:00,JSON,REGRESSION_FIXTURE,58,647c390de845e1540e946c6b681469290a99023876e9b9d2a838bd76aaf6c50c
miniandroid/run/exp058_voidfix/database/android_api_frequency.json,17367,2026-08-22T16:54:07.570941+00:00,JSON,GENERATED_OUTPUT,58,
miniandroid/run/exp058_voidfix/database/dex_opcode_frequency.json,219,2026-08-22T16:54:07.570941+00:00,JSON,GENERATED_OUTPUT,58,f7db13b55a884b1fd1000373491042334b8e4126355c7a9c95273bc3ebd1c80f
miniandroid/run/exp042_auto/rss_samples.csv,75,2026-08-15T18:23:34+00:00,CSV,GENERATED_OUTPUT,42,
miniandroid/run/exp042_auto/EXP042_REPORT.md,4464,2026-08-15T18:23:39+00:00,MARKDOWN,GENERATED_OUTPUT,42,
miniandroid/run/exp072/baseline_results.json,2920,2026-08-22T16:54:07.731941+00:00,JSON,GENERATED_OUTPUT,72,
miniandroid/run/exp072/ocr_results.json,2141,2026-08-22T16:54:07.731941+00:00,JSON,GENERATED_OUTPUT,72,
miniandroid/run/exp072/HelloWorld_baseline/failure_report.json,1121,2026-08-22T16:54:07.730942+00:00,JSON,HISTORICAL_EVIDENCE,72,140b697e55880f24b09a2d8a4ee132474baf38a6fcd0f947e3e7c3b45ce39e1e
miniandroid/run/exp072/HelloWorld_baseline/exp072_rendered.png,5230,2026-08-22T16:54:07.730942+00:00,OTHER,GENERATED_OUTPUT,72,
miniandroid/run/exp072/HelloWorld_baseline/application_runtime.json,3875,2026-08-22T16:54:07.730942+00:00,JSON,GENERATED_OUTPUT,72,
miniandroid/run/exp072/HelloWorld_baseline/runtime_state_trace.json,2973,2026-08-22T16:54:07.730942+00:00,JSON,GENERATED_OUTPUT,72,a2d691abc77dd2ef8135675500c7b025e1efe90b71be0781b5ab406051172a29
miniandroid/run/exp072/HelloWorld_baseline/report.md.json,5092,2026-08-22T16:54:07.730942+00:00,JSON,GENERATED_OUTPUT,72,fe5c9286a3bb172c9dde905b53e7c95b89103eea842ab0aaab617de0fcef50b3
miniandroid/run/exp072/HelloWorld_baseline/test_matrix.json,852,2026-08-22T16:54:07.731941+00:00,JSON,HISTORICAL_EVIDENCE,72,fa178e898d8f059f13bb7d2fed28af8045bdacdee2f3be388aa4793a55b03f2e
miniandroid/run/exp072/HelloWorld_baseline/golden_end_to_end.json,1270,2026-08-22T16:54:07.730942+00:00,JSON,GENERATED_OUTPUT,72,5ef62e928ceb8df10a22f448ea00ffd87a26c461c07b8e0c71affe529c00ebc2
miniandroid/run/exp072/HelloWorld_baseline/render_request.txt,404,2026-08-22T16:54:07.730942+00:00,TXT,GENERATED_OUTPUT,72,
miniandroid/run/exp072/HelloWorld_baseline/shadow_report.json,3933,2026-08-22T16:54:07.731941+00:00,JSON,GENERATED_OUTPUT,72,526baf369d831981314fd013965e86f1a47bc97fd4a0fc5e92af7da1d4034b53
miniandroid/run/exp072/HelloWorld_baseline/view_tree.json,418,2026-08-22T16:54:07.731941+00:00,VIEW_TREE_DUMP,GENERATED_OUTPUT,72,ed44620c84eee2f7590db4ddc5f0634ece06b1e55e5ef856e38c220890fe2a62
miniandroid/run/exp072/HelloWorld_baseline/runtime_component_map.json,1010,2026-08-22T16:54:07.730942+00:00,JSON,GENERATED_OUTPUT,72,89b80ed0e72c3cc2422c0ca5eef577880a43e77aaf538b26365be1a720b65a30
miniandroid/run/exp072/HelloWorld_baseline/report.md,3016,2026-08-22T16:54:07.730942+00:00,REPORT_MD,HISTORICAL_EVIDENCE,72,
miniandroid/run/exp072/HelloWorld_baseline/golden/corpus.json,2017,2026-08-22T16:54:07.730942+00:00,JSON,REGRESSION_FIXTURE,72,647c390de845e1540e946c6b681469290a99023876e9b9d2a838bd76aaf6c50c
miniandroid/run/exp072/HelloWorld_baseline/database/android_api_frequency.json,3717,2026-08-22T16:54:07.730942+00:00,JSON,GENERATED_OUTPUT,72,
miniandroid/run/exp072/HelloWorld_baseline/database/dex_opcode_frequency.json,219,2026-08-22T16:54:07.730942+00:00,JSON,GENERATED_OUTPUT,72,f7db13b55a884b1fd1000373491042334b8e4126355c7a9c95273bc3ebd1c80f
miniandroid/run/exp072/Counter_baseline/failure_report.json,1112,2026-08-22T16:54:07.729942+00:00,JSON,HISTORICAL_EVIDENCE,72,47050bb415c2e7c6faf7224405c36811d07160379aa713303e41bc192ba5d112
miniandroid/run/exp072/Counter_baseline/exp072_rendered.png,5437,2026-08-22T16:54:07.729942+00:00,OTHER,GENERATED_OUTPUT,72,
miniandroid/run/exp072/Counter_baseline/application_runtime.json,3850,2026-08-22T16:54:07.729942+00:00,JSON,GENERATED_OUTPUT,72,55e4292111b00fc5ba2ab25400f6ec0eb147454db4d19ce99cf8e6a1d981f7d3
miniandroid/run/exp072/Counter_baseline/runtime_state_trace.json,2960,2026-08-22T16:54:07.729942+00:00,JSON,GENERATED_OUTPUT,72,c92342b8e147e1cbc5e77064fbb8fd527ea07b598e71ff4a3a88737c5af875c6
miniandroid/run/exp072/Counter_baseline/report.md.json,5086,2026-08-22T16:54:07.729942+00:00,JSON,GENERATED_OUTPUT,72,8cb009c1a6f982b57d04898758e7a3812482d7e0c62ecbf29ac56e713792c533
miniandroid/run/exp072/Counter_baseline/test_matrix.json,849,2026-08-22T16:54:07.730942+00:00,JSON,HISTORICAL_EVIDENCE,72,101dbd6d74037caf7cf6a30006c13f0f5b6c5de5df6361fab0d6ae19eda082e7
miniandroid/run/exp072/Counter_baseline/golden_end_to_end.json,1264,2026-08-22T16:54:07.729942+00:00,JSON,GENERATED_OUTPUT,72,16e839308a5c214a7b5e237a350782088ff6cfd403fb83df524bb1c0087886ae
miniandroid/run/exp072/Counter_baseline/render_request.txt,395,2026-08-22T16:54:07.729942+00:00,TXT,GENERATED_OUTPUT,72,
miniandroid/run/exp072/Counter_baseline/shadow_report.json,3947,2026-08-22T16:54:07.730942+00:00,JSON,GENERATED_OUTPUT,72,5015cd01d913df3fd787cbae0a3dc63228cc53da78411ae6e667141647c6e478
miniandroid/run/exp072/Counter_baseline/view_tree.json,1133,2026-08-22T16:54:07.730942+00:00,VIEW_TREE_DUMP,GENERATED_OUTPUT,72,03c65691912e437404b3c54313cb3a19a8a7b95e690dacbf7f8d10f2c2ec5759
miniandroid/run/exp072/Counter_baseline/runtime_component_map.json,1010,2026-08-22T16:54:07.729942+00:00,JSON,GENERATED_OUTPUT,72,89b80ed0e72c3cc2422c0ca5eef577880a43e77aaf538b26365be1a720b65a30
miniandroid/run/exp072/Counter_baseline/report.md,3010,2026-08-22T16:54:07.729942+00:00,REPORT_MD,HISTORICAL_EVIDENCE,72,
miniandroid/run/exp072/Counter_baseline/golden/corpus.json,2017,2026-08-22T16:54:07.729942+00:00,JSON,REGRESSION_FIXTURE,72,647c390de845e1540e946c6b681469290a99023876e9b9d2a838bd76aaf6c50c
miniandroid/run/exp072/Counter_baseline/database/android_api_frequency.json,4744,2026-08-22T16:54:07.729942+00:00,JSON,GENERATED_OUTPUT,72,
miniandroid/run/exp072/Counter_baseline/database/dex_opcode_frequency.json,219,2026-08-22T16:54:07.729942+00:00,JSON,GENERATED_OUTPUT,72,f7db13b55a884b1fd1000373491042334b8e4126355c7a9c95273bc3ebd1c80f
miniandroid/run/exp072/Calculator_baseline/failure_report.json,1121,2026-08-22T16:54:07.728941+00:00,JSON,HISTORICAL_EVIDENCE,72,b1ef033bf86b1a9ce4b3efc5c21343269714e90b67fc6f31e354c15d368f173f
miniandroid/run/exp072/Calculator_baseline/exp072_rendered.png,4214,2026-08-22T16:54:07.728941+00:00,OTHER,GENERATED_OUTPUT,72,
miniandroid/run/exp072/Calculator_baseline/application_runtime.json,3877,2026-08-22T16:54:07.728941+00:00,JSON,GENERATED_OUTPUT,72,496cb77ad4acf6efc9c232c4264df9dcc0a3295f80ceae0d08c0af51c1fa5062
miniandroid/run/exp072/Calculator_baseline/runtime_state_trace.json,2975,2026-08-22T16:54:07.728941+00:00,JSON,GENERATED_OUTPUT,72,
miniandroid/run/exp072/Calculator_baseline/report.md.json,5092,2026-08-22T16:54:07.728941+00:00,JSON,GENERATED_OUTPUT,72,f1a8b2f35c51f4fb8a6a11e5a87599a34257f8f5e111524fb19d961ae7d945c8
miniandroid/run/exp072/Calculator_baseline/test_matrix.json,852,2026-08-22T16:54:07.729942+00:00,JSON,HISTORICAL_EVIDENCE,72,b08f2cb646d66168507b0ee031b4066f53617bf7a451a0d0e69083edddc34e1e
miniandroid/run/exp072/Calculator_baseline/golden_end_to_end.json,1270,2026-08-22T16:54:07.728941+00:00,JSON,GENERATED_OUTPUT,72,d3a8b2c5e4658fd647dcd21f5fe3fc3d1bfd2756c52f2b41ffb5b323966a9337
miniandroid/run/exp072/Calculator_baseline/render_request.txt,404,2026-08-22T16:54:07.728941+00:00,TXT,GENERATED_OUTPUT,72,
miniandroid/run/exp072/Calculator_baseline/shadow_report.json,3947,2026-08-22T16:54:07.729942+00:00,JSON,GENERATED_OUTPUT,72,990f070c43134a47daa2de27e5e32eb9b0832421cfea6e98996df3340156c3dd
miniandroid/run/exp072/Calculator_baseline/view_tree.json,2187,2026-08-22T16:54:07.729942+00:00,VIEW_TREE_DUMP,GENERATED_OUTPUT,72,
miniandroid/run/exp072/Calculator_baseline/runtime_component_map.json,1010,2026-08-22T16:54:07.728941+00:00,JSON,GENERATED_OUTPUT,72,89b80ed0e72c3cc2422c0ca5eef577880a43e77aaf538b26365be1a720b65a30
miniandroid/run/exp072/Calculator_baseline/report.md,3016,2026-08-22T16:54:07.728941+00:00,REPORT_MD,HISTORICAL_EVIDENCE,72,
miniandroid/run/exp072/Calculator_baseline/golden/corpus.json,2017,2026-08-22T16:54:07.728941+00:00,JSON,REGRESSION_FIXTURE,72,647c390de845e1540e946c6b681469290a99023876e9b9d2a838bd76aaf6c50c
miniandroid/run/exp072/Calculator_baseline/database/android_api_frequency.json,4747,2026-08-22T16:54:07.728941+00:00,JSON,GENERATED_OUTPUT,72,097ea869433948f8ed3d1488dba9f94cc501cf8300784499b46c1a7bdbf208d7
miniandroid/run/exp072/Calculator_baseline/database/dex_opcode_frequency.json,219,2026-08-22T16:54:07.728941+00:00,JSON,GENERATED_OUTPUT,72,f7db13b55a884b1fd1000373491042334b8e4126355c7a9c95273bc3ebd1c80f
miniandroid/run/exp064/render_provenance.json,3527,2026-08-22T16:54:07.625941+00:00,JSON,GENERATED_OUTPUT,64,
miniandroid/run/exp064/androguard_oracle.json,2092,2026-08-22T16:54:07.625941+00:00,JSON,GENERATED_OUTPUT,64,
miniandroid/run/exp064/login_ui.png,22206,2026-08-22T16:54:07.625941+00:00,OTHER,GENERATED_OUTPUT,64,
miniandroid/run/exp064/image_validation.json,1568,2026-08-22T16:54:07.625941+00:00,JSON,GENERATED_OUTPUT,64,
miniandroid/run/exp064/github_comment.json,10833,2026-08-22T16:54:07.625941+00:00,JSON,GENERATED_OUTPUT,64,
miniandroid/run/exp064/login_debug.png,59431,2026-08-22T16:54:07.625941+00:00,OTHER,GENERATED_OUTPUT,64,
miniandroid/run/exp071_run2/failure_report.json,926,2026-08-22T16:54:07.713942+00:00,JSON,HISTORICAL_EVIDENCE,71,10b268c918b8e04b9a7d4878e5dc672168f767a98c99f06088b43ac24dccb483
miniandroid/run/exp071_run2/application_runtime.json,3606,2026-08-22T16:54:07.713942+00:00,JSON,GENERATED_OUTPUT,71,077c93d023eed5ef63166575698ceabada38dae5799b3478f5852d4086622897
miniandroid/run/exp071_run2/runtime_state_trace.json,2848,2026-08-22T16:54:07.713942+00:00,JSON,GENERATED_OUTPUT,71,f52a0fb0b3c9b3c6ba3eb5ea8c5238a5b08f147951f121852bb8363492258664
miniandroid/run/exp071_run2/report.md.json,4967,2026-08-22T16:54:07.713942+00:00,JSON,GENERATED_OUTPUT,71,f0f9d4ab77d65312363797348b60d0c0ffaea09f722d38ca19ebb4a831486399
miniandroid/run/exp071_run2/test_matrix.json,787,2026-08-22T16:54:07.714942+00:00,JSON,HISTORICAL_EVIDENCE,71,63243b7d8fa6bf4b24d63c1375ade1f1f7e5ae90db5c2fd31b0eb49316d14a8e
miniandroid/run/exp071_run2/golden_end_to_end.json,1200,2026-08-22T16:54:07.713942+00:00,JSON,GENERATED_OUTPUT,71,b01be71f66a8e4c9754026ac0f729317586078a31dce319cbde2576d29517824
miniandroid/run/exp071_run2/render_request.txt,164,2026-08-22T16:54:07.713942+00:00,TXT,GENERATED_OUTPUT,71,
miniandroid/run/exp071_run2/runtime_component_map.json,1010,2026-08-22T16:54:07.713942+00:00,JSON,GENERATED_OUTPUT,71,32c7d38f574d2f2813c51750d438df9331a0e3c09e9e00978526482fe4352af3
miniandroid/run/exp071_run2/report.md,2876,2026-08-22T16:54:07.713942+00:00,REPORT_MD,HISTORICAL_EVIDENCE,71,
miniandroid/run/exp071_run2/golden/corpus.json,2017,2026-08-22T16:54:07.713942+00:00,JSON,REGRESSION_FIXTURE,71,647c390de845e1540e946c6b681469290a99023876e9b9d2a838bd76aaf6c50c
miniandroid/run/exp071_run2/database/dex_opcode_frequency.json,219,2026-08-22T16:54:07.713942+00:00,JSON,GENERATED_OUTPUT,71,f7db13b55a884b1fd1000373491042334b8e4126355c7a9c95273bc3ebd1c80f
miniandroid/run/exp066_run_r1/render_provenance.json,3924,2026-08-22T16:54:07.647941+00:00,JSON,GENERATED_OUTPUT,66,74b8a7474b443e2f20a943351e00e9f33f5dd19ef9b928fd23fbc06863288da7
miniandroid/run/exp066_run_r1/login_ui.png,24376,2026-08-22T16:54:07.647941+00:00,OTHER,GENERATED_OUTPUT,66,
miniandroid/run/exp066_run_r1/login_debug.png,58940,2026-08-22T16:54:07.647941+00:00,OTHER,GENERATED_OUTPUT,66,
miniandroid/run/exp065_run3/failure_report.json,926,2026-08-22T16:54:07.633941+00:00,JSON,HISTORICAL_EVIDENCE,65,b16cbc8049f9c145aa635fcf38ab02a7bd44d5d1d8496045a355ff2d9efb26f3
miniandroid/run/exp065_run3/application_runtime.json,3601,2026-08-22T16:54:07.633941+00:00,JSON,GENERATED_OUTPUT,65,d1ebfd5cf3b1768fddbbf03d00e77e407c71160430fe569e5dc37106d39315fc
miniandroid/run/exp065_run3/runtime_state_trace.json,2843,2026-08-22T16:54:07.634941+00:00,JSON,GENERATED_OUTPUT,65,749d9391ef853955c2a1d8ffacd74e29e8d3f9d8f4e6b1cc59e41d3f46a707b1
miniandroid/run/exp065_run3/report.md.json,4967,2026-08-22T16:54:07.634941+00:00,JSON,GENERATED_OUTPUT,65,379644abd6c3edbad95c0807929adb8fead43c5ad2184a2d36284a8e87e02803
miniandroid/run/exp065_run3/test_matrix.json,787,2026-08-22T16:54:07.634941+00:00,JSON,HISTORICAL_EVIDENCE,65,63243b7d8fa6bf4b24d63c1375ade1f1f7e5ae90db5c2fd31b0eb49316d14a8e
miniandroid/run/exp065_run3/golden_end_to_end.json,1200,2026-08-22T16:54:07.633941+00:00,JSON,GENERATED_OUTPUT,65,1c5ded642f834b1198d0212b1a5734b1897facd0634f9e95ac3156a1277cb089
miniandroid/run/exp065_run3/render_request.txt,164,2026-08-22T16:54:07.633941+00:00,TXT,GENERATED_OUTPUT,65,
miniandroid/run/exp065_run3/runtime_component_map.json,1010,2026-08-22T16:54:07.634941+00:00,JSON,GENERATED_OUTPUT,65,aa36fde1de4654109bc3c117370afc360706465aa3e5f7f2acdd61bbe62a111c
miniandroid/run/exp065_run3/report.md,2876,2026-08-22T16:54:07.634941+00:00,REPORT_MD,HISTORICAL_EVIDENCE,65,
miniandroid/run/exp065_run3/golden/corpus.json,2017,2026-08-22T16:54:07.633941+00:00,JSON,REGRESSION_FIXTURE,65,647c390de845e1540e946c6b681469290a99023876e9b9d2a838bd76aaf6c50c
miniandroid/run/exp065_run3/database/dex_opcode_frequency.json,219,2026-08-22T16:54:07.633941+00:00,JSON,GENERATED_OUTPUT,65,f7db13b55a884b1fd1000373491042334b8e4126355c7a9c95273bc3ebd1c80f
miniandroid/run/exp081/tg_desc2/failure_report.json,926,2026-08-22T17:05:31.154575+00:00,JSON,HISTORICAL_EVIDENCE,81,52abeb504a182f6b92309aac7146c6d1dd469b4d052e5859742d41d335fcfeb5
miniandroid/run/exp081/tg_desc2/application_runtime.json,3613,2026-08-22T17:05:31.154575+00:00,JSON,GENERATED_OUTPUT,81,ebf31cf850b22c4a7543b3ee5aeddd3eea2de9f89f13bb18e68dc60bcbeea33f
miniandroid/run/exp081/tg_desc2/runtime_state_trace.json,2848,2026-08-22T17:05:31.154575+00:00,JSON,GENERATED_OUTPUT,81,441b15b740f83dc97c6858109bed4364178ebcad25881ecddd2fed280d411c16
miniandroid/run/exp081/tg_desc2/report.md.json,4966,2026-08-22T17:05:31.161575+00:00,JSON,GENERATED_OUTPUT,81,21dc6deae028c8b19069394d7a9f002898ffff4ec9ea36204be29335bfeb5eb2
miniandroid/run/exp081/tg_desc2/test_matrix.json,787,2026-08-22T17:05:31.160575+00:00,JSON,HISTORICAL_EVIDENCE,81,63243b7d8fa6bf4b24d63c1375ade1f1f7e5ae90db5c2fd31b0eb49316d14a8e
miniandroid/run/exp081/tg_desc2/golden_end_to_end.json,1200,2026-08-22T17:05:31.154575+00:00,JSON,GENERATED_OUTPUT,81,fd0c5284279307501c4b03c7c9d4711afd35fbc2ddbdd4ecace11585fc1fb6dd
miniandroid/run/exp081/tg_desc2/render_request.txt,176,2026-08-22T17:05:31.104575+00:00,TXT,GENERATED_OUTPUT,81,
miniandroid/run/exp081/tg_desc2/shadow_report.json,3970,2026-08-22T17:05:31.154575+00:00,JSON,GENERATED_OUTPUT,81,db522069d9e67e7bec6f519313a99bd43a2df97d784ed6b9618aba594ddbb760
miniandroid/run/exp081/tg_desc2/view_tree.json,1406767,2026-08-22T17:05:31.082575+00:00,VIEW_TREE_DUMP,GENERATED_OUTPUT,81,
miniandroid/run/exp081/tg_desc2/runtime_component_map.json,1010,2026-08-22T17:05:31.154575+00:00,JSON,GENERATED_OUTPUT,81,31ed549c2024e11c0cb2e398df60ce007460cab14996e9383020f216e120a06d
miniandroid/run/exp081/tg_desc2/report.md,2879,2026-08-22T17:05:31.161575+00:00,REPORT_MD,HISTORICAL_EVIDENCE,81,
miniandroid/run/exp081/tg_desc2/golden/corpus.json,2017,2026-08-22T17:05:31.156575+00:00,JSON,REGRESSION_FIXTURE,81,647c390de845e1540e946c6b681469290a99023876e9b9d2a838bd76aaf6c50c
miniandroid/run/exp081/tg_desc2/database/dex_opcode_frequency.json,219,2026-08-22T17:05:31.159575+00:00,JSON,GENERATED_OUTPUT,81,f7db13b55a884b1fd1000373491042334b8e4126355c7a9c95273bc3ebd1c80f
miniandroid/run/exp081/tg_check/failure_report.json,926,2026-08-22T16:58:05.458510+00:00,JSON,HISTORICAL_EVIDENCE,81,9f2661eca8d857525c19501a9c5135fd8889e2ecb9af3c06b95620938ae7b008
miniandroid/run/exp081/tg_check/application_runtime.json,3614,2026-08-22T16:58:05.458510+00:00,JSON,GENERATED_OUTPUT,81,2708f4aeaa236beb2ee6660e6f25e6b086ddf5088b2e1deda3ad69ee031d9bb1
miniandroid/run/exp081/tg_check/runtime_state_trace.json,2849,2026-08-22T16:58:05.458510+00:00,JSON,GENERATED_OUTPUT,81,98dc440efdb26b8063e82e2d9939de53131d9b754b5477db3f22a175837335a8
miniandroid/run/exp081/tg_check/report.md.json,4966,2026-08-22T16:58:05.465510+00:00,JSON,GENERATED_OUTPUT,81,847141f6814de9e2c82b15d992cfd55d8cf51df39e6ab601fcc5c714c527f179
miniandroid/run/exp081/tg_check/test_matrix.json,787,2026-08-22T16:58:05.464510+00:00,JSON,HISTORICAL_EVIDENCE,81,63243b7d8fa6bf4b24d63c1375ade1f1f7e5ae90db5c2fd31b0eb49316d14a8e
miniandroid/run/exp081/tg_check/golden_end_to_end.json,1200,2026-08-22T16:58:05.459510+00:00,JSON,GENERATED_OUTPUT,81,a16a988ac0a0ce831e150c1fa2dd8a8d883cda578fee2efeb7dc9942184fdc9b
miniandroid/run/exp081/tg_check/render_request.txt,176,2026-08-22T16:58:05.415509+00:00,TXT,GENERATED_OUTPUT,81,
miniandroid/run/exp081/tg_check/runtime_component_map.json,1010,2026-08-22T16:58:05.458510+00:00,JSON,GENERATED_OUTPUT,81,e24efcc0a288491fa1edc64024a1709b0848d6b55dc24d9309e64f37f327d47f
miniandroid/run/exp081/tg_check/report.md,2879,2026-08-22T16:58:05.465510+00:00,REPORT_MD,HISTORICAL_EVIDENCE,81,
miniandroid/run/exp081/tg_check/golden/corpus.json,2017,2026-08-22T16:58:05.460510+00:00,JSON,REGRESSION_FIXTURE,81,647c390de845e1540e946c6b681469290a99023876e9b9d2a838bd76aaf6c50c
miniandroid/run/exp081/tg_check/database/dex_opcode_frequency.json,219,2026-08-22T16:58:05.463510+00:00,JSON,GENERATED_OUTPUT,81,f7db13b55a884b1fd1000373491042334b8e4126355c7a9c95273bc3ebd1c80f
miniandroid/run/exp081/tg_dispatch/failure_report.json,926,2026-08-22T16:54:07.943942+00:00,JSON,HISTORICAL_EVIDENCE,81,70013509a9c1383ae03ec289fb0ed0a7feff58ab4c86ef88d918d5c732c5313e
miniandroid/run/exp081/tg_dispatch/application_runtime.json,3613,2026-08-22T16:54:07.943942+00:00,JSON,GENERATED_OUTPUT,81,ccaebcac95f83ed20ade140201519d8832fd4757ace1e39f61afaa5933f5773e
miniandroid/run/exp081/tg_dispatch/runtime_state_trace.json,2842,2026-08-22T16:54:07.943942+00:00,JSON,GENERATED_OUTPUT,81,9448706904a79bdea6a7939ca7208a1dc031210f8d578a8f6fac286b4b692b89
miniandroid/run/exp081/tg_dispatch/report.md.json,4966,2026-08-22T16:54:07.943942+00:00,JSON,GENERATED_OUTPUT,81,f303be9098da327b98f48e8b150070b7932f03d92f213b9fb8163236dffc438a
miniandroid/run/exp081/tg_dispatch/test_matrix.json,787,2026-08-22T16:54:07.944942+00:00,JSON,HISTORICAL_EVIDENCE,81,63243b7d8fa6bf4b24d63c1375ade1f1f7e5ae90db5c2fd31b0eb49316d14a8e
miniandroid/run/exp081/tg_dispatch/golden_end_to_end.json,1200,2026-08-22T16:54:07.943942+00:00,JSON,GENERATED_OUTPUT,81,2f7f1c3b6ae3874060236619eb31b0320cfd68232219b739823f24a4b31a63a0
miniandroid/run/exp081/tg_dispatch/render_request.txt,185,2026-08-22T16:54:07.943942+00:00,TXT,GENERATED_OUTPUT,81,
miniandroid/run/exp081/tg_dispatch/runtime_component_map.json,1010,2026-08-22T16:54:07.943942+00:00,JSON,GENERATED_OUTPUT,81,968abaa7d222be81ad3050ba115407c233cc313c7b0112d0862cd879adad37fc
miniandroid/run/exp081/tg_dispatch/report.md,2882,2026-08-22T16:54:07.943942+00:00,REPORT_MD,HISTORICAL_EVIDENCE,81,
miniandroid/run/exp081/tg_dispatch/golden/corpus.json,2017,2026-08-22T16:54:07.943942+00:00,JSON,REGRESSION_FIXTURE,81,647c390de845e1540e946c6b681469290a99023876e9b9d2a838bd76aaf6c50c
miniandroid/run/exp081/tg_dispatch/database/dex_opcode_frequency.json,219,2026-08-22T16:54:07.943942+00:00,JSON,GENERATED_OUTPUT,81,f7db13b55a884b1fd1000373491042334b8e4126355c7a9c95273bc3ebd1c80f
miniandroid/run/exp081/baseline/failure_report.json,926,2026-08-22T16:54:07.940942+00:00,JSON,HISTORICAL_EVIDENCE,81,b128073192477bfcfc7a6e17d809a747cd30835452fefb76526700919618cf3b
miniandroid/run/exp081/baseline/application_runtime.json,3615,2026-08-22T16:54:07.940942+00:00,JSON,GENERATED_OUTPUT,81,dee01e533f7882b9647c31142b6d77cdfa960fabd421ad41febf40d7e1301922
miniandroid/run/exp081/baseline/runtime_state_trace.json,2849,2026-08-22T16:54:07.940942+00:00,JSON,GENERATED_OUTPUT,81,1c0de1df165194c0d8aa0a4e9f6384332b2e900bfda592a877abcf4c059049fa
miniandroid/run/exp081/baseline/report.md.json,4967,2026-08-22T16:54:07.940942+00:00,JSON,GENERATED_OUTPUT,81,7c6429f89eec694238c96fd736c036c727d46f2ec20a301442d605f43bc0d91e
miniandroid/run/exp081/baseline/test_matrix.json,787,2026-08-22T16:54:07.941942+00:00,JSON,HISTORICAL_EVIDENCE,81,63243b7d8fa6bf4b24d63c1375ade1f1f7e5ae90db5c2fd31b0eb49316d14a8e
miniandroid/run/exp081/baseline/golden_end_to_end.json,1200,2026-08-22T16:54:07.940942+00:00,JSON,GENERATED_OUTPUT,81,bbaba0daf62cf4708aaff9bf1dd6110586523e11b20057185937a3ecc3be7bfe
miniandroid/run/exp081/baseline/render_request.txt,176,2026-08-22T16:54:07.940942+00:00,TXT,GENERATED_OUTPUT,81,
miniandroid/run/exp081/baseline/runtime_component_map.json,1010,2026-08-22T16:54:07.940942+00:00,JSON,GENERATED_OUTPUT,81,097f6fd101a24f5e5db0db15a26b331aa3674a32d9e835a03134fad7a0eac248
miniandroid/run/exp081/baseline/report.md,2880,2026-08-22T16:54:07.940942+00:00,REPORT_MD,HISTORICAL_EVIDENCE,81,
miniandroid/run/exp081/baseline/golden/corpus.json,2017,2026-08-22T16:54:07.940942+00:00,JSON,REGRESSION_FIXTURE,81,647c390de845e1540e946c6b681469290a99023876e9b9d2a838bd76aaf6c50c
miniandroid/run/exp081/baseline/database/dex_opcode_frequency.json,219,2026-08-22T16:54:07.940942+00:00,JSON,GENERATED_OUTPUT,81,f7db13b55a884b1fd1000373491042334b8e4126355c7a9c95273bc3ebd1c80f
miniandroid/run/exp081/tg_desc/failure_report.json,926,2026-08-22T16:54:07.942942+00:00,JSON,HISTORICAL_EVIDENCE,81,101d2bc97693c9679841c11d45ea4b424427f06c0bf5dd65f1554eff88b61df3
miniandroid/run/exp081/tg_desc/application_runtime.json,3607,2026-08-22T16:54:07.941942+00:00,JSON,GENERATED_OUTPUT,81,ef440545763bdc5948a5c5474a442996db02bc7967d9ac92eefa121b19bea6e0
miniandroid/run/exp081/tg_desc/runtime_state_trace.json,2844,2026-08-22T16:54:07.942942+00:00,JSON,GENERATED_OUTPUT,81,13744bff22381016356fab14a25ca95b3dbf469ff3236cda11ec658516884ed1
miniandroid/run/exp081/tg_desc/report.md.json,4966,2026-08-22T16:54:07.942942+00:00,JSON,GENERATED_OUTPUT,81,2a6ff3cb7b443f85939896bf164673c10d724c6fb0adcde98d80dbfbdfd2b209
miniandroid/run/exp081/tg_desc/test_matrix.json,787,2026-08-22T16:54:07.942942+00:00,JSON,HISTORICAL_EVIDENCE,81,63243b7d8fa6bf4b24d63c1375ade1f1f7e5ae90db5c2fd31b0eb49316d14a8e
miniandroid/run/exp081/tg_desc/golden_end_to_end.json,1200,2026-08-22T16:54:07.942942+00:00,JSON,GENERATED_OUTPUT,81,fb9b74bfee510f82089658659e80e58199540fc412b181ce7e70af3176d27822
miniandroid/run/exp081/tg_desc/render_request.txt,173,2026-08-22T16:54:07.942942+00:00,TXT,GENERATED_OUTPUT,81,
miniandroid/run/exp081/tg_desc/runtime_component_map.json,1010,2026-08-22T16:54:07.942942+00:00,JSON,GENERATED_OUTPUT,81,d9c2177b81d5d93c05d18e71d18b3d1818285de77173fd0756078ee4f4c62349
miniandroid/run/exp081/tg_desc/report.md,2878,2026-08-22T16:54:07.942942+00:00,REPORT_MD,HISTORICAL_EVIDENCE,81,
miniandroid/run/exp081/tg_desc/golden/corpus.json,2017,2026-08-22T16:54:07.942942+00:00,JSON,REGRESSION_FIXTURE,81,647c390de845e1540e946c6b681469290a99023876e9b9d2a838bd76aaf6c50c
miniandroid/run/exp081/tg_desc/database/dex_opcode_frequency.json,219,2026-08-22T16:54:07.942942+00:00,JSON,GENERATED_OUTPUT,81,f7db13b55a884b1fd1000373491042334b8e4126355c7a9c95273bc3ebd1c80f
miniandroid/run/exp081/tg_static/failure_report.json,926,2026-08-22T17:12:56.004638+00:00,JSON,HISTORICAL_EVIDENCE,81,5146087cd463854d9da5bde3bdf79650f7d1aa2c8ba6c23ed3e2edbc6ccb4fec
miniandroid/run/exp081/tg_static/application_runtime.json,3614,2026-08-22T17:12:56.004638+00:00,JSON,GENERATED_OUTPUT,81,da4cbe3b5e60f29a7d9c3d34bc7666fe56e4c5eb105448b68a88efded41311d7
miniandroid/run/exp081/tg_static/runtime_state_trace.json,2847,2026-08-22T17:12:56.004638+00:00,JSON,GENERATED_OUTPUT,81,4dc3f245562791c4dc72d0a4b5a8a4580d6f83b76d78b90e05719998fb1262bd
miniandroid/run/exp081/tg_static/report.md.json,4966,2026-08-22T17:12:56.011638+00:00,JSON,GENERATED_OUTPUT,81,64b309cef3fd6a4c37dde274d21319ee95e25b9daec49649d06e591ad6212091
miniandroid/run/exp081/tg_static/test_matrix.json,787,2026-08-22T17:12:56.010638+00:00,JSON,HISTORICAL_EVIDENCE,81,63243b7d8fa6bf4b24d63c1375ade1f1f7e5ae90db5c2fd31b0eb49316d14a8e
miniandroid/run/exp081/tg_static/golden_end_to_end.json,1200,2026-08-22T17:12:56.004638+00:00,JSON,GENERATED_OUTPUT,81,9ca161559909b0b6e4830c6f122545f5672e9fd0e2732644ada165c3883ba48b
miniandroid/run/exp081/tg_static/render_request.txt,179,2026-08-22T17:12:55.949638+00:00,TXT,GENERATED_OUTPUT,81,
miniandroid/run/exp081/tg_static/shadow_report.json,3970,2026-08-22T17:12:56.004638+00:00,JSON,GENERATED_OUTPUT,81,2f637b5162205357df0e84b36cc70da7ee3728b79d5f941c788dcbdef0d094cc
miniandroid/run/exp081/tg_static/view_tree.json,1399639,2026-08-22T17:12:55.928638+00:00,VIEW_TREE_DUMP,GENERATED_OUTPUT,81,
miniandroid/run/exp081/tg_static/runtime_component_map.json,1010,2026-08-22T17:12:56.004638+00:00,JSON,GENERATED_OUTPUT,81,7dfb3555f05916f7e60e7fa5fcbeefda7e17794ef995fd8e36ffd5e7d86786f4
miniandroid/run/exp081/tg_static/report.md,2880,2026-08-22T17:12:56.011638+00:00,REPORT_MD,HISTORICAL_EVIDENCE,81,
miniandroid/run/exp081/tg_static/golden/corpus.json,2017,2026-08-22T17:12:56.006638+00:00,JSON,REGRESSION_FIXTURE,81,647c390de845e1540e946c6b681469290a99023876e9b9d2a838bd76aaf6c50c
miniandroid/run/exp081/tg_static/database/dex_opcode_frequency.json,219,2026-08-22T17:12:56.009638+00:00,JSON,GENERATED_OUTPUT,81,f7db13b55a884b1fd1000373491042334b8e4126355c7a9c95273bc3ebd1c80f
miniandroid/run/exp081/tg_d8fix2/failure_report.json,926,2026-08-22T17:01:19.166973+00:00,JSON,HISTORICAL_EVIDENCE,81,e96f26b4777b16cc4d2a4c8127784137d11eacd8798639426fb911884f1cb695
miniandroid/run/exp081/tg_d8fix2/application_runtime.json,3606,2026-08-22T17:01:19.166973+00:00,JSON,GENERATED_OUTPUT,81,433340882bbbe6503a76427e8fb92a42e99816b58b44d037da6f34452780d0fc
miniandroid/run/exp081/tg_d8fix2/runtime_state_trace.json,2839,2026-08-22T17:01:19.166973+00:00,JSON,GENERATED_OUTPUT,81,da50fe104ac673bf6778495cc2da6eb923521f24923e2785801fb0e40b6b7397
miniandroid/run/exp081/tg_d8fix2/report.md.json,4966,2026-08-22T17:01:19.173973+00:00,JSON,GENERATED_OUTPUT,81,11cc0237f98307999306142dcd2aa4d8d6485c501b304c7d43ad68cfdcb7fb16
miniandroid/run/exp081/tg_d8fix2/test_matrix.json,787,2026-08-22T17:01:19.172973+00:00,JSON,HISTORICAL_EVIDENCE,81,63243b7d8fa6bf4b24d63c1375ade1f1f7e5ae90db5c2fd31b0eb49316d14a8e
miniandroid/run/exp081/tg_d8fix2/golden_end_to_end.json,1200,2026-08-22T17:01:19.166973+00:00,JSON,GENERATED_OUTPUT,81,ab00e1a27195c7e705cf754435a849e5f26bd3e69b9b2b864784fc186deb7128
miniandroid/run/exp081/tg_d8fix2/render_request.txt,179,2026-08-22T17:01:19.124973+00:00,TXT,GENERATED_OUTPUT,81,
miniandroid/run/exp081/tg_d8fix2/runtime_component_map.json,1010,2026-08-22T17:01:19.166973+00:00,JSON,GENERATED_OUTPUT,81,8b1a3570e8cf1779dd3359194b5d5c26741e21bf7d1a49005498ce1838a20716
miniandroid/run/exp081/tg_d8fix2/report.md,2880,2026-08-22T17:01:19.173973+00:00,REPORT_MD,HISTORICAL_EVIDENCE,81,
miniandroid/run/exp081/tg_d8fix2/golden/corpus.json,2017,2026-08-22T17:01:19.168973+00:00,JSON,REGRESSION_FIXTURE,81,647c390de845e1540e946c6b681469290a99023876e9b9d2a838bd76aaf6c50c
miniandroid/run/exp081/tg_d8fix2/database/dex_opcode_frequency.json,219,2026-08-22T17:01:19.171973+00:00,JSON,GENERATED_OUTPUT,81,f7db13b55a884b1fd1000373491042334b8e4126355c7a9c95273bc3ebd1c80f
miniandroid/run/exp055_final/failure_report.json,926,2026-08-22T16:54:07.518941+00:00,JSON,HISTORICAL_EVIDENCE,55,b445f92e9407870f601ed0b92dfc6378d88ac5acb63b58851eab5156ce92b0fb
miniandroid/run/exp055_final/application_runtime.json,3605,2026-08-22T16:54:07.518941+00:00,JSON,GENERATED_OUTPUT,55,0ee71b4e2c3fca27cc48e293e12647ff6eb224728dfb13516728201301e4bf6b
miniandroid/run/exp055_final/runtime_state_trace.json,2846,2026-08-22T16:54:07.518941+00:00,JSON,GENERATED_OUTPUT,55,48d3833fbf45b8870b3c5724b57d1a7d298d491717a8572b993875d62c1d296d
miniandroid/run/exp055_final/report.md.json,4966,2026-08-22T16:54:07.518941+00:00,JSON,GENERATED_OUTPUT,55,1c460f08eaced97b238ec4f242b042424d2d365686f241862b4798ec1dea0983
miniandroid/run/exp055_final/test_matrix.json,787,2026-08-22T16:54:07.519941+00:00,JSON,HISTORICAL_EVIDENCE,55,63243b7d8fa6bf4b24d63c1375ade1f1f7e5ae90db5c2fd31b0eb49316d14a8e
miniandroid/run/exp055_final/golden_end_to_end.json,1200,2026-08-22T16:54:07.518941+00:00,JSON,GENERATED_OUTPUT,55,b2b3c04fc3d84dcb7c69c51e369eb127d00f8c43e394600750fb083b917143d6
miniandroid/run/exp055_final/shadow_report.json,3859,2026-08-22T16:54:07.519941+00:00,JSON,GENERATED_OUTPUT,55,5865eaaf07199584ee7d43acf2e09f54f1a6b5a4bb149ca1ef2826122f3568f3
miniandroid/run/exp055_final/runtime_component_map.json,1010,2026-08-22T16:54:07.518941+00:00,JSON,GENERATED_OUTPUT,55,fb09ec24ee706eecd6406a643147b84a47c0e6ec565b9bf8be2aafcfb1253670
miniandroid/run/exp055_final/report.md,2876,2026-08-22T16:54:07.518941+00:00,REPORT_MD,HISTORICAL_EVIDENCE,55,
miniandroid/run/exp055_final/golden/corpus.json,2017,2026-08-22T16:54:07.518941+00:00,JSON,REGRESSION_FIXTURE,55,647c390de845e1540e946c6b681469290a99023876e9b9d2a838bd76aaf6c50c
miniandroid/run/exp055_final/database/android_api_frequency.json,21895,2026-08-22T16:54:07.518941+00:00,JSON,GENERATED_OUTPUT,55,
miniandroid/run/exp055_final/database/dex_opcode_frequency.json,219,2026-08-22T16:54:07.518941+00:00,JSON,GENERATED_OUTPUT,55,f7db13b55a884b1fd1000373491042334b8e4126355c7a9c95273bc3ebd1c80f
miniandroid/run/exp078/login_sms_from_exp071.png,14447,2026-08-22T16:54:07.900942+00:00,OTHER,GENERATED_OUTPUT,78,
miniandroid/run/exp078/telegram_gnp/failure_report.json,926,2026-08-22T16:54:07.911942+00:00,JSON,HISTORICAL_EVIDENCE,78,9bc4db7b60d03ac55049d3691294ac3214a670119ef91f6bd2531a494fe203d8
miniandroid/run/exp078/telegram_gnp/application_runtime.json,3611,2026-08-22T16:54:07.911942+00:00,JSON,GENERATED_OUTPUT,78,28af2304c0ba6fc8887e142e5e0efa2677a1f303fbc365cd7451b8029cff2d16
miniandroid/run/exp078/telegram_gnp/runtime_state_trace.json,2837,2026-08-22T16:54:07.911942+00:00,JSON,GENERATED_OUTPUT,78,4883c22fccd6eb55ff5c7bdf98c510a9d88dec4261d74650e4353704ef675701
miniandroid/run/exp078/telegram_gnp/report.md.json,4965,2026-08-22T16:54:07.911942+00:00,JSON,GENERATED_OUTPUT,78,13dd9e467c3bf700e30b9f83eef7d24a5ea639aeb0d34899530dfecaf7cc8ee6
miniandroid/run/exp078/telegram_gnp/test_matrix.json,787,2026-08-22T16:54:07.912942+00:00,JSON,HISTORICAL_EVIDENCE,78,63243b7d8fa6bf4b24d63c1375ade1f1f7e5ae90db5c2fd31b0eb49316d14a8e
miniandroid/run/exp078/telegram_gnp/golden_end_to_end.json,1200,2026-08-22T16:54:07.911942+00:00,JSON,GENERATED_OUTPUT,78,ee6fbb272ed0401e3756e43fc1590478054466f0c477275995ee868e9361eb7e
miniandroid/run/exp078/telegram_gnp/render_request.txt,188,2026-08-22T16:54:07.911942+00:00,TXT,GENERATED_OUTPUT,78,
miniandroid/run/exp078/telegram_gnp/runtime_component_map.json,1010,2026-08-22T16:54:07.911942+00:00,JSON,GENERATED_OUTPUT,78,c044cc7fa26536ea2a980bdfab19c4a8c44e0a260ab88c01bcc630a0cd2caece
miniandroid/run/exp078/telegram_gnp/report.md,2884,2026-08-22T16:54:07.911942+00:00,REPORT_MD,HISTORICAL_EVIDENCE,78,
miniandroid/run/exp078/telegram_gnp/golden/corpus.json,2017,2026-08-22T16:54:07.911942+00:00,JSON,REGRESSION_FIXTURE,78,647c390de845e1540e946c6b681469290a99023876e9b9d2a838bd76aaf6c50c
miniandroid/run/exp078/telegram_gnp/database/dex_opcode_frequency.json,219,2026-08-22T16:54:07.911942+00:00,JSON,GENERATED_OUTPUT,78,f7db13b55a884b1fd1000373491042334b8e4126355c7a9c95273bc3ebd1c80f
miniandroid/run/exp078/telegram_manual/failure_report.json,926,2026-08-22T16:54:07.913942+00:00,JSON,HISTORICAL_EVIDENCE,78,e1a4991ad06283c7d14386ccfbd92fb7eb05f2e561eee57e10c5b72a223528d3
miniandroid/run/exp078/telegram_manual/application_runtime.json,3625,2026-08-22T16:54:07.912942+00:00,JSON,GENERATED_OUTPUT,78,13c6512eab4d1b82f7d8afd95385fef0a6bf8ecacd9166916f8dbe4fecef8704
miniandroid/run/exp078/telegram_manual/runtime_state_trace.json,2845,2026-08-22T16:54:07.913942+00:00,JSON,GENERATED_OUTPUT,78,22699632fcf9b0680a2a66d76a27b0e45c2d150fafdb06ed1c4fd89459a1038a
miniandroid/run/exp078/telegram_manual/report.md.json,4967,2026-08-22T16:54:07.913942+00:00,JSON,GENERATED_OUTPUT,78,f3e1c3ad7fb23b68a438468c6464c6dfa1faa8f6dc4e189bf2909156f78de640
miniandroid/run/exp078/telegram_manual/test_matrix.json,787,2026-08-22T16:54:07.913942+00:00,JSON,HISTORICAL_EVIDENCE,78,63243b7d8fa6bf4b24d63c1375ade1f1f7e5ae90db5c2fd31b0eb49316d14a8e
miniandroid/run/exp078/telegram_manual/golden_end_to_end.json,1200,2026-08-22T16:54:07.913942+00:00,JSON,GENERATED_OUTPUT,78,12b8300000bb28a4759058743a45c1566a06699e3731b20149920ff7575069f4
miniandroid/run/exp078/telegram_manual/render_request.txt,197,2026-08-22T16:54:07.913942+00:00,TXT,GENERATED_OUTPUT,78,
miniandroid/run/exp078/telegram_manual/runtime_component_map.json,1010,2026-08-22T16:54:07.913942+00:00,JSON,GENERATED_OUTPUT,78,a40ca0dd20e70c9762159066a3de7f1f5078f63211d7afe9fbd9f300618769b6
miniandroid/run/exp078/telegram_manual/report.md,2887,2026-08-22T16:54:07.913942+00:00,REPORT_MD,HISTORICAL_EVIDENCE,78,
miniandroid/run/exp078/telegram_manual/golden/corpus.json,2017,2026-08-22T16:54:07.913942+00:00,JSON,REGRESSION_FIXTURE,78,647c390de845e1540e946c6b681469290a99023876e9b9d2a838bd76aaf6c50c
miniandroid/run/exp078/telegram_manual/database/dex_opcode_frequency.json,219,2026-08-22T16:54:07.913942+00:00,JSON,GENERATED_OUTPUT,78,f7db13b55a884b1fd1000373491042334b8e4126355c7a9c95273bc3ebd1c80f
miniandroid/run/exp078/telegram_bf/failure_report.json,926,2026-08-22T16:54:07.900942+00:00,JSON,HISTORICAL_EVIDENCE,78,8a3e8780b0525eef55c2a51d1e2b82c9b70daf0ed908dcd24510d5d81e8f6a51
miniandroid/run/exp078/telegram_bf/application_runtime.json,3615,2026-08-22T16:54:07.900942+00:00,JSON,GENERATED_OUTPUT,78,42771641c902ccd1e7d7d23b33fd3a4bf354fea0e52eabdf6093fa9c944a8cf0
miniandroid/run/exp078/telegram_bf/runtime_state_trace.json,2844,2026-08-22T16:54:07.900942+00:00,JSON,GENERATED_OUTPUT,78,a4e7fd48e9071f9f16d386c92df4721471c56fe315f35cd4a3e6790ac06f38a9
miniandroid/run/exp078/telegram_bf/report.md.json,4966,2026-08-22T16:54:07.900942+00:00,JSON,GENERATED_OUTPUT,78,e15d5d32efcd21963af2286fb3ce6ad08ed92a4f369150ecd4636288b6214e88
miniandroid/run/exp078/telegram_bf/test_matrix.json,787,2026-08-22T16:54:07.901942+00:00,JSON,HISTORICAL_EVIDENCE,78,63243b7d8fa6bf4b24d63c1375ade1f1f7e5ae90db5c2fd31b0eb49316d14a8e
miniandroid/run/exp078/telegram_bf/golden_end_to_end.json,1200,2026-08-22T16:54:07.900942+00:00,JSON,GENERATED_OUTPUT,78,2eb573bb6a957389d320d27cd4ea68adedcfa5619f27ddafa15c20dacb9ccf3c
miniandroid/run/exp078/telegram_bf/render_request.txt,185,2026-08-22T16:54:07.900942+00:00,TXT,GENERATED_OUTPUT,78,
miniandroid/run/exp078/telegram_bf/shadow_report.json,3969,2026-08-22T16:54:07.901942+00:00,JSON,GENERATED_OUTPUT,78,2d7ac9e8c7bbb61c0cb0bece58f053d564ff6bb791aca39de37e43e8c84bec05
miniandroid/run/exp078/telegram_bf/view_tree.json,1396047,2026-08-22T16:54:07.902942+00:00,VIEW_TREE_DUMP,GENERATED_OUTPUT,78,
miniandroid/run/exp078/telegram_bf/runtime_component_map.json,1010,2026-08-22T16:54:07.900942+00:00,JSON,GENERATED_OUTPUT,78,531ae1b34ee03d59ad1cd17d0bc92c75c052ace65fbc2e1851d9bebeb1b834b6
miniandroid/run/exp078/telegram_bf/report.md,2882,2026-08-22T16:54:07.900942+00:00,REPORT_MD,HISTORICAL_EVIDENCE,78,
miniandroid/run/exp078/telegram_bf/golden/corpus.json,2017,2026-08-22T16:54:07.900942+00:00,JSON,REGRESSION_FIXTURE,78,647c390de845e1540e946c6b681469290a99023876e9b9d2a838bd76aaf6c50c
miniandroid/run/exp078/telegram_bf/database/android_api_frequency.json,19407,2026-08-22T16:54:07.900942+00:00,JSON,GENERATED_OUTPUT,78,
miniandroid/run/exp078/telegram_bf/database/dex_opcode_frequency.json,219,2026-08-22T16:54:07.900942+00:00,JSON,GENERATED_OUTPUT,78,f7db13b55a884b1fd1000373491042334b8e4126355c7a9c95273bc3ebd1c80f
miniandroid/run/exp078/telegram_dbg/failure_report.json,926,2026-08-22T16:54:07.903942+00:00,JSON,HISTORICAL_EVIDENCE,78,1c67808ed16a6a5836121783cfb4a2ffe3fe42df49e9f32c8abbd13dbb3be891
miniandroid/run/exp078/telegram_dbg/application_runtime.json,3620,2026-08-22T16:54:07.903942+00:00,JSON,GENERATED_OUTPUT,78,fbac16d669e94b9a1f12e70cfd95cebe769ed6c977ee4cd0b7fa66721b6fae79
miniandroid/run/exp078/telegram_dbg/runtime_state_trace.json,2846,2026-08-22T16:54:07.904942+00:00,JSON,GENERATED_OUTPUT,78,0af5e4abf17c32f8370d9aa7093f2f830a818dbe5d4c2b0312825ef04b042dd4
miniandroid/run/exp078/telegram_dbg/report.md.json,4967,2026-08-22T16:54:07.904942+00:00,JSON,GENERATED_OUTPUT,78,44fc1f00ca21360beee321008d028e6113d299d5b9fadc387475688fd851128a
miniandroid/run/exp078/telegram_dbg/test_matrix.json,787,2026-08-22T16:54:07.904942+00:00,JSON,HISTORICAL_EVIDENCE,78,63243b7d8fa6bf4b24d63c1375ade1f1f7e5ae90db5c2fd31b0eb49316d14a8e
miniandroid/run/exp078/telegram_dbg/golden_end_to_end.json,1200,2026-08-22T16:54:07.904942+00:00,JSON,GENERATED_OUTPUT,78,b64ee17e890a3d71d4ba537dc3aa0b25fc8843480e8ec2e5bc143bc932fbd218
miniandroid/run/exp078/telegram_dbg/render_request.txt,188,2026-08-22T16:54:07.904942+00:00,TXT,GENERATED_OUTPUT,78,
miniandroid/run/exp078/telegram_dbg/runtime_component_map.json,1010,2026-08-22T16:54:07.904942+00:00,JSON,GENERATED_OUTPUT,78,c069b4133b1ee279b90000ae8e3746d9816794236fae9e71d7c7a1f08f656042
miniandroid/run/exp078/telegram_dbg/report.md,2884,2026-08-22T16:54:07.904942+00:00,REPORT_MD,HISTORICAL_EVIDENCE,78,
miniandroid/run/exp078/telegram_dbg/golden/corpus.json,2017,2026-08-22T16:54:07.904942+00:00,JSON,REGRESSION_FIXTURE,78,647c390de845e1540e946c6b681469290a99023876e9b9d2a838bd76aaf6c50c
miniandroid/run/exp078/telegram_dbg/database/dex_opcode_frequency.json,219,2026-08-22T16:54:07.903942+00:00,JSON,GENERATED_OUTPUT,78,f7db13b55a884b1fd1000373491042334b8e4126355c7a9c95273bc3ebd1c80f
miniandroid/run/exp078/telegram_debug/failure_report.json,926,2026-08-22T16:54:07.905942+00:00,JSON,HISTORICAL_EVIDENCE,78,b0c30884750ff6d085f5f76bd73e81c0c6b02f1653b6ded9a9edb212e03c140c
miniandroid/run/exp078/telegram_debug/application_runtime.json,3626,2026-08-22T16:54:07.905942+00:00,JSON,GENERATED_OUTPUT,78,992468d7e6b9b551b33a4b1df3b074c405d5250f2d07ca5b2b130c65a91d2803
miniandroid/run/exp078/telegram_debug/runtime_state_trace.json,2848,2026-08-22T16:54:07.905942+00:00,JSON,GENERATED_OUTPUT,78,0f307b24fea0494b48b97f0a41c233a6256a72b4706e9c7901fe8d6fbbbf2ed6
miniandroid/run/exp078/telegram_debug/report.md.json,4966,2026-08-22T16:54:07.905942+00:00,JSON,GENERATED_OUTPUT,78,154997d181759af8f3742a89bcd3f176b94823fe006a1517a3c9d4a9dd67532d
miniandroid/run/exp078/telegram_debug/test_matrix.json,787,2026-08-22T16:54:07.906942+00:00,JSON,HISTORICAL_EVIDENCE,78,63243b7d8fa6bf4b24d63c1375ade1f1f7e5ae90db5c2fd31b0eb49316d14a8e
miniandroid/run/exp078/telegram_debug/golden_end_to_end.json,1200,2026-08-22T16:54:07.905942+00:00,JSON,GENERATED_OUTPUT,78,94e561d39c56f9aefb87977b33bae87a7bea5b2d3538138be67087a18b571519
miniandroid/run/exp078/telegram_debug/render_request.txt,194,2026-08-22T16:54:07.905942+00:00,TXT,GENERATED_OUTPUT,78,
miniandroid/run/exp078/telegram_debug/runtime_component_map.json,1010,2026-08-22T16:54:07.905942+00:00,JSON,GENERATED_OUTPUT,78,e07a5ce22db168e9d452e6b732f06cee2a4284aab16abe2327a81f3a31e94df4
miniandroid/run/exp078/telegram_debug/report.md,2886,2026-08-22T16:54:07.905942+00:00,REPORT_MD,HISTORICAL_EVIDENCE,78,
miniandroid/run/exp078/telegram_debug/golden/corpus.json,2017,2026-08-22T16:54:07.905942+00:00,JSON,REGRESSION_FIXTURE,78,647c390de845e1540e946c6b681469290a99023876e9b9d2a838bd76aaf6c50c
miniandroid/run/exp078/telegram_debug/database/dex_opcode_frequency.json,219,2026-08-22T16:54:07.905942+00:00,JSON,GENERATED_OUTPUT,78,f7db13b55a884b1fd1000373491042334b8e4126355c7a9c95273bc3ebd1c80f
miniandroid/run/exp078/telegram_check/failure_report.json,926,2026-08-22T16:54:07.902942+00:00,JSON,HISTORICAL_EVIDENCE,78,9bec86a9d8efd4c1bac126c41934a80bc818f2580c12815aef3b0222830f5afd
miniandroid/run/exp078/telegram_check/application_runtime.json,3625,2026-08-22T16:54:07.902942+00:00,JSON,GENERATED_OUTPUT,78,057ece5bda706b7c5f295cd3261e25e7eb34623e86c05dd44dfe8d697d26ad2a
miniandroid/run/exp078/telegram_check/runtime_state_trace.json,2847,2026-08-22T16:54:07.902942+00:00,JSON,GENERATED_OUTPUT,78,40238ee43bbb8e63e5ddacb99a1e08b9a450401da11c1ed0f18602a79cb332fd
miniandroid/run/exp078/telegram_check/report.md.json,4967,2026-08-22T16:54:07.902942+00:00,JSON,GENERATED_OUTPUT,78,ccf78461947d026ade9a781b3dde0d8ed16cd47fb79b50e56b83da4101825633
miniandroid/run/exp078/telegram_check/test_matrix.json,787,2026-08-22T16:54:07.903942+00:00,JSON,HISTORICAL_EVIDENCE,78,63243b7d8fa6bf4b24d63c1375ade1f1f7e5ae90db5c2fd31b0eb49316d14a8e
miniandroid/run/exp078/telegram_check/golden_end_to_end.json,1200,2026-08-22T16:54:07.902942+00:00,JSON,GENERATED_OUTPUT,78,d00b882aa7507072fa9bb5e6e96c90293a4cd0f83b79c7af85d800b42e6644c9
miniandroid/run/exp078/telegram_check/render_request.txt,194,2026-08-22T16:54:07.902942+00:00,TXT,GENERATED_OUTPUT,78,
miniandroid/run/exp078/telegram_check/runtime_component_map.json,1010,2026-08-22T16:54:07.902942+00:00,JSON,GENERATED_OUTPUT,78,37f260dab8bfe457574e1b996d96982e2db37eada27c8edc0dd460802fb20215
miniandroid/run/exp078/telegram_check/report.md,2886,2026-08-22T16:54:07.902942+00:00,REPORT_MD,HISTORICAL_EVIDENCE,78,
miniandroid/run/exp078/telegram_check/golden/corpus.json,2017,2026-08-22T16:54:07.902942+00:00,JSON,REGRESSION_FIXTURE,78,647c390de845e1540e946c6b681469290a99023876e9b9d2a838bd76aaf6c50c
miniandroid/run/exp078/telegram_check/database/dex_opcode_frequency.json,219,2026-08-22T16:54:07.902942+00:00,JSON,GENERATED_OUTPUT,78,f7db13b55a884b1fd1000373491042334b8e4126355c7a9c95273bc3ebd1c80f
miniandroid/run/exp078/telegram_shadow/failure_report.json,926,2026-08-22T16:54:07.915942+00:00,JSON,HISTORICAL_EVIDENCE,78,618dc39183d0f3b68354ac94cb930063dc5ff0bf6a1ad989fe8936efc2d71360
miniandroid/run/exp078/telegram_shadow/application_runtime.json,3626,2026-08-22T16:54:07.915942+00:00,JSON,GENERATED_OUTPUT,78,c41c7f7b4ebe3c90e6ce9098eae59e3f59f18a9bf9fd90ebfc2d1aaec47ca3f3
miniandroid/run/exp078/telegram_shadow/runtime_state_trace.json,2847,2026-08-22T16:54:07.915942+00:00,JSON,GENERATED_OUTPUT,78,b02fd126f5b9b6e71cc711ee20041e5c19167f23fb040180a9fbb0ab070a2bae
miniandroid/run/exp078/telegram_shadow/report.md.json,4966,2026-08-22T16:54:07.915942+00:00,JSON,GENERATED_OUTPUT,78,86506565cf820aaaaca8bacc1ecf878d43f973d18d8553e9f6174fb444748e8c
miniandroid/run/exp078/telegram_shadow/test_matrix.json,787,2026-08-22T16:54:07.916942+00:00,JSON,HISTORICAL_EVIDENCE,78,63243b7d8fa6bf4b24d63c1375ade1f1f7e5ae90db5c2fd31b0eb49316d14a8e
miniandroid/run/exp078/telegram_shadow/golden_end_to_end.json,1200,2026-08-22T16:54:07.915942+00:00,JSON,GENERATED_OUTPUT,78,1a4fc3b8e6b9a04d5a40565cf7de297d3f0560a339f26d8aeaa9ed83096664bc
miniandroid/run/exp078/telegram_shadow/render_request.txt,197,2026-08-22T16:54:07.915942+00:00,TXT,GENERATED_OUTPUT,78,
miniandroid/run/exp078/telegram_shadow/runtime_component_map.json,1010,2026-08-22T16:54:07.915942+00:00,JSON,GENERATED_OUTPUT,78,5a2e403c5c0479e776fa83148c57a99a93ef6d226c12b8759498225c4ff56cec
miniandroid/run/exp078/telegram_shadow/report.md,2886,2026-08-22T16:54:07.915942+00:00,REPORT_MD,HISTORICAL_EVIDENCE,78,
miniandroid/run/exp078/telegram_shadow/golden/corpus.json,2017,2026-08-22T16:54:07.915942+00:00,JSON,REGRESSION_FIXTURE,78,647c390de845e1540e946c6b681469290a99023876e9b9d2a838bd76aaf6c50c
miniandroid/run/exp078/telegram_shadow/database/dex_opcode_frequency.json,219,2026-08-22T16:54:07.915942+00:00,JSON,GENERATED_OUTPUT,78,f7db13b55a884b1fd1000373491042334b8e4126355c7a9c95273bc3ebd1c80f
miniandroid/run/exp078/headingcalc/failure_report.json,1013,2026-08-22T16:54:07.899942+00:00,JSON,HISTORICAL_EVIDENCE,78,94ba6637a244d6beb020c1be91c6fe0759bc262185441bc323ff2d41b39d3bf5
miniandroid/run/exp078/headingcalc/application_runtime.json,3711,2026-08-22T16:54:07.899942+00:00,JSON,GENERATED_OUTPUT,78,5be5ab3518b517359ce601e2cf48e6995873807dc87fe7746028faa0b3d3722b
miniandroid/run/exp078/headingcalc/runtime_state_trace.json,2925,2026-08-22T16:54:07.899942+00:00,JSON,GENERATED_OUTPUT,78,4336a5276f2dcaf00a5257e8f834f13f7b7112a7a3bf90769d46cadc7c239f27
miniandroid/run/exp078/headingcalc/report.md.json,5020,2026-08-22T16:54:07.899942+00:00,JSON,GENERATED_OUTPUT,78,65a2847f3d0929aa8bdc5b5aba44557c42bd1682283e8542c18bf9965c353d7c
miniandroid/run/exp078/headingcalc/test_matrix.json,816,2026-08-22T16:54:07.900942+00:00,JSON,HISTORICAL_EVIDENCE,78,e064ecb3403050d708d75d26e923c40f475325e0b2dd98581fb255306232ee4f
miniandroid/run/exp078/headingcalc/golden_end_to_end.json,1246,2026-08-22T16:54:07.899942+00:00,JSON,GENERATED_OUTPUT,78,2561acc44951e5bf257fb7ef2be6886c7bb05d38a107ae5b54042d8d7e104c68
miniandroid/run/exp078/headingcalc/render_request.txt,185,2026-08-22T16:54:07.899942+00:00,TXT,GENERATED_OUTPUT,78,
miniandroid/run/exp078/headingcalc/view_tree.json,533,2026-08-22T16:54:07.900942+00:00,VIEW_TREE_DUMP,GENERATED_OUTPUT,78,24c2192c0d8773ff44dfda0a08acb88ca2f019853a0e22be745b929853387988
miniandroid/run/exp078/headingcalc/runtime_component_map.json,1010,2026-08-22T16:54:07.899942+00:00,JSON,GENERATED_OUTPUT,78,38848f9fdafe1acbd25e1f047d540b47af6f9fbc3ce405d77d4c44029a8243f9
miniandroid/run/exp078/headingcalc/report.md,2907,2026-08-22T16:54:07.899942+00:00,REPORT_MD,HISTORICAL_EVIDENCE,78,
miniandroid/run/exp078/headingcalc/golden/corpus.json,2017,2026-08-22T16:54:07.899942+00:00,JSON,REGRESSION_FIXTURE,78,647c390de845e1540e946c6b681469290a99023876e9b9d2a838bd76aaf6c50c
miniandroid/run/exp078/headingcalc/database/dex_opcode_frequency.json,219,2026-08-22T16:54:07.899942+00:00,JSON,GENERATED_OUTPUT,78,f7db13b55a884b1fd1000373491042334b8e4126355c7a9c95273bc3ebd1c80f
miniandroid/run/exp078/telegram_nextpress/failure_report.json,926,2026-08-22T16:54:07.914942+00:00,JSON,HISTORICAL_EVIDENCE,78,fd685a6b5d1c53299b4d9eced30e81c2d5e835d1eee04439715b982e3cddeade
miniandroid/run/exp078/telegram_nextpress/application_runtime.json,3633,2026-08-22T16:54:07.914942+00:00,JSON,GENERATED_OUTPUT,78,70d814eaa73f9a9c409c4d6f110f6f663a1629b46dbfbc9f90a76566cc8a3905
miniandroid/run/exp078/telegram_nextpress/runtime_state_trace.json,2848,2026-08-22T16:54:07.914942+00:00,JSON,GENERATED_OUTPUT,78,344c24376af46676b22c39aa6789e60ea67542d03f0bd4f4cabdc7d991d12a8a
miniandroid/run/exp078/telegram_nextpress/report.md.json,4966,2026-08-22T16:54:07.914942+00:00,JSON,GENERATED_OUTPUT,78,879328e343daccff5642652ab141e787c9923dff4982b96b32d87d1368e38430
miniandroid/run/exp078/telegram_nextpress/test_matrix.json,787,2026-08-22T16:54:07.915942+00:00,JSON,HISTORICAL_EVIDENCE,78,63243b7d8fa6bf4b24d63c1375ade1f1f7e5ae90db5c2fd31b0eb49316d14a8e
miniandroid/run/exp078/telegram_nextpress/golden_end_to_end.json,1200,2026-08-22T16:54:07.914942+00:00,JSON,GENERATED_OUTPUT,78,e2faddf64f4374495196bb9e7f756fdc3b55e1c9c6cd620f5ccc0a74355f79b3
miniandroid/run/exp078/telegram_nextpress/render_request.txt,206,2026-08-22T16:54:07.914942+00:00,TXT,GENERATED_OUTPUT,78,
miniandroid/run/exp078/telegram_nextpress/runtime_component_map.json,1010,2026-08-22T16:54:07.914942+00:00,JSON,GENERATED_OUTPUT,78,affee1d133c9a1d21ae8b271d3e875b3f3aa6ee52904b3df97871078ae34545e
miniandroid/run/exp078/telegram_nextpress/report.md,2889,2026-08-22T16:54:07.914942+00:00,REPORT_MD,HISTORICAL_EVIDENCE,78,
miniandroid/run/exp078/telegram_nextpress/golden/corpus.json,2017,2026-08-22T16:54:07.914942+00:00,JSON,REGRESSION_FIXTURE,78,647c390de845e1540e946c6b681469290a99023876e9b9d2a838bd76aaf6c50c
miniandroid/run/exp078/telegram_nextpress/database/dex_opcode_frequency.json,219,2026-08-22T16:54:07.914942+00:00,JSON,GENERATED_OUTPUT,78,f7db13b55a884b1fd1000373491042334b8e4126355c7a9c95273bc3ebd1c80f
miniandroid/run/exp078/telegram_fw/failure_report.json,926,2026-08-22T16:54:07.910942+00:00,JSON,HISTORICAL_EVIDENCE,78,a247c4649c2ba462626a8dd974987981c4b688ecd6639dd51570c1d39b1237b7
miniandroid/run/exp078/telegram_fw/application_runtime.json,3619,2026-08-22T16:54:07.910942+00:00,JSON,GENERATED_OUTPUT,78,cb3b64d91b2bad52858452d5d45bb420ad66939dd01b283db17bf2eb9403d343
miniandroid/run/exp078/telegram_fw/runtime_state_trace.json,2847,2026-08-22T16:54:07.910942+00:00,JSON,GENERATED_OUTPUT,78,031cee84351b87bee2f27e81d3cf1ece2c88b27a4fcbb65e475c0c47ecdf2e3a
miniandroid/run/exp078/telegram_fw/report.md.json,4967,2026-08-22T16:54:07.910942+00:00,JSON,GENERATED_OUTPUT,78,40bdef4b35e9842f5d4d70f114cda77cb1997b1ea1d484c947051bda7bf3e286
miniandroid/run/exp078/telegram_fw/test_matrix.json,787,2026-08-22T16:54:07.911942+00:00,JSON,HISTORICAL_EVIDENCE,78,63243b7d8fa6bf4b24d63c1375ade1f1f7e5ae90db5c2fd31b0eb49316d14a8e
miniandroid/run/exp078/telegram_fw/golden_end_to_end.json,1200,2026-08-22T16:54:07.910942+00:00,JSON,GENERATED_OUTPUT,78,c75be5ec1a568275c9671e816743cfafa9fc5dcb10d9b03e50ab09d162dbedb5
miniandroid/run/exp078/telegram_fw/render_request.txt,185,2026-08-22T16:54:07.910942+00:00,TXT,GENERATED_OUTPUT,78,
miniandroid/run/exp078/telegram_fw/runtime_component_map.json,1010,2026-08-22T16:54:07.910942+00:00,JSON,GENERATED_OUTPUT,78,05295629a319e2ae2c152c2d186072f4f4220a939bea5ddb225803210663a18f
miniandroid/run/exp078/telegram_fw/report.md,2883,2026-08-22T16:54:07.910942+00:00,REPORT_MD,HISTORICAL_EVIDENCE,78,
miniandroid/run/exp078/telegram_fw/golden/corpus.json,2017,2026-08-22T16:54:07.910942+00:00,JSON,REGRESSION_FIXTURE,78,647c390de845e1540e946c6b681469290a99023876e9b9d2a838bd76aaf6c50c
miniandroid/run/exp078/telegram_fw/database/dex_opcode_frequency.json,219,2026-08-22T16:54:07.910942+00:00,JSON,GENERATED_OUTPUT,78,f7db13b55a884b1fd1000373491042334b8e4126355c7a9c95273bc3ebd1c80f
miniandroid/run/exp078/telegram_fix3/failure_report.json,926,2026-08-22T16:54:07.908942+00:00,JSON,HISTORICAL_EVIDENCE,78,a8dadd83204e21b38064da7293c903b67b65b22260882dd8644af385f0352a5d
miniandroid/run/exp078/telegram_fix3/application_runtime.json,3621,2026-08-22T16:54:07.908942+00:00,JSON,GENERATED_OUTPUT,78,4a595af90fd502944f5b30373e2ffaa15718d942e946f3393ce752cd45420f89
miniandroid/run/exp078/telegram_fix3/runtime_state_trace.json,2846,2026-08-22T16:54:07.909942+00:00,JSON,GENERATED_OUTPUT,78,10902521fc2bb84a043bd764dab29825d25646b5adaf5b00e26e4dc4e70eb662
miniandroid/run/exp078/telegram_fix3/report.md.json,4965,2026-08-22T16:54:07.909942+00:00,JSON,GENERATED_OUTPUT,78,38fa767acfb16661e8510910552e47bc381be8045e7f0566416fe983dcb25304
miniandroid/run/exp078/telegram_fix3/test_matrix.json,787,2026-08-22T16:54:07.909942+00:00,JSON,HISTORICAL_EVIDENCE,78,63243b7d8fa6bf4b24d63c1375ade1f1f7e5ae90db5c2fd31b0eb49316d14a8e
miniandroid/run/exp078/telegram_fix3/golden_end_to_end.json,1200,2026-08-22T16:54:07.909942+00:00,JSON,GENERATED_OUTPUT,78,897ce08279aac544114413af7c3b538474559570294a6fd491e4b4f449bc9952
miniandroid/run/exp078/telegram_fix3/render_request.txt,191,2026-08-22T16:54:07.909942+00:00,TXT,GENERATED_OUTPUT,78,
miniandroid/run/exp078/telegram_fix3/runtime_component_map.json,1010,2026-08-22T16:54:07.909942+00:00,JSON,GENERATED_OUTPUT,78,af26325f6b03977912bfe7f7caf0901685b42de78ddf0eb1104424ada0d468c7
miniandroid/run/exp078/telegram_fix3/report.md,2884,2026-08-22T16:54:07.909942+00:00,REPORT_MD,HISTORICAL_EVIDENCE,78,
miniandroid/run/exp078/telegram_fix3/golden/corpus.json,2017,2026-08-22T16:54:07.909942+00:00,JSON,REGRESSION_FIXTURE,78,647c390de845e1540e946c6b681469290a99023876e9b9d2a838bd76aaf6c50c
miniandroid/run/exp078/telegram_fix3/database/dex_opcode_frequency.json,219,2026-08-22T16:54:07.908942+00:00,JSON,GENERATED_OUTPUT,78,f7db13b55a884b1fd1000373491042334b8e4126355c7a9c95273bc3ebd1c80f
miniandroid/run/exp078/telegram_fix2/failure_report.json,926,2026-08-22T16:54:07.906942+00:00,JSON,HISTORICAL_EVIDENCE,78,de1d3a652d5ede1952d96a9fcbeac6ec5a54c830480703c06ebb185731bc5e28
miniandroid/run/exp078/telegram_fix2/application_runtime.json,3624,2026-08-22T16:54:07.906942+00:00,JSON,GENERATED_OUTPUT,78,c4ee2b936acf3e82056ba9c383a38604728e4ff0a14098e4aba444bf023e8630
miniandroid/run/exp078/telegram_fix2/runtime_state_trace.json,2848,2026-08-22T16:54:07.906942+00:00,JSON,GENERATED_OUTPUT,78,c757a5f74b0f931ddee49b38ac33f1deeafde1b9b3b523e9271b0c751561ec30
miniandroid/run/exp078/telegram_fix2/report.md.json,4967,2026-08-22T16:54:07.906942+00:00,JSON,GENERATED_OUTPUT,78,5aba763c2f367b3412a02c8782fba0465970026e6bec3823176ebf50dba9b89f
miniandroid/run/exp078/telegram_fix2/test_matrix.json,787,2026-08-22T16:54:07.907942+00:00,JSON,HISTORICAL_EVIDENCE,78,63243b7d8fa6bf4b24d63c1375ade1f1f7e5ae90db5c2fd31b0eb49316d14a8e
miniandroid/run/exp078/telegram_fix2/golden_end_to_end.json,1200,2026-08-22T16:54:07.906942+00:00,JSON,GENERATED_OUTPUT,78,d1c197d458ed251cd707ab3e7a0ad296cdf646b2b7c86fca1e203104a712872e
miniandroid/run/exp078/telegram_fix2/render_request.txt,191,2026-08-22T16:54:07.906942+00:00,TXT,GENERATED_OUTPUT,78,
miniandroid/run/exp078/telegram_fix2/shadow_report.json,3962,2026-08-22T16:54:07.907942+00:00,JSON,GENERATED_OUTPUT,78,8506aa45d6b61897712772db93807d113134fc22044bb62301c58154483f9ee2
miniandroid/run/exp078/telegram_fix2/view_tree.json,1304350,2026-08-22T16:54:07.908942+00:00,VIEW_TREE_DUMP,GENERATED_OUTPUT,78,
miniandroid/run/exp078/telegram_fix2/runtime_component_map.json,1010,2026-08-22T16:54:07.906942+00:00,JSON,GENERATED_OUTPUT,78,71720485b8bc67e6ff5fb5c8707cf0d65cb43d5c869adfb5645d6ed6aabfc505
miniandroid/run/exp078/telegram_fix2/report.md,2885,2026-08-22T16:54:07.906942+00:00,REPORT_MD,HISTORICAL_EVIDENCE,78,
miniandroid/run/exp078/telegram_fix2/golden/corpus.json,2017,2026-08-22T16:54:07.906942+00:00,JSON,REGRESSION_FIXTURE,78,647c390de845e1540e946c6b681469290a99023876e9b9d2a838bd76aaf6c50c
miniandroid/run/exp078/telegram_fix2/database/dex_opcode_frequency.json,219,2026-08-22T16:54:07.906942+00:00,JSON,GENERATED_OUTPUT,78,f7db13b55a884b1fd1000373491042334b8e4126355c7a9c95273bc3ebd1c80f
miniandroid/run/exp043_jni_probe/failure_report.json,926,2026-08-15T20:23:26+00:00,JSON,HISTORICAL_EVIDENCE,43,1b3a1efc2c5a2c6e5e9e0ffa60348e600aa565196e3045349104859df98127ff
miniandroid/run/exp043_jni_probe/application_runtime.json,3616,2026-08-15T20:23:26+00:00,JSON,GENERATED_OUTPUT,43,e5e3c10409fbc89288d11fe4e6c8f275c2db40870898df0f99b768213bbe07dc
miniandroid/run/exp043_jni_probe/runtime_state_trace.json,2848,2026-08-15T20:23:26+00:00,JSON,GENERATED_OUTPUT,43,3d1d51c4c1be20a431fa375fd0133c67256a7a10da24934af4ca1eb5a3947e03
miniandroid/run/exp043_jni_probe/report.md.json,4966,2026-08-15T20:23:26+00:00,JSON,GENERATED_OUTPUT,43,b8a66f027c7ecd65a37938d6cf0a4cb73dc2c28527afcc4b6946fa10d8cf6ba5
miniandroid/run/exp043_jni_probe/test_matrix.json,787,2026-08-15T20:23:26+00:00,JSON,HISTORICAL_EVIDENCE,43,63243b7d8fa6bf4b24d63c1375ade1f1f7e5ae90db5c2fd31b0eb49316d14a8e
miniandroid/run/exp043_jni_probe/golden_end_to_end.json,1200,2026-08-15T20:23:26+00:00,JSON,GENERATED_OUTPUT,43,c458b52391b73d34b9446c353f2b98c7dee046379a51b23bceac4727784791c5
miniandroid/run/exp043_jni_probe/runtime_component_map.json,1010,2026-08-15T20:23:26+00:00,JSON,GENERATED_OUTPUT,43,c8ac5091d008b66ea3fc1c01a31ba84648d727ff927320bd765726b83d947b76
miniandroid/run/exp043_jni_probe/report.md,2880,2026-08-15T20:23:26+00:00,REPORT_MD,HISTORICAL_EVIDENCE,43,
miniandroid/run/exp043_jni_probe/golden/corpus.json,2017,2026-08-15T20:23:26+00:00,JSON,REGRESSION_FIXTURE,43,647c390de845e1540e946c6b681469290a99023876e9b9d2a838bd76aaf6c50c
miniandroid/run/exp043_jni_probe/database/android_api_frequency.json,22558,2026-08-15T20:23:26+00:00,JSON,GENERATED_OUTPUT,43,
miniandroid/run/exp043_jni_probe/database/dex_opcode_frequency.json,219,2026-08-15T20:23:26+00:00,JSON,GENERATED_OUTPUT,43,f7db13b55a884b1fd1000373491042334b8e4126355c7a9c95273bc3ebd1c80f
miniandroid/run/exp071_session6/country_state_forensics.json,3410,2026-08-22T16:54:07.726942+00:00,JSON,GENERATED_OUTPUT,71,
miniandroid/run/exp071_session6/country_writers_disasm.txt,63344,2026-08-22T16:54:07.726942+00:00,TXT,GENERATED_OUTPUT,71,
miniandroid/run/exp052_thread_check/failure_report.json,926,2026-08-22T16:54:07.494941+00:00,JSON,HISTORICAL_EVIDENCE,52,40216389c9b5ffb73cae6bd0945d18f0e25d7be1320196da7db8de2b749617a6
miniandroid/run/exp052_thread_check/application_runtime.json,3621,2026-08-22T16:54:07.494941+00:00,JSON,GENERATED_OUTPUT,52,6acc33c27c771c87d93ffa4336500914f9e8a10e3929c854e8625c5c6ed5938b
miniandroid/run/exp052_thread_check/runtime_state_trace.json,2848,2026-08-22T16:54:07.494941+00:00,JSON,GENERATED_OUTPUT,52,14169da1ce5e830115d9268214ff64a21263ab57843f45e086130f0644000183
miniandroid/run/exp052_thread_check/report.md.json,4966,2026-08-22T16:54:07.494941+00:00,JSON,GENERATED_OUTPUT,52,bbb048106c92183e38ffc00022138bb33be078629ac8b7f54ffc23353dcf8fad
miniandroid/run/exp052_thread_check/test_matrix.json,787,2026-08-22T16:54:07.495941+00:00,JSON,HISTORICAL_EVIDENCE,52,63243b7d8fa6bf4b24d63c1375ade1f1f7e5ae90db5c2fd31b0eb49316d14a8e
miniandroid/run/exp052_thread_check/golden_end_to_end.json,1200,2026-08-22T16:54:07.494941+00:00,JSON,GENERATED_OUTPUT,52,9fb83ed68c1ff4ce201d541db0e90dff713cc93199d0d2df92f1e43aa2d60a50
miniandroid/run/exp052_thread_check/shadow_report.json,3858,2026-08-22T16:54:07.495941+00:00,JSON,GENERATED_OUTPUT,52,1ec53a035b035971f5710e7059a7763ebfd891753e9258e8bb97571ee4cb0a0e
miniandroid/run/exp052_thread_check/runtime_component_map.json,1010,2026-08-22T16:54:07.494941+00:00,JSON,GENERATED_OUTPUT,52,b2aa52e15fa5acc7fae517e47cef169b2cead537ee88beb1cc4e161be75edf08
miniandroid/run/exp052_thread_check/report.md,2883,2026-08-22T16:54:07.494941+00:00,REPORT_MD,HISTORICAL_EVIDENCE,52,
miniandroid/run/exp052_thread_check/golden/corpus.json,2017,2026-08-22T16:54:07.494941+00:00,JSON,REGRESSION_FIXTURE,52,647c390de845e1540e946c6b681469290a99023876e9b9d2a838bd76aaf6c50c
miniandroid/run/exp052_thread_check/database/dex_opcode_frequency.json,219,2026-08-22T16:54:07.494941+00:00,JSON,GENERATED_OUTPUT,52,f7db13b55a884b1fd1000373491042334b8e4126355c7a9c95273bc3ebd1c80f
miniandroid/run/exp064_baseline/login_screen.png,21965,2026-08-22T16:54:07.626941+00:00,OTHER,GENERATED_OUTPUT,64,
miniandroid/run/exp064_baseline/login_screen_debug.png,21989,2026-08-22T16:54:07.626941+00:00,OTHER,GENERATED_OUTPUT,64,
miniandroid/run/exp063_gs/failure_report.json,926,2026-08-22T16:54:07.607941+00:00,JSON,HISTORICAL_EVIDENCE,63,85a332c9eb5ae1857c7b69aec52d3e829ed05d77dd3af917edc34f9beef917d7
miniandroid/run/exp063_gs/application_runtime.json,3599,2026-08-22T16:54:07.607941+00:00,JSON,GENERATED_OUTPUT,63,0af476a3dd37b72531b640616998a8297a5bd039f75199ce139a387ff563f068
miniandroid/run/exp063_gs/runtime_state_trace.json,2845,2026-08-22T16:54:07.607941+00:00,JSON,GENERATED_OUTPUT,63,9fc3fbf206c67caf9e138f92ea154d116b33a46134340506c32b5d8aaebe7117
miniandroid/run/exp063_gs/report.md.json,4967,2026-08-22T16:54:07.607941+00:00,JSON,GENERATED_OUTPUT,63,5cdcfbe224d521e38300fbd14047b71746e524fc31503b597fe16130b0d77f3b
miniandroid/run/exp063_gs/test_matrix.json,787,2026-08-22T16:54:07.608941+00:00,JSON,HISTORICAL_EVIDENCE,63,63243b7d8fa6bf4b24d63c1375ade1f1f7e5ae90db5c2fd31b0eb49316d14a8e
miniandroid/run/exp063_gs/golden_end_to_end.json,1200,2026-08-22T16:54:07.607941+00:00,JSON,GENERATED_OUTPUT,63,eb6b0ec08accbb77e2c92b92ebade91e1ac42f92417b61b5367f20d22ef3f5e0
miniandroid/run/exp063_gs/render_request.txt,158,2026-08-22T16:54:07.607941+00:00,TXT,GENERATED_OUTPUT,63,
miniandroid/run/exp063_gs/runtime_component_map.json,1010,2026-08-22T16:54:07.607941+00:00,JSON,GENERATED_OUTPUT,63,93c083b21d88132e8a9d20bf1d8a27c4d416ecd3cdbbd2d9deb5ea9ea7dfca0a
miniandroid/run/exp063_gs/report.md,2874,2026-08-22T16:54:07.607941+00:00,REPORT_MD,HISTORICAL_EVIDENCE,63,
miniandroid/run/exp063_gs/golden/corpus.json,2017,2026-08-22T16:54:07.607941+00:00,JSON,REGRESSION_FIXTURE,63,647c390de845e1540e946c6b681469290a99023876e9b9d2a838bd76aaf6c50c
miniandroid/run/exp063_gs/database/dex_opcode_frequency.json,219,2026-08-22T16:54:07.607941+00:00,JSON,GENERATED_OUTPUT,63,f7db13b55a884b1fd1000373491042334b8e4126355c7a9c95273bc3ebd1c80f
miniandroid/run/exp064_synthetic/render_provenance.json,1783,2026-08-22T16:54:07.628941+00:00,JSON,GENERATED_OUTPUT,64,f549421b35176d422549844d8d4873935af6eaad777ef6df92808a12c66f6882
miniandroid/run/exp064_synthetic/login_ui.png,21021,2026-08-22T16:54:07.628941+00:00,OTHER,GENERATED_OUTPUT,64,
miniandroid/run/exp064_synthetic/image_validation.json,1559,2026-08-22T16:54:07.628941+00:00,JSON,GENERATED_OUTPUT,64,48895a8bdf6fadea2c8145c7a83518adcdd97c62ed75e44eea711f9a8e6073dd
miniandroid/run/exp064_synthetic/view_tree.json,856,2026-08-22T16:54:07.628941+00:00,VIEW_TREE_DUMP,GENERATED_OUTPUT,64,1568c15bc16b82db63695dcd8a5c9e500313781cacec520f41c3d90edd558221
miniandroid/run/exp064_synthetic/login_debug.png,27900,2026-08-22T16:54:07.628941+00:00,OTHER,GENERATED_OUTPUT,64,
miniandroid/run/exp071_run12/failure_report.json,926,2026-08-22T16:54:07.707942+00:00,JSON,HISTORICAL_EVIDENCE,71,50eb4d53f00ee500fecfce7f2e8c25774aa307cec43e417ebc2d2158c7d22ce1
miniandroid/run/exp071_run12/application_runtime.json,3608,2026-08-22T16:54:07.707942+00:00,JSON,GENERATED_OUTPUT,71,807a9ef955a7f0cff345755fddf039206e0f79aa774def7aae27b854451923ef
miniandroid/run/exp071_run12/runtime_state_trace.json,2848,2026-08-22T16:54:07.707942+00:00,JSON,GENERATED_OUTPUT,71,06904a0f82f38b1f42f35893dea8823633e2ed90180d62493bff646512b751d9
miniandroid/run/exp071_run12/report.md.json,4967,2026-08-22T16:54:07.707942+00:00,JSON,GENERATED_OUTPUT,71,3b2154f82b19ac8d170eccdb4599c4410fd71974f0d6734724a13112a6c74dfd
miniandroid/run/exp071_run12/test_matrix.json,787,2026-08-22T16:54:07.708941+00:00,JSON,HISTORICAL_EVIDENCE,71,63243b7d8fa6bf4b24d63c1375ade1f1f7e5ae90db5c2fd31b0eb49316d14a8e
miniandroid/run/exp071_run12/golden_end_to_end.json,1200,2026-08-22T16:54:07.707942+00:00,JSON,GENERATED_OUTPUT,71,f56c5909265fb9c5a70f77804d2190730a98cfaee84aa60ac89a63a0d5ee3a0f
miniandroid/run/exp071_run12/render_request.txt,167,2026-08-22T16:54:07.707942+00:00,TXT,GENERATED_OUTPUT,71,
miniandroid/run/exp071_run12/shadow_report.json,3968,2026-08-22T16:54:07.708941+00:00,JSON,GENERATED_OUTPUT,71,05281816ceb89a9b6e66fa0cca39a5115618d10994ee1c82dd0e086637f285ea
miniandroid/run/exp071_run12/view_tree.json,632278,2026-08-22T16:54:07.708941+00:00,VIEW_TREE_DUMP,GENERATED_OUTPUT,71,550e8c3864f173e3c43ffd038c1fed1a2fd2f6401ca4b7213b5d4980682b2183
miniandroid/run/exp071_run12/runtime_component_map.json,1010,2026-08-22T16:54:07.707942+00:00,JSON,GENERATED_OUTPUT,71,921136fd31b4062b9a213d35d68398e75d302406d0a9bd2f91c4f942f48fd82b
miniandroid/run/exp071_run12/report.md,2877,2026-08-22T16:54:07.707942+00:00,REPORT_MD,HISTORICAL_EVIDENCE,71,
miniandroid/run/exp071_run12/golden/corpus.json,2017,2026-08-22T16:54:07.707942+00:00,JSON,REGRESSION_FIXTURE,71,647c390de845e1540e946c6b681469290a99023876e9b9d2a838bd76aaf6c50c
miniandroid/run/exp071_run12/database/dex_opcode_frequency.json,219,2026-08-22T16:54:07.707942+00:00,JSON,GENERATED_OUTPUT,71,f7db13b55a884b1fd1000373491042334b8e4126355c7a9c95273bc3ebd1c80f
miniandroid/run/exp068_run3/failure_report.json,926,2026-08-22T16:54:07.660941+00:00,JSON,HISTORICAL_EVIDENCE,68,7f1420a0db3b1d3844450d530d2bb550e32fe4f11a4dad26c6a9c74ef747d34a
miniandroid/run/exp068_run3/application_runtime.json,3611,2026-08-22T16:54:07.660941+00:00,JSON,GENERATED_OUTPUT,68,f24d63ba6b96944438c3818405055fc98d28bc3582bb6388bb0b63323a653e0d
miniandroid/run/exp068_run3/runtime_state_trace.json,2853,2026-08-22T16:54:07.660941+00:00,JSON,GENERATED_OUTPUT,68,
miniandroid/run/exp068_run3/report.md.json,4967,2026-08-22T16:54:07.660941+00:00,JSON,GENERATED_OUTPUT,68,71257fdf2344bdad760fd7d63332b11a6e1dcbb370d8607e583d75941b60a552
miniandroid/run/exp068_run3/test_matrix.json,787,2026-08-22T16:54:07.661941+00:00,JSON,HISTORICAL_EVIDENCE,68,63243b7d8fa6bf4b24d63c1375ade1f1f7e5ae90db5c2fd31b0eb49316d14a8e
miniandroid/run/exp068_run3/golden_end_to_end.json,1200,2026-08-22T16:54:07.660941+00:00,JSON,GENERATED_OUTPUT,68,ce2b21aecda9c3a065a056c5b6abe77dc3dcd74787a654627e92695c86127353
miniandroid/run/exp068_run3/render_request.txt,164,2026-08-22T16:54:07.660941+00:00,TXT,GENERATED_OUTPUT,68,
miniandroid/run/exp068_run3/view_tree.json,632172,2026-08-22T16:54:07.661941+00:00,VIEW_TREE_DUMP,GENERATED_OUTPUT,68,
miniandroid/run/exp068_run3/runtime_component_map.json,1010,2026-08-22T16:54:07.660941+00:00,JSON,GENERATED_OUTPUT,68,4e6bec2144d825e5291bf2b266fefe8ce5f298b830cc7ee21db7ca715cb63ce6
miniandroid/run/exp068_run3/report.md,2876,2026-08-22T16:54:07.660941+00:00,REPORT_MD,HISTORICAL_EVIDENCE,68,
miniandroid/run/exp068_run3/golden/corpus.json,2017,2026-08-22T16:54:07.660941+00:00,JSON,REGRESSION_FIXTURE,68,647c390de845e1540e946c6b681469290a99023876e9b9d2a838bd76aaf6c50c
miniandroid/run/exp068_run3/database/dex_opcode_frequency.json,219,2026-08-22T16:54:07.660941+00:00,JSON,GENERATED_OUTPUT,68,f7db13b55a884b1fd1000373491042334b8e4126355c7a9c95273bc3ebd1c80f
miniandroid/run/exp050_haltfix2/failure_report.json,926,2026-08-22T16:54:07.440941+00:00,JSON,HISTORICAL_EVIDENCE,50,f1af2a43b26b40f4d448eea2b368301645fbf0dd7b257c0f8758dba6bd8bfc8d
miniandroid/run/exp050_haltfix2/application_runtime.json,3608,2026-08-22T16:54:07.440941+00:00,JSON,GENERATED_OUTPUT,50,0837e8c1a86852f434a8c32e80e21677f3d147af54c4ae2dbca1a54f01deef4d
miniandroid/run/exp050_haltfix2/runtime_state_trace.json,2843,2026-08-22T16:54:07.440941+00:00,JSON,GENERATED_OUTPUT,50,eeee7ee1e92a8942a6693c9691be3fa0513fb2de46de78bbae2873a3ee3a7b51
miniandroid/run/exp050_haltfix2/report.md.json,4966,2026-08-22T16:54:07.440941+00:00,JSON,GENERATED_OUTPUT,50,b3e2a3acb270230a8f2d6ed9f91648c5a459ed45bc87858668005edd3f86382f
miniandroid/run/exp050_haltfix2/test_matrix.json,787,2026-08-22T16:54:07.443941+00:00,JSON,HISTORICAL_EVIDENCE,50,63243b7d8fa6bf4b24d63c1375ade1f1f7e5ae90db5c2fd31b0eb49316d14a8e
miniandroid/run/exp050_haltfix2/golden_end_to_end.json,1200,2026-08-22T16:54:07.440941+00:00,JSON,GENERATED_OUTPUT,50,a51e8413ca6c2e4f3e12e40322d48113dee612d94f81a81c288ba47330aad586
miniandroid/run/exp050_haltfix2/runtime_component_map.json,1010,2026-08-22T16:54:07.440941+00:00,JSON,GENERATED_OUTPUT,50,bb1250747fdc2b32cb691bbb383421e03b4ddc5cf493c460cf2c4ab08b5f8550
miniandroid/run/exp050_haltfix2/report.md,2879,2026-08-22T16:54:07.440941+00:00,REPORT_MD,HISTORICAL_EVIDENCE,50,
miniandroid/run/exp050_haltfix2/golden/corpus.json,2017,2026-08-22T16:54:07.440941+00:00,JSON,REGRESSION_FIXTURE,50,647c390de845e1540e946c6b681469290a99023876e9b9d2a838bd76aaf6c50c
miniandroid/run/exp050_haltfix2/database/android_api_frequency.json,13413,2026-08-22T16:54:07.440941+00:00,JSON,GENERATED_OUTPUT,50,
miniandroid/run/exp050_haltfix2/database/dex_opcode_frequency.json,219,2026-08-22T16:54:07.440941+00:00,JSON,GENERATED_OUTPUT,50,f7db13b55a884b1fd1000373491042334b8e4126355c7a9c95273bc3ebd1c80f
miniandroid/run/exp064_intro/render_provenance.json,692,2026-08-22T16:54:07.626941+00:00,JSON,GENERATED_OUTPUT,64,
miniandroid/run/exp064_intro/login_ui.png,10406,2026-08-22T16:54:07.626941+00:00,OTHER,GENERATED_OUTPUT,64,
miniandroid/run/exp064_intro/image_validation.json,754,2026-08-22T16:54:07.626941+00:00,JSON,GENERATED_OUTPUT,64,
miniandroid/run/exp064_intro/login_debug.png,13350,2026-08-22T16:54:07.626941+00:00,OTHER,GENERATED_OUTPUT,64,
miniandroid/run/exp067_baseline/render_provenance.json,3928,2026-08-22T16:54:07.649941+00:00,JSON,GENERATED_OUTPUT,67,2e29762178e6310a90886165ef0553b5ffc9c6c355c904f81c6fa974d5980298
miniandroid/run/exp067_baseline/metrics.json,999,2026-08-22T16:54:07.649941+00:00,JSON,HISTORICAL_EVIDENCE,67,
miniandroid/run/exp067_baseline/login_ui.png,24376,2026-08-22T16:54:07.649941+00:00,OTHER,GENERATED_OUTPUT,67,
miniandroid/run/exp067_baseline/view_tree.json,599011,2026-08-22T16:54:07.650941+00:00,VIEW_TREE_DUMP,GENERATED_OUTPUT,67,
miniandroid/run/exp067_baseline/login_debug.png,58940,2026-08-22T16:54:07.649941+00:00,OTHER,GENERATED_OUTPUT,67,
miniandroid/run/exp046_sgetdbg/failure_report.json,926,2026-08-22T16:54:07.390941+00:00,JSON,HISTORICAL_EVIDENCE,46,1c216ed7dc52677c830d3eab391ef86c2b39670d20efd6ce443e888b5399f8f9
miniandroid/run/exp046_sgetdbg/application_runtime.json,3613,2026-08-22T16:54:07.390941+00:00,JSON,GENERATED_OUTPUT,46,8539f064e2da86fc691f2aa334f98b86fff12af83ef30e635c6cd74ec9a60680
miniandroid/run/exp046_sgetdbg/runtime_state_trace.json,2849,2026-08-22T16:54:07.391941+00:00,JSON,GENERATED_OUTPUT,46,0d6f10ce712094ed2434945e325658887777e260f030910f52cd8867f3b622a6
miniandroid/run/exp046_sgetdbg/report.md.json,4966,2026-08-22T16:54:07.391941+00:00,JSON,GENERATED_OUTPUT,46,67a98d9fff9f280e9eb2d80cd086ad1fca7a76a2a75ff394ffba526ab6683135
miniandroid/run/exp046_sgetdbg/test_matrix.json,787,2026-08-22T16:54:07.393941+00:00,JSON,HISTORICAL_EVIDENCE,46,63243b7d8fa6bf4b24d63c1375ade1f1f7e5ae90db5c2fd31b0eb49316d14a8e
miniandroid/run/exp046_sgetdbg/golden_end_to_end.json,1200,2026-08-22T16:54:07.390941+00:00,JSON,GENERATED_OUTPUT,46,b0051bfb77a1727c67ec43464f14a3c31928c2ab333a5bfc8413f187067f60fd
miniandroid/run/exp046_sgetdbg/runtime_component_map.json,1010,2026-08-22T16:54:07.391941+00:00,JSON,GENERATED_OUTPUT,46,619fe63ba1c5168904618fb2597397565d2c57d57aa1126741d106c9901d1b87
miniandroid/run/exp046_sgetdbg/report.md,2878,2026-08-22T16:54:07.390941+00:00,REPORT_MD,HISTORICAL_EVIDENCE,46,
miniandroid/run/exp046_sgetdbg/golden/corpus.json,2017,2026-08-22T16:54:07.390941+00:00,JSON,REGRESSION_FIXTURE,46,647c390de845e1540e946c6b681469290a99023876e9b9d2a838bd76aaf6c50c
miniandroid/run/exp046_sgetdbg/database/dex_opcode_frequency.json,219,2026-08-22T16:54:07.390941+00:00,JSON,GENERATED_OUTPUT,46,f7db13b55a884b1fd1000373491042334b8e4126355c7a9c95273bc3ebd1c80f
miniandroid/run/exp066_run2/failure_report.json,926,2026-08-22T16:54:07.645941+00:00,JSON,HISTORICAL_EVIDENCE,66,24e153680065f39192d5f61f02949fc2ae138ee6c611d50a11d7ca0f14b577c1
miniandroid/run/exp066_run2/application_runtime.json,3604,2026-08-22T16:54:07.645941+00:00,JSON,GENERATED_OUTPUT,66,d7faabdfcdf30a1a8688d665faa3275e4628e7a790af66eb58ff194a2263c72a
miniandroid/run/exp066_run2/runtime_state_trace.json,2846,2026-08-22T16:54:07.646941+00:00,JSON,GENERATED_OUTPUT,66,abcec2c578cf43ead4939eb0794344f7821cbe639ce750a917fd1c7a07ca65c9
miniandroid/run/exp066_run2/report.md.json,4967,2026-08-22T16:54:07.646941+00:00,JSON,GENERATED_OUTPUT,66,7254dc2efba084a4a11834f180b5e7b385d0b251cae4a31bb733eb45a10e654b
miniandroid/run/exp066_run2/test_matrix.json,787,2026-08-22T16:54:07.646941+00:00,JSON,HISTORICAL_EVIDENCE,66,63243b7d8fa6bf4b24d63c1375ade1f1f7e5ae90db5c2fd31b0eb49316d14a8e
miniandroid/run/exp066_run2/golden_end_to_end.json,1200,2026-08-22T16:54:07.645941+00:00,JSON,GENERATED_OUTPUT,66,5c26332212e3d3dc226850679322db69bfa0ea755a3f20893fd1365a41206744
miniandroid/run/exp066_run2/render_request.txt,164,2026-08-22T16:54:07.645941+00:00,TXT,GENERATED_OUTPUT,66,
miniandroid/run/exp066_run2/shadow_report.json,3968,2026-08-22T16:54:07.646941+00:00,JSON,GENERATED_OUTPUT,66,e1f3de083556d6816bb41fbb0bfb51c52bc743820a6db177284e31edf1c1bd8d
miniandroid/run/exp066_run2/view_tree.json,556984,2026-08-22T16:54:07.646941+00:00,VIEW_TREE_DUMP,GENERATED_OUTPUT,66,
miniandroid/run/exp066_run2/runtime_component_map.json,1010,2026-08-22T16:54:07.646941+00:00,JSON,GENERATED_OUTPUT,66,35bc56043cfc5820970a9b733b572a965b96bd78d5f4eeec54b2ff552bb3900e
miniandroid/run/exp066_run2/report.md,2876,2026-08-22T16:54:07.646941+00:00,REPORT_MD,HISTORICAL_EVIDENCE,66,
miniandroid/run/exp066_run2/golden/corpus.json,2017,2026-08-22T16:54:07.645941+00:00,JSON,REGRESSION_FIXTURE,66,647c390de845e1540e946c6b681469290a99023876e9b9d2a838bd76aaf6c50c
miniandroid/run/exp066_run2/database/dex_opcode_frequency.json,219,2026-08-22T16:54:07.645941+00:00,JSON,GENERATED_OUTPUT,66,f7db13b55a884b1fd1000373491042334b8e4126355c7a9c95273bc3ebd1c80f
miniandroid/run/exp058_regs/failure_report.json,926,2026-08-22T16:54:07.563941+00:00,JSON,HISTORICAL_EVIDENCE,58,ee558f9404e52fd85a758535869cd1d75d2a699ffc780557e245fde20624ad4f
miniandroid/run/exp058_regs/application_runtime.json,3605,2026-08-22T16:54:07.562941+00:00,JSON,GENERATED_OUTPUT,58,352d4c16bd6b21f03d87a35948e1af4a8cf410c1f0b06812da389b5029ffba9b
miniandroid/run/exp058_regs/runtime_state_trace.json,2847,2026-08-22T16:54:07.563941+00:00,JSON,GENERATED_OUTPUT,58,c1d157e44f9daa7c3bb07b7a6dd3d968f4500c983fa861ce8fcb75d9079d9587
miniandroid/run/exp058_regs/report.md.json,4966,2026-08-22T16:54:07.563941+00:00,JSON,GENERATED_OUTPUT,58,c45d47885f40bcc634fc0f3eb75cafc9a2105b4b3f70d4df334ddc92c73178e7
miniandroid/run/exp058_regs/test_matrix.json,787,2026-08-22T16:54:07.564941+00:00,JSON,HISTORICAL_EVIDENCE,58,63243b7d8fa6bf4b24d63c1375ade1f1f7e5ae90db5c2fd31b0eb49316d14a8e
miniandroid/run/exp058_regs/golden_end_to_end.json,1200,2026-08-22T16:54:07.563941+00:00,JSON,GENERATED_OUTPUT,58,c5cfd19cc96a168313e1263f0a4a43cf3da0ce50a10eb798e59aa61b07630fc5
miniandroid/run/exp058_regs/shadow_report.json,3862,2026-08-22T16:54:07.564941+00:00,JSON,GENERATED_OUTPUT,58,04b3c1437434e5034031647a244ce51b3e3d402f2ebe4dadb096898bebce5779
miniandroid/run/exp058_regs/runtime_component_map.json,1010,2026-08-22T16:54:07.563941+00:00,JSON,GENERATED_OUTPUT,58,6a05c772c9cd84b38fad8942fbb66aeb636b0a7e5ce3aa443117213c88c620d2
miniandroid/run/exp058_regs/report.md,2875,2026-08-22T16:54:07.563941+00:00,REPORT_MD,HISTORICAL_EVIDENCE,58,
miniandroid/run/exp058_regs/golden/corpus.json,2017,2026-08-22T16:54:07.563941+00:00,JSON,REGRESSION_FIXTURE,58,647c390de845e1540e946c6b681469290a99023876e9b9d2a838bd76aaf6c50c
miniandroid/run/exp058_regs/database/android_api_frequency.json,40683,2026-08-22T16:54:07.563941+00:00,JSON,GENERATED_OUTPUT,58,
miniandroid/run/exp058_regs/database/dex_opcode_frequency.json,219,2026-08-22T16:54:07.563941+00:00,JSON,GENERATED_OUTPUT,58,f7db13b55a884b1fd1000373491042334b8e4126355c7a9c95273bc3ebd1c80f
miniandroid/run/exp045_tc100/failure_report.json,1262,2026-08-22T16:54:07.360941+00:00,JSON,HISTORICAL_EVIDENCE,45,9eaca08093c64a5e2edb18012d253745204fdc72f757b2a3db4d08cc4b80e4f9
miniandroid/run/exp045_tc100/application_runtime.json,3800,2026-08-22T16:54:07.360941+00:00,JSON,GENERATED_OUTPUT,45,
miniandroid/run/exp045_tc100/runtime_state_trace.json,3044,2026-08-22T16:54:07.360941+00:00,JSON,GENERATED_OUTPUT,45,
miniandroid/run/exp045_tc100/report.md.json,4962,2026-08-22T16:54:07.360941+00:00,JSON,GENERATED_OUTPUT,45,933a8d4da3ed2fa6c3753dd9e07d521c243d62ff87f63a403f6a6543dcf7c902
miniandroid/run/exp045_tc100/test_matrix.json,787,2026-08-22T16:54:07.363941+00:00,JSON,HISTORICAL_EVIDENCE,45,63243b7d8fa6bf4b24d63c1375ade1f1f7e5ae90db5c2fd31b0eb49316d14a8e
miniandroid/run/exp045_tc100/golden_end_to_end.json,1200,2026-08-22T16:54:07.360941+00:00,JSON,GENERATED_OUTPUT,45,bbc8a8d52ee34c9f6620068ad12fc8ff1ad1fb200fa1ee93b633a76871b9cc47
miniandroid/run/exp045_tc100/runtime_component_map.json,1010,2026-08-22T16:54:07.360941+00:00,JSON,GENERATED_OUTPUT,45,c2442f6ef6f0a3cdc52db0bc1e180d0c4bd264f50e4b73f7e01b8150e145a7fe
miniandroid/run/exp045_tc100/report.md,2872,2026-08-22T16:54:07.360941+00:00,REPORT_MD,HISTORICAL_EVIDENCE,45,
miniandroid/run/exp045_tc100/golden/corpus.json,2017,2026-08-22T16:54:07.360941+00:00,JSON,REGRESSION_FIXTURE,45,647c390de845e1540e946c6b681469290a99023876e9b9d2a838bd76aaf6c50c
miniandroid/run/exp045_tc100/database/dex_opcode_frequency.json,219,2026-08-22T16:54:07.360941+00:00,JSON,GENERATED_OUTPUT,45,f7db13b55a884b1fd1000373491042334b8e4126355c7a9c95273bc3ebd1c80f
miniandroid/run/exp063_intercept/failure_report.json,926,2026-08-22T16:54:07.608941+00:00,JSON,HISTORICAL_EVIDENCE,63,a7639b90ae075c6663225bb292ddbcc4b08e0f056b8d9218f4907e588bd2d006
miniandroid/run/exp063_intercept/application_runtime.json,3615,2026-08-22T16:54:07.608941+00:00,JSON,GENERATED_OUTPUT,63,15a61f4211c14a16e2aef191f99de36746bb0fdeee046cdf00964713032f7b79
miniandroid/run/exp063_intercept/runtime_state_trace.json,2847,2026-08-22T16:54:07.608941+00:00,JSON,GENERATED_OUTPUT,63,c0857134dd2990864cdc1ae031059eca7d249859c472c34175700b331376e515
miniandroid/run/exp063_intercept/report.md.json,4967,2026-08-22T16:54:07.608941+00:00,JSON,GENERATED_OUTPUT,63,d3ce923ad164f36e96eef04b32fa954cbadf1dfb807cdf4d9011dc3f063180f9
miniandroid/run/exp063_intercept/test_matrix.json,787,2026-08-22T16:54:07.609941+00:00,JSON,HISTORICAL_EVIDENCE,63,63243b7d8fa6bf4b24d63c1375ade1f1f7e5ae90db5c2fd31b0eb49316d14a8e
miniandroid/run/exp063_intercept/golden_end_to_end.json,1200,2026-08-22T16:54:07.608941+00:00,JSON,GENERATED_OUTPUT,63,61413808f3fc588abfd88715396ab2a91448bd51bac86e3da428628378aaa7e2
miniandroid/run/exp063_intercept/render_request.txt,179,2026-08-22T16:54:07.608941+00:00,TXT,GENERATED_OUTPUT,63,
miniandroid/run/exp063_intercept/shadow_report.json,3968,2026-08-22T16:54:07.609941+00:00,JSON,GENERATED_OUTPUT,63,08531c1f0c8ed1f5251abbc7cf730cd9baff233a37822b03b3f2abba2f86df0a
miniandroid/run/exp063_intercept/view_tree.json,531000,2026-08-22T16:54:07.609941+00:00,VIEW_TREE_DUMP,GENERATED_OUTPUT,63,
miniandroid/run/exp063_intercept/runtime_component_map.json,1010,2026-08-22T16:54:07.608941+00:00,JSON,GENERATED_OUTPUT,63,8d7f5347fef0bbbaa0ce25ce4ea89124bf60035dbcf4bdf73d77bb31c684f8b4
miniandroid/run/exp063_intercept/report.md,2881,2026-08-22T16:54:07.608941+00:00,REPORT_MD,HISTORICAL_EVIDENCE,63,
miniandroid/run/exp063_intercept/golden/corpus.json,2017,2026-08-22T16:54:07.608941+00:00,JSON,REGRESSION_FIXTURE,63,647c390de845e1540e946c6b681469290a99023876e9b9d2a838bd76aaf6c50c
miniandroid/run/exp063_intercept/database/android_api_frequency.json,54950,2026-08-22T16:54:07.608941+00:00,JSON,GENERATED_OUTPUT,63,
miniandroid/run/exp063_intercept/database/dex_opcode_frequency.json,219,2026-08-22T16:54:07.608941+00:00,JSON,GENERATED_OUTPUT,63,f7db13b55a884b1fd1000373491042334b8e4126355c7a9c95273bc3ebd1c80f
miniandroid/run/exp058_guard/failure_report.json,926,2026-08-22T16:54:07.551941+00:00,JSON,HISTORICAL_EVIDENCE,58,2f16748cb2e0d6329ba93bd4bc9aecad4f7b2b6d6964f046ac63f81021363ded
miniandroid/run/exp058_guard/application_runtime.json,3605,2026-08-22T16:54:07.551941+00:00,JSON,GENERATED_OUTPUT,58,9b7e87feb666bf76873d2c9264b64429353926c5e6c0398c5ca477d858ed8598
miniandroid/run/exp058_guard/runtime_state_trace.json,2845,2026-08-22T16:54:07.551941+00:00,JSON,GENERATED_OUTPUT,58,2ff56c66b0cdc7837487d45d88036c078c390ec113a443e4c54cc5c4a16e99a9
miniandroid/run/exp058_guard/report.md.json,4966,2026-08-22T16:54:07.551941+00:00,JSON,GENERATED_OUTPUT,58,dbee65979b6a45952a0fda0c4ead8f6418db6d216989f064efceadb41631e875
miniandroid/run/exp058_guard/test_matrix.json,787,2026-08-22T16:54:07.552941+00:00,JSON,HISTORICAL_EVIDENCE,58,63243b7d8fa6bf4b24d63c1375ade1f1f7e5ae90db5c2fd31b0eb49316d14a8e
miniandroid/run/exp058_guard/golden_end_to_end.json,1200,2026-08-22T16:54:07.551941+00:00,JSON,GENERATED_OUTPUT,58,d5116391db2999862036317855b26466f0cdd9fc1455eab1c0e1e2f06bc4918b
miniandroid/run/exp058_guard/shadow_report.json,3860,2026-08-22T16:54:07.552941+00:00,JSON,GENERATED_OUTPUT,58,ad640dc2534ea70af73e61fdbeead412ae77d85f8a5dc8724d50ff7e777b28e7
miniandroid/run/exp058_guard/runtime_component_map.json,1010,2026-08-22T16:54:07.551941+00:00,JSON,GENERATED_OUTPUT,58,b1679762330edca063c1e838d3b63f62863e03ee6b5c4974ccde4914ef6bfa93
miniandroid/run/exp058_guard/report.md,2876,2026-08-22T16:54:07.551941+00:00,REPORT_MD,HISTORICAL_EVIDENCE,58,
miniandroid/run/exp058_guard/golden/corpus.json,2017,2026-08-22T16:54:07.551941+00:00,JSON,REGRESSION_FIXTURE,58,647c390de845e1540e946c6b681469290a99023876e9b9d2a838bd76aaf6c50c
miniandroid/run/exp058_guard/database/android_api_frequency.json,70073,2026-08-22T16:54:07.551941+00:00,JSON,GENERATED_OUTPUT,58,
miniandroid/run/exp058_guard/database/dex_opcode_frequency.json,219,2026-08-22T16:54:07.551941+00:00,JSON,GENERATED_OUTPUT,58,f7db13b55a884b1fd1000373491042334b8e4126355c7a9c95273bc3ebd1c80f
miniandroid/run/exp071_run9/failure_report.json,926,2026-08-22T16:54:07.725941+00:00,JSON,HISTORICAL_EVIDENCE,71,de53a1113371e2ed5025b2e1580b3e366d64a680edaac1e58cd509519ed0a1ac
miniandroid/run/exp071_run9/application_runtime.json,3604,2026-08-22T16:54:07.725941+00:00,JSON,GENERATED_OUTPUT,71,a5bb167294330be21cc57b9647d376163ba58777a82d4868c60d7dd3e5ff99d1
miniandroid/run/exp071_run9/runtime_state_trace.json,2846,2026-08-22T16:54:07.725941+00:00,JSON,GENERATED_OUTPUT,71,709eeb66d52e0ed0c8d98643dc76de34e9493ca2fa2f3acf91fea99e3649cee0
miniandroid/run/exp071_run9/report.md.json,4967,2026-08-22T16:54:07.725941+00:00,JSON,GENERATED_OUTPUT,71,9c3fa5db3b81e44b68435b8d2d4be3e749249a1abf2dce84e93be09ab538ce39
miniandroid/run/exp071_run9/test_matrix.json,787,2026-08-22T16:54:07.725941+00:00,JSON,HISTORICAL_EVIDENCE,71,63243b7d8fa6bf4b24d63c1375ade1f1f7e5ae90db5c2fd31b0eb49316d14a8e
miniandroid/run/exp071_run9/golden_end_to_end.json,1200,2026-08-22T16:54:07.725941+00:00,JSON,GENERATED_OUTPUT,71,1e9d51be30b390bfe7004970eecf966c67161b9cafd9090462bf100d3f73216a
miniandroid/run/exp071_run9/render_request.txt,164,2026-08-22T16:54:07.725941+00:00,TXT,GENERATED_OUTPUT,71,
miniandroid/run/exp071_run9/shadow_report.json,3968,2026-08-22T16:54:07.725941+00:00,JSON,GENERATED_OUTPUT,71,2e2acfb1f651070e1544a336e373b916e0d76ef12c5c7218b1484107cf8e2cd1
miniandroid/run/exp071_run9/view_tree.json,632279,2026-08-22T16:54:07.726942+00:00,VIEW_TREE_DUMP,GENERATED_OUTPUT,71,
miniandroid/run/exp071_run9/runtime_component_map.json,1010,2026-08-22T16:54:07.725941+00:00,JSON,GENERATED_OUTPUT,71,17bafbd5d4ccb3b2f6f8419b7b778e0653b6d9dfe50f9a92f0f94978e6284649
miniandroid/run/exp071_run9/report.md,2876,2026-08-22T16:54:07.725941+00:00,REPORT_MD,HISTORICAL_EVIDENCE,71,
miniandroid/run/exp071_run9/golden/corpus.json,2017,2026-08-22T16:54:07.725941+00:00,JSON,REGRESSION_FIXTURE,71,647c390de845e1540e946c6b681469290a99023876e9b9d2a838bd76aaf6c50c
miniandroid/run/exp071_run9/database/dex_opcode_frequency.json,219,2026-08-22T16:54:07.725941+00:00,JSON,GENERATED_OUTPUT,71,f7db13b55a884b1fd1000373491042334b8e4126355c7a9c95273bc3ebd1c80f
miniandroid/run/exp048_iface2/failure_report.json,926,2026-08-22T16:54:07.415941+00:00,JSON,HISTORICAL_EVIDENCE,48,bd623324d2c5bbc27bc2b7c4052bab4498b970931d33d364e955c5f1e7d1b661
miniandroid/run/exp048_iface2/application_runtime.json,3609,2026-08-22T16:54:07.415941+00:00,JSON,GENERATED_OUTPUT,48,1d0d2b5ecd386e38fe0bb43918a5e52d8ceb148dc57430dfed16d532ccbc869d
miniandroid/run/exp048_iface2/runtime_state_trace.json,2847,2026-08-22T16:54:07.415941+00:00,JSON,GENERATED_OUTPUT,48,fe56de7a0ed6fd62c700c371ce417be055a33bb9f73e52f608d9b3ced9e41189
miniandroid/run/exp048_iface2/report.md.json,4966,2026-08-22T16:54:07.415941+00:00,JSON,GENERATED_OUTPUT,48,2f2ffcb059896b92c8308360a34afe9021f216888d10513a41f17ef1aa566af2
miniandroid/run/exp048_iface2/test_matrix.json,787,2026-08-22T16:54:07.418941+00:00,JSON,HISTORICAL_EVIDENCE,48,63243b7d8fa6bf4b24d63c1375ade1f1f7e5ae90db5c2fd31b0eb49316d14a8e
miniandroid/run/exp048_iface2/golden_end_to_end.json,1200,2026-08-22T16:54:07.415941+00:00,JSON,GENERATED_OUTPUT,48,b50753180eb5b584622e38f2911052dc8e76087bc8d479f2336f4d3eef412a3a
miniandroid/run/exp048_iface2/runtime_component_map.json,1010,2026-08-22T16:54:07.415941+00:00,JSON,GENERATED_OUTPUT,48,dfff2c9f8194ca6fc072e6fbb591f384068932a1ab1ccb75791990d0c14e6fbf
miniandroid/run/exp048_iface2/report.md,2877,2026-08-22T16:54:07.415941+00:00,REPORT_MD,HISTORICAL_EVIDENCE,48,
miniandroid/run/exp048_iface2/golden/corpus.json,2017,2026-08-22T16:54:07.415941+00:00,JSON,REGRESSION_FIXTURE,48,647c390de845e1540e946c6b681469290a99023876e9b9d2a838bd76aaf6c50c
miniandroid/run/exp048_iface2/database/dex_opcode_frequency.json,219,2026-08-22T16:54:07.415941+00:00,JSON,GENERATED_OUTPUT,48,f7db13b55a884b1fd1000373491042334b8e4126355c7a9c95273bc3ebd1c80f
miniandroid/run/exp074/login_sms_rendered.png,15804,2026-08-22T16:54:07.748942+00:00,OTHER,GENERATED_OUTPUT,74,
miniandroid/run/exp074/exp074_real_apk_results.json,2081,2026-08-22T16:54:07.748942+00:00,JSON,GENERATED_OUTPUT,74,
miniandroid/run/exp074/de.duenndns.gmdice_8_exp074/failure_report.json,1160,2026-08-22T16:54:07.747941+00:00,JSON,HISTORICAL_EVIDENCE,74,dc5f5b6432bb13d9767a492e0222ec86c8c6503491a7c3c6e1438e29000d3722
miniandroid/run/exp074/de.duenndns.gmdice_8_exp074/application_runtime.json,3907,2026-08-22T16:54:07.747941+00:00,JSON,GENERATED_OUTPUT,74,
miniandroid/run/exp074/de.duenndns.gmdice_8_exp074/runtime_state_trace.json,2989,2026-08-22T16:54:07.747941+00:00,JSON,GENERATED_OUTPUT,74,
miniandroid/run/exp074/de.duenndns.gmdice_8_exp074/report.md.json,5118,2026-08-22T16:54:07.747941+00:00,JSON,GENERATED_OUTPUT,74,da94ff20c8f5d37d9372a455597368dacf2fb8fcf2ae1537612f8bbffe3a4455
miniandroid/run/exp074/de.duenndns.gmdice_8_exp074/test_matrix.json,865,2026-08-22T16:54:07.748942+00:00,JSON,HISTORICAL_EVIDENCE,74,ea128f664f5253aafcc9fa80de7dbb3377e6ff4cb392642a6db1a7eca4910cf7
miniandroid/run/exp074/de.duenndns.gmdice_8_exp074/golden_end_to_end.json,1281,2026-08-22T16:54:07.747941+00:00,JSON,GENERATED_OUTPUT,74,e3fb090c1b38243f2d598740ffa5ccc871b749050258f9c39480a38049748208
miniandroid/run/exp074/de.duenndns.gmdice_8_exp074/render_request.txt,428,2026-08-22T16:54:07.747941+00:00,TXT,GENERATED_OUTPUT,74,
miniandroid/run/exp074/de.duenndns.gmdice_8_exp074/view_tree.json,420,2026-08-22T16:54:07.748942+00:00,VIEW_TREE_DUMP,GENERATED_OUTPUT,74,0cf683286a3d298a7cfe70e0c10519e62ca81d562737b77bea84a77929c12c99
miniandroid/run/exp074/de.duenndns.gmdice_8_exp074/runtime_component_map.json,1010,2026-08-22T16:54:07.747941+00:00,JSON,GENERATED_OUTPUT,74,d25e767534f633d5c58e88985c17d016b9a10530d945c6e84fd46931b6fe3040
miniandroid/run/exp074/de.duenndns.gmdice_8_exp074/report.md,3037,2026-08-22T16:54:07.747941+00:00,REPORT_MD,HISTORICAL_EVIDENCE,74,
miniandroid/run/exp074/de.duenndns.gmdice_8_exp074/exp074_rendered.png,2887,2026-08-22T16:54:07.747941+00:00,OTHER,GENERATED_OUTPUT,74,
miniandroid/run/exp074/de.duenndns.gmdice_8_exp074/golden/corpus.json,2017,2026-08-22T16:54:07.747941+00:00,JSON,REGRESSION_FIXTURE,74,647c390de845e1540e946c6b681469290a99023876e9b9d2a838bd76aaf6c50c
miniandroid/run/exp074/de.duenndns.gmdice_8_exp074/database/dex_opcode_frequency.json,219,2026-08-22T16:54:07.747941+00:00,JSON,GENERATED_OUTPUT,74,f7db13b55a884b1fd1000373491042334b8e4126355c7a9c95273bc3ebd1c80f
miniandroid/run/exp074/omegacentauri.mobi.simplestopwatch_26_exp074/failure_report.json,1211,2026-08-22T16:54:07.748942+00:00,JSON,HISTORICAL_EVIDENCE,74,84aa3c7e548b9c80af5ba32759d74315b21abd0bef247851494c0bb8163efaa4
miniandroid/run/exp074/omegacentauri.mobi.simplestopwatch_26_exp074/application_runtime.json,4036,2026-08-22T16:54:07.748942+00:00,JSON,GENERATED_OUTPUT,74,8d365be729380b1113f5226c19e0eee13c44e8c9f66d34b6c6cd3ce31d830aa9
miniandroid/run/exp074/omegacentauri.mobi.simplestopwatch_26_exp074/runtime_state_trace.json,3055,2026-08-22T16:54:07.749942+00:00,JSON,GENERATED_OUTPUT,74,ef2caaf624ca36418a0b5605c0944b6abb30eee4aaa2ef397eb2c465e162b1d2
miniandroid/run/exp074/omegacentauri.mobi.simplestopwatch_26_exp074/report.md.json,5152,2026-08-22T16:54:07.749942+00:00,JSON,GENERATED_OUTPUT,74,a0f873a56d7b1df872cef1919c7bc9f46a6e627af6fda3defb57d329ea2d8d82
miniandroid/run/exp074/omegacentauri.mobi.simplestopwatch_26_exp074/test_matrix.json,882,2026-08-22T16:54:07.749942+00:00,JSON,HISTORICAL_EVIDENCE,74,8b1a8c1f6471cded13e456370309fc5c084f4f95339e86a5f149f7d78600f91a
miniandroid/run/exp074/omegacentauri.mobi.simplestopwatch_26_exp074/golden_end_to_end.json,1309,2026-08-22T16:54:07.749942+00:00,JSON,GENERATED_OUTPUT,74,650286d47fb6942bb64dc1b015f36b38dfe0156c2013c1a51639a8d54f13eaa5
miniandroid/run/exp074/omegacentauri.mobi.simplestopwatch_26_exp074/render_request.txt,479,2026-08-22T16:54:07.749942+00:00,TXT,GENERATED_OUTPUT,74,
miniandroid/run/exp074/omegacentauri.mobi.simplestopwatch_26_exp074/runtime_component_map.json,1010,2026-08-22T16:54:07.749942+00:00,JSON,GENERATED_OUTPUT,74,4e912c12cff912b2eef069a68c83f31d4a802c9679e2d773a861e2ab29479860
miniandroid/run/exp074/omegacentauri.mobi.simplestopwatch_26_exp074/report.md,3071,2026-08-22T16:54:07.749942+00:00,REPORT_MD,HISTORICAL_EVIDENCE,74,
miniandroid/run/exp074/omegacentauri.mobi.simplestopwatch_26_exp074/exp074_rendered.png,2887,2026-08-22T16:54:07.748942+00:00,OTHER,GENERATED_OUTPUT,74,
miniandroid/run/exp074/omegacentauri.mobi.simplestopwatch_26_exp074/golden/corpus.json,2017,2026-08-22T16:54:07.748942+00:00,JSON,REGRESSION_FIXTURE,74,647c390de845e1540e946c6b681469290a99023876e9b9d2a838bd76aaf6c50c
miniandroid/run/exp074/omegacentauri.mobi.simplestopwatch_26_exp074/database/dex_opcode_frequency.json,219,2026-08-22T16:54:07.748942+00:00,JSON,GENERATED_OUTPUT,74,f7db13b55a884b1fd1000373491042334b8e4126355c7a9c95273bc3ebd1c80f
miniandroid/run/exp074/com.chessclock.android_29_exp074/report.md.json,5145,2026-08-22T16:54:07.747941+00:00,JSON,GENERATED_OUTPUT,74,16c39ee437d6ad9350a2b3aafe6ecaafb3261e30647bef66e23be37ae740c5ac
miniandroid/run/exp074/com.chessclock.android_29_exp074/test_matrix.json,884,2026-08-22T16:54:07.747941+00:00,JSON,HISTORICAL_EVIDENCE,74,928af0797e8d156c6c4fa802a5746fedbabc41cdea12427f5c755a7b86e01f70
miniandroid/run/exp074/com.chessclock.android_29_exp074/report.md,3054,2026-08-22T16:54:07.747941+00:00,REPORT_MD,HISTORICAL_EVIDENCE,74,
miniandroid/run/exp074/com.chessclock.android_29_exp074/golden/corpus.json,2017,2026-08-22T16:54:07.747941+00:00,JSON,REGRESSION_FIXTURE,74,647c390de845e1540e946c6b681469290a99023876e9b9d2a838bd76aaf6c50c
miniandroid/run/exp074/com.chessclock.android_29_exp074/database/android_api_frequency.json,267,2026-08-22T16:54:07.747941+00:00,JSON,GENERATED_OUTPUT,74,b7486b33602f60bc443de6ec1fa527efdb37ce1e26665c7ffadca4fe818ea9fe
miniandroid/run/exp074/com.chessclock.android_29_exp074/database/dex_opcode_frequency.json,219,2026-08-22T16:54:07.747941+00:00,JSON,GENERATED_OUTPUT,74,f7db13b55a884b1fd1000373491042334b8e4126355c7a9c95273bc3ebd1c80f
miniandroid/run/exp074/org.debian.eugen.headingcalculator_1_exp074/failure_report.json,1208,2026-08-22T16:54:07.751942+00:00,JSON,HISTORICAL_EVIDENCE,74,75378463c5b6f8de8a0efbef9fe7a66c6921424594396c00a0a5abadc631e4d9
miniandroid/run/exp074/org.debian.eugen.headingcalculator_1_exp074/application_runtime.json,4035,2026-08-22T16:54:07.751942+00:00,JSON,GENERATED_OUTPUT,74,4e1a5e459d64d6a449e90643c69ac64320ca9d4f3e4c8750992eeda4b247bd4f
miniandroid/run/exp074/org.debian.eugen.headingcalculator_1_exp074/runtime_state_trace.json,3055,2026-08-22T16:54:07.751942+00:00,JSON,GENERATED_OUTPUT,74,883daa75db0dcd033b31b7bd8d01965c924567b922b914155c19b2862646955c
miniandroid/run/exp074/org.debian.eugen.headingcalculator_1_exp074/report.md.json,5150,2026-08-22T16:54:07.751942+00:00,JSON,GENERATED_OUTPUT,74,be9acb29ac0b98f91221073192905647d3cc60bb5a746f27bf33ab19074b53d0
miniandroid/run/exp074/org.debian.eugen.headingcalculator_1_exp074/test_matrix.json,881,2026-08-22T16:54:07.751942+00:00,JSON,HISTORICAL_EVIDENCE,74,adb36a9a131ba6b92c669fcd773d9ae4b0e1b42d4072292a1ffaf1b62a5047aa
miniandroid/run/exp074/org.debian.eugen.headingcalculator_1_exp074/golden_end_to_end.json,1311,2026-08-22T16:54:07.751942+00:00,JSON,GENERATED_OUTPUT,74,bd1bbe5e48ba8e311a4d63f820b00902975932ee978f89f366f387fccd5b5f32
miniandroid/run/exp074/org.debian.eugen.headingcalculator_1_exp074/render_request.txt,476,2026-08-22T16:54:07.751942+00:00,TXT,GENERATED_OUTPUT,74,
miniandroid/run/exp074/org.debian.eugen.headingcalculator_1_exp074/view_tree.json,433,2026-08-22T16:54:07.752942+00:00,VIEW_TREE_DUMP,GENERATED_OUTPUT,74,33e5cea01dad730c1a34cc243c9bc734573e593cb8d26ed1d1e7898595b25c05
miniandroid/run/exp074/org.debian.eugen.headingcalculator_1_exp074/runtime_component_map.json,1010,2026-08-22T16:54:07.751942+00:00,JSON,GENERATED_OUTPUT,74,84a1b2190479a93cd0806550206f821c34a490e00e7e024dd4d314eada9905ec
miniandroid/run/exp074/org.debian.eugen.headingcalculator_1_exp074/report.md,3069,2026-08-22T16:54:07.751942+00:00,REPORT_MD,HISTORICAL_EVIDENCE,74,
miniandroid/run/exp074/org.debian.eugen.headingcalculator_1_exp074/exp074_rendered.png,2887,2026-08-22T16:54:07.751942+00:00,OTHER,GENERATED_OUTPUT,74,
miniandroid/run/exp074/org.debian.eugen.headingcalculator_1_exp074/golden/corpus.json,2017,2026-08-22T16:54:07.751942+00:00,JSON,REGRESSION_FIXTURE,74,647c390de845e1540e946c6b681469290a99023876e9b9d2a838bd76aaf6c50c
miniandroid/run/exp074/org.debian.eugen.headingcalculator_1_exp074/database/dex_opcode_frequency.json,219,2026-08-22T16:54:07.751942+00:00,JSON,GENERATED_OUTPUT,74,f7db13b55a884b1fd1000373491042334b8e4126355c7a9c95273bc3ebd1c80f
miniandroid/run/exp074/org.billthefarmer.notes_139_exp074/failure_report.json,1181,2026-08-22T16:54:07.750942+00:00,JSON,HISTORICAL_EVIDENCE,74,4a5da536bf490d274e5732c8fe5d51f52566b62c05c6c836bfe6194ccdf998d7
miniandroid/run/exp074/org.billthefarmer.notes_139_exp074/application_runtime.json,3945,2026-08-22T16:54:07.749942+00:00,JSON,GENERATED_OUTPUT,74,7db944712e8ff729f0540d6d652a6b699317f6b48721c62ae70465aa03667396
miniandroid/run/exp074/org.billthefarmer.notes_139_exp074/runtime_state_trace.json,3008,2026-08-22T16:54:07.750942+00:00,JSON,GENERATED_OUTPUT,74,5a9d57f4c9f8b03741512db483be0281974f54e240bdbcf2f896e87c184321fe
miniandroid/run/exp074/org.billthefarmer.notes_139_exp074/report.md.json,5135,2026-08-22T16:54:07.750942+00:00,JSON,GENERATED_OUTPUT,74,9f5880021c754129e2c936fe6fdcdca1d9a3fdb075e14e7c74baf8135f02ec05
miniandroid/run/exp074/org.billthefarmer.notes_139_exp074/test_matrix.json,872,2026-08-22T16:54:07.750942+00:00,JSON,HISTORICAL_EVIDENCE,74,57f8683e146ab2c870efc5881d4fa9739fd9570dc5b9138b0e7720c16f92b243
miniandroid/run/exp074/org.billthefarmer.notes_139_exp074/golden_end_to_end.json,1284,2026-08-22T16:54:07.750942+00:00,JSON,GENERATED_OUTPUT,74,7b0a5de72bb178cc33d918ad6dd685e55baae133480d019f086f37bfe3f442a0
miniandroid/run/exp074/org.billthefarmer.notes_139_exp074/render_request.txt,449,2026-08-22T16:54:07.750942+00:00,TXT,GENERATED_OUTPUT,74,
miniandroid/run/exp074/org.billthefarmer.notes_139_exp074/runtime_component_map.json,1010,2026-08-22T16:54:07.750942+00:00,JSON,GENERATED_OUTPUT,74,84a1b2190479a93cd0806550206f821c34a490e00e7e024dd4d314eada9905ec
miniandroid/run/exp074/org.billthefarmer.notes_139_exp074/report.md,3054,2026-08-22T16:54:07.750942+00:00,REPORT_MD,HISTORICAL_EVIDENCE,74,
miniandroid/run/exp074/org.billthefarmer.notes_139_exp074/exp074_rendered.png,2887,2026-08-22T16:54:07.750942+00:00,OTHER,GENERATED_OUTPUT,74,
miniandroid/run/exp074/org.billthefarmer.notes_139_exp074/golden/corpus.json,2017,2026-08-22T16:54:07.750942+00:00,JSON,REGRESSION_FIXTURE,74,647c390de845e1540e946c6b681469290a99023876e9b9d2a838bd76aaf6c50c
miniandroid/run/exp074/org.billthefarmer.notes_139_exp074/database/dex_opcode_frequency.json,219,2026-08-22T16:54:07.749942+00:00,JSON,GENERATED_OUTPUT,74,f7db13b55a884b1fd1000373491042334b8e4126355c7a9c95273bc3ebd1c80f
miniandroid/run/exp071_run8/failure_report.json,926,2026-08-22T16:54:07.723942+00:00,JSON,HISTORICAL_EVIDENCE,71,3736246875cff68eeddf9441528c186815c4ff4f314e2ee8fd532e9c6c838c51
miniandroid/run/exp071_run8/application_runtime.json,3605,2026-08-22T16:54:07.723942+00:00,JSON,GENERATED_OUTPUT,71,b7bd9c602bb13fd81df6036b9ebd57d44f97dd72dfdccf444b55405c63eeefd6
miniandroid/run/exp071_run8/runtime_state_trace.json,2847,2026-08-22T16:54:07.723942+00:00,JSON,GENERATED_OUTPUT,71,45e0045d75a21b7796488466ecac0df44ed765970bc884f60dd424c27fc952bb
miniandroid/run/exp071_run8/report.md.json,4967,2026-08-22T16:54:07.723942+00:00,JSON,GENERATED_OUTPUT,71,7d8da682ab6f657f9de4a1105d420fa68f1dc63ad46d2501d44b49db7ccab976
miniandroid/run/exp071_run8/test_matrix.json,787,2026-08-22T16:54:07.724941+00:00,JSON,HISTORICAL_EVIDENCE,71,63243b7d8fa6bf4b24d63c1375ade1f1f7e5ae90db5c2fd31b0eb49316d14a8e
miniandroid/run/exp071_run8/golden_end_to_end.json,1200,2026-08-22T16:54:07.723942+00:00,JSON,GENERATED_OUTPUT,71,806f52a82310126730a78802516c5926a2cb424a4e61a1a7900b038c52896423
miniandroid/run/exp071_run8/render_request.txt,164,2026-08-22T16:54:07.723942+00:00,TXT,GENERATED_OUTPUT,71,
miniandroid/run/exp071_run8/shadow_report.json,3968,2026-08-22T16:54:07.724941+00:00,JSON,GENERATED_OUTPUT,71,f9e1bc296ad44f621ee1aff1333c7fb87b446a2586ccba02bb74b7afd98579b1
miniandroid/run/exp071_run8/view_tree.json,631820,2026-08-22T16:54:07.724941+00:00,VIEW_TREE_DUMP,GENERATED_OUTPUT,71,e6e61ceb2ce846054f75099b8e9e75d81fe64763e31fd343350f382b9dcca07c
miniandroid/run/exp071_run8/runtime_component_map.json,1010,2026-08-22T16:54:07.723942+00:00,JSON,GENERATED_OUTPUT,71,67bfa6eb1fd05dd8ee40721a46c92f674493468774bb1a052d215e40eae6c7d6
miniandroid/run/exp071_run8/report.md,2876,2026-08-22T16:54:07.723942+00:00,REPORT_MD,HISTORICAL_EVIDENCE,71,
miniandroid/run/exp071_run8/golden/corpus.json,2017,2026-08-22T16:54:07.723942+00:00,JSON,REGRESSION_FIXTURE,71,647c390de845e1540e946c6b681469290a99023876e9b9d2a838bd76aaf6c50c
miniandroid/run/exp071_run8/database/dex_opcode_frequency.json,219,2026-08-22T16:54:07.723942+00:00,JSON,GENERATED_OUTPUT,71,f7db13b55a884b1fd1000373491042334b8e4126355c7a9c95273bc3ebd1c80f
miniandroid/run/exp067_run1/failure_report.json,926,2026-08-22T16:54:07.651941+00:00,JSON,HISTORICAL_EVIDENCE,67,9ddbe9d91e631b34bcabb35a455c3c8fd3f5f177174762b2a20780540f2f21de
miniandroid/run/exp067_run1/application_runtime.json,3604,2026-08-22T16:54:07.651941+00:00,JSON,GENERATED_OUTPUT,67,66f48e6830e609c2903146de3d33628eb2cccc70919a578ecedacdb1b5892e96
miniandroid/run/exp067_run1/runtime_state_trace.json,2846,2026-08-22T16:54:07.651941+00:00,JSON,GENERATED_OUTPUT,67,4f4fc5136bf870b97ec833b07fa77ddc33a01743d37c507887e1d24b38a1e3ef
miniandroid/run/exp067_run1/report.md.json,4967,2026-08-22T16:54:07.651941+00:00,JSON,GENERATED_OUTPUT,67,cfa2a3ccba04221867f420fd40172bf1fd778936123aaf1b8fbfaf5f8ac75b6f
miniandroid/run/exp067_run1/test_matrix.json,787,2026-08-22T16:54:07.652941+00:00,JSON,HISTORICAL_EVIDENCE,67,63243b7d8fa6bf4b24d63c1375ade1f1f7e5ae90db5c2fd31b0eb49316d14a8e
miniandroid/run/exp067_run1/golden_end_to_end.json,1200,2026-08-22T16:54:07.651941+00:00,JSON,GENERATED_OUTPUT,67,0fd510d1163c0dc07318ac45d20488347d948d86b56876cefa6745b9dc0185d5
miniandroid/run/exp067_run1/render_request.txt,164,2026-08-22T16:54:07.651941+00:00,TXT,GENERATED_OUTPUT,67,
miniandroid/run/exp067_run1/runtime_component_map.json,1010,2026-08-22T16:54:07.651941+00:00,JSON,GENERATED_OUTPUT,67,869ca7d0d0f7c3f9b02dad72e310157e5c40b834847e2dde10ca410c15612a0c
miniandroid/run/exp067_run1/report.md,2876,2026-08-22T16:54:07.651941+00:00,REPORT_MD,HISTORICAL_EVIDENCE,67,
miniandroid/run/exp067_run1/golden/corpus.json,2017,2026-08-22T16:54:07.651941+00:00,JSON,REGRESSION_FIXTURE,67,647c390de845e1540e946c6b681469290a99023876e9b9d2a838bd76aaf6c50c
miniandroid/run/exp067_run1/database/dex_opcode_frequency.json,219,2026-08-22T16:54:07.651941+00:00,JSON,GENERATED_OUTPUT,67,f7db13b55a884b1fd1000373491042334b8e4126355c7a9c95273bc3ebd1c80f
miniandroid/run/exp065_run4/failure_report.json,926,2026-08-22T16:54:07.635941+00:00,JSON,HISTORICAL_EVIDENCE,65,a2486a46a34462600dfd78782cac2599f8530dc05afd4f0f5a9c5dcaaba1acf6
miniandroid/run/exp065_run4/application_runtime.json,3602,2026-08-22T16:54:07.635941+00:00,JSON,GENERATED_OUTPUT,65,5c7f505269ad4d947c0ef3d37717dcd5d10751ec6680639bdc3057e33c7d9b9c
miniandroid/run/exp065_run4/runtime_state_trace.json,2844,2026-08-22T16:54:07.635941+00:00,JSON,GENERATED_OUTPUT,65,afe89ee547c40a5fa13e916e23b74fed134cf301c2b010feccc9c20e39799908
miniandroid/run/exp065_run4/report.md.json,4967,2026-08-22T16:54:07.635941+00:00,JSON,GENERATED_OUTPUT,65,3d286c7b982a0a08081ca4f73c2364184a6a9ed7f85350093c8cdac099ce5b35
miniandroid/run/exp065_run4/test_matrix.json,787,2026-08-22T16:54:07.636941+00:00,JSON,HISTORICAL_EVIDENCE,65,63243b7d8fa6bf4b24d63c1375ade1f1f7e5ae90db5c2fd31b0eb49316d14a8e
miniandroid/run/exp065_run4/golden_end_to_end.json,1200,2026-08-22T16:54:07.635941+00:00,JSON,GENERATED_OUTPUT,65,03cc7ce7d42b69bd1cd310d993fa7208d0aebc528c8d98f2007c9a6b86418344
miniandroid/run/exp065_run4/render_request.txt,164,2026-08-22T16:54:07.635941+00:00,TXT,GENERATED_OUTPUT,65,
miniandroid/run/exp065_run4/runtime_component_map.json,1010,2026-08-22T16:54:07.635941+00:00,JSON,GENERATED_OUTPUT,65,da9a9ac085fed7be9f5ca4509568110bb2fa7739d61c79b569a2f7462ed41c2c
miniandroid/run/exp065_run4/report.md,2876,2026-08-22T16:54:07.635941+00:00,REPORT_MD,HISTORICAL_EVIDENCE,65,
miniandroid/run/exp065_run4/golden/corpus.json,2017,2026-08-22T16:54:07.635941+00:00,JSON,REGRESSION_FIXTURE,65,647c390de845e1540e946c6b681469290a99023876e9b9d2a838bd76aaf6c50c
miniandroid/run/exp065_run4/database/dex_opcode_frequency.json,219,2026-08-22T16:54:07.635941+00:00,JSON,GENERATED_OUTPUT,65,f7db13b55a884b1fd1000373491042334b8e4126355c7a9c95273bc3ebd1c80f
miniandroid/run/exp046_native/failure_report.json,926,2026-08-22T16:54:07.378941+00:00,JSON,HISTORICAL_EVIDENCE,46,e941570cc836ae210ff5ef23b6cf96f22357e94d69de7b74aa8b9e42dc37c087
miniandroid/run/exp046_native/application_runtime.json,3606,2026-08-22T16:54:07.377941+00:00,JSON,GENERATED_OUTPUT,46,9bdeb692b63da35794a5b18c4fa663e475303d2e1e319a3b8cc09caeaadbbcb2
miniandroid/run/exp046_native/runtime_state_trace.json,2844,2026-08-22T16:54:07.378941+00:00,JSON,GENERATED_OUTPUT,46,3461b3743bf885b442fa8c1c47e87f62040b16ec9114fe01c31256f0fac7f115
miniandroid/run/exp046_native/report.md.json,4966,2026-08-22T16:54:07.378941+00:00,JSON,GENERATED_OUTPUT,46,12c3c990b91419b627b157758c37575cd1e6750f045eb3f7e0d2b8638f8f5537
miniandroid/run/exp046_native/test_matrix.json,787,2026-08-22T16:54:07.380941+00:00,JSON,HISTORICAL_EVIDENCE,46,63243b7d8fa6bf4b24d63c1375ade1f1f7e5ae90db5c2fd31b0eb49316d14a8e
miniandroid/run/exp046_native/golden_end_to_end.json,1200,2026-08-22T16:54:07.378941+00:00,JSON,GENERATED_OUTPUT,46,77b8a8962d50fc68b47c69a0d9367208cdd41d00022512acac7737e0fc4d07fe
miniandroid/run/exp046_native/runtime_component_map.json,1010,2026-08-22T16:54:07.378941+00:00,JSON,GENERATED_OUTPUT,46,0fd18a48f8dfff1ee01c965b125525068489835f90d12ac9f9563cc0bcce2efd
miniandroid/run/exp046_native/report.md,2877,2026-08-22T16:54:07.378941+00:00,REPORT_MD,HISTORICAL_EVIDENCE,46,
miniandroid/run/exp046_native/golden/corpus.json,2017,2026-08-22T16:54:07.378941+00:00,JSON,REGRESSION_FIXTURE,46,647c390de845e1540e946c6b681469290a99023876e9b9d2a838bd76aaf6c50c
miniandroid/run/exp046_native/database/dex_opcode_frequency.json,219,2026-08-22T16:54:07.378941+00:00,JSON,GENERATED_OUTPUT,46,f7db13b55a884b1fd1000373491042334b8e4126355c7a9c95273bc3ebd1c80f
miniandroid/run/exp062_stubs/render_provenance.json,4477,2026-08-22T16:54:07.587941+00:00,JSON,GENERATED_OUTPUT,62,d125ec7a5f1ee973c4b7bf3f2f4b08b9ccbafaa4af9f6c393090d939ee622fe2
miniandroid/run/exp062_stubs/failure_report.json,926,2026-08-22T16:54:07.586941+00:00,JSON,HISTORICAL_EVIDENCE,62,2d13007145812e83643742fbd0ee44dbb231d51e1d30fac12144ab4afd500d73
miniandroid/run/exp062_stubs/application_runtime.json,3601,2026-08-22T16:54:07.586941+00:00,JSON,GENERATED_OUTPUT,62,1bcafff90fe5dc264d074699c0be9d463be5ceb04d00aa86e723a1663736ed27
miniandroid/run/exp062_stubs/runtime_state_trace.json,2841,2026-08-22T16:54:07.587941+00:00,JSON,GENERATED_OUTPUT,62,edab677c2a413cd31ee34071152e631a4f06ac8a3357ca22945004dc3c3bc4c9
miniandroid/run/exp062_stubs/report.md.json,4967,2026-08-22T16:54:07.587941+00:00,JSON,GENERATED_OUTPUT,62,0338cfaba5d391b4d7a2f3d15a27676b543a97cdf6c561aad775763105abbbf1
miniandroid/run/exp062_stubs/test_matrix.json,787,2026-08-22T16:54:07.588941+00:00,JSON,HISTORICAL_EVIDENCE,62,63243b7d8fa6bf4b24d63c1375ade1f1f7e5ae90db5c2fd31b0eb49316d14a8e
miniandroid/run/exp062_stubs/golden_end_to_end.json,1200,2026-08-22T16:54:07.587941+00:00,JSON,GENERATED_OUTPUT,62,a09536ddb2683cd2f8332fac4bf1a88ce88fd12f694f4124962bf6ccfc860013
miniandroid/run/exp062_stubs/login_screen.png,21965,2026-08-22T16:54:07.587941+00:00,OTHER,GENERATED_OUTPUT,62,
miniandroid/run/exp062_stubs/render_request.txt,167,2026-08-22T16:54:07.587941+00:00,TXT,GENERATED_OUTPUT,62,
miniandroid/run/exp062_stubs/runtime_component_map.json,1010,2026-08-22T16:54:07.587941+00:00,JSON,GENERATED_OUTPUT,62,fe4c7685a0b06973e22f029534b84d06d112fd6dfec8178f337b13f08294b715
miniandroid/run/exp062_stubs/login_screen_debug.png,21989,2026-08-22T16:54:07.587941+00:00,OTHER,GENERATED_OUTPUT,62,
miniandroid/run/exp062_stubs/report.md,2877,2026-08-22T16:54:07.587941+00:00,REPORT_MD,HISTORICAL_EVIDENCE,62,
miniandroid/run/exp062_stubs/golden/corpus.json,2017,2026-08-22T16:54:07.586941+00:00,JSON,REGRESSION_FIXTURE,62,647c390de845e1540e946c6b681469290a99023876e9b9d2a838bd76aaf6c50c
miniandroid/run/exp062_stubs/database/dex_opcode_frequency.json,219,2026-08-22T16:54:07.586941+00:00,JSON,GENERATED_OUTPUT,62,f7db13b55a884b1fd1000373491042334b8e4126355c7a9c95273bc3ebd1c80f
miniandroid/run/exp046_jnidiag/failure_report.json,926,2026-08-22T16:54:07.376941+00:00,JSON,HISTORICAL_EVIDENCE,46,ce6e5d2f44d25f51dfd75246796ec579c7c30d779786925bd1b8ca108225af4c
miniandroid/run/exp046_jnidiag/application_runtime.json,3614,2026-08-22T16:54:07.376941+00:00,JSON,GENERATED_OUTPUT,46,bef0435e187e9082c4a950cbedad4746b85b95c55ceb56491c974fa7fafa65c8
miniandroid/run/exp046_jnidiag/runtime_state_trace.json,2850,2026-08-22T16:54:07.376941+00:00,JSON,GENERATED_OUTPUT,46,193ae7b85806268d8b830b9e1d565c2a1f762fc2716bd98c4a608e3cf08f3ce7
miniandroid/run/exp046_jnidiag/report.md.json,4966,2026-08-22T16:54:07.376941+00:00,JSON,GENERATED_OUTPUT,46,0004b26bfcb0938e35f1faa2e0d5c6f8b628d5f232553eeca1114305ccccd7f0
miniandroid/run/exp046_jnidiag/test_matrix.json,787,2026-08-22T16:54:07.377941+00:00,JSON,HISTORICAL_EVIDENCE,46,63243b7d8fa6bf4b24d63c1375ade1f1f7e5ae90db5c2fd31b0eb49316d14a8e
miniandroid/run/exp046_jnidiag/golden_end_to_end.json,1200,2026-08-22T16:54:07.376941+00:00,JSON,GENERATED_OUTPUT,46,dc773e0d38a2f955e4a8d34b544622bce0443aca69f35b32b75d3658fb97d97e
miniandroid/run/exp046_jnidiag/runtime_component_map.json,1010,2026-08-22T16:54:07.376941+00:00,JSON,GENERATED_OUTPUT,46,c7debc8e329fb82e01c9240f091bbc2a1c2411345abc3dd90932ab08227820a2
miniandroid/run/exp046_jnidiag/report.md,2878,2026-08-22T16:54:07.376941+00:00,REPORT_MD,HISTORICAL_EVIDENCE,46,
miniandroid/run/exp046_jnidiag/golden/corpus.json,2017,2026-08-22T16:54:07.376941+00:00,JSON,REGRESSION_FIXTURE,46,647c390de845e1540e946c6b681469290a99023876e9b9d2a838bd76aaf6c50c
miniandroid/run/exp046_jnidiag/database/dex_opcode_frequency.json,219,2026-08-22T16:54:07.376941+00:00,JSON,GENERATED_OUTPUT,46,f7db13b55a884b1fd1000373491042334b8e4126355c7a9c95273bc3ebd1c80f
miniandroid/run/exp082/tg_sorted/failure_report.json,926,2026-08-22T18:04:19.456930+00:00,JSON,CURRENT_EXPERIMENT,82,efd18b5d07b2f5e7b1d1bc4e5199e4ad29111649db75c3802542d6043e015095
miniandroid/run/exp082/tg_sorted/application_runtime.json,3616,2026-08-22T18:04:19.456930+00:00,JSON,CURRENT_EXPERIMENT,82,101fc9735739d98259aca94e357409b31efda6984cd9772adf689de8fd253c91
miniandroid/run/exp082/tg_sorted/runtime_state_trace.json,2849,2026-08-22T18:04:19.456930+00:00,JSON,CURRENT_EXPERIMENT,82,622385bbf2cafac47470c24d38b55dcb0ee72df0adbaee3d6dd0f7d2d1fe3ead
miniandroid/run/exp082/tg_sorted/report.md.json,4966,2026-08-22T18:04:19.463930+00:00,JSON,CURRENT_EXPERIMENT,82,310cb34cf50d4aa193a4fd991c498d85ca1e05874601b7af6c15d09077ac66d6
miniandroid/run/exp082/tg_sorted/test_matrix.json,787,2026-08-22T18:04:19.462930+00:00,JSON,CURRENT_EXPERIMENT,82,63243b7d8fa6bf4b24d63c1375ade1f1f7e5ae90db5c2fd31b0eb49316d14a8e
miniandroid/run/exp082/tg_sorted/golden_end_to_end.json,1200,2026-08-22T18:04:19.456930+00:00,JSON,CURRENT_EXPERIMENT,82,792dd5d7b6ab862f57508106419bcebf658f29fd12f924107af7cdd0a5379a79
miniandroid/run/exp082/tg_sorted/render_request.txt,179,2026-08-22T18:04:19.409930+00:00,TXT,CURRENT_EXPERIMENT,82,
miniandroid/run/exp082/tg_sorted/runtime_component_map.json,1010,2026-08-22T18:04:19.456930+00:00,JSON,CURRENT_EXPERIMENT,82,75a2fdd368e3068b9949e38bad78733fe057958238140f567c81309b82b0b207
miniandroid/run/exp082/tg_sorted/report.md,2880,2026-08-22T18:04:19.463930+00:00,REPORT_MD,CURRENT_EXPERIMENT,82,
miniandroid/run/exp082/tg_sorted/golden/corpus.json,2017,2026-08-22T18:04:19.458930+00:00,JSON,CURRENT_EXPERIMENT,82,647c390de845e1540e946c6b681469290a99023876e9b9d2a838bd76aaf6c50c
miniandroid/run/exp082/tg_sorted/database/dex_opcode_frequency.json,219,2026-08-22T18:04:19.461930+00:00,JSON,CURRENT_EXPERIMENT,82,f7db13b55a884b1fd1000373491042334b8e4126355c7a9c95273bc3ebd1c80f
miniandroid/run/exp082/tg_check/failure_report.json,926,2026-08-22T17:50:23.229990+00:00,JSON,CURRENT_EXPERIMENT,82,414b9d756cadfebd8e98cc265af0adb1c8764483db8a3c8f428ac5ef8a787065
miniandroid/run/exp082/tg_check/application_runtime.json,3609,2026-08-22T17:50:23.229990+00:00,JSON,CURRENT_EXPERIMENT,82,31e394c92c5301745eea9f4204ca6517fd26976efc234bfe32fd96489b6f0eaf
miniandroid/run/exp082/tg_check/runtime_state_trace.json,2844,2026-08-22T17:50:23.229990+00:00,JSON,CURRENT_EXPERIMENT,82,9720655395b38af6b6c32271bec5eec4157772feed9a659b3dc84de8c56840c1
miniandroid/run/exp082/tg_check/report.md.json,4966,2026-08-22T17:50:23.236990+00:00,JSON,CURRENT_EXPERIMENT,82,301edac7e130dec77e31f5bde7d0cdc98d18d8a9613ebf55e8dd5f645e3c8380
miniandroid/run/exp082/tg_check/test_matrix.json,787,2026-08-22T17:50:23.235990+00:00,JSON,CURRENT_EXPERIMENT,82,63243b7d8fa6bf4b24d63c1375ade1f1f7e5ae90db5c2fd31b0eb49316d14a8e
miniandroid/run/exp082/tg_check/golden_end_to_end.json,1200,2026-08-22T17:50:23.229990+00:00,JSON,CURRENT_EXPERIMENT,82,905d0c196ac397efef4290f9e4ce34064206097f3efba27786b3841e3b5107f1
miniandroid/run/exp082/tg_check/render_request.txt,176,2026-08-22T17:50:23.185990+00:00,TXT,CURRENT_EXPERIMENT,82,
miniandroid/run/exp082/tg_check/runtime_component_map.json,1010,2026-08-22T17:50:23.229990+00:00,JSON,CURRENT_EXPERIMENT,82,5ce12528ce7c2110611cda53f1382e7f87c1e3a2413b33f8f3f372a41750146c
miniandroid/run/exp082/tg_check/report.md,2879,2026-08-22T17:50:23.236990+00:00,REPORT_MD,CURRENT_EXPERIMENT,82,
miniandroid/run/exp082/tg_check/golden/corpus.json,2017,2026-08-22T17:50:23.231990+00:00,JSON,CURRENT_EXPERIMENT,82,647c390de845e1540e946c6b681469290a99023876e9b9d2a838bd76aaf6c50c
miniandroid/run/exp082/tg_check/database/dex_opcode_frequency.json,219,2026-08-22T17:50:23.234990+00:00,JSON,CURRENT_EXPERIMENT,82,f7db13b55a884b1fd1000373491042334b8e4126355c7a9c95273bc3ebd1c80f
miniandroid/run/exp082/tg_proto/failure_report.json,926,2026-08-22T17:57:49.941042+00:00,JSON,CURRENT_EXPERIMENT,82,e44f8505758d885be1f13dba3943ea8b03afaee7bb3411ba4563e68bb8013bac
miniandroid/run/exp082/tg_proto/application_runtime.json,3612,2026-08-22T17:57:49.941042+00:00,JSON,CURRENT_EXPERIMENT,82,5a383bf59204d4f3a30458f209021697f5ceff3165035bb31e8bb9bc63e6037a
miniandroid/run/exp082/tg_proto/runtime_state_trace.json,2847,2026-08-22T17:57:49.941042+00:00,JSON,CURRENT_EXPERIMENT,82,e29d55e633cca383464b49593bbaab635276d56acc3de4522c309b9dc492d977
miniandroid/run/exp082/tg_proto/report.md.json,4966,2026-08-22T17:57:49.948042+00:00,JSON,CURRENT_EXPERIMENT,82,804bb3c73b75dd582f88820e94350b3a16fd8f7dd2ef1c8a31b9eda6f334abcc
miniandroid/run/exp082/tg_proto/test_matrix.json,787,2026-08-22T17:57:49.947042+00:00,JSON,CURRENT_EXPERIMENT,82,63243b7d8fa6bf4b24d63c1375ade1f1f7e5ae90db5c2fd31b0eb49316d14a8e
miniandroid/run/exp082/tg_proto/golden_end_to_end.json,1200,2026-08-22T17:57:49.941042+00:00,JSON,CURRENT_EXPERIMENT,82,5b6e9cb0061366ad2dbded2792c3660ff99b381d77920a5060b651cbf7db3516
miniandroid/run/exp082/tg_proto/render_request.txt,176,2026-08-22T17:57:49.898042+00:00,TXT,CURRENT_EXPERIMENT,82,
miniandroid/run/exp082/tg_proto/runtime_component_map.json,1010,2026-08-22T17:57:49.941042+00:00,JSON,CURRENT_EXPERIMENT,82,d601826fb7ea96dafe6f67aa4844b9fd78b02e7f8dfdc70d281d0662ad70e254
miniandroid/run/exp082/tg_proto/report.md,2879,2026-08-22T17:57:49.948042+00:00,REPORT_MD,CURRENT_EXPERIMENT,82,
miniandroid/run/exp082/tg_proto/golden/corpus.json,2017,2026-08-22T17:57:49.943042+00:00,JSON,CURRENT_EXPERIMENT,82,647c390de845e1540e946c6b681469290a99023876e9b9d2a838bd76aaf6c50c
miniandroid/run/exp082/tg_proto/database/dex_opcode_frequency.json,219,2026-08-22T17:57:49.946042+00:00,JSON,CURRENT_EXPERIMENT,82,f7db13b55a884b1fd1000373491042334b8e4126355c7a9c95273bc3ebd1c80f
miniandroid/run/exp082/tg_param/failure_report.json,926,2026-08-22T17:53:25.326420+00:00,JSON,CURRENT_EXPERIMENT,82,e8a3aeb735cda6f2d8f0981dddb2f8abb8934db2767fb79b27640eaab499a798
miniandroid/run/exp082/tg_param/application_runtime.json,3614,2026-08-22T17:53:25.326420+00:00,JSON,CURRENT_EXPERIMENT,82,7e0ffd04dc634308b8179c3df4c85ab72bffb60b21557480c1c8be15fc95eedd
miniandroid/run/exp082/tg_param/runtime_state_trace.json,2849,2026-08-22T17:53:25.326420+00:00,JSON,CURRENT_EXPERIMENT,82,b6e9496a26a16b3aead2ed7bc2acdffb520fcca15fe1974b9aec84fadaeeeae1
miniandroid/run/exp082/tg_param/report.md.json,4966,2026-08-22T17:53:25.333420+00:00,JSON,CURRENT_EXPERIMENT,82,dbc23ebc37f6e39e012f0f4e1bf8b94a9a4d19c70a4b7f2a3e99ccf81e8aae10
miniandroid/run/exp082/tg_param/test_matrix.json,787,2026-08-22T17:53:25.332420+00:00,JSON,CURRENT_EXPERIMENT,82,63243b7d8fa6bf4b24d63c1375ade1f1f7e5ae90db5c2fd31b0eb49316d14a8e
miniandroid/run/exp082/tg_param/golden_end_to_end.json,1200,2026-08-22T17:53:25.326420+00:00,JSON,CURRENT_EXPERIMENT,82,e38acfa182a4b2a5fbefc7436f3a46ee85c80ea7368fa7e569a359f85d8f1a2d
miniandroid/run/exp082/tg_param/render_request.txt,176,2026-08-22T17:53:25.277420+00:00,TXT,CURRENT_EXPERIMENT,82,
miniandroid/run/exp082/tg_param/runtime_component_map.json,1010,2026-08-22T17:53:25.326420+00:00,JSON,CURRENT_EXPERIMENT,82,bc160f20a07bcd30b56cae9d4e60ea2730a4875c70a921a6299f45924996265c
miniandroid/run/exp082/tg_param/report.md,2879,2026-08-22T17:53:25.333420+00:00,REPORT_MD,CURRENT_EXPERIMENT,82,
miniandroid/run/exp082/tg_param/golden/corpus.json,2017,2026-08-22T17:53:25.328420+00:00,JSON,CURRENT_EXPERIMENT,82,647c390de845e1540e946c6b681469290a99023876e9b9d2a838bd76aaf6c50c
miniandroid/run/exp082/tg_param/database/dex_opcode_frequency.json,219,2026-08-22T17:53:25.331420+00:00,JSON,CURRENT_EXPERIMENT,82,f7db13b55a884b1fd1000373491042334b8e4126355c7a9c95273bc3ebd1c80f
miniandroid/run/exp066_run_r3/render_provenance.json,3924,2026-08-22T16:54:07.648941+00:00,JSON,GENERATED_OUTPUT,66,a3afb302455b9bc5f4960ece9cf950878931dae0189441cbfb306be8a21f9bc4
miniandroid/run/exp066_run_r3/login_ui.png,24376,2026-08-22T16:54:07.648941+00:00,OTHER,GENERATED_OUTPUT,66,
miniandroid/run/exp066_run_r3/login_debug.png,58940,2026-08-22T16:54:07.648941+00:00,OTHER,GENERATED_OUTPUT,66,
miniandroid/run/exp071_run14/failure_report.json,926,2026-08-22T16:54:07.710942+00:00,JSON,HISTORICAL_EVIDENCE,71,0ea99ef5d4fd9a888ed285eabf98396bb27a2d588651af6a9deedb4096aac67b
miniandroid/run/exp071_run14/application_runtime.json,3608,2026-08-22T16:54:07.710942+00:00,JSON,GENERATED_OUTPUT,71,2f803e72e93c61b615323c4132a1aac86a587abb1e37ebce3371f38aa8a48598
miniandroid/run/exp071_run14/runtime_state_trace.json,2848,2026-08-22T16:54:07.710942+00:00,JSON,GENERATED_OUTPUT,71,804ad4709cf16d1b1ae0ee346368f05e960277f2de2fff97c6a6b82ab9018c32
miniandroid/run/exp071_run14/report.md.json,4967,2026-08-22T16:54:07.710942+00:00,JSON,GENERATED_OUTPUT,71,fec58cf9717b9947b7c58e0079daa1cb075a585715c40caae29d76c809f3621a
miniandroid/run/exp071_run14/test_matrix.json,787,2026-08-22T16:54:07.710942+00:00,JSON,HISTORICAL_EVIDENCE,71,63243b7d8fa6bf4b24d63c1375ade1f1f7e5ae90db5c2fd31b0eb49316d14a8e
miniandroid/run/exp071_run14/golden_end_to_end.json,1200,2026-08-22T16:54:07.710942+00:00,JSON,GENERATED_OUTPUT,71,6ef39129095f54d036c13404c8822ac21fb9ffdf7dcc71be76c967b924d342e7
miniandroid/run/exp071_run14/render_request.txt,167,2026-08-22T16:54:07.710942+00:00,TXT,GENERATED_OUTPUT,71,
miniandroid/run/exp071_run14/shadow_report.json,3968,2026-08-22T16:54:07.710942+00:00,JSON,GENERATED_OUTPUT,71,e668429881b03c79f4e9e928bd6c10406dd13b962e0053dcac28cd2325c21aa8
miniandroid/run/exp071_run14/view_tree.json,640821,2026-08-22T16:54:07.711941+00:00,VIEW_TREE_DUMP,GENERATED_OUTPUT,71,
miniandroid/run/exp071_run14/runtime_component_map.json,1010,2026-08-22T16:54:07.710942+00:00,JSON,GENERATED_OUTPUT,71,e344797455893305a48685171e20beedb025d78bb30e6f507e4a7102218ede3f
miniandroid/run/exp071_run14/report.md,2877,2026-08-22T16:54:07.710942+00:00,REPORT_MD,HISTORICAL_EVIDENCE,71,
miniandroid/run/exp071_run14/golden/corpus.json,2017,2026-08-22T16:54:07.710942+00:00,JSON,REGRESSION_FIXTURE,71,647c390de845e1540e946c6b681469290a99023876e9b9d2a838bd76aaf6c50c
miniandroid/run/exp071_run14/database/dex_opcode_frequency.json,219,2026-08-22T16:54:07.710942+00:00,JSON,GENERATED_OUTPUT,71,f7db13b55a884b1fd1000373491042334b8e4126355c7a9c95273bc3ebd1c80f
miniandroid/run/exp037_run_real/onCreate_trace.txt,1564,2026-08-22T16:54:07.322941+00:00,TXT,GENERATED_OUTPUT,37,
miniandroid/run/exp037_run_real/output.txt,18725,2026-08-22T16:54:07.322941+00:00,TXT,GENERATED_OUTPUT,37,
miniandroid/run/exp065/render_provenance.json,3464,2026-08-22T16:54:07.628941+00:00,JSON,GENERATED_OUTPUT,65,
miniandroid/run/exp065/login_ui.png,17339,2026-08-22T16:54:07.628941+00:00,OTHER,GENERATED_OUTPUT,65,
miniandroid/run/exp065/image_validation.json,1447,2026-08-22T16:54:07.628941+00:00,JSON,GENERATED_OUTPUT,65,
miniandroid/run/exp065/github_comment.json,7476,2026-08-22T16:54:07.628941+00:00,JSON,GENERATED_OUTPUT,65,
miniandroid/run/exp065/login_debug.png,54510,2026-08-22T16:54:07.628941+00:00,OTHER,GENERATED_OUTPUT,65,
miniandroid/run/exp071_session5/onnextpressed_full_disasm.txt,51532,2026-08-22T16:54:07.726942+00:00,TXT,GENERATED_OUTPUT,71,
miniandroid/run/exp071_session5/phase3b_method_dump.txt,67225,2026-08-22T16:54:07.726942+00:00,TXT,GENERATED_OUTPUT,71,
miniandroid/run/exp064_run1/render_provenance.json,3537,2026-08-22T16:54:07.627941+00:00,JSON,GENERATED_OUTPUT,64,37014bc4bb5542a0ac0ea12c6b68647a35d2eaa97a65e5221ecbe44611c8a44d
miniandroid/run/exp064_run1/login_ui.png,22206,2026-08-22T16:54:07.627941+00:00,OTHER,GENERATED_OUTPUT,64,
miniandroid/run/exp064_run1/login_debug.png,59431,2026-08-22T16:54:07.627941+00:00,OTHER,GENERATED_OUTPUT,64,
miniandroid/run/exp071_if2/failure_report.json,926,2026-08-22T16:54:07.702941+00:00,JSON,HISTORICAL_EVIDENCE,71,3ce37f9bd0a7aa600981730f5a1824f5a4f768fbc96cfea7865e361f3fa56fe1
miniandroid/run/exp071_if2/application_runtime.json,3593,2026-08-22T16:54:07.702941+00:00,JSON,GENERATED_OUTPUT,71,771c18533023296ac993e9162650f39e5f2ffd34872e71d5f5a0eb16a0479b12
miniandroid/run/exp071_if2/runtime_state_trace.json,2837,2026-08-22T16:54:07.702941+00:00,JSON,GENERATED_OUTPUT,71,47734ee72a696a3f447f529cd860a21e26f4ff96b747629727ae4b570d96169c
miniandroid/run/exp071_if2/report.md.json,4967,2026-08-22T16:54:07.702941+00:00,JSON,GENERATED_OUTPUT,71,19609a619922c01ef163fc345022106dc928109e0ab880eedb9b4b9b90c6237c
miniandroid/run/exp071_if2/test_matrix.json,787,2026-08-22T16:54:07.703942+00:00,JSON,HISTORICAL_EVIDENCE,71,63243b7d8fa6bf4b24d63c1375ade1f1f7e5ae90db5c2fd31b0eb49316d14a8e
miniandroid/run/exp071_if2/golden_end_to_end.json,1200,2026-08-22T16:54:07.702941+00:00,JSON,GENERATED_OUTPUT,71,f0c19f14ecf001f01fa178c8d7b81d252e23b27367e7dc8c54d80d61c376cbb3
miniandroid/run/exp071_if2/render_request.txt,161,2026-08-22T16:54:07.702941+00:00,TXT,GENERATED_OUTPUT,71,
miniandroid/run/exp071_if2/shadow_report.json,3968,2026-08-22T16:54:07.703942+00:00,JSON,GENERATED_OUTPUT,71,c113bd11473c86eb93e986b061c6b1731e556ce256b94f45be9c7d2e5ab6b876
miniandroid/run/exp071_if2/view_tree.json,650196,2026-08-22T16:54:07.703942+00:00,VIEW_TREE_DUMP,GENERATED_OUTPUT,71,
miniandroid/run/exp071_if2/runtime_component_map.json,1010,2026-08-22T16:54:07.702941+00:00,JSON,GENERATED_OUTPUT,71,fcae16dc3c461dee98f5de926d310d40b8a82c67a8842ee4b36dcc4f3376b250
miniandroid/run/exp071_if2/report.md,2875,2026-08-22T16:54:07.702941+00:00,REPORT_MD,HISTORICAL_EVIDENCE,71,
miniandroid/run/exp071_if2/golden/corpus.json,2017,2026-08-22T16:54:07.702941+00:00,JSON,REGRESSION_FIXTURE,71,647c390de845e1540e946c6b681469290a99023876e9b9d2a838bd76aaf6c50c
miniandroid/run/exp071_if2/database/android_api_frequency.json,59848,2026-08-22T16:54:07.702941+00:00,JSON,GENERATED_OUTPUT,71,
miniandroid/run/exp071_if2/database/dex_opcode_frequency.json,219,2026-08-22T16:54:07.702941+00:00,JSON,GENERATED_OUTPUT,71,f7db13b55a884b1fd1000373491042334b8e4126355c7a9c95273bc3ebd1c80f
miniandroid/run/exp046_baseline/failure_report.json,926,2026-08-22T16:54:07.363941+00:00,JSON,HISTORICAL_EVIDENCE,46,abd4e81d33c06a7fc3b86b175c32a1506034b7dc69c17f19592741bbba2146ce
miniandroid/run/exp046_baseline/application_runtime.json,3611,2026-08-22T16:54:07.363941+00:00,JSON,GENERATED_OUTPUT,46,e4df7ee8b11d7d169dc6b00e6f73788a323925690510146aea4a3f365f3a1361
miniandroid/run/exp046_baseline/runtime_state_trace.json,2845,2026-08-22T16:54:07.363941+00:00,JSON,GENERATED_OUTPUT,46,411a5d7984f64a8147c39746bba1cbf4e9f1a46f45ab1b5bb9d805861dd38d55
miniandroid/run/exp046_baseline/report.md.json,4966,2026-08-22T16:54:07.363941+00:00,JSON,GENERATED_OUTPUT,46,bd3e51031532054cc824aa7f45591dcbc758e43b4d1eb351a5a3f3d7906660cf
miniandroid/run/exp046_baseline/test_matrix.json,787,2026-08-22T16:54:07.366941+00:00,JSON,HISTORICAL_EVIDENCE,46,63243b7d8fa6bf4b24d63c1375ade1f1f7e5ae90db5c2fd31b0eb49316d14a8e
miniandroid/run/exp046_baseline/golden_end_to_end.json,1200,2026-08-22T16:54:07.363941+00:00,JSON,GENERATED_OUTPUT,46,443e52afcdf8c15512d49dd1a5bec1dc013cb6589114352d2730538b5eef0368
miniandroid/run/exp046_baseline/runtime_component_map.json,1010,2026-08-22T16:54:07.363941+00:00,JSON,GENERATED_OUTPUT,46,16efba8a3afd478da3422417b9bf2d1bc8421b4ffa909668c41501a9d1fbd6d8
miniandroid/run/exp046_baseline/report.md,2879,2026-08-22T16:54:07.363941+00:00,REPORT_MD,HISTORICAL_EVIDENCE,46,
miniandroid/run/exp046_baseline/golden/corpus.json,2017,2026-08-22T16:54:07.363941+00:00,JSON,REGRESSION_FIXTURE,46,647c390de845e1540e946c6b681469290a99023876e9b9d2a838bd76aaf6c50c
miniandroid/run/exp046_baseline/database/dex_opcode_frequency.json,219,2026-08-22T16:54:07.363941+00:00,JSON,GENERATED_OUTPUT,46,f7db13b55a884b1fd1000373491042334b8e4126355c7a9c95273bc3ebd1c80f
miniandroid/run/exp069_baseline/metrics.json,449,2026-08-22T16:54:07.663941+00:00,JSON,HISTORICAL_EVIDENCE,69,
miniandroid/run/exp069_baseline/login_ui.png,22739,2026-08-22T16:54:07.663941+00:00,OTHER,GENERATED_OUTPUT,69,
miniandroid/run/exp069_baseline/view_tree.json,633191,2026-08-22T16:54:07.664941+00:00,VIEW_TREE_DUMP,GENERATED_OUTPUT,69,
miniandroid/run/exp063_istatic/failure_report.json,926,2026-08-22T16:54:07.611941+00:00,JSON,HISTORICAL_EVIDENCE,63,bdcf2ec815e1289f04aaac473d2321c87f178324165d5d833f744db13da8f78d
miniandroid/run/exp063_istatic/application_runtime.json,3612,2026-08-22T16:54:07.611941+00:00,JSON,GENERATED_OUTPUT,63,5d9aa87987bdb801a61b35d0f17d6e4eb753e0fe596fb15f6c69aa290529a04d
miniandroid/run/exp063_istatic/runtime_state_trace.json,2848,2026-08-22T16:54:07.611941+00:00,JSON,GENERATED_OUTPUT,63,2055c023993aae7cdde3462da5283656c5a68dc2f7a645ed74bcb5f92feacb0f
miniandroid/run/exp063_istatic/report.md.json,4967,2026-08-22T16:54:07.611941+00:00,JSON,GENERATED_OUTPUT,63,1e07bce3c9a7e3fdfdd90790d13c5fd388a9d9c56fc6475ba162b4bfb6763e2e
miniandroid/run/exp063_istatic/test_matrix.json,787,2026-08-22T16:54:07.612941+00:00,JSON,HISTORICAL_EVIDENCE,63,63243b7d8fa6bf4b24d63c1375ade1f1f7e5ae90db5c2fd31b0eb49316d14a8e
miniandroid/run/exp063_istatic/golden_end_to_end.json,1200,2026-08-22T16:54:07.611941+00:00,JSON,GENERATED_OUTPUT,63,b383e009da879e58f5097a99abd93450e271f3cc429a7a8579af603a6024d7fa
miniandroid/run/exp063_istatic/render_request.txt,173,2026-08-22T16:54:07.611941+00:00,TXT,GENERATED_OUTPUT,63,
miniandroid/run/exp063_istatic/runtime_component_map.json,1010,2026-08-22T16:54:07.611941+00:00,JSON,GENERATED_OUTPUT,63,63a6f41c2c07653b574d1a9d4fcfc2efaf38ebcc4e6a8d51ea6a36e9d9eec544
miniandroid/run/exp063_istatic/report.md,2879,2026-08-22T16:54:07.611941+00:00,REPORT_MD,HISTORICAL_EVIDENCE,63,
miniandroid/run/exp063_istatic/golden/corpus.json,2017,2026-08-22T16:54:07.611941+00:00,JSON,REGRESSION_FIXTURE,63,647c390de845e1540e946c6b681469290a99023876e9b9d2a838bd76aaf6c50c
miniandroid/run/exp063_istatic/database/dex_opcode_frequency.json,219,2026-08-22T16:54:07.611941+00:00,JSON,GENERATED_OUTPUT,63,f7db13b55a884b1fd1000373491042334b8e4126355c7a9c95273bc3ebd1c80f
miniandroid/run/exp045_fm/failure_report.json,926,2026-08-22T16:54:07.344941+00:00,JSON,HISTORICAL_EVIDENCE,45,f1dc25743e131817ad679bb157df653f4ab76cd5c8d4411a28493f699e1e906b
miniandroid/run/exp045_fm/application_runtime.json,3602,2026-08-22T16:54:07.344941+00:00,JSON,GENERATED_OUTPUT,45,a2dbc584dd9f05f71367e98e6aa911d6bb1b4f82ecbe786330f7657ab2bff5ad
miniandroid/run/exp045_fm/runtime_state_trace.json,2848,2026-08-22T16:54:07.345941+00:00,JSON,GENERATED_OUTPUT,45,161ec7846b2f1c5505643da57125ea3bbfeb22f0773fd6384f5cd69128574d67
miniandroid/run/exp045_fm/report.md.json,4965,2026-08-22T16:54:07.344941+00:00,JSON,GENERATED_OUTPUT,45,d4240adb480d11ba4a53eae86e6a31f22e46533700d6b798ce789c4d7f5fb2b1
miniandroid/run/exp045_fm/test_matrix.json,787,2026-08-22T16:54:07.347941+00:00,JSON,HISTORICAL_EVIDENCE,45,63243b7d8fa6bf4b24d63c1375ade1f1f7e5ae90db5c2fd31b0eb49316d14a8e
miniandroid/run/exp045_fm/golden_end_to_end.json,1200,2026-08-22T16:54:07.344941+00:00,JSON,GENERATED_OUTPUT,45,0de5a00a1ec466be5e23390312ab2cd7c879730c866dd85c066169a8492d79a5
miniandroid/run/exp045_fm/runtime_component_map.json,1010,2026-08-22T16:54:07.345941+00:00,JSON,GENERATED_OUTPUT,45,7a2b84bb72434e276d124cb12fa70d1f78e83e2474a5d39abd4cc3eaf81d8b7a
miniandroid/run/exp045_fm/report.md,2873,2026-08-22T16:54:07.344941+00:00,REPORT_MD,HISTORICAL_EVIDENCE,45,
miniandroid/run/exp045_fm/golden/corpus.json,2017,2026-08-22T16:54:07.344941+00:00,JSON,REGRESSION_FIXTURE,45,647c390de845e1540e946c6b681469290a99023876e9b9d2a838bd76aaf6c50c
miniandroid/run/exp045_fm/database/android_api_frequency.json,32924,2026-08-22T16:54:07.344941+00:00,JSON,GENERATED_OUTPUT,45,
miniandroid/run/exp045_fm/database/dex_opcode_frequency.json,219,2026-08-22T16:54:07.344941+00:00,JSON,GENERATED_OUTPUT,45,f7db13b55a884b1fd1000373491042334b8e4126355c7a9c95273bc3ebd1c80f
miniandroid/run/exp055_debug8/failure_report.json,926,2026-08-22T16:54:07.514941+00:00,JSON,HISTORICAL_EVIDENCE,55,75ea8c8d4c44088a790b05f5e2461f9567ed0696dc77adacd9d36b6c367b8cb0
miniandroid/run/exp055_debug8/application_runtime.json,3605,2026-08-22T16:54:07.514941+00:00,JSON,GENERATED_OUTPUT,55,0cb96796c129016b05fe0bc4d3ab348c576477f263fcc05f23b18738e266aa5f
miniandroid/run/exp055_debug8/runtime_state_trace.json,2844,2026-08-22T16:54:07.515941+00:00,JSON,GENERATED_OUTPUT,55,5350a549d2cdc7ce379d062762a1bf0c41e742439c878248bcd38f20e96027c0
miniandroid/run/exp055_debug8/report.md.json,4964,2026-08-22T16:54:07.514941+00:00,JSON,GENERATED_OUTPUT,55,0a185af12e7b1db5af274e3c536f495de427cbf2bd979bd18195f10044fb7e4f
miniandroid/run/exp055_debug8/test_matrix.json,787,2026-08-22T16:54:07.515941+00:00,JSON,HISTORICAL_EVIDENCE,55,63243b7d8fa6bf4b24d63c1375ade1f1f7e5ae90db5c2fd31b0eb49316d14a8e
miniandroid/run/exp055_debug8/golden_end_to_end.json,1200,2026-08-22T16:54:07.514941+00:00,JSON,GENERATED_OUTPUT,55,382ed8fd078196c154f391e91473fbcd3e271ddebb8524ac133c5646b7b9a026
miniandroid/run/exp055_debug8/runtime_component_map.json,1010,2026-08-22T16:54:07.514941+00:00,JSON,GENERATED_OUTPUT,55,19e5d76162fa68655b6275a217bf5b693f4f5515213c6193506bfc97f6090c1c
miniandroid/run/exp055_debug8/report.md,2877,2026-08-22T16:54:07.514941+00:00,REPORT_MD,HISTORICAL_EVIDENCE,55,
miniandroid/run/exp055_debug8/golden/corpus.json,2017,2026-08-22T16:54:07.514941+00:00,JSON,REGRESSION_FIXTURE,55,647c390de845e1540e946c6b681469290a99023876e9b9d2a838bd76aaf6c50c
miniandroid/run/exp055_debug8/database/dex_opcode_frequency.json,219,2026-08-22T16:54:07.514941+00:00,JSON,GENERATED_OUTPUT,55,f7db13b55a884b1fd1000373491042334b8e4126355c7a9c95273bc3ebd1c80f
miniandroid/run/exp055_retval4/failure_report.json,926,2026-08-22T16:54:07.524941+00:00,JSON,HISTORICAL_EVIDENCE,55,a7c215bd3e1ddf6925531fe9502327cb4a41463b9c5a23cda03cc7278b281e74
miniandroid/run/exp055_retval4/application_runtime.json,3607,2026-08-22T16:54:07.524941+00:00,JSON,GENERATED_OUTPUT,55,ac34112a937ad759b1f8d68eeb4af03387bf486233bd94109fbd6304902c95ff
miniandroid/run/exp055_retval4/runtime_state_trace.json,2844,2026-08-22T16:54:07.525941+00:00,JSON,GENERATED_OUTPUT,55,cb50d40a6ec36b3f8d0c773e1a0c7377865ce2714a51cf33fd37eaad67049482
miniandroid/run/exp055_retval4/report.md.json,4966,2026-08-22T16:54:07.524941+00:00,JSON,GENERATED_OUTPUT,55,e1af19512c7c4852fb3d844a00beb94451cd4de5493f24811ecae4131047a675
miniandroid/run/exp055_retval4/test_matrix.json,787,2026-08-22T16:54:07.525941+00:00,JSON,HISTORICAL_EVIDENCE,55,63243b7d8fa6bf4b24d63c1375ade1f1f7e5ae90db5c2fd31b0eb49316d14a8e
miniandroid/run/exp055_retval4/golden_end_to_end.json,1200,2026-08-22T16:54:07.524941+00:00,JSON,GENERATED_OUTPUT,55,658766a90aba147947833c73c4e2dfc591e1ab6062b8ee014ee5a3e4c0725b5b
miniandroid/run/exp055_retval4/runtime_component_map.json,1010,2026-08-22T16:54:07.524941+00:00,JSON,GENERATED_OUTPUT,55,2f0b4bbee53abc2d97b8e7675205fa9ebcfedc85e28dcf46f3c8f726d19c1815
miniandroid/run/exp055_retval4/report.md,2878,2026-08-22T16:54:07.524941+00:00,REPORT_MD,HISTORICAL_EVIDENCE,55,
miniandroid/run/exp055_retval4/golden/corpus.json,2017,2026-08-22T16:54:07.524941+00:00,JSON,REGRESSION_FIXTURE,55,647c390de845e1540e946c6b681469290a99023876e9b9d2a838bd76aaf6c50c
miniandroid/run/exp055_retval4/database/dex_opcode_frequency.json,219,2026-08-22T16:54:07.524941+00:00,JSON,GENERATED_OUTPUT,55,f7db13b55a884b1fd1000373491042334b8e4126355c7a9c95273bc3ebd1c80f
miniandroid/run/exp052_exceptions/case_b_no_catch/failure_report.json,1118,2026-08-22T16:54:07.469941+00:00,JSON,HISTORICAL_EVIDENCE,52,fe37b4af3599b3452bd70161f8792e229b14fe76947259889f7e58e8445fcd21
miniandroid/run/exp052_exceptions/case_b_no_catch/application_runtime.json,3840,2026-08-22T16:54:07.469941+00:00,JSON,GENERATED_OUTPUT,52,62af8ee036d9bb9842f9e5b1c3963fb93f5d82711358e906d77b182ff4d2bbf1
miniandroid/run/exp052_exceptions/case_b_no_catch/runtime_state_trace.json,2946,2026-08-22T16:54:07.469941+00:00,JSON,GENERATED_OUTPUT,52,4f106aab4533b6de9994644eeecea8ef47065831e726beffe4fc798ad6053d5f
miniandroid/run/exp052_exceptions/case_b_no_catch/report.md.json,5090,2026-08-22T16:54:07.469941+00:00,JSON,GENERATED_OUTPUT,52,a62144754ac89875b68b6b866b5981aa17a4041e9f778c9b4a40c889cc6e2792
miniandroid/run/exp052_exceptions/case_b_no_catch/test_matrix.json,851,2026-08-22T16:54:07.470941+00:00,JSON,HISTORICAL_EVIDENCE,52,7771caf0a8f7979ff4f8659941c43a50c4a27d4320857a9210576317d23f27fb
miniandroid/run/exp052_exceptions/case_b_no_catch/golden_end_to_end.json,1258,2026-08-22T16:54:07.469941+00:00,JSON,GENERATED_OUTPUT,52,69fcdb37894d79002569825a192ff8423e70c45daa670afde9bf324da67a8b89
miniandroid/run/exp052_exceptions/case_b_no_catch/shadow_report.json,3837,2026-08-22T16:54:07.470941+00:00,JSON,GENERATED_OUTPUT,52,ec30414b35a360c6a980b8cb9ebadcfa244bac2d8e412a688562ee71224cbd10
miniandroid/run/exp052_exceptions/case_b_no_catch/runtime_component_map.json,1010,2026-08-22T16:54:07.469941+00:00,JSON,GENERATED_OUTPUT,52,0b3921bac130ca6fbef157ef6191ca08ffe2d56c84a78e26f1c66f860eeb00cc
miniandroid/run/exp052_exceptions/case_b_no_catch/report.md,3022,2026-08-22T16:54:07.469941+00:00,REPORT_MD,HISTORICAL_EVIDENCE,52,
miniandroid/run/exp052_exceptions/case_b_no_catch/golden/corpus.json,2017,2026-08-22T16:54:07.469941+00:00,JSON,REGRESSION_FIXTURE,52,647c390de845e1540e946c6b681469290a99023876e9b9d2a838bd76aaf6c50c
miniandroid/run/exp052_exceptions/case_b_no_catch/database/android_api_frequency.json,2693,2026-08-22T16:54:07.469941+00:00,JSON,GENERATED_OUTPUT,52,b401056b57f89fec5fa8afd871668598fe1a25ccc01fb673c521d7e873ed6a70
miniandroid/run/exp052_exceptions/case_b_no_catch/database/dex_opcode_frequency.json,219,2026-08-22T16:54:07.469941+00:00,JSON,GENERATED_OUTPUT,52,f7db13b55a884b1fd1000373491042334b8e4126355c7a9c95273bc3ebd1c80f
miniandroid/run/exp052_exceptions/reg_thread_identity/failure_report.json,1130,2026-08-22T16:54:07.485941+00:00,JSON,HISTORICAL_EVIDENCE,52,0ddde6559952118231e5a05a899bc6907e685f1e7818d3e79304507b6bd12558
miniandroid/run/exp052_exceptions/reg_thread_identity/application_runtime.json,3856,2026-08-22T16:54:07.485941+00:00,JSON,GENERATED_OUTPUT,52,23db053ce66e76d32f5cc6f3024e8a5b4f2202e251ba5fc270db6f75b760f747
miniandroid/run/exp052_exceptions/reg_thread_identity/runtime_state_trace.json,2954,2026-08-22T16:54:07.485941+00:00,JSON,GENERATED_OUTPUT,52,631363c5be1b5dc76ec185a71db168510244b34defe3b6dc31e03d931d9ba430
miniandroid/run/exp052_exceptions/reg_thread_identity/report.md.json,5098,2026-08-22T16:54:07.485941+00:00,JSON,GENERATED_OUTPUT,52,851c7acd5142639939cedaeb983a7b8c1c20b6de1a48182404afed9e1eb91ffa
miniandroid/run/exp052_exceptions/reg_thread_identity/test_matrix.json,855,2026-08-22T16:54:07.487941+00:00,JSON,HISTORICAL_EVIDENCE,52,b4d787744099d6f666abba570da41cfc8420b7512c7ab0ff20aba699c905ad64
miniandroid/run/exp052_exceptions/reg_thread_identity/golden_end_to_end.json,1262,2026-08-22T16:54:07.485941+00:00,JSON,GENERATED_OUTPUT,52,6c6f5d21496143b6d5de6162fb439d203bbd193b5f8f8ece7cb61897b9ba9745
miniandroid/run/exp052_exceptions/reg_thread_identity/render_request.txt,437,2026-08-22T16:54:07.485941+00:00,TXT,GENERATED_OUTPUT,52,
miniandroid/run/exp052_exceptions/reg_thread_identity/shadow_report.json,3945,2026-08-22T16:54:07.487941+00:00,JSON,GENERATED_OUTPUT,52,5b7749f287ad22ebb0c3e1697425f775f11fb1c05126fc8bbcd8896a163839d5
miniandroid/run/exp052_exceptions/reg_thread_identity/view_tree.json,63,2026-08-22T16:54:07.487941+00:00,VIEW_TREE_DUMP,GENERATED_OUTPUT,52,6e233a8d09bfab4ac799a6dfab91633ee1d926456961cb4ad6aceafbf76f01bb
miniandroid/run/exp052_exceptions/reg_thread_identity/runtime_component_map.json,1010,2026-08-22T16:54:07.485941+00:00,JSON,GENERATED_OUTPUT,52,a858fbff2e9952acab10c3b06350fb462762d899779ab29852b15b4a724ae3ca
miniandroid/run/exp052_exceptions/reg_thread_identity/report.md,3030,2026-08-22T16:54:07.485941+00:00,REPORT_MD,HISTORICAL_EVIDENCE,52,
miniandroid/run/exp052_exceptions/reg_thread_identity/golden/corpus.json,2017,2026-08-22T16:54:07.485941+00:00,JSON,REGRESSION_FIXTURE,52,647c390de845e1540e946c6b681469290a99023876e9b9d2a838bd76aaf6c50c
miniandroid/run/exp052_exceptions/reg_thread_identity/database/android_api_frequency.json,3458,2026-08-22T16:54:07.485941+00:00,JSON,GENERATED_OUTPUT,52,
miniandroid/run/exp052_exceptions/reg_thread_identity/database/dex_opcode_frequency.json,219,2026-08-22T16:54:07.485941+00:00,JSON,GENERATED_OUTPUT,52,f7db13b55a884b1fd1000373491042334b8e4126355c7a9c95273bc3ebd1c80f
miniandroid/run/exp052_exceptions/reg_branch_if_nez/failure_report.json,1124,2026-08-22T16:54:07.478941+00:00,JSON,HISTORICAL_EVIDENCE,52,8d675e1d860b6d819b3b016d678da64668b240ff6a3f62715ab645b1c24060a7
miniandroid/run/exp052_exceptions/reg_branch_if_nez/application_runtime.json,3847,2026-08-22T16:54:07.478941+00:00,JSON,GENERATED_OUTPUT,52,
miniandroid/run/exp052_exceptions/reg_branch_if_nez/runtime_state_trace.json,2949,2026-08-22T16:54:07.479941+00:00,JSON,GENERATED_OUTPUT,52,47ece26db137062a21c00d3ab5e55359e4d61c7832e7dbd9c611e02c0303d39a
miniandroid/run/exp052_exceptions/reg_branch_if_nez/report.md.json,5094,2026-08-22T16:54:07.478941+00:00,JSON,GENERATED_OUTPUT,52,3cf701caa6dc54b3561db9feb46f218cb1b366c4849777d51d882c11f34cba00
miniandroid/run/exp052_exceptions/reg_branch_if_nez/test_matrix.json,853,2026-08-22T16:54:07.480941+00:00,JSON,HISTORICAL_EVIDENCE,52,4c937d0f68a565e066ff16b94436fdd7cd90298e985266c67e22d6385ccf4c7a
miniandroid/run/exp052_exceptions/reg_branch_if_nez/golden_end_to_end.json,1260,2026-08-22T16:54:07.478941+00:00,JSON,GENERATED_OUTPUT,52,38cc83d92d3bc5472b19b0fa6997a337531f8d354ec74b7a77ba4368a58f5d45
miniandroid/run/exp052_exceptions/reg_branch_if_nez/render_request.txt,431,2026-08-22T16:54:07.478941+00:00,TXT,GENERATED_OUTPUT,52,
miniandroid/run/exp052_exceptions/reg_branch_if_nez/shadow_report.json,3931,2026-08-22T16:54:07.480941+00:00,JSON,GENERATED_OUTPUT,52,
miniandroid/run/exp052_exceptions/reg_branch_if_nez/view_tree.json,63,2026-08-22T16:54:07.480941+00:00,VIEW_TREE_DUMP,GENERATED_OUTPUT,52,6e233a8d09bfab4ac799a6dfab91633ee1d926456961cb4ad6aceafbf76f01bb
miniandroid/run/exp052_exceptions/reg_branch_if_nez/runtime_component_map.json,1010,2026-08-22T16:54:07.479941+00:00,JSON,GENERATED_OUTPUT,52,a858fbff2e9952acab10c3b06350fb462762d899779ab29852b15b4a724ae3ca
miniandroid/run/exp052_exceptions/reg_branch_if_nez/report.md,3026,2026-08-22T16:54:07.478941+00:00,REPORT_MD,HISTORICAL_EVIDENCE,52,
miniandroid/run/exp052_exceptions/reg_branch_if_nez/golden/corpus.json,2017,2026-08-22T16:54:07.478941+00:00,JSON,REGRESSION_FIXTURE,52,647c390de845e1540e946c6b681469290a99023876e9b9d2a838bd76aaf6c50c
miniandroid/run/exp052_exceptions/reg_branch_if_nez/database/android_api_frequency.json,2695,2026-08-22T16:54:07.478941+00:00,JSON,GENERATED_OUTPUT,52,3527a2b9e37eeb23ffaaf64f9120f47199649a79a7ddb4400c98c1ad37659281
miniandroid/run/exp052_exceptions/reg_branch_if_nez/database/dex_opcode_frequency.json,219,2026-08-22T16:54:07.478941+00:00,JSON,GENERATED_OUTPUT,52,f7db13b55a884b1fd1000373491042334b8e4126355c7a9c95273bc3ebd1c80f
miniandroid/run/exp052_exceptions/if_nez_zero_nottaken/failure_report.json,1133,2026-08-22T16:54:07.475941+00:00,JSON,HISTORICAL_EVIDENCE,52,70178338671c78da16d0c50728772d264df782d12b6c5e552ee93ffcde470105
miniandroid/run/exp052_exceptions/if_nez_zero_nottaken/application_runtime.json,3862,2026-08-22T16:54:07.475941+00:00,JSON,GENERATED_OUTPUT,52,2517281212f2d34886c92595beea3692886e0250101a2059e7c8a4c2e06800f4
miniandroid/run/exp052_exceptions/if_nez_zero_nottaken/runtime_state_trace.json,2958,2026-08-22T16:54:07.475941+00:00,JSON,GENERATED_OUTPUT,52,25b92850007bc3646efcbe8e8ce10841c971b5e8f39447b2eed2b3deb8f3ca10
miniandroid/run/exp052_exceptions/if_nez_zero_nottaken/report.md.json,5100,2026-08-22T16:54:07.475941+00:00,JSON,GENERATED_OUTPUT,52,
miniandroid/run/exp052_exceptions/if_nez_zero_nottaken/test_matrix.json,856,2026-08-22T16:54:07.476941+00:00,JSON,HISTORICAL_EVIDENCE,52,b6828378318504ae44fcdb52701d8e1993fb0b6b3ac2981d1e93dd688f2819e8
miniandroid/run/exp052_exceptions/if_nez_zero_nottaken/golden_end_to_end.json,1263,2026-08-22T16:54:07.475941+00:00,JSON,GENERATED_OUTPUT,52,3fa84719933e225f018818c21bfaa9a62a18672dcf8b5df32467f9b46cff6f60
miniandroid/run/exp052_exceptions/if_nez_zero_nottaken/render_request.txt,440,2026-08-22T16:54:07.475941+00:00,TXT,GENERATED_OUTPUT,52,
miniandroid/run/exp052_exceptions/if_nez_zero_nottaken/view_tree.json,63,2026-08-22T16:54:07.476941+00:00,VIEW_TREE_DUMP,GENERATED_OUTPUT,52,6e233a8d09bfab4ac799a6dfab91633ee1d926456961cb4ad6aceafbf76f01bb
miniandroid/run/exp052_exceptions/if_nez_zero_nottaken/runtime_component_map.json,1010,2026-08-22T16:54:07.475941+00:00,JSON,GENERATED_OUTPUT,52,a858fbff2e9952acab10c3b06350fb462762d899779ab29852b15b4a724ae3ca
miniandroid/run/exp052_exceptions/if_nez_zero_nottaken/report.md,3032,2026-08-22T16:54:07.475941+00:00,REPORT_MD,HISTORICAL_EVIDENCE,52,
miniandroid/run/exp052_exceptions/if_nez_zero_nottaken/golden/corpus.json,2017,2026-08-22T16:54:07.475941+00:00,JSON,REGRESSION_FIXTURE,52,647c390de845e1540e946c6b681469290a99023876e9b9d2a838bd76aaf6c50c
miniandroid/run/exp052_exceptions/if_nez_zero_nottaken/database/android_api_frequency.json,2698,2026-08-22T16:54:07.475941+00:00,JSON,GENERATED_OUTPUT,52,7c9e163e51d8539b55c58ac44fe559d53a6a2f9477dd41f103f693a44fc8f8ad
miniandroid/run/exp052_exceptions/if_nez_zero_nottaken/database/dex_opcode_frequency.json,219,2026-08-22T16:54:07.475941+00:00,JSON,GENERATED_OUTPUT,52,f7db13b55a884b1fd1000373491042334b8e4126355c7a9c95273bc3ebd1c80f
miniandroid/run/exp052_exceptions/case3_nested_catch/failure_report.json,1127,2026-08-22T16:54:07.464941+00:00,JSON,HISTORICAL_EVIDENCE,52,
miniandroid/run/exp052_exceptions/case3_nested_catch/application_runtime.json,3856,2026-08-22T16:54:07.464941+00:00,JSON,GENERATED_OUTPUT,52,3270dbb5e6f091fdae1771818e66abada3d399a2939b011dd6b37e477b1d74a7
miniandroid/run/exp052_exceptions/case3_nested_catch/runtime_state_trace.json,2956,2026-08-22T16:54:07.464941+00:00,JSON,GENERATED_OUTPUT,52,876643dd8cb3506a6f9276e326565b1ebfc32d8e421b67eb0cc60b9dc89d4c98
miniandroid/run/exp052_exceptions/case3_nested_catch/report.md.json,5096,2026-08-22T16:54:07.464941+00:00,JSON,GENERATED_OUTPUT,52,
miniandroid/run/exp052_exceptions/case3_nested_catch/test_matrix.json,854,2026-08-22T16:54:07.465941+00:00,JSON,HISTORICAL_EVIDENCE,52,
miniandroid/run/exp052_exceptions/case3_nested_catch/golden_end_to_end.json,1261,2026-08-22T16:54:07.464941+00:00,JSON,GENERATED_OUTPUT,52,
miniandroid/run/exp052_exceptions/case3_nested_catch/shadow_report.json,3836,2026-08-22T16:54:07.465941+00:00,JSON,GENERATED_OUTPUT,52,8d5cdc03f39864a01e5779e4a8327659b2543799de0789e55dca2fcf2810915d
miniandroid/run/exp052_exceptions/case3_nested_catch/runtime_component_map.json,1010,2026-08-22T16:54:07.464941+00:00,JSON,GENERATED_OUTPUT,52,a03009dd8760b431d718ea8c029514d3a455c81876709109e462cb5661162351
miniandroid/run/exp052_exceptions/case3_nested_catch/report.md,3028,2026-08-22T16:54:07.464941+00:00,REPORT_MD,HISTORICAL_EVIDENCE,52,
miniandroid/run/exp052_exceptions/case3_nested_catch/golden/corpus.json,2017,2026-08-22T16:54:07.464941+00:00,JSON,REGRESSION_FIXTURE,52,647c390de845e1540e946c6b681469290a99023876e9b9d2a838bd76aaf6c50c
miniandroid/run/exp052_exceptions/case3_nested_catch/database/android_api_frequency.json,2953,2026-08-22T16:54:07.464941+00:00,JSON,GENERATED_OUTPUT,52,2d705a02064f0a8b3e799eab68439717842b0933ec3f70b1bdc0f08a316c01bb
miniandroid/run/exp052_exceptions/case3_nested_catch/database/dex_opcode_frequency.json,219,2026-08-22T16:54:07.464941+00:00,JSON,GENERATED_OUTPUT,52,f7db13b55a884b1fd1000373491042334b8e4126355c7a9c95273bc3ebd1c80f
miniandroid/run/exp052_exceptions/case1_no_catch/failure_report.json,1115,2026-08-22T16:54:07.461941+00:00,JSON,HISTORICAL_EVIDENCE,52,d9d17761a70eb3653e490ce27c3f9c389e05c5b91c3c6f4145cb7b277e5122ee
miniandroid/run/exp052_exceptions/case1_no_catch/application_runtime.json,3838,2026-08-22T16:54:07.461941+00:00,JSON,GENERATED_OUTPUT,52,c511f771984a91816cd8756eebcd328b4fd87cb1bdd48f830df1587415623923
miniandroid/run/exp052_exceptions/case1_no_catch/runtime_state_trace.json,2946,2026-08-22T16:54:07.461941+00:00,JSON,GENERATED_OUTPUT,52,08dbf3f540de897f7d4fc044a701fc22a65c5dbbea82a14e7a9c12d9d252e932
miniandroid/run/exp052_exceptions/case1_no_catch/report.md.json,5088,2026-08-22T16:54:07.461941+00:00,JSON,GENERATED_OUTPUT,52,c45bd396f84763358b90944ad4d7cd3016941031232c9908f03d09fafbb6b2b1
miniandroid/run/exp052_exceptions/case1_no_catch/test_matrix.json,850,2026-08-22T16:54:07.462941+00:00,JSON,HISTORICAL_EVIDENCE,52,fe2b23211c06ca84749d42dcc0488860f7c039c4fa333f0091b264e7932baa72
miniandroid/run/exp052_exceptions/case1_no_catch/golden_end_to_end.json,1257,2026-08-22T16:54:07.461941+00:00,JSON,GENERATED_OUTPUT,52,
miniandroid/run/exp052_exceptions/case1_no_catch/runtime_component_map.json,1010,2026-08-22T16:54:07.461941+00:00,JSON,GENERATED_OUTPUT,52,a03009dd8760b431d718ea8c029514d3a455c81876709109e462cb5661162351
miniandroid/run/exp052_exceptions/case1_no_catch/report.md,3020,2026-08-22T16:54:07.461941+00:00,REPORT_MD,HISTORICAL_EVIDENCE,52,
miniandroid/run/exp052_exceptions/case1_no_catch/golden/corpus.json,2017,2026-08-22T16:54:07.461941+00:00,JSON,REGRESSION_FIXTURE,52,647c390de845e1540e946c6b681469290a99023876e9b9d2a838bd76aaf6c50c
miniandroid/run/exp052_exceptions/case1_no_catch/database/android_api_frequency.json,2692,2026-08-22T16:54:07.461941+00:00,JSON,GENERATED_OUTPUT,52,
miniandroid/run/exp052_exceptions/case1_no_catch/database/dex_opcode_frequency.json,219,2026-08-22T16:54:07.461941+00:00,JSON,GENERATED_OUTPUT,52,f7db13b55a884b1fd1000373491042334b8e4126355c7a9c95273bc3ebd1c80f
miniandroid/run/exp052_exceptions/case2_local_catch/failure_report.json,1124,2026-08-22T16:54:07.463941+00:00,JSON,HISTORICAL_EVIDENCE,52,283d2cb722643f3f944ac30abcb76c695b64763a2160a7d833654b52165c84a4
miniandroid/run/exp052_exceptions/case2_local_catch/application_runtime.json,3852,2026-08-22T16:54:07.462941+00:00,JSON,GENERATED_OUTPUT,52,7ab9ea5d6a421329776249364392973a193196af96d8b32adca30661efa5912c
miniandroid/run/exp052_exceptions/case2_local_catch/runtime_state_trace.json,2954,2026-08-22T16:54:07.463941+00:00,JSON,GENERATED_OUTPUT,52,bb2e3a46478a69de24d01670cff2f93d4ed14806023a80e36a0ac92dd493a783
miniandroid/run/exp052_exceptions/case2_local_catch/report.md.json,5094,2026-08-22T16:54:07.463941+00:00,JSON,GENERATED_OUTPUT,52,a4c8f07628e14c363888760f2baf103283633ec192cfbddcc7b2c24400e123f3
miniandroid/run/exp052_exceptions/case2_local_catch/test_matrix.json,853,2026-08-22T16:54:07.464941+00:00,JSON,HISTORICAL_EVIDENCE,52,b1f9989f509eb53e190a55f54e3cfa12c389cc9c4304e84f2e733808fd450b1b
miniandroid/run/exp052_exceptions/case2_local_catch/golden_end_to_end.json,1260,2026-08-22T16:54:07.463941+00:00,JSON,GENERATED_OUTPUT,52,4990f53ab16df14e9f84ace94fe6812b4a6e92ffedf648352f7e94cf350b3033
miniandroid/run/exp052_exceptions/case2_local_catch/shadow_report.json,3836,2026-08-22T16:54:07.464941+00:00,JSON,GENERATED_OUTPUT,52,cec7f07461a1675f976e1e8d15b3f28954be24813e68f4fd5865de27d27decfa
miniandroid/run/exp052_exceptions/case2_local_catch/runtime_component_map.json,1010,2026-08-22T16:54:07.463941+00:00,JSON,GENERATED_OUTPUT,52,a03009dd8760b431d718ea8c029514d3a455c81876709109e462cb5661162351
miniandroid/run/exp052_exceptions/case2_local_catch/report.md,3026,2026-08-22T16:54:07.463941+00:00,REPORT_MD,HISTORICAL_EVIDENCE,52,
miniandroid/run/exp052_exceptions/case2_local_catch/golden/corpus.json,2017,2026-08-22T16:54:07.463941+00:00,JSON,REGRESSION_FIXTURE,52,647c390de845e1540e946c6b681469290a99023876e9b9d2a838bd76aaf6c50c
miniandroid/run/exp052_exceptions/case2_local_catch/database/android_api_frequency.json,2950,2026-08-22T16:54:07.463941+00:00,JSON,GENERATED_OUTPUT,52,7fb97f100090814e6a378d29c78de7b0686c8bf126f525798e7f5190a2a523c7
miniandroid/run/exp052_exceptions/case2_local_catch/database/dex_opcode_frequency.json,219,2026-08-22T16:54:07.463941+00:00,JSON,GENERATED_OUTPUT,52,f7db13b55a884b1fd1000373491042334b8e4126355c7a9c95273bc3ebd1c80f
miniandroid/run/exp052_exceptions/case_a_catch_all/failure_report.json,1121,2026-08-22T16:54:07.467941+00:00,JSON,HISTORICAL_EVIDENCE,52,837d554530d59420c1bea8c4a20c5cdc767813572a9a5ed67b47415d562dadf8
miniandroid/run/exp052_exceptions/case_a_catch_all/application_runtime.json,3842,2026-08-22T16:54:07.467941+00:00,JSON,GENERATED_OUTPUT,52,677223ee858d56fe5335e567b95912ee4df959b0baa57d89eccc50a8824b996f
miniandroid/run/exp052_exceptions/case_a_catch_all/runtime_state_trace.json,2946,2026-08-22T16:54:07.467941+00:00,JSON,GENERATED_OUTPUT,52,8653ee83c424cd88a76dddbe8b232eda5eb104b158e3c019b4189b26673ed3a1
miniandroid/run/exp052_exceptions/case_a_catch_all/report.md.json,5092,2026-08-22T16:54:07.467941+00:00,JSON,GENERATED_OUTPUT,52,2b024baf299eadf334f1cc6518138a2bad47d66e1e49bfc183618026bf1217d4
miniandroid/run/exp052_exceptions/case_a_catch_all/test_matrix.json,852,2026-08-22T16:54:07.468941+00:00,JSON,HISTORICAL_EVIDENCE,52,ddc12257f26774f308fa0c7b5d081c9f0ab7833d19eff441ebd697154eef9161
miniandroid/run/exp052_exceptions/case_a_catch_all/golden_end_to_end.json,1259,2026-08-22T16:54:07.467941+00:00,JSON,GENERATED_OUTPUT,52,
miniandroid/run/exp052_exceptions/case_a_catch_all/shadow_report.json,3837,2026-08-22T16:54:07.468941+00:00,JSON,GENERATED_OUTPUT,52,1224a2472f66ceb9bbd96f22dbffd3c605d87bd8876ca1fd878d9ea349a9444c
miniandroid/run/exp052_exceptions/case_a_catch_all/runtime_component_map.json,1010,2026-08-22T16:54:07.467941+00:00,JSON,GENERATED_OUTPUT,52,0b3921bac130ca6fbef157ef6191ca08ffe2d56c84a78e26f1c66f860eeb00cc
miniandroid/run/exp052_exceptions/case_a_catch_all/report.md,3024,2026-08-22T16:54:07.467941+00:00,REPORT_MD,HISTORICAL_EVIDENCE,52,
miniandroid/run/exp052_exceptions/case_a_catch_all/golden/corpus.json,2017,2026-08-22T16:54:07.467941+00:00,JSON,REGRESSION_FIXTURE,52,647c390de845e1540e946c6b681469290a99023876e9b9d2a838bd76aaf6c50c
miniandroid/run/exp052_exceptions/case_a_catch_all/database/android_api_frequency.json,2949,2026-08-22T16:54:07.467941+00:00,JSON,GENERATED_OUTPUT,52,3db96ffcc3c3c85c489fdced6be87e6a79376e590907cb88e4dd6d61913bd718
miniandroid/run/exp052_exceptions/case_a_catch_all/database/dex_opcode_frequency.json,219,2026-08-22T16:54:07.467941+00:00,JSON,GENERATED_OUTPUT,52,f7db13b55a884b1fd1000373491042334b8e4126355c7a9c95273bc3ebd1c80f
miniandroid/run/exp052_exceptions/if_eqz_nonzero_nottaken/failure_report.json,1142,2026-08-22T16:54:07.470941+00:00,JSON,HISTORICAL_EVIDENCE,52,
miniandroid/run/exp052_exceptions/if_eqz_nonzero_nottaken/application_runtime.json,3876,2026-08-22T16:54:07.470941+00:00,JSON,GENERATED_OUTPUT,52,
miniandroid/run/exp052_exceptions/if_eqz_nonzero_nottaken/runtime_state_trace.json,2966,2026-08-22T16:54:07.470941+00:00,JSON,GENERATED_OUTPUT,52,6b5d9a1b85eaead370fdd534735cdf15966828aec6bacace813eff3595d6d7a8
miniandroid/run/exp052_exceptions/if_eqz_nonzero_nottaken/report.md.json,5106,2026-08-22T16:54:07.470941+00:00,JSON,GENERATED_OUTPUT,52,
miniandroid/run/exp052_exceptions/if_eqz_nonzero_nottaken/test_matrix.json,859,2026-08-22T16:54:07.471941+00:00,JSON,HISTORICAL_EVIDENCE,52,
miniandroid/run/exp052_exceptions/if_eqz_nonzero_nottaken/golden_end_to_end.json,1266,2026-08-22T16:54:07.470941+00:00,JSON,GENERATED_OUTPUT,52,ef222a1fe371cc122049139c17de00140e1f5130423b11a1838ab8582f93898a
miniandroid/run/exp052_exceptions/if_eqz_nonzero_nottaken/render_request.txt,449,2026-08-22T16:54:07.470941+00:00,TXT,GENERATED_OUTPUT,52,
miniandroid/run/exp052_exceptions/if_eqz_nonzero_nottaken/view_tree.json,63,2026-08-22T16:54:07.472941+00:00,VIEW_TREE_DUMP,GENERATED_OUTPUT,52,6e233a8d09bfab4ac799a6dfab91633ee1d926456961cb4ad6aceafbf76f01bb
miniandroid/run/exp052_exceptions/if_eqz_nonzero_nottaken/runtime_component_map.json,1010,2026-08-22T16:54:07.470941+00:00,JSON,GENERATED_OUTPUT,52,a858fbff2e9952acab10c3b06350fb462762d899779ab29852b15b4a724ae3ca
miniandroid/run/exp052_exceptions/if_eqz_nonzero_nottaken/report.md,3038,2026-08-22T16:54:07.470941+00:00,REPORT_MD,HISTORICAL_EVIDENCE,52,
miniandroid/run/exp052_exceptions/if_eqz_nonzero_nottaken/golden/corpus.json,2017,2026-08-22T16:54:07.470941+00:00,JSON,REGRESSION_FIXTURE,52,647c390de845e1540e946c6b681469290a99023876e9b9d2a838bd76aaf6c50c
miniandroid/run/exp052_exceptions/if_eqz_nonzero_nottaken/database/android_api_frequency.json,2701,2026-08-22T16:54:07.470941+00:00,JSON,GENERATED_OUTPUT,52,
miniandroid/run/exp052_exceptions/if_eqz_nonzero_nottaken/database/dex_opcode_frequency.json,219,2026-08-22T16:54:07.470941+00:00,JSON,GENERATED_OUTPUT,52,f7db13b55a884b1fd1000373491042334b8e4126355c7a9c95273bc3ebd1c80f
miniandroid/run/exp052_exceptions/case4_catch_all/failure_report.json,1118,2026-08-22T16:54:07.466941+00:00,JSON,HISTORICAL_EVIDENCE,52,bad6d421e2663345ad1bb4009ce9f17c47dca5913398359fb43efebd7f132b10
miniandroid/run/exp052_exceptions/case4_catch_all/application_runtime.json,3838,2026-08-22T16:54:07.466941+00:00,JSON,GENERATED_OUTPUT,52,e7fbe2ae759647ae402a9d6d458d59203e1dd32ce501eed6a0ba2107ed4e9a47
miniandroid/run/exp052_exceptions/case4_catch_all/runtime_state_trace.json,2944,2026-08-22T16:54:07.466941+00:00,JSON,GENERATED_OUTPUT,52,2b71ce746f5b7f176aded38747f330e1e7fc78b41c080682593364b6349dfbcb
miniandroid/run/exp052_exceptions/case4_catch_all/report.md.json,5090,2026-08-22T16:54:07.466941+00:00,JSON,GENERATED_OUTPUT,52,ce5697571c170c5e6d239a03469512fd69e43c12db288fed219b2eb07f0e1b6d
miniandroid/run/exp052_exceptions/case4_catch_all/test_matrix.json,851,2026-08-22T16:54:07.467941+00:00,JSON,HISTORICAL_EVIDENCE,52,2aa4da821f4b28ff391d9ccdcd25ee359530c39d850e70c02248c44fb0782396
miniandroid/run/exp052_exceptions/case4_catch_all/golden_end_to_end.json,1258,2026-08-22T16:54:07.466941+00:00,JSON,GENERATED_OUTPUT,52,f8dfadf72532006a9cbda0b3559c7e6128774dc58e82a83157c007b861470f9d
miniandroid/run/exp052_exceptions/case4_catch_all/runtime_component_map.json,1010,2026-08-22T16:54:07.466941+00:00,JSON,GENERATED_OUTPUT,52,a03009dd8760b431d718ea8c029514d3a455c81876709109e462cb5661162351
miniandroid/run/exp052_exceptions/case4_catch_all/report.md,3022,2026-08-22T16:54:07.466941+00:00,REPORT_MD,HISTORICAL_EVIDENCE,52,
miniandroid/run/exp052_exceptions/case4_catch_all/golden/corpus.json,2017,2026-08-22T16:54:07.466941+00:00,JSON,REGRESSION_FIXTURE,52,647c390de845e1540e946c6b681469290a99023876e9b9d2a838bd76aaf6c50c
miniandroid/run/exp052_exceptions/case4_catch_all/database/android_api_frequency.json,2948,2026-08-22T16:54:07.466941+00:00,JSON,GENERATED_OUTPUT,52,
miniandroid/run/exp052_exceptions/case4_catch_all/database/dex_opcode_frequency.json,219,2026-08-22T16:54:07.466941+00:00,JSON,GENERATED_OUTPUT,52,f7db13b55a884b1fd1000373491042334b8e4126355c7a9c95273bc3ebd1c80f
miniandroid/run/exp052_exceptions/reg_goto_simple/failure_report.json,1118,2026-08-22T16:54:07.480941+00:00,JSON,HISTORICAL_EVIDENCE,52,0d9bed815cc7a7186a17662f3d34d55b3d0d042d1e62d31e1da07f3a43d59c37
miniandroid/run/exp052_exceptions/reg_goto_simple/application_runtime.json,3838,2026-08-22T16:54:07.480941+00:00,JSON,GENERATED_OUTPUT,52,7a43ccd42185119415fe17876c83a58e5607f9f4061bb8fd49580743643bc2b4
miniandroid/run/exp052_exceptions/reg_goto_simple/runtime_state_trace.json,2944,2026-08-22T16:54:07.480941+00:00,JSON,GENERATED_OUTPUT,52,8712b701e775cb4a851e7d7ecbc8bdd04d39911562c5c8eed1c065f3ae0a7dfc
miniandroid/run/exp052_exceptions/reg_goto_simple/report.md.json,5090,2026-08-22T16:54:07.480941+00:00,JSON,GENERATED_OUTPUT,52,20c2f6cd123ec64ce10332188e5cb01fab419a822d697203d6c644ab4f39390f
miniandroid/run/exp052_exceptions/reg_goto_simple/test_matrix.json,851,2026-08-22T16:54:07.481941+00:00,JSON,HISTORICAL_EVIDENCE,52,60bca739b077b76c985d2455cf19b3ac0f325ee69e0a677ded73d6952983c2a1
miniandroid/run/exp052_exceptions/reg_goto_simple/golden_end_to_end.json,1258,2026-08-22T16:54:07.480941+00:00,JSON,GENERATED_OUTPUT,52,3ecce4ff7fe7bff439339769120a8ea3f00e54bb65a5dbf396ae0deccc29cc6c
miniandroid/run/exp052_exceptions/reg_goto_simple/render_request.txt,425,2026-08-22T16:54:07.480941+00:00,TXT,GENERATED_OUTPUT,52,
miniandroid/run/exp052_exceptions/reg_goto_simple/view_tree.json,63,2026-08-22T16:54:07.481941+00:00,VIEW_TREE_DUMP,GENERATED_OUTPUT,52,6e233a8d09bfab4ac799a6dfab91633ee1d926456961cb4ad6aceafbf76f01bb
miniandroid/run/exp052_exceptions/reg_goto_simple/runtime_component_map.json,1010,2026-08-22T16:54:07.480941+00:00,JSON,GENERATED_OUTPUT,52,a858fbff2e9952acab10c3b06350fb462762d899779ab29852b15b4a724ae3ca
miniandroid/run/exp052_exceptions/reg_goto_simple/report.md,3022,2026-08-22T16:54:07.480941+00:00,REPORT_MD,HISTORICAL_EVIDENCE,52,
miniandroid/run/exp052_exceptions/reg_goto_simple/golden/corpus.json,2017,2026-08-22T16:54:07.480941+00:00,JSON,REGRESSION_FIXTURE,52,647c390de845e1540e946c6b681469290a99023876e9b9d2a838bd76aaf6c50c
miniandroid/run/exp052_exceptions/reg_goto_simple/database/android_api_frequency.json,2693,2026-08-22T16:54:07.480941+00:00,JSON,GENERATED_OUTPUT,52,1e5e77e98f56737e86dbf21e5e30f704752919d55aeb5dcb8a051a890235581c
miniandroid/run/exp052_exceptions/reg_goto_simple/database/dex_opcode_frequency.json,219,2026-08-22T16:54:07.480941+00:00,JSON,GENERATED_OUTPUT,52,f7db13b55a884b1fd1000373491042334b8e4126355c7a9c95273bc3ebd1c80f
miniandroid/run/exp052_exceptions/if_nez_nonzero_taken/failure_report.json,1133,2026-08-22T16:54:07.473941+00:00,JSON,HISTORICAL_EVIDENCE,52,8ca460a8c0623f7d90d7672cf044d271b3a588797d94642a7d80d1aa0a78dff4
miniandroid/run/exp052_exceptions/if_nez_nonzero_taken/application_runtime.json,3860,2026-08-22T16:54:07.473941+00:00,JSON,GENERATED_OUTPUT,52,e3e29407d679f2f4a459dda65f8f86137c50cf4556e2f5023c7ab8ce0e6aa440
miniandroid/run/exp052_exceptions/if_nez_nonzero_taken/runtime_state_trace.json,2956,2026-08-22T16:54:07.474941+00:00,JSON,GENERATED_OUTPUT,52,75b1c7e75b7168bafed78d56b9f1205c1afceecd24c09e5da9c4c76372b1321a
miniandroid/run/exp052_exceptions/if_nez_nonzero_taken/report.md.json,5099,2026-08-22T16:54:07.473941+00:00,JSON,GENERATED_OUTPUT,52,
miniandroid/run/exp052_exceptions/if_nez_nonzero_taken/test_matrix.json,856,2026-08-22T16:54:07.475941+00:00,JSON,HISTORICAL_EVIDENCE,52,e4c2f781e1562c63137e60372df3456e1c498309f917ad3eb1ae4c8c7e27f4de
miniandroid/run/exp052_exceptions/if_nez_nonzero_taken/golden_end_to_end.json,1263,2026-08-22T16:54:07.473941+00:00,JSON,GENERATED_OUTPUT,52,2d4fd1e94074e2ee58fa17e585a5748501ebb638144e7a53a90527297141ffee
miniandroid/run/exp052_exceptions/if_nez_nonzero_taken/render_request.txt,440,2026-08-22T16:54:07.473941+00:00,TXT,GENERATED_OUTPUT,52,
miniandroid/run/exp052_exceptions/if_nez_nonzero_taken/view_tree.json,63,2026-08-22T16:54:07.475941+00:00,VIEW_TREE_DUMP,GENERATED_OUTPUT,52,6e233a8d09bfab4ac799a6dfab91633ee1d926456961cb4ad6aceafbf76f01bb
miniandroid/run/exp052_exceptions/if_nez_nonzero_taken/runtime_component_map.json,1010,2026-08-22T16:54:07.474941+00:00,JSON,GENERATED_OUTPUT,52,a858fbff2e9952acab10c3b06350fb462762d899779ab29852b15b4a724ae3ca
miniandroid/run/exp052_exceptions/if_nez_nonzero_taken/report.md,3032,2026-08-22T16:54:07.473941+00:00,REPORT_MD,HISTORICAL_EVIDENCE,52,
miniandroid/run/exp052_exceptions/if_nez_nonzero_taken/golden/corpus.json,2017,2026-08-22T16:54:07.473941+00:00,JSON,REGRESSION_FIXTURE,52,647c390de845e1540e946c6b681469290a99023876e9b9d2a838bd76aaf6c50c
miniandroid/run/exp052_exceptions/if_nez_nonzero_taken/database/android_api_frequency.json,2698,2026-08-22T16:54:07.473941+00:00,JSON,GENERATED_OUTPUT,52,fde29b60ced437993d95f89767c552f425e4169a97dce750a38b51d2bfd39d18
miniandroid/run/exp052_exceptions/if_nez_nonzero_taken/database/dex_opcode_frequency.json,219,2026-08-22T16:54:07.473941+00:00,JSON,GENERATED_OUTPUT,52,f7db13b55a884b1fd1000373491042334b8e4126355c7a9c95273bc3ebd1c80f
miniandroid/run/exp052_exceptions/reg_invoke_virtual_return/failure_report.json,1148,2026-08-22T16:54:07.483941+00:00,JSON,HISTORICAL_EVIDENCE,52,
miniandroid/run/exp052_exceptions/reg_invoke_virtual_return/application_runtime.json,3880,2026-08-22T16:54:07.483941+00:00,JSON,GENERATED_OUTPUT,52,b211fb60f745fa17e8e18958e360b16a80922d8051675176800048fb712be64a
miniandroid/run/exp052_exceptions/reg_invoke_virtual_return/runtime_state_trace.json,2966,2026-08-22T16:54:07.483941+00:00,JSON,GENERATED_OUTPUT,52,b72e142f67899b6a0d8230325685a0428431049887cb7c37d9c47a3974a1af0c
miniandroid/run/exp052_exceptions/reg_invoke_virtual_return/report.md.json,5110,2026-08-22T16:54:07.483941+00:00,JSON,GENERATED_OUTPUT,52,
miniandroid/run/exp052_exceptions/reg_invoke_virtual_return/test_matrix.json,861,2026-08-22T16:54:07.485941+00:00,JSON,HISTORICAL_EVIDENCE,52,
miniandroid/run/exp052_exceptions/reg_invoke_virtual_return/golden_end_to_end.json,1268,2026-08-22T16:54:07.483941+00:00,JSON,GENERATED_OUTPUT,52,aeedf4b000efdda2cb8cb8217c6f0c0cbf723ae7b1aaf5c3e97aa1370a0f039d
miniandroid/run/exp052_exceptions/reg_invoke_virtual_return/render_request.txt,455,2026-08-22T16:54:07.483941+00:00,TXT,GENERATED_OUTPUT,52,
miniandroid/run/exp052_exceptions/reg_invoke_virtual_return/shadow_report.json,3932,2026-08-22T16:54:07.485941+00:00,JSON,GENERATED_OUTPUT,52,
miniandroid/run/exp052_exceptions/reg_invoke_virtual_return/view_tree.json,63,2026-08-22T16:54:07.485941+00:00,VIEW_TREE_DUMP,GENERATED_OUTPUT,52,6e233a8d09bfab4ac799a6dfab91633ee1d926456961cb4ad6aceafbf76f01bb
miniandroid/run/exp052_exceptions/reg_invoke_virtual_return/runtime_component_map.json,1010,2026-08-22T16:54:07.483941+00:00,JSON,GENERATED_OUTPUT,52,a858fbff2e9952acab10c3b06350fb462762d899779ab29852b15b4a724ae3ca
miniandroid/run/exp052_exceptions/reg_invoke_virtual_return/report.md,3042,2026-08-22T16:54:07.483941+00:00,REPORT_MD,HISTORICAL_EVIDENCE,52,
miniandroid/run/exp052_exceptions/reg_invoke_virtual_return/golden/corpus.json,2017,2026-08-22T16:54:07.483941+00:00,JSON,REGRESSION_FIXTURE,52,647c390de845e1540e946c6b681469290a99023876e9b9d2a838bd76aaf6c50c
miniandroid/run/exp052_exceptions/reg_invoke_virtual_return/database/android_api_frequency.json,2945,2026-08-22T16:54:07.483941+00:00,JSON,GENERATED_OUTPUT,52,
miniandroid/run/exp052_exceptions/reg_invoke_virtual_return/database/dex_opcode_frequency.json,219,2026-08-22T16:54:07.483941+00:00,JSON,GENERATED_OUTPUT,52,f7db13b55a884b1fd1000373491042334b8e4126355c7a9c95273bc3ebd1c80f
miniandroid/run/exp052_exceptions/if_eqz_zero_taken/failure_report.json,1124,2026-08-22T16:54:07.472941+00:00,JSON,HISTORICAL_EVIDENCE,52,40a679eebc9cddee0d38d028693585fbddb31a71db08a83ac6bc509180791033
miniandroid/run/exp052_exceptions/if_eqz_zero_taken/application_runtime.json,3850,2026-08-22T16:54:07.472941+00:00,JSON,GENERATED_OUTPUT,52,b0857b6dd08d683268b1ca2be967ff9fcbcd8e55edc81f444a54658ca07933d4
miniandroid/run/exp052_exceptions/if_eqz_zero_taken/runtime_state_trace.json,2952,2026-08-22T16:54:07.472941+00:00,JSON,GENERATED_OUTPUT,52,11058c431192d34473cbe3190c188d285d922005df9b568955f272942bf615d7
miniandroid/run/exp052_exceptions/if_eqz_zero_taken/report.md.json,5094,2026-08-22T16:54:07.472941+00:00,JSON,GENERATED_OUTPUT,52,bd7ec953b62fc7fca5f5dba64d4224d8c9e342c0941a9195517014676c35e25e
miniandroid/run/exp052_exceptions/if_eqz_zero_taken/test_matrix.json,853,2026-08-22T16:54:07.473941+00:00,JSON,HISTORICAL_EVIDENCE,52,47b58a054887789ec654c82a0d298b9a2e8030db4088cc6d264b396138d27de6
miniandroid/run/exp052_exceptions/if_eqz_zero_taken/golden_end_to_end.json,1260,2026-08-22T16:54:07.472941+00:00,JSON,GENERATED_OUTPUT,52,c7919fa8b3bbbe7d38cd13e95af9bf20ed7cb218be781be1a420961ae4bc45bb
miniandroid/run/exp052_exceptions/if_eqz_zero_taken/render_request.txt,431,2026-08-22T16:54:07.472941+00:00,TXT,GENERATED_OUTPUT,52,
miniandroid/run/exp052_exceptions/if_eqz_zero_taken/view_tree.json,63,2026-08-22T16:54:07.473941+00:00,VIEW_TREE_DUMP,GENERATED_OUTPUT,52,6e233a8d09bfab4ac799a6dfab91633ee1d926456961cb4ad6aceafbf76f01bb
miniandroid/run/exp052_exceptions/if_eqz_zero_taken/runtime_component_map.json,1010,2026-08-22T16:54:07.472941+00:00,JSON,GENERATED_OUTPUT,52,a858fbff2e9952acab10c3b06350fb462762d899779ab29852b15b4a724ae3ca
miniandroid/run/exp052_exceptions/if_eqz_zero_taken/report.md,3026,2026-08-22T16:54:07.472941+00:00,REPORT_MD,HISTORICAL_EVIDENCE,52,
miniandroid/run/exp052_exceptions/if_eqz_zero_taken/golden/corpus.json,2017,2026-08-22T16:54:07.472941+00:00,JSON,REGRESSION_FIXTURE,52,647c390de845e1540e946c6b681469290a99023876e9b9d2a838bd76aaf6c50c
miniandroid/run/exp052_exceptions/if_eqz_zero_taken/database/android_api_frequency.json,2695,2026-08-22T16:54:07.472941+00:00,JSON,GENERATED_OUTPUT,52,0c6fde536145c17c14afe8a9e3ca9ecd987f8eb63bd72d9c699dfd9c8be874ad
miniandroid/run/exp052_exceptions/if_eqz_zero_taken/database/dex_opcode_frequency.json,219,2026-08-22T16:54:07.472941+00:00,JSON,GENERATED_OUTPUT,52,f7db13b55a884b1fd1000373491042334b8e4126355c7a9c95273bc3ebd1c80f
miniandroid/run/exp052_exceptions/reg_branch_if_eqz/failure_report.json,1124,2026-08-22T16:54:07.477941+00:00,JSON,HISTORICAL_EVIDENCE,52,fd4c98a523e51891efa64a68df78cef2bf3ef57dcdf413488b380ecbc09b2f44
miniandroid/run/exp052_exceptions/reg_branch_if_eqz/application_runtime.json,3852,2026-08-22T16:54:07.477941+00:00,JSON,GENERATED_OUTPUT,52,f4d1ecc57227ecdc6030e4efd991efe1b6b00dbc1bd4dc3da16b7afc37c6fad3
miniandroid/run/exp052_exceptions/reg_branch_if_eqz/runtime_state_trace.json,2954,2026-08-22T16:54:07.477941+00:00,JSON,GENERATED_OUTPUT,52,224846d0a5f1b536879f3d5c960b4ea13402258792e6866b60940c239f7c6286
miniandroid/run/exp052_exceptions/reg_branch_if_eqz/report.md.json,5094,2026-08-22T16:54:07.477941+00:00,JSON,GENERATED_OUTPUT,52,1db64bcc416789d3fa4767f563d6fdb6b33dbd33053b7542241a7bcbd9479c6e
miniandroid/run/exp052_exceptions/reg_branch_if_eqz/test_matrix.json,853,2026-08-22T16:54:07.478941+00:00,JSON,HISTORICAL_EVIDENCE,52,726f6f34f5222ddd953775342c95647443f6b978e5d3a35dc56c980ebf18dd19
miniandroid/run/exp052_exceptions/reg_branch_if_eqz/golden_end_to_end.json,1260,2026-08-22T16:54:07.477941+00:00,JSON,GENERATED_OUTPUT,52,ae7c1c304a060d2845dff862b1410db015af7e7cc742e68cb8c0520d5dbe071e
miniandroid/run/exp052_exceptions/reg_branch_if_eqz/render_request.txt,431,2026-08-22T16:54:07.477941+00:00,TXT,GENERATED_OUTPUT,52,
miniandroid/run/exp052_exceptions/reg_branch_if_eqz/view_tree.json,63,2026-08-22T16:54:07.478941+00:00,VIEW_TREE_DUMP,GENERATED_OUTPUT,52,6e233a8d09bfab4ac799a6dfab91633ee1d926456961cb4ad6aceafbf76f01bb
miniandroid/run/exp052_exceptions/reg_branch_if_eqz/runtime_component_map.json,1010,2026-08-22T16:54:07.477941+00:00,JSON,GENERATED_OUTPUT,52,a858fbff2e9952acab10c3b06350fb462762d899779ab29852b15b4a724ae3ca
miniandroid/run/exp052_exceptions/reg_branch_if_eqz/report.md,3026,2026-08-22T16:54:07.477941+00:00,REPORT_MD,HISTORICAL_EVIDENCE,52,
miniandroid/run/exp052_exceptions/reg_branch_if_eqz/golden/corpus.json,2017,2026-08-22T16:54:07.477941+00:00,JSON,REGRESSION_FIXTURE,52,647c390de845e1540e946c6b681469290a99023876e9b9d2a838bd76aaf6c50c
miniandroid/run/exp052_exceptions/reg_branch_if_eqz/database/android_api_frequency.json,2695,2026-08-22T16:54:07.477941+00:00,JSON,GENERATED_OUTPUT,52,ecee1c533ac8020c8d684ff523906fa3734c2e9f8c069f24a8668378ecfc4fb9
miniandroid/run/exp052_exceptions/reg_branch_if_eqz/database/dex_opcode_frequency.json,219,2026-08-22T16:54:07.477941+00:00,JSON,GENERATED_OUTPUT,52,f7db13b55a884b1fd1000373491042334b8e4126355c7a9c95273bc3ebd1c80f
miniandroid/run/exp052_exceptions/reg_invoke_static_return/failure_report.json,1145,2026-08-22T16:54:07.482941+00:00,JSON,HISTORICAL_EVIDENCE,52,
miniandroid/run/exp052_exceptions/reg_invoke_static_return/application_runtime.json,3880,2026-08-22T16:54:07.481941+00:00,JSON,GENERATED_OUTPUT,52,2e70b83c2d682734a46722a679f582d05338cb28165ebb7006d8fcd1e5f40536
miniandroid/run/exp052_exceptions/reg_invoke_static_return/runtime_state_trace.json,2968,2026-08-22T16:54:07.482941+00:00,JSON,GENERATED_OUTPUT,52,
miniandroid/run/exp052_exceptions/reg_invoke_static_return/report.md.json,5108,2026-08-22T16:54:07.482941+00:00,JSON,GENERATED_OUTPUT,52,
miniandroid/run/exp052_exceptions/reg_invoke_static_return/test_matrix.json,860,2026-08-22T16:54:07.483941+00:00,JSON,HISTORICAL_EVIDENCE,52,
miniandroid/run/exp052_exceptions/reg_invoke_static_return/golden_end_to_end.json,1267,2026-08-22T16:54:07.482941+00:00,JSON,GENERATED_OUTPUT,52,61ebd72cec1ede1577aea5574f4957fb858b8fa130d416765fec3a454170a8f8
miniandroid/run/exp052_exceptions/reg_invoke_static_return/render_request.txt,452,2026-08-22T16:54:07.482941+00:00,TXT,GENERATED_OUTPUT,52,
miniandroid/run/exp052_exceptions/reg_invoke_static_return/view_tree.json,63,2026-08-22T16:54:07.483941+00:00,VIEW_TREE_DUMP,GENERATED_OUTPUT,52,6e233a8d09bfab4ac799a6dfab91633ee1d926456961cb4ad6aceafbf76f01bb
miniandroid/run/exp052_exceptions/reg_invoke_static_return/runtime_component_map.json,1010,2026-08-22T16:54:07.482941+00:00,JSON,GENERATED_OUTPUT,52,a858fbff2e9952acab10c3b06350fb462762d899779ab29852b15b4a724ae3ca
miniandroid/run/exp052_exceptions/reg_invoke_static_return/report.md,3040,2026-08-22T16:54:07.482941+00:00,REPORT_MD,HISTORICAL_EVIDENCE,52,
miniandroid/run/exp052_exceptions/reg_invoke_static_return/golden/corpus.json,2017,2026-08-22T16:54:07.482941+00:00,JSON,REGRESSION_FIXTURE,52,647c390de845e1540e946c6b681469290a99023876e9b9d2a838bd76aaf6c50c
miniandroid/run/exp052_exceptions/reg_invoke_static_return/database/android_api_frequency.json,2959,2026-08-22T16:54:07.482941+00:00,JSON,GENERATED_OUTPUT,52,
miniandroid/run/exp052_exceptions/reg_invoke_static_return/database/dex_opcode_frequency.json,219,2026-08-22T16:54:07.482941+00:00,JSON,GENERATED_OUTPUT,52,f7db13b55a884b1fd1000373491042334b8e4126355c7a9c95273bc3ebd1c80f
miniandroid/run/exp054_final/failure_report.json,926,2026-08-22T16:54:07.509941+00:00,JSON,HISTORICAL_EVIDENCE,54,754776fafcf4d30580fabab762f5604eff226755bb6be82e0e02a738e0c276c9
miniandroid/run/exp054_final/application_runtime.json,3603,2026-08-22T16:54:07.509941+00:00,JSON,GENERATED_OUTPUT,54,4eb299c11492cac3f14d5a2e32ab4f428fbee5986d7f2b9fe5fea4ca2b1a1396
miniandroid/run/exp054_final/runtime_state_trace.json,2844,2026-08-22T16:54:07.509941+00:00,JSON,GENERATED_OUTPUT,54,136b6bb77d59b97ca91b88e3407a75c029e31ddfaf70a14e967d663e163437bc
miniandroid/run/exp054_final/report.md.json,4966,2026-08-22T16:54:07.509941+00:00,JSON,GENERATED_OUTPUT,54,71f2325b86be26a4475f82ae435c43389b7b3197187b256933384c394c797d70
miniandroid/run/exp054_final/test_matrix.json,787,2026-08-22T16:54:07.510941+00:00,JSON,HISTORICAL_EVIDENCE,54,63243b7d8fa6bf4b24d63c1375ade1f1f7e5ae90db5c2fd31b0eb49316d14a8e
miniandroid/run/exp054_final/golden_end_to_end.json,1200,2026-08-22T16:54:07.509941+00:00,JSON,GENERATED_OUTPUT,54,261e9d09952398d4fb01e160b389c6aa90df849fd32c2b5073603d18a4431914
miniandroid/run/exp054_final/shadow_report.json,3858,2026-08-22T16:54:07.510941+00:00,JSON,GENERATED_OUTPUT,54,bfcc81c17186fbb0a088175e6cc5e9c8fc7372870356745beb328d8410c1e9c9
miniandroid/run/exp054_final/runtime_component_map.json,1010,2026-08-22T16:54:07.509941+00:00,JSON,GENERATED_OUTPUT,54,325a46f996481a9af54ac25935eb0d7f830c3df6a1a3809030a0faa7151e449f
miniandroid/run/exp054_final/report.md,2876,2026-08-22T16:54:07.509941+00:00,REPORT_MD,HISTORICAL_EVIDENCE,54,
miniandroid/run/exp054_final/golden/corpus.json,2017,2026-08-22T16:54:07.509941+00:00,JSON,REGRESSION_FIXTURE,54,647c390de845e1540e946c6b681469290a99023876e9b9d2a838bd76aaf6c50c
miniandroid/run/exp054_final/database/android_api_frequency.json,21748,2026-08-22T16:54:07.509941+00:00,JSON,GENERATED_OUTPUT,54,
miniandroid/run/exp054_final/database/dex_opcode_frequency.json,219,2026-08-22T16:54:07.509941+00:00,JSON,GENERATED_OUTPUT,54,f7db13b55a884b1fd1000373491042334b8e4126355c7a9c95273bc3ebd1c80f
miniandroid/run/exp037_tiny/screenshot.png,1152862,2026-08-22T16:54:07.328941+00:00,SCREENSHOT_PNG,GENERATED_OUTPUT,37,c3c208a169a7dadd21b199e6e9f42d919393f5d1951762cdd5841f18fb98136a
miniandroid/run/exp037_tiny/failure_report.json,607,2026-08-22T16:54:07.325941+00:00,JSON,HISTORICAL_EVIDENCE,37,
miniandroid/run/exp037_tiny/application_runtime.json,3649,2026-08-22T16:54:07.325941+00:00,JSON,GENERATED_OUTPUT,37,
miniandroid/run/exp037_tiny/runtime_state_trace.json,2880,2026-08-22T16:54:07.325941+00:00,JSON,GENERATED_OUTPUT,37,
miniandroid/run/exp037_tiny/report.md.json,4978,2026-08-22T16:54:07.325941+00:00,JSON,GENERATED_OUTPUT,37,
miniandroid/run/exp037_tiny/test_matrix.json,795,2026-08-22T16:54:07.328941+00:00,JSON,HISTORICAL_EVIDENCE,37,
miniandroid/run/exp037_tiny/golden_end_to_end.json,1222,2026-08-22T16:54:07.325941+00:00,JSON,GENERATED_OUTPUT,37,5658b1fd106e484465947fe8333310dbb3790db4a6c309a2508b3dd8fe012bda
miniandroid/run/exp037_tiny/runtime_component_map.json,1010,2026-08-22T16:54:07.325941+00:00,JSON,GENERATED_OUTPUT,37,090eb6fb7b8dd684cc5deabf0c5c1fa31ea094cfb797158115967297842f5d02
miniandroid/run/exp037_tiny/report.md,2880,2026-08-22T16:54:07.325941+00:00,REPORT_MD,HISTORICAL_EVIDENCE,37,
miniandroid/run/exp037_tiny/golden/corpus.json,2017,2026-08-22T16:54:07.325941+00:00,JSON,REGRESSION_FIXTURE,37,647c390de845e1540e946c6b681469290a99023876e9b9d2a838bd76aaf6c50c
miniandroid/run/exp037_tiny/database/android_api_frequency.json,3844,2026-08-22T16:54:07.325941+00:00,JSON,GENERATED_OUTPUT,37,3ab832b53488b34c35f178a56b56dbfd715e0838957ec88f1a59ca9f9574d1db
miniandroid/run/exp037_tiny/database/dex_opcode_frequency.json,219,2026-08-22T16:54:07.325941+00:00,JSON,GENERATED_OUTPUT,37,f7db13b55a884b1fd1000373491042334b8e4126355c7a9c95273bc3ebd1c80f
miniandroid/run/exp037_search/failure_report.json,765,2026-08-22T16:54:07.322941+00:00,JSON,HISTORICAL_EVIDENCE,37,
miniandroid/run/exp037_search/application_runtime.json,3750,2026-08-22T16:54:07.322941+00:00,JSON,GENERATED_OUTPUT,37,
miniandroid/run/exp037_search/runtime_state_trace.json,3026,2026-08-22T16:54:07.322941+00:00,JSON,GENERATED_OUTPUT,37,
miniandroid/run/exp037_search/report.md.json,5136,2026-08-22T16:54:07.322941+00:00,JSON,GENERATED_OUTPUT,37,2dc1b19263438bf536849fbb3bc3d07ab512a94f74337cb79c5bed3c31694144
miniandroid/run/exp037_search/test_matrix.json,874,2026-08-22T16:54:07.325941+00:00,JSON,HISTORICAL_EVIDENCE,37,5be15e90f71f6a813a954757be26c5c0fabb971094931146aefe566cb9e9cfd9
miniandroid/run/exp037_search/golden_end_to_end.json,1299,2026-08-22T16:54:07.322941+00:00,JSON,GENERATED_OUTPUT,37,
miniandroid/run/exp037_search/runtime_component_map.json,1010,2026-08-22T16:54:07.322941+00:00,JSON,GENERATED_OUTPUT,37,7951c409cbf2502c57527425186dc91e6902bb2972c50b46e9e7e47fb9d9f787
miniandroid/run/exp037_search/report.md,2961,2026-08-22T16:54:07.322941+00:00,REPORT_MD,HISTORICAL_EVIDENCE,37,
miniandroid/run/exp037_search/golden/corpus.json,2017,2026-08-22T16:54:07.322941+00:00,JSON,REGRESSION_FIXTURE,37,647c390de845e1540e946c6b681469290a99023876e9b9d2a838bd76aaf6c50c
miniandroid/run/exp037_search/database/android_api_frequency.json,4442,2026-08-22T16:54:07.322941+00:00,JSON,GENERATED_OUTPUT,37,
miniandroid/run/exp037_search/database/dex_opcode_frequency.json,219,2026-08-22T16:54:07.322941+00:00,JSON,GENERATED_OUTPUT,37,f7db13b55a884b1fd1000373491042334b8e4126355c7a9c95273bc3ebd1c80f
miniandroid/run/exp050_baseline/failure_report.json,926,2026-08-22T16:54:07.432941+00:00,JSON,HISTORICAL_EVIDENCE,50,281a76953aa25153ca7edd36184fa746d231a3693b5c0bff2f4fe4d141511182
miniandroid/run/exp050_baseline/application_runtime.json,3608,2026-08-22T16:54:07.432941+00:00,JSON,GENERATED_OUTPUT,50,c33d187681e4b9f08bbafa66e33c65accd56d046ff1b9cbce7236a69a6357c49
miniandroid/run/exp050_baseline/runtime_state_trace.json,2842,2026-08-22T16:54:07.432941+00:00,JSON,GENERATED_OUTPUT,50,a2356e6ff9ce6e58b98fb4e983151e687e1ee2048bcd6d57aa2098728a0ceab5
miniandroid/run/exp050_baseline/report.md.json,4966,2026-08-22T16:54:07.432941+00:00,JSON,GENERATED_OUTPUT,50,3af6508da9da0af8c55f9401411a53b74ec5ccc9fd5971994ff7417146387f5a
miniandroid/run/exp050_baseline/test_matrix.json,787,2026-08-22T16:54:07.435941+00:00,JSON,HISTORICAL_EVIDENCE,50,63243b7d8fa6bf4b24d63c1375ade1f1f7e5ae90db5c2fd31b0eb49316d14a8e
miniandroid/run/exp050_baseline/golden_end_to_end.json,1200,2026-08-22T16:54:07.432941+00:00,JSON,GENERATED_OUTPUT,50,e21ff7d45b6d4d1b5a6f3919f14fd746a29b1234d3b640a51aee46dfd06c47e2
miniandroid/run/exp050_baseline/runtime_component_map.json,1010,2026-08-22T16:54:07.432941+00:00,JSON,GENERATED_OUTPUT,50,31f18931d2e5a874c7193498241bb00e1dd45241a046e55f20378f871f5ca413
miniandroid/run/exp050_baseline/report.md,2879,2026-08-22T16:54:07.432941+00:00,REPORT_MD,HISTORICAL_EVIDENCE,50,
miniandroid/run/exp050_baseline/golden/corpus.json,2017,2026-08-22T16:54:07.432941+00:00,JSON,REGRESSION_FIXTURE,50,647c390de845e1540e946c6b681469290a99023876e9b9d2a838bd76aaf6c50c
miniandroid/run/exp050_baseline/database/dex_opcode_frequency.json,219,2026-08-22T16:54:07.432941+00:00,JSON,GENERATED_OUTPUT,50,f7db13b55a884b1fd1000373491042334b8e4126355c7a9c95273bc3ebd1c80f
miniandroid/run/exp067/render_provenance.json,3910,2026-08-22T16:54:07.649941+00:00,JSON,GENERATED_OUTPUT,67,af44a35ecd4fcdda123393ee6efeae4075bba0841c2e069dc5c99151f9aee443
miniandroid/run/exp067/manifest.json,138663,2026-08-22T16:54:07.649941+00:00,JSON,GENERATED_OUTPUT,67,
miniandroid/run/exp067/login_ui.png,22661,2026-08-22T16:54:07.649941+00:00,OTHER,GENERATED_OUTPUT,67,
miniandroid/run/exp067/image_validation.json,2016,2026-08-22T16:54:07.648941+00:00,JSON,GENERATED_OUTPUT,67,
miniandroid/run/exp067/github_comment.json,7877,2026-08-22T16:54:07.648941+00:00,JSON,GENERATED_OUTPUT,67,
miniandroid/run/exp067/layout_A19.json,1453,2026-08-22T16:54:07.648941+00:00,JSON,GENERATED_OUTPUT,67,
miniandroid/run/exp067/login_debug.png,55573,2026-08-22T16:54:07.649941+00:00,OTHER,GENERATED_OUTPUT,67,
miniandroid/run/exp035/apk_validation_summary.json,665,2026-08-22T16:54:07.312941+00:00,JSON,GENERATED_OUTPUT,35,
miniandroid/run/exp035/comparison_report.md,15969,2026-08-22T16:54:07.312941+00:00,MARKDOWN,GENERATED_OUTPUT,35,
miniandroid/run/exp035/baseline.md,7716,2026-08-22T16:54:07.312941+00:00,MARKDOWN,GENERATED_OUTPUT,35,
miniandroid/run/exp035/real_execution_evidence.json,101572,2026-08-22T16:54:07.312941+00:00,JSON,GENERATED_OUTPUT,35,
miniandroid/run/exp062_rfix2/render_provenance.json,4477,2026-08-22T16:54:07.580941+00:00,JSON,GENERATED_OUTPUT,62,8193883c2008bf8971d753f9a3260e71d683f7facf1044192d5e334fafc64613
miniandroid/run/exp062_rfix2/failure_report.json,926,2026-08-22T16:54:07.579941+00:00,JSON,HISTORICAL_EVIDENCE,62,9d620b58aa455f6f35c077c59ddd404c70929caef574c68b241d03619152ae10
miniandroid/run/exp062_rfix2/application_runtime.json,3603,2026-08-22T16:54:07.579941+00:00,JSON,GENERATED_OUTPUT,62,03da4988b2362e2cbf480e07e33efa8c0af4f592400a327bea7c31b5318ea233
miniandroid/run/exp062_rfix2/runtime_state_trace.json,2843,2026-08-22T16:54:07.580941+00:00,JSON,GENERATED_OUTPUT,62,1df3eea346e80dcdaa4d2801cebf23488c3046a833b0300c26343a6bbf64f0d3
miniandroid/run/exp062_rfix2/report.md.json,4966,2026-08-22T16:54:07.580941+00:00,JSON,GENERATED_OUTPUT,62,b34172b24d0812b29dfaa11a2a17309b07c3feb193ef77d21305fd713a57d6dc
miniandroid/run/exp062_rfix2/test_matrix.json,787,2026-08-22T16:54:07.581941+00:00,JSON,HISTORICAL_EVIDENCE,62,63243b7d8fa6bf4b24d63c1375ade1f1f7e5ae90db5c2fd31b0eb49316d14a8e
miniandroid/run/exp062_rfix2/golden_end_to_end.json,1200,2026-08-22T16:54:07.580941+00:00,JSON,GENERATED_OUTPUT,62,4c3b1f4a8bc1517be5f2b2d99c4988af5595546e6486498954f94fb3ab366cfd
miniandroid/run/exp062_rfix2/login_screen.png,21965,2026-08-22T16:54:07.580941+00:00,OTHER,GENERATED_OUTPUT,62,
miniandroid/run/exp062_rfix2/render_request.txt,167,2026-08-22T16:54:07.580941+00:00,TXT,GENERATED_OUTPUT,62,
miniandroid/run/exp062_rfix2/shadow_report.json,3962,2026-08-22T16:54:07.581941+00:00,JSON,GENERATED_OUTPUT,62,9ef590633b5d727fb7110cffc062d5bc331a25c1caeaf2bd165cf6e4e5151e37
miniandroid/run/exp062_rfix2/view_tree.json,409936,2026-08-22T16:54:07.581941+00:00,VIEW_TREE_DUMP,GENERATED_OUTPUT,62,
miniandroid/run/exp062_rfix2/runtime_component_map.json,1010,2026-08-22T16:54:07.580941+00:00,JSON,GENERATED_OUTPUT,62,8771fd6547299d52b5182a565ca7ed8d91fde370f2cb7ab250054cff8f14b8d0
miniandroid/run/exp062_rfix2/login_screen_debug.png,21989,2026-08-22T16:54:07.580941+00:00,OTHER,GENERATED_OUTPUT,62,
miniandroid/run/exp062_rfix2/report.md,2876,2026-08-22T16:54:07.580941+00:00,REPORT_MD,HISTORICAL_EVIDENCE,62,
miniandroid/run/exp062_rfix2/golden/corpus.json,2017,2026-08-22T16:54:07.579941+00:00,JSON,REGRESSION_FIXTURE,62,647c390de845e1540e946c6b681469290a99023876e9b9d2a838bd76aaf6c50c
miniandroid/run/exp062_rfix2/database/android_api_frequency.json,69951,2026-08-22T16:54:07.579941+00:00,JSON,GENERATED_OUTPUT,62,
miniandroid/run/exp062_rfix2/database/dex_opcode_frequency.json,219,2026-08-22T16:54:07.579941+00:00,JSON,GENERATED_OUTPUT,62,f7db13b55a884b1fd1000373491042334b8e4126355c7a9c95273bc3ebd1c80f
miniandroid/run/exp069_r3/render_provenance.json,4531,2026-08-22T16:54:07.664941+00:00,JSON,GENERATED_OUTPUT,69,2e997b9392d77e89a1984bc2db9debad685798573b064d31cd90442a23c371bc
miniandroid/run/exp069_r3/login_ui.png,27369,2026-08-22T16:54:07.664941+00:00,OTHER,GENERATED_OUTPUT,69,
miniandroid/run/exp069_r3/login_debug.png,66131,2026-08-22T16:54:07.664941+00:00,OTHER,GENERATED_OUTPUT,69,
miniandroid/run/exp063_resfix/failure_report.json,926,2026-08-22T16:54:07.619941+00:00,JSON,HISTORICAL_EVIDENCE,63,efe7992d06f1a7897e20ebfea594058f8ea1e5e7545fef36b9d66e8f19a8ad41
miniandroid/run/exp063_resfix/application_runtime.json,3610,2026-08-22T16:54:07.619941+00:00,JSON,GENERATED_OUTPUT,63,4e3d70a4dd6968263916082f06e66a1006c9d12f22e52df6cb963fb45174ee69
miniandroid/run/exp063_resfix/runtime_state_trace.json,2848,2026-08-22T16:54:07.620941+00:00,JSON,GENERATED_OUTPUT,63,01e10affb75d420d9ee21b5118b5db29378976c532068edeaaefa88e5ce74055
miniandroid/run/exp063_resfix/report.md.json,4967,2026-08-22T16:54:07.620941+00:00,JSON,GENERATED_OUTPUT,63,5152a75f9baacabc09db3c9f91465893fa28a158874194e3c32b060b35d99168
miniandroid/run/exp063_resfix/test_matrix.json,787,2026-08-22T16:54:07.620941+00:00,JSON,HISTORICAL_EVIDENCE,63,63243b7d8fa6bf4b24d63c1375ade1f1f7e5ae90db5c2fd31b0eb49316d14a8e
miniandroid/run/exp063_resfix/golden_end_to_end.json,1200,2026-08-22T16:54:07.620941+00:00,JSON,GENERATED_OUTPUT,63,6edca0f2fbea751557ac5b278a7d78821e146651498ad9a882ca21c89c8ff5da
miniandroid/run/exp063_resfix/render_request.txt,170,2026-08-22T16:54:07.620941+00:00,TXT,GENERATED_OUTPUT,63,
miniandroid/run/exp063_resfix/runtime_component_map.json,1010,2026-08-22T16:54:07.620941+00:00,JSON,GENERATED_OUTPUT,63,79892c7b8c7dc387df5890b7b918d88f4bbe8f9cc845b78af8e2efd9676f9042
miniandroid/run/exp063_resfix/report.md,2878,2026-08-22T16:54:07.620941+00:00,REPORT_MD,HISTORICAL_EVIDENCE,63,
miniandroid/run/exp063_resfix/golden/corpus.json,2017,2026-08-22T16:54:07.620941+00:00,JSON,REGRESSION_FIXTURE,63,647c390de845e1540e946c6b681469290a99023876e9b9d2a838bd76aaf6c50c
miniandroid/run/exp063_resfix/database/dex_opcode_frequency.json,219,2026-08-22T16:54:07.619941+00:00,JSON,GENERATED_OUTPUT,63,f7db13b55a884b1fd1000373491042334b8e4126355c7a9c95273bc3ebd1c80f
miniandroid/run/exp037_real_run/report.md.json,5151,2026-08-22T16:54:07.315941+00:00,JSON,GENERATED_OUTPUT,37,
miniandroid/run/exp037_real_run/test_matrix.json,886,2026-08-22T16:54:07.315941+00:00,JSON,HISTORICAL_EVIDENCE,37,
miniandroid/run/exp037_real_run/report.md,2969,2026-08-22T16:54:07.315941+00:00,REPORT_MD,HISTORICAL_EVIDENCE,37,
miniandroid/run/exp037_real_run/golden/corpus.json,2017,2026-08-22T16:54:07.315941+00:00,JSON,REGRESSION_FIXTURE,37,647c390de845e1540e946c6b681469290a99023876e9b9d2a838bd76aaf6c50c
miniandroid/run/exp037_real_run/database/android_api_frequency.json,271,2026-08-22T16:54:07.315941+00:00,JSON,GENERATED_OUTPUT,37,
miniandroid/run/exp037_real_run/database/dex_opcode_frequency.json,219,2026-08-22T16:54:07.315941+00:00,JSON,GENERATED_OUTPUT,37,f7db13b55a884b1fd1000373491042334b8e4126355c7a9c95273bc3ebd1c80f
miniandroid/run/exp067_run3/failure_report.json,926,2026-08-22T16:54:07.654941+00:00,JSON,HISTORICAL_EVIDENCE,67,f785a031c5d90dac816fc6635c41d19b5f3c33cc9aa69c4723f701d3242c7a16
miniandroid/run/exp067_run3/application_runtime.json,3600,2026-08-22T16:54:07.654941+00:00,JSON,GENERATED_OUTPUT,67,453e8ab2f30bc5a1f409ee9855be1e8dfd5eb49193b83cdf4ed42b5b39df2656
miniandroid/run/exp067_run3/runtime_state_trace.json,2842,2026-08-22T16:54:07.654941+00:00,JSON,GENERATED_OUTPUT,67,be42bddee7e5e7815cd8dd9f886c35c7b8c0d1e525d3572a85855a7b7e0aa04d
miniandroid/run/exp067_run3/report.md.json,4967,2026-08-22T16:54:07.654941+00:00,JSON,GENERATED_OUTPUT,67,3354fc9ce2dd265b3f59cb0f185aef31bf1c23b8d1b5e4c492d52981ee859853
miniandroid/run/exp067_run3/test_matrix.json,787,2026-08-22T16:54:07.655941+00:00,JSON,HISTORICAL_EVIDENCE,67,63243b7d8fa6bf4b24d63c1375ade1f1f7e5ae90db5c2fd31b0eb49316d14a8e
miniandroid/run/exp067_run3/golden_end_to_end.json,1200,2026-08-22T16:54:07.654941+00:00,JSON,GENERATED_OUTPUT,67,9e148602a68f7d42e3d198d8dea2760105192ddfe0518fa20603780750363589
miniandroid/run/exp067_run3/render_request.txt,164,2026-08-22T16:54:07.654941+00:00,TXT,GENERATED_OUTPUT,67,
miniandroid/run/exp067_run3/shadow_report.json,3968,2026-08-22T16:54:07.655941+00:00,JSON,GENERATED_OUTPUT,67,215116e4af8aa036ba1cb40f93272375d489743087d4499fedba8520c04246a9
miniandroid/run/exp067_run3/runtime_component_map.json,1010,2026-08-22T16:54:07.654941+00:00,JSON,GENERATED_OUTPUT,67,3bf43dd5029106c1b935e7579126aa879a5ab9aeebd5eee52a5ebb5a53156a1c
miniandroid/run/exp067_run3/report.md,2876,2026-08-22T16:54:07.654941+00:00,REPORT_MD,HISTORICAL_EVIDENCE,67,
miniandroid/run/exp067_run3/golden/corpus.json,2017,2026-08-22T16:54:07.654941+00:00,JSON,REGRESSION_FIXTURE,67,647c390de845e1540e946c6b681469290a99023876e9b9d2a838bd76aaf6c50c
miniandroid/run/exp067_run3/database/dex_opcode_frequency.json,219,2026-08-22T16:54:07.654941+00:00,JSON,GENERATED_OUTPUT,67,f7db13b55a884b1fd1000373491042334b8e4126355c7a9c95273bc3ebd1c80f
miniandroid/run/exp071_run13/failure_report.json,926,2026-08-22T16:54:07.709941+00:00,JSON,HISTORICAL_EVIDENCE,71,90a7ed6b1d7919cf10db2532f4dd91e9a260f33fb0e2b3ce253da860a78ea323
miniandroid/run/exp071_run13/application_runtime.json,3607,2026-08-22T16:54:07.708941+00:00,JSON,GENERATED_OUTPUT,71,9b69c9d8eeabd882b1cc2f0562525c5f023d50fc710cf5d8b4fcbca0d354bac2
miniandroid/run/exp071_run13/runtime_state_trace.json,2847,2026-08-22T16:54:07.709941+00:00,JSON,GENERATED_OUTPUT,71,431238599d51edf54dbddd69ae775fafce1b03f4ac970cfb2837d57107a909c0
miniandroid/run/exp071_run13/report.md.json,4967,2026-08-22T16:54:07.709941+00:00,JSON,GENERATED_OUTPUT,71,3f80a08f83dd4f65bf6777b683dc244b105a64eae6334176aaacbc047bfae9f3
miniandroid/run/exp071_run13/test_matrix.json,787,2026-08-22T16:54:07.709941+00:00,JSON,HISTORICAL_EVIDENCE,71,63243b7d8fa6bf4b24d63c1375ade1f1f7e5ae90db5c2fd31b0eb49316d14a8e
miniandroid/run/exp071_run13/golden_end_to_end.json,1200,2026-08-22T16:54:07.709941+00:00,JSON,GENERATED_OUTPUT,71,0f742304e756088e8cc2639e9f288f126dcd939dd378c12c1b98b55325c71732
miniandroid/run/exp071_run13/render_request.txt,167,2026-08-22T16:54:07.709941+00:00,TXT,GENERATED_OUTPUT,71,
miniandroid/run/exp071_run13/runtime_component_map.json,1010,2026-08-22T16:54:07.709941+00:00,JSON,GENERATED_OUTPUT,71,58ff19411c2c4c7919cdec84f209df6483ddef319881f577d8e00bb59a6be5ef
miniandroid/run/exp071_run13/report.md,2877,2026-08-22T16:54:07.709941+00:00,REPORT_MD,HISTORICAL_EVIDENCE,71,
miniandroid/run/exp071_run13/golden/corpus.json,2017,2026-08-22T16:54:07.709941+00:00,JSON,REGRESSION_FIXTURE,71,647c390de845e1540e946c6b681469290a99023876e9b9d2a838bd76aaf6c50c
miniandroid/run/exp071_run13/database/dex_opcode_frequency.json,219,2026-08-22T16:54:07.709941+00:00,JSON,GENERATED_OUTPUT,71,f7db13b55a884b1fd1000373491042334b8e4126355c7a9c95273bc3ebd1c80f
miniandroid/run/exp039/failure_report.json,926,2026-08-22T16:54:07.331941+00:00,JSON,HISTORICAL_EVIDENCE,39,b0f6f63bba2272c11ef0fd5c8aceb62928074b22411837e2c4c86f9f8e7f1f5a
miniandroid/run/exp039/application_runtime.json,3591,2026-08-22T16:54:07.331941+00:00,JSON,GENERATED_OUTPUT,39,
miniandroid/run/exp039/runtime_state_trace.json,2842,2026-08-22T16:54:07.332941+00:00,JSON,GENERATED_OUTPUT,39,25540e37dbc5eab5b04e35a92efab71779b240599701fa89e04bde42383e4fcd
miniandroid/run/exp039/report.md.json,4968,2026-08-22T16:54:07.332941+00:00,JSON,GENERATED_OUTPUT,39,
miniandroid/run/exp039/test_matrix.json,787,2026-08-22T16:54:07.334941+00:00,JSON,HISTORICAL_EVIDENCE,39,63243b7d8fa6bf4b24d63c1375ade1f1f7e5ae90db5c2fd31b0eb49316d14a8e
miniandroid/run/exp039/golden_end_to_end.json,1200,2026-08-22T16:54:07.331941+00:00,JSON,GENERATED_OUTPUT,39,5f18658d1e680ebb729a77c752e11e208db08c0cc7905e50b1bf5b1ef39b2edc
miniandroid/run/exp039/runtime_component_map.json,1010,2026-08-22T16:54:07.332941+00:00,JSON,GENERATED_OUTPUT,39,2abbf4211dac91007aa01d4e56d10d10405deaeba5dc60da10c066222ca6fad8
miniandroid/run/exp039/report.md,2873,2026-08-22T16:54:07.332941+00:00,REPORT_MD,HISTORICAL_EVIDENCE,39,
miniandroid/run/exp039/golden/corpus.json,2017,2026-08-22T16:54:07.331941+00:00,JSON,REGRESSION_FIXTURE,39,647c390de845e1540e946c6b681469290a99023876e9b9d2a838bd76aaf6c50c
miniandroid/run/exp039/database/android_api_frequency.json,29114,2026-08-22T16:54:07.331941+00:00,JSON,GENERATED_OUTPUT,39,
miniandroid/run/exp039/database/dex_opcode_frequency.json,219,2026-08-22T16:54:07.331941+00:00,JSON,GENERATED_OUTPUT,39,f7db13b55a884b1fd1000373491042334b8e4126355c7a9c95273bc3ebd1c80f
miniandroid/run/exp063_fix3/failure_report.json,926,2026-08-22T16:54:07.605941+00:00,JSON,HISTORICAL_EVIDENCE,63,a3e4e9a06b3ea33399b6c0726385120510eefa636d821050859894536ea5368a
miniandroid/run/exp063_fix3/application_runtime.json,3604,2026-08-22T16:54:07.605941+00:00,JSON,GENERATED_OUTPUT,63,a669d191acf1d8b91f93172c8ad1312316ece7d75e0c1060e0dfc4c3dd761722
miniandroid/run/exp063_fix3/runtime_state_trace.json,2846,2026-08-22T16:54:07.605941+00:00,JSON,GENERATED_OUTPUT,63,0f5807304fc1ded20cf5529fa7d1f2e691f265054831d18630cd96e81c95e18e
miniandroid/run/exp063_fix3/report.md.json,4967,2026-08-22T16:54:07.605941+00:00,JSON,GENERATED_OUTPUT,63,005af1620d59020f3845d51a92a2ab7d8dd26dc94bfcb3be6234a50cb4d86ccb
miniandroid/run/exp063_fix3/test_matrix.json,787,2026-08-22T16:54:07.606941+00:00,JSON,HISTORICAL_EVIDENCE,63,63243b7d8fa6bf4b24d63c1375ade1f1f7e5ae90db5c2fd31b0eb49316d14a8e
miniandroid/run/exp063_fix3/golden_end_to_end.json,1200,2026-08-22T16:54:07.605941+00:00,JSON,GENERATED_OUTPUT,63,2605d704b0e971b78c860e8e6c866fcbbfbdcb400c800646e77543783ab3bb28
miniandroid/run/exp063_fix3/render_request.txt,164,2026-08-22T16:54:07.605941+00:00,TXT,GENERATED_OUTPUT,63,
miniandroid/run/exp063_fix3/runtime_component_map.json,1010,2026-08-22T16:54:07.605941+00:00,JSON,GENERATED_OUTPUT,63,e76b888f84c4b446abaf81fbcc4016644de42f42bac77e00fe9307d4e5695ee6
miniandroid/run/exp063_fix3/report.md,2876,2026-08-22T16:54:07.605941+00:00,REPORT_MD,HISTORICAL_EVIDENCE,63,
miniandroid/run/exp063_fix3/golden/corpus.json,2017,2026-08-22T16:54:07.605941+00:00,JSON,REGRESSION_FIXTURE,63,647c390de845e1540e946c6b681469290a99023876e9b9d2a838bd76aaf6c50c
miniandroid/run/exp063_fix3/database/dex_opcode_frequency.json,219,2026-08-22T16:54:07.605941+00:00,JSON,GENERATED_OUTPUT,63,f7db13b55a884b1fd1000373491042334b8e4126355c7a9c95273bc3ebd1c80f
miniandroid/run/exp062_sv2/failure_report.json,926,2026-08-22T16:54:07.590941+00:00,JSON,HISTORICAL_EVIDENCE,62,1cf5a708b721f4d61f86247797eeb4a83385a157c9e61b72c8511b59887e721d
miniandroid/run/exp062_sv2/application_runtime.json,3603,2026-08-22T16:54:07.590941+00:00,JSON,GENERATED_OUTPUT,62,e41a5849728507fc81d9a2eda19ee5abcba528609957ce29dcb4c39f3c6017c6
miniandroid/run/exp062_sv2/runtime_state_trace.json,2847,2026-08-22T16:54:07.590941+00:00,JSON,GENERATED_OUTPUT,62,c8355f22a3b05b4792b6e2f9332d2857ed6a15054f189f91ffa598c35ac0f20b
miniandroid/run/exp062_sv2/report.md.json,4967,2026-08-22T16:54:07.590941+00:00,JSON,GENERATED_OUTPUT,62,c8141b816bf59686aed3d838bbf88fd1d61067c2105247ecc8902b36e44eee15
miniandroid/run/exp062_sv2/test_matrix.json,787,2026-08-22T16:54:07.591941+00:00,JSON,HISTORICAL_EVIDENCE,62,63243b7d8fa6bf4b24d63c1375ade1f1f7e5ae90db5c2fd31b0eb49316d14a8e
miniandroid/run/exp062_sv2/golden_end_to_end.json,1200,2026-08-22T16:54:07.590941+00:00,JSON,GENERATED_OUTPUT,62,4cda8604275a01a0ae52205a2a695f5463e7ed27d79d42c59a1157e422fb63c5
miniandroid/run/exp062_sv2/render_request.txt,161,2026-08-22T16:54:07.590941+00:00,TXT,GENERATED_OUTPUT,62,
miniandroid/run/exp062_sv2/runtime_component_map.json,1010,2026-08-22T16:54:07.590941+00:00,JSON,GENERATED_OUTPUT,62,4b76ca7b17a35f71517fef589bfaf9eb14365658cb43e9a5cc9f10875134d8b7
miniandroid/run/exp062_sv2/report.md,2875,2026-08-22T16:54:07.590941+00:00,REPORT_MD,HISTORICAL_EVIDENCE,62,
miniandroid/run/exp062_sv2/golden/corpus.json,2017,2026-08-22T16:54:07.590941+00:00,JSON,REGRESSION_FIXTURE,62,647c390de845e1540e946c6b681469290a99023876e9b9d2a838bd76aaf6c50c
miniandroid/run/exp062_sv2/database/dex_opcode_frequency.json,219,2026-08-22T16:54:07.590941+00:00,JSON,GENERATED_OUTPUT,62,f7db13b55a884b1fd1000373491042334b8e4126355c7a9c95273bc3ebd1c80f
miniandroid/run/exp069_r2/render_provenance.json,4531,2026-08-22T16:54:07.664941+00:00,JSON,GENERATED_OUTPUT,69,a45783b15fb2146f4d28e4d3011e6571824e629c2604164a6f26eae75e53b105
miniandroid/run/exp069_r2/login_ui.png,27369,2026-08-22T16:54:07.664941+00:00,OTHER,GENERATED_OUTPUT,69,
miniandroid/run/exp069_r2/login_debug.png,66131,2026-08-22T16:54:07.664941+00:00,OTHER,GENERATED_OUTPUT,69,
miniandroid/run/exp045_map/failure_report.json,1262,2026-08-22T16:54:07.347941+00:00,JSON,HISTORICAL_EVIDENCE,45,dab14c1a7c4fd52638b38db8d712ea94fb23d9662b12e9faaa4113da794a8a30
miniandroid/run/exp045_map/application_runtime.json,3798,2026-08-22T16:54:07.347941+00:00,JSON,GENERATED_OUTPUT,45,
miniandroid/run/exp045_map/runtime_state_trace.json,3046,2026-08-22T16:54:07.348941+00:00,JSON,GENERATED_OUTPUT,45,
miniandroid/run/exp045_map/report.md.json,4962,2026-08-22T16:54:07.348941+00:00,JSON,GENERATED_OUTPUT,45,d9bfc81fdd064613e4c20a7c16ce616532096441d7a74a388f8f5f130d278431
miniandroid/run/exp045_map/test_matrix.json,787,2026-08-22T16:54:07.350941+00:00,JSON,HISTORICAL_EVIDENCE,45,63243b7d8fa6bf4b24d63c1375ade1f1f7e5ae90db5c2fd31b0eb49316d14a8e
miniandroid/run/exp045_map/golden_end_to_end.json,1200,2026-08-22T16:54:07.347941+00:00,JSON,GENERATED_OUTPUT,45,80729f650061519d9f2a8d1392d7951157b820d63ec5b1cb9926ed7f9feb5ae5
miniandroid/run/exp045_map/runtime_component_map.json,1010,2026-08-22T16:54:07.348941+00:00,JSON,GENERATED_OUTPUT,45,a23b2668e84da75b003ddf0ef3327e35565de12bc794d7cf417ed9ba8ad1d37b
miniandroid/run/exp045_map/report.md,2870,2026-08-22T16:54:07.348941+00:00,REPORT_MD,HISTORICAL_EVIDENCE,45,
miniandroid/run/exp045_map/golden/corpus.json,2017,2026-08-22T16:54:07.347941+00:00,JSON,REGRESSION_FIXTURE,45,647c390de845e1540e946c6b681469290a99023876e9b9d2a838bd76aaf6c50c
miniandroid/run/exp045_map/database/dex_opcode_frequency.json,219,2026-08-22T16:54:07.347941+00:00,JSON,GENERATED_OUTPUT,45,f7db13b55a884b1fd1000373491042334b8e4126355c7a9c95273bc3ebd1c80f
miniandroid/run/exp051_run5/failure_report.json,926,2026-08-22T16:54:07.454941+00:00,JSON,HISTORICAL_EVIDENCE,51,dc97d7f5c96d2277dc6bbac6680b1aec38a1094cdc4ae969258df168703996f3
miniandroid/run/exp051_run5/application_runtime.json,3607,2026-08-22T16:54:07.454941+00:00,JSON,GENERATED_OUTPUT,51,721c141813bf1ef561aaa6115153427eb7f1ce5b2c34d45bfdd23245104bc51c
miniandroid/run/exp051_run5/runtime_state_trace.json,2850,2026-08-22T16:54:07.455941+00:00,JSON,GENERATED_OUTPUT,51,a24ce9800706b64c5551b4b1c0925774e62593bef5268fd0961e8ec8169af846
miniandroid/run/exp051_run5/report.md.json,4966,2026-08-22T16:54:07.455941+00:00,JSON,GENERATED_OUTPUT,51,ba8dbb0eaabd901ed4e228f7507e4d2b3f28b02487c041b9163de09842913b18
miniandroid/run/exp051_run5/test_matrix.json,787,2026-08-22T16:54:07.456941+00:00,JSON,HISTORICAL_EVIDENCE,51,63243b7d8fa6bf4b24d63c1375ade1f1f7e5ae90db5c2fd31b0eb49316d14a8e
miniandroid/run/exp051_run5/golden_end_to_end.json,1200,2026-08-22T16:54:07.455941+00:00,JSON,GENERATED_OUTPUT,51,9d92321654c1d6f8ec16605dc4b780ad4c44c65c52ba215716f361f2721e8da7
miniandroid/run/exp051_run5/runtime_component_map.json,1010,2026-08-22T16:54:07.455941+00:00,JSON,GENERATED_OUTPUT,51,25b3cc5cadaa55907cb00b1bc1458e305c658ee2a05da68370228b2b1e0794ab
miniandroid/run/exp051_run5/unique_methods.txt,30684,2026-08-22T16:54:07.456941+00:00,TXT,GENERATED_OUTPUT,51,
miniandroid/run/exp051_run5/report.md,2875,2026-08-22T16:54:07.455941+00:00,REPORT_MD,HISTORICAL_EVIDENCE,51,
miniandroid/run/exp051_run5/golden/corpus.json,2017,2026-08-22T16:54:07.454941+00:00,JSON,REGRESSION_FIXTURE,51,647c390de845e1540e946c6b681469290a99023876e9b9d2a838bd76aaf6c50c
miniandroid/run/exp051_run5/database/dex_opcode_frequency.json,219,2026-08-22T16:54:07.454941+00:00,JSON,GENERATED_OUTPUT,51,f7db13b55a884b1fd1000373491042334b8e4126355c7a9c95273bc3ebd1c80f
miniandroid/run/exp063_v3/failure_report.json,926,2026-08-22T16:54:07.624941+00:00,JSON,HISTORICAL_EVIDENCE,63,5cf51f5296baea162d4ff0050db30f5265de68ce4925e6d2ebcee39042548ad5
miniandroid/run/exp063_v3/application_runtime.json,3592,2026-08-22T16:54:07.624941+00:00,JSON,GENERATED_OUTPUT,63,
miniandroid/run/exp063_v3/runtime_state_trace.json,2838,2026-08-22T16:54:07.624941+00:00,JSON,GENERATED_OUTPUT,63,
miniandroid/run/exp063_v3/report.md.json,4967,2026-08-22T16:54:07.624941+00:00,JSON,GENERATED_OUTPUT,63,ba9255ed3eaaebf5a3cd1fac4d420a80ba0d32314591e455e523b87ae44c6f3b
miniandroid/run/exp063_v3/test_matrix.json,787,2026-08-22T16:54:07.625941+00:00,JSON,HISTORICAL_EVIDENCE,63,63243b7d8fa6bf4b24d63c1375ade1f1f7e5ae90db5c2fd31b0eb49316d14a8e
miniandroid/run/exp063_v3/golden_end_to_end.json,1200,2026-08-22T16:54:07.624941+00:00,JSON,GENERATED_OUTPUT,63,302a90fb37c13574c8a0249a6d105b94371ccd25fb1d874c479c58117d253b98
miniandroid/run/exp063_v3/render_request.txt,158,2026-08-22T16:54:07.624941+00:00,TXT,GENERATED_OUTPUT,63,
miniandroid/run/exp063_v3/shadow_report.json,3967,2026-08-22T16:54:07.625941+00:00,JSON,GENERATED_OUTPUT,63,b6c08a91361912c2ffd8b7d16df318c24937c6c665cde4dc3696848515697b88
miniandroid/run/exp063_v3/runtime_component_map.json,1010,2026-08-22T16:54:07.624941+00:00,JSON,GENERATED_OUTPUT,63,bb18e11f6c77b9020a33365d4e7e22e8d0b9dc61855c1823107ab128fc2ef539
miniandroid/run/exp063_v3/report.md,2874,2026-08-22T16:54:07.624941+00:00,REPORT_MD,HISTORICAL_EVIDENCE,63,
miniandroid/run/exp063_v3/golden/corpus.json,2017,2026-08-22T16:54:07.624941+00:00,JSON,REGRESSION_FIXTURE,63,647c390de845e1540e946c6b681469290a99023876e9b9d2a838bd76aaf6c50c
miniandroid/run/exp063_v3/database/android_api_frequency.json,70083,2026-08-22T16:54:07.624941+00:00,JSON,GENERATED_OUTPUT,63,
miniandroid/run/exp063_v3/database/dex_opcode_frequency.json,219,2026-08-22T16:54:07.624941+00:00,JSON,GENERATED_OUTPUT,63,f7db13b55a884b1fd1000373491042334b8e4126355c7a9c95273bc3ebd1c80f
miniandroid/run/exp052_e051_final/failure_report.json,926,2026-08-22T16:54:07.459941+00:00,JSON,HISTORICAL_EVIDENCE,52,0e20d1ef7fd92665f95cc5a1bc1ec6afc9798f94e191802b8a34e67da1ed4f32
miniandroid/run/exp052_e051_final/application_runtime.json,3620,2026-08-22T16:54:07.459941+00:00,JSON,GENERATED_OUTPUT,52,533f4b45f9ffef57977d1ef8ee2df09f4efca5d4acf66e74069bbb81a43f4cc9
miniandroid/run/exp052_e051_final/runtime_state_trace.json,2851,2026-08-22T16:54:07.460941+00:00,JSON,GENERATED_OUTPUT,52,788a9aabdfe6cd2ea93672f958f80c7e35163612fc7f3500e4c9bd2805e24797
miniandroid/run/exp052_e051_final/report.md.json,4966,2026-08-22T16:54:07.460941+00:00,JSON,GENERATED_OUTPUT,52,7f8b63356d02f5fd55d1b0765d63d85a518b829cb8f0188ecf611c8237448f28
miniandroid/run/exp052_e051_final/test_matrix.json,787,2026-08-22T16:54:07.461941+00:00,JSON,HISTORICAL_EVIDENCE,52,63243b7d8fa6bf4b24d63c1375ade1f1f7e5ae90db5c2fd31b0eb49316d14a8e
miniandroid/run/exp052_e051_final/golden_end_to_end.json,1200,2026-08-22T16:54:07.459941+00:00,JSON,GENERATED_OUTPUT,52,5c931b7f2cde063f56b815bf84d237990f657d571b4d8c91704113a9d2f100ad
miniandroid/run/exp052_e051_final/runtime_component_map.json,1010,2026-08-22T16:54:07.460941+00:00,JSON,GENERATED_OUTPUT,52,c30680ab7927ddd3ac35a1a67b103be5e67da07111ba1f296f32cfbe8a654194
miniandroid/run/exp052_e051_final/report.md,2881,2026-08-22T16:54:07.460941+00:00,REPORT_MD,HISTORICAL_EVIDENCE,52,
miniandroid/run/exp052_e051_final/golden/corpus.json,2017,2026-08-22T16:54:07.459941+00:00,JSON,REGRESSION_FIXTURE,52,647c390de845e1540e946c6b681469290a99023876e9b9d2a838bd76aaf6c50c
miniandroid/run/exp052_e051_final/database/dex_opcode_frequency.json,219,2026-08-22T16:54:07.459941+00:00,JSON,GENERATED_OUTPUT,52,f7db13b55a884b1fd1000373491042334b8e4126355c7a9c95273bc3ebd1c80f
miniandroid/run/exp065_run6/failure_report.json,926,2026-08-22T16:54:07.638941+00:00,JSON,HISTORICAL_EVIDENCE,65,13ed12f8f61964543fac4bd54c5799af38d44749d862ab9a258225e6cc10ca0b
miniandroid/run/exp065_run6/application_runtime.json,3604,2026-08-22T16:54:07.637941+00:00,JSON,GENERATED_OUTPUT,65,a051a061dbfc02f47894536e37e8b10d938fdf591b76cb469d90b8e8b1144f88
miniandroid/run/exp065_run6/runtime_state_trace.json,2846,2026-08-22T16:54:07.638941+00:00,JSON,GENERATED_OUTPUT,65,a41407ea0af3e4eb3fecf57e5066d636b953f6a8f12ec6515ade8b1cd81aedca
miniandroid/run/exp065_run6/report.md.json,4967,2026-08-22T16:54:07.638941+00:00,JSON,GENERATED_OUTPUT,65,d6b984207c0f1ed8e02890fffc652dfb87e229f6ff0a2310f81687990337b679
miniandroid/run/exp065_run6/test_matrix.json,787,2026-08-22T16:54:07.638941+00:00,JSON,HISTORICAL_EVIDENCE,65,63243b7d8fa6bf4b24d63c1375ade1f1f7e5ae90db5c2fd31b0eb49316d14a8e
miniandroid/run/exp065_run6/golden_end_to_end.json,1200,2026-08-22T16:54:07.638941+00:00,JSON,GENERATED_OUTPUT,65,0cdc0bacf6aa0be372e43fff4d36ad3d50dc211f7d6bbfc44fb5260be6053d69
miniandroid/run/exp065_run6/render_request.txt,164,2026-08-22T16:54:07.638941+00:00,TXT,GENERATED_OUTPUT,65,
miniandroid/run/exp065_run6/runtime_component_map.json,1010,2026-08-22T16:54:07.638941+00:00,JSON,GENERATED_OUTPUT,65,ad371f07c0eef4aa54054ea870ac96724ef000ace70736d5745be54bcd770219
miniandroid/run/exp065_run6/report.md,2876,2026-08-22T16:54:07.638941+00:00,REPORT_MD,HISTORICAL_EVIDENCE,65,
miniandroid/run/exp065_run6/golden/corpus.json,2017,2026-08-22T16:54:07.638941+00:00,JSON,REGRESSION_FIXTURE,65,647c390de845e1540e946c6b681469290a99023876e9b9d2a838bd76aaf6c50c
miniandroid/run/exp065_run6/database/dex_opcode_frequency.json,219,2026-08-22T16:54:07.638941+00:00,JSON,GENERATED_OUTPUT,65,f7db13b55a884b1fd1000373491042334b8e4126355c7a9c95273bc3ebd1c80f
miniandroid/run/exp062_rval/failure_report.json,926,2026-08-22T16:54:07.583941+00:00,JSON,HISTORICAL_EVIDENCE,62,2925d74217440885ce81c01cf5d2b76d83ed34e00d9b317d1b5f86694ade2f87
miniandroid/run/exp062_rval/application_runtime.json,3608,2026-08-22T16:54:07.583941+00:00,JSON,GENERATED_OUTPUT,62,c1b5425c181ed4fab0c9f307c9411ce5e4a94fad940a9187bb1e84b6f77f6e28
miniandroid/run/exp062_rval/runtime_state_trace.json,2850,2026-08-22T16:54:07.583941+00:00,JSON,GENERATED_OUTPUT,62,7ca6b55a73247fee5363fed5c19205785151e3c859bec344489d7716997f6f5f
miniandroid/run/exp062_rval/report.md.json,4967,2026-08-22T16:54:07.583941+00:00,JSON,GENERATED_OUTPUT,62,27c225747f661f227371fabe03f683ada4111132e671fcf89295c1b548955362
miniandroid/run/exp062_rval/test_matrix.json,787,2026-08-22T16:54:07.584941+00:00,JSON,HISTORICAL_EVIDENCE,62,63243b7d8fa6bf4b24d63c1375ade1f1f7e5ae90db5c2fd31b0eb49316d14a8e
miniandroid/run/exp062_rval/golden_end_to_end.json,1200,2026-08-22T16:54:07.583941+00:00,JSON,GENERATED_OUTPUT,62,aa47e89b3baa34c51f8ce01e9b78528a64d5fe67c21119928f52a53a0ca6f5e1
miniandroid/run/exp062_rval/render_request.txt,164,2026-08-22T16:54:07.583941+00:00,TXT,GENERATED_OUTPUT,62,
miniandroid/run/exp062_rval/runtime_component_map.json,1010,2026-08-22T16:54:07.583941+00:00,JSON,GENERATED_OUTPUT,62,29b00b0da9189af99eb06e52e19f4236d1c05c0b17d9d7dcb6b60913fe686103
miniandroid/run/exp062_rval/report.md,2876,2026-08-22T16:54:07.583941+00:00,REPORT_MD,HISTORICAL_EVIDENCE,62,
miniandroid/run/exp062_rval/golden/corpus.json,2017,2026-08-22T16:54:07.583941+00:00,JSON,REGRESSION_FIXTURE,62,647c390de845e1540e946c6b681469290a99023876e9b9d2a838bd76aaf6c50c
miniandroid/run/exp062_rval/database/dex_opcode_frequency.json,219,2026-08-22T16:54:07.583941+00:00,JSON,GENERATED_OUTPUT,62,f7db13b55a884b1fd1000373491042334b8e4126355c7a9c95273bc3ebd1c80f
miniandroid/run/exp058_movefix/failure_report.json,926,2026-08-22T16:54:07.557941+00:00,JSON,HISTORICAL_EVIDENCE,58,76ec147307197a2ee491a84d2737189453e692ba995355a95e1df440ceafd4a3
miniandroid/run/exp058_movefix/application_runtime.json,3613,2026-08-22T16:54:07.557941+00:00,JSON,GENERATED_OUTPUT,58,658a798abafb31706712afe7c3436cc9235a340297ce6c1049c74399d6d38caf
miniandroid/run/exp058_movefix/runtime_state_trace.json,2850,2026-08-22T16:54:07.557941+00:00,JSON,GENERATED_OUTPUT,58,d30cda45deb691e59eebbee56749680cfd5753154fd7291e81aa50f2e069ea44
miniandroid/run/exp058_movefix/report.md.json,4966,2026-08-22T16:54:07.557941+00:00,JSON,GENERATED_OUTPUT,58,1f2c92be16a1afc9a6adaa09338bdc06419db3c442b9f7fc994ffbade63accbb
miniandroid/run/exp058_movefix/test_matrix.json,787,2026-08-22T16:54:07.558941+00:00,JSON,HISTORICAL_EVIDENCE,58,63243b7d8fa6bf4b24d63c1375ade1f1f7e5ae90db5c2fd31b0eb49316d14a8e
miniandroid/run/exp058_movefix/golden_end_to_end.json,1200,2026-08-22T16:54:07.557941+00:00,JSON,GENERATED_OUTPUT,58,b8569491173049d2742e0356cdb65649620a54a104b8275b4c1791345e50a47a
miniandroid/run/exp058_movefix/runtime_component_map.json,1010,2026-08-22T16:54:07.557941+00:00,JSON,GENERATED_OUTPUT,58,1912f446ad7fadaebd7f57cc9a7d73757bb56d3706abd23104b59bfad51c71e6
miniandroid/run/exp058_movefix/report.md,2878,2026-08-22T16:54:07.557941+00:00,REPORT_MD,HISTORICAL_EVIDENCE,58,
miniandroid/run/exp058_movefix/golden/corpus.json,2017,2026-08-22T16:54:07.557941+00:00,JSON,REGRESSION_FIXTURE,58,647c390de845e1540e946c6b681469290a99023876e9b9d2a838bd76aaf6c50c
miniandroid/run/exp058_movefix/database/dex_opcode_frequency.json,219,2026-08-22T16:54:07.557941+00:00,JSON,GENERATED_OUTPUT,58,f7db13b55a884b1fd1000373491042334b8e4126355c7a9c95273bc3ebd1c80f
miniandroid/run/exp056_final/failure_report.json,926,2026-08-22T16:54:07.529941+00:00,JSON,HISTORICAL_EVIDENCE,56,34e77a8825858885787b60cb74fdd0da431c6dd06aeabe2a34c3afb033c3e7be
miniandroid/run/exp056_final/application_runtime.json,3609,2026-08-22T16:54:07.529941+00:00,JSON,GENERATED_OUTPUT,56,8305f574b69d3ea9557f227974f375d77b8b453e2ae84d2beecef72b6d8213d4
miniandroid/run/exp056_final/runtime_state_trace.json,2850,2026-08-22T16:54:07.529941+00:00,JSON,GENERATED_OUTPUT,56,860c5bf0bd2f6079415431b0fc982539ddc38fb681d38c643faba574c6075553
miniandroid/run/exp056_final/report.md.json,4966,2026-08-22T16:54:07.529941+00:00,JSON,GENERATED_OUTPUT,56,3b1ae2c83352dd56212ed84d957b7871f107c0470a18b56eb2efa1d5f4e97a92
miniandroid/run/exp056_final/test_matrix.json,787,2026-08-22T16:54:07.530941+00:00,JSON,HISTORICAL_EVIDENCE,56,63243b7d8fa6bf4b24d63c1375ade1f1f7e5ae90db5c2fd31b0eb49316d14a8e
miniandroid/run/exp056_final/golden_end_to_end.json,1200,2026-08-22T16:54:07.529941+00:00,JSON,GENERATED_OUTPUT,56,e8d256a977ed9c387a76b96aeb98feb6b97ea646a6245892ae542b8ce271f937
miniandroid/run/exp056_final/shadow_report.json,3859,2026-08-22T16:54:07.530941+00:00,JSON,GENERATED_OUTPUT,56,2348b1f5a7dde5b0ed1e5088171d9746d5ccddc7850672a9263f816730519da2
miniandroid/run/exp056_final/runtime_component_map.json,1010,2026-08-22T16:54:07.529941+00:00,JSON,GENERATED_OUTPUT,56,ba59d7b667e3adea97a050c2d4bc0dc4118d77394dc148619fe9bb1de4247c14
miniandroid/run/exp056_final/report.md,2876,2026-08-22T16:54:07.529941+00:00,REPORT_MD,HISTORICAL_EVIDENCE,56,
miniandroid/run/exp056_final/golden/corpus.json,2017,2026-08-22T16:54:07.529941+00:00,JSON,REGRESSION_FIXTURE,56,647c390de845e1540e946c6b681469290a99023876e9b9d2a838bd76aaf6c50c
miniandroid/run/exp056_final/database/android_api_frequency.json,22138,2026-08-22T16:54:07.529941+00:00,JSON,GENERATED_OUTPUT,56,
miniandroid/run/exp056_final/database/dex_opcode_frequency.json,219,2026-08-22T16:54:07.529941+00:00,JSON,GENERATED_OUTPUT,56,f7db13b55a884b1fd1000373491042334b8e4126355c7a9c95273bc3ebd1c80f
miniandroid/run/exp052_no_stub/failure_report.json,926,2026-08-22T16:54:07.490941+00:00,JSON,HISTORICAL_EVIDENCE,52,30bbc6df7767d6c6ba5e114669567c014c5761e7b62b8e432a15d2d9daa99930
miniandroid/run/exp052_no_stub/application_runtime.json,3611,2026-08-22T16:54:07.490941+00:00,JSON,GENERATED_OUTPUT,52,b4782c73155eac838bc88edbe86f2f32c81cb91f94f63c0b7c0f91fb02b51b37
miniandroid/run/exp052_no_stub/runtime_state_trace.json,2848,2026-08-22T16:54:07.491941+00:00,JSON,GENERATED_OUTPUT,52,aeb0f5d5f3e012bf509e3e44640346a66555cc7af9820446805a7f370915575e
miniandroid/run/exp052_no_stub/report.md.json,4966,2026-08-22T16:54:07.491941+00:00,JSON,GENERATED_OUTPUT,52,754ca396547f3627f59d6eda0b71c97d4417c0cbe356f069c6b0db7a6d28e511
miniandroid/run/exp052_no_stub/test_matrix.json,787,2026-08-22T16:54:07.492941+00:00,JSON,HISTORICAL_EVIDENCE,52,63243b7d8fa6bf4b24d63c1375ade1f1f7e5ae90db5c2fd31b0eb49316d14a8e
miniandroid/run/exp052_no_stub/golden_end_to_end.json,1200,2026-08-22T16:54:07.491941+00:00,JSON,GENERATED_OUTPUT,52,61a18187313959ee5083060b7277c23d8023851ca221e0d5f00dab77b8f507f3
miniandroid/run/exp052_no_stub/runtime_component_map.json,1010,2026-08-22T16:54:07.491941+00:00,JSON,GENERATED_OUTPUT,52,24a35977c9c5d79d4b246721cb46ac9e6aa6ba2344324c4e2035e97e375f221f
miniandroid/run/exp052_no_stub/report.md,2878,2026-08-22T16:54:07.491941+00:00,REPORT_MD,HISTORICAL_EVIDENCE,52,
miniandroid/run/exp052_no_stub/golden/corpus.json,2017,2026-08-22T16:54:07.491941+00:00,JSON,REGRESSION_FIXTURE,52,647c390de845e1540e946c6b681469290a99023876e9b9d2a838bd76aaf6c50c
miniandroid/run/exp052_no_stub/database/dex_opcode_frequency.json,219,2026-08-22T16:54:07.490941+00:00,JSON,GENERATED_OUTPUT,52,f7db13b55a884b1fd1000373491042334b8e4126355c7a9c95273bc3ebd1c80f
miniandroid/run/exp048_run1/failure_report.json,926,2026-08-22T16:54:07.418941+00:00,JSON,HISTORICAL_EVIDENCE,48,631bf1fbb95757fef3a5d4849eeb68780f83f575df0e50907b0fcbc0e93e835e
miniandroid/run/exp048_run1/application_runtime.json,3608,2026-08-22T16:54:07.418941+00:00,JSON,GENERATED_OUTPUT,48,f028a4734bc03e8a309d6fc5c79f2799ec0665cf390f2f2c288976a29ca474dc
miniandroid/run/exp048_run1/runtime_state_trace.json,2850,2026-08-22T16:54:07.418941+00:00,JSON,GENERATED_OUTPUT,48,4a7d1bd3c14b81752f31ea1473a672a75431f68dec1421b6b312d4b6ee8897c9
miniandroid/run/exp048_run1/report.md.json,4966,2026-08-22T16:54:07.418941+00:00,JSON,GENERATED_OUTPUT,48,0ab670139d0842a11448e3f9f050689bc879d4e260fad9104309099c909e32c8
miniandroid/run/exp048_run1/test_matrix.json,787,2026-08-22T16:54:07.421941+00:00,JSON,HISTORICAL_EVIDENCE,48,63243b7d8fa6bf4b24d63c1375ade1f1f7e5ae90db5c2fd31b0eb49316d14a8e
miniandroid/run/exp048_run1/golden_end_to_end.json,1200,2026-08-22T16:54:07.418941+00:00,JSON,GENERATED_OUTPUT,48,7c4fd60cd4efe4b9224565d2cf0e9a3c5abd4bde66508d290bfe5d2eca091181
miniandroid/run/exp048_run1/runtime_component_map.json,1010,2026-08-22T16:54:07.418941+00:00,JSON,GENERATED_OUTPUT,48,7762304089f520c58e8d034d03a752d5d632194023f576d60df4428055ac7de1
miniandroid/run/exp048_run1/report.md,2875,2026-08-22T16:54:07.418941+00:00,REPORT_MD,HISTORICAL_EVIDENCE,48,
miniandroid/run/exp048_run1/golden/corpus.json,2017,2026-08-22T16:54:07.418941+00:00,JSON,REGRESSION_FIXTURE,48,647c390de845e1540e946c6b681469290a99023876e9b9d2a838bd76aaf6c50c
miniandroid/run/exp048_run1/database/dex_opcode_frequency.json,219,2026-08-22T16:54:07.418941+00:00,JSON,GENERATED_OUTPUT,48,f7db13b55a884b1fd1000373491042334b8e4126355c7a9c95273bc3ebd1c80f
miniandroid/run/exp068_baseline/metrics.json,385,2026-08-22T16:54:07.656941+00:00,JSON,HISTORICAL_EVIDENCE,68,
miniandroid/run/exp068_baseline/login_ui.png,22661,2026-08-22T16:54:07.656941+00:00,OTHER,GENERATED_OUTPUT,68,
miniandroid/run/exp068_baseline/view_tree.json,633179,2026-08-22T16:54:07.656941+00:00,VIEW_TREE_DUMP,GENERATED_OUTPUT,68,
miniandroid/run/exp063_fix/failure_report.json,926,2026-08-22T16:54:07.604941+00:00,JSON,HISTORICAL_EVIDENCE,63,f1801248a5701c48a4ebce8bc88036b0a2298c22b5e8fe728753952ee2e8ba6c
miniandroid/run/exp063_fix/application_runtime.json,3605,2026-08-22T16:54:07.604941+00:00,JSON,GENERATED_OUTPUT,63,b4603064be31976b1df111113d1e2f272460620059704d1cfb4f767f11a73bf4
miniandroid/run/exp063_fix/runtime_state_trace.json,2849,2026-08-22T16:54:07.604941+00:00,JSON,GENERATED_OUTPUT,63,ed9a2a615833322e172d4bd2333f33b03d5593438e607faa63c6036c67674a77
miniandroid/run/exp063_fix/report.md.json,4966,2026-08-22T16:54:07.604941+00:00,JSON,GENERATED_OUTPUT,63,c0805c6f5b00b9a5c9f49dabae33f9b5442cb980aa6a2a7a8532f74c01c46a91
miniandroid/run/exp063_fix/test_matrix.json,787,2026-08-22T16:54:07.605941+00:00,JSON,HISTORICAL_EVIDENCE,63,63243b7d8fa6bf4b24d63c1375ade1f1f7e5ae90db5c2fd31b0eb49316d14a8e
miniandroid/run/exp063_fix/golden_end_to_end.json,1200,2026-08-22T16:54:07.604941+00:00,JSON,GENERATED_OUTPUT,63,568414d41c1179860e56a82c3063d3d2d4427b4fe0de65bc36fa4d74799bd040
miniandroid/run/exp063_fix/render_request.txt,161,2026-08-22T16:54:07.604941+00:00,TXT,GENERATED_OUTPUT,63,
miniandroid/run/exp063_fix/runtime_component_map.json,1010,2026-08-22T16:54:07.604941+00:00,JSON,GENERATED_OUTPUT,63,cd05d81dc0b747370f5e7f878e3c83f9467abedd25e53f1ee042859c788f6800
miniandroid/run/exp063_fix/report.md,2875,2026-08-22T16:54:07.604941+00:00,REPORT_MD,HISTORICAL_EVIDENCE,63,
miniandroid/run/exp063_fix/golden/corpus.json,2017,2026-08-22T16:54:07.604941+00:00,JSON,REGRESSION_FIXTURE,63,647c390de845e1540e946c6b681469290a99023876e9b9d2a838bd76aaf6c50c
miniandroid/run/exp063_fix/database/dex_opcode_frequency.json,219,2026-08-22T16:54:07.604941+00:00,JSON,GENERATED_OUTPUT,63,f7db13b55a884b1fd1000373491042334b8e4126355c7a9c95273bc3ebd1c80f
miniandroid/run/exp071_run16/failure_report.json,926,2026-08-22T16:54:07.712941+00:00,JSON,HISTORICAL_EVIDENCE,71,8299fffb3c960b31bc46d6e45589ce5fc2bf79c76620720df4a456bd985246d5
miniandroid/run/exp071_run16/application_runtime.json,3608,2026-08-22T16:54:07.712941+00:00,JSON,GENERATED_OUTPUT,71,fa2d2e56b9134d50226d57765dfe2cda7f13b1662f00424128916408f57ae3cf
miniandroid/run/exp071_run16/runtime_state_trace.json,2848,2026-08-22T16:54:07.712941+00:00,JSON,GENERATED_OUTPUT,71,4143638175a39933143abb3f109347b973ff6fd384148799e27a41646d3a4f22
miniandroid/run/exp071_run16/report.md.json,4967,2026-08-22T16:54:07.712941+00:00,JSON,GENERATED_OUTPUT,71,534b1c7029972a3935148a4dba4452604ae1eb4af9c24e604114cebe20affb79
miniandroid/run/exp071_run16/test_matrix.json,787,2026-08-22T16:54:07.713942+00:00,JSON,HISTORICAL_EVIDENCE,71,63243b7d8fa6bf4b24d63c1375ade1f1f7e5ae90db5c2fd31b0eb49316d14a8e
miniandroid/run/exp071_run16/golden_end_to_end.json,1200,2026-08-22T16:54:07.712941+00:00,JSON,GENERATED_OUTPUT,71,4aedf1c3ea0340500e181c8eca4ebbb044cc415ab792c9dcda567c184f75e247
miniandroid/run/exp071_run16/render_request.txt,167,2026-08-22T16:54:07.712941+00:00,TXT,GENERATED_OUTPUT,71,
miniandroid/run/exp071_run16/shadow_report.json,3968,2026-08-22T16:54:07.713942+00:00,JSON,GENERATED_OUTPUT,71,b6448ae052c1c8919397b1f28287cf68a1da4a499ccd2ec164ec9d54dee6b9f3
miniandroid/run/exp071_run16/view_tree.json,647948,2026-08-22T16:54:07.713942+00:00,VIEW_TREE_DUMP,GENERATED_OUTPUT,71,
miniandroid/run/exp071_run16/runtime_component_map.json,1010,2026-08-22T16:54:07.712941+00:00,JSON,GENERATED_OUTPUT,71,1da40786621cd4f1d859bcaf76571fd919f9aab7579733ad083d66b8774f6334
miniandroid/run/exp071_run16/report.md,2877,2026-08-22T16:54:07.712941+00:00,REPORT_MD,HISTORICAL_EVIDENCE,71,
miniandroid/run/exp071_run16/golden/corpus.json,2017,2026-08-22T16:54:07.712941+00:00,JSON,REGRESSION_FIXTURE,71,647c390de845e1540e946c6b681469290a99023876e9b9d2a838bd76aaf6c50c
miniandroid/run/exp071_run16/database/dex_opcode_frequency.json,219,2026-08-22T16:54:07.712941+00:00,JSON,GENERATED_OUTPUT,71,f7db13b55a884b1fd1000373491042334b8e4126355c7a9c95273bc3ebd1c80f
miniandroid/run/exp068_r1/render_provenance.json,4314,2026-08-22T16:54:07.657941+00:00,JSON,GENERATED_OUTPUT,68,145f2b77ab824802f7f58b42817271acb3bd923d3be9970414c6c4e81875cb41
miniandroid/run/exp068_r1/login_ui.png,22739,2026-08-22T16:54:07.657941+00:00,OTHER,GENERATED_OUTPUT,68,
miniandroid/run/exp068_r1/login_debug.png,61587,2026-08-22T16:54:07.657941+00:00,OTHER,GENERATED_OUTPUT,68,
miniandroid/run/exp056_branch/failure_report.json,926,2026-08-22T16:54:07.528941+00:00,JSON,HISTORICAL_EVIDENCE,56,c0866d2c60715e4b4d48e35a4baffd8eba50005c00d19b1ca204a77a2d022a15
miniandroid/run/exp056_branch/application_runtime.json,3607,2026-08-22T16:54:07.528941+00:00,JSON,GENERATED_OUTPUT,56,6e93568836223a0ae8709763ea6909ddacc9841ad5ad4cfcbfa96a5deaf16ecc
miniandroid/run/exp056_branch/runtime_state_trace.json,2846,2026-08-22T16:54:07.528941+00:00,JSON,GENERATED_OUTPUT,56,0b2b866f7ce61787c5686a383a8be79b5b1c9d7bc9865fa84263e9e1756b8be2
miniandroid/run/exp056_branch/report.md.json,4966,2026-08-22T16:54:07.528941+00:00,JSON,GENERATED_OUTPUT,56,91742b7f412550acfab6505ca7ea81d57d87e66db51434b76ee2dfac6e586443
miniandroid/run/exp056_branch/test_matrix.json,787,2026-08-22T16:54:07.529941+00:00,JSON,HISTORICAL_EVIDENCE,56,63243b7d8fa6bf4b24d63c1375ade1f1f7e5ae90db5c2fd31b0eb49316d14a8e
miniandroid/run/exp056_branch/golden_end_to_end.json,1200,2026-08-22T16:54:07.528941+00:00,JSON,GENERATED_OUTPUT,56,d07719869181853b285f05b1e30c103fa2a3a9ead29342bdb104142dd80ab353
miniandroid/run/exp056_branch/runtime_component_map.json,1010,2026-08-22T16:54:07.528941+00:00,JSON,GENERATED_OUTPUT,56,3abd7e02260732d53abb2da0c37a54090d801f43bc02955e3d2110793aa6c6c8
miniandroid/run/exp056_branch/report.md,2877,2026-08-22T16:54:07.528941+00:00,REPORT_MD,HISTORICAL_EVIDENCE,56,
miniandroid/run/exp056_branch/golden/corpus.json,2017,2026-08-22T16:54:07.528941+00:00,JSON,REGRESSION_FIXTURE,56,647c390de845e1540e946c6b681469290a99023876e9b9d2a838bd76aaf6c50c
miniandroid/run/exp056_branch/database/dex_opcode_frequency.json,219,2026-08-22T16:54:07.528941+00:00,JSON,GENERATED_OUTPUT,56,f7db13b55a884b1fd1000373491042334b8e4126355c7a9c95273bc3ebd1c80f
miniandroid/run/exp062_sv4/failure_report.json,926,2026-08-22T16:54:07.593941+00:00,JSON,HISTORICAL_EVIDENCE,62,1261406b6e8bec36a9350417d661ecf22e0da17574f60000197193d71cc05322
miniandroid/run/exp062_sv4/application_runtime.json,3601,2026-08-22T16:54:07.593941+00:00,JSON,GENERATED_OUTPUT,62,66c1bee32f086f816a1fe68de6199a4a0299857cfd7d3ca5371208304ad2c148
miniandroid/run/exp062_sv4/runtime_state_trace.json,2845,2026-08-22T16:54:07.594941+00:00,JSON,GENERATED_OUTPUT,62,420c405661413f5c353e3190e60197cb19d2fef196ea844b5f5cd474063ee2b7
miniandroid/run/exp062_sv4/report.md.json,4967,2026-08-22T16:54:07.594941+00:00,JSON,GENERATED_OUTPUT,62,41c1d85de3f43e53c617e55698f739a8976e5ad59ffa4cccbac4e3570c4d3f02
miniandroid/run/exp062_sv4/test_matrix.json,787,2026-08-22T16:54:07.594941+00:00,JSON,HISTORICAL_EVIDENCE,62,63243b7d8fa6bf4b24d63c1375ade1f1f7e5ae90db5c2fd31b0eb49316d14a8e
miniandroid/run/exp062_sv4/golden_end_to_end.json,1200,2026-08-22T16:54:07.593941+00:00,JSON,GENERATED_OUTPUT,62,bb3661f5816fafddf61b70b93837276a1e106f17c230dd2455a17b1738c2603d
miniandroid/run/exp062_sv4/render_request.txt,161,2026-08-22T16:54:07.593941+00:00,TXT,GENERATED_OUTPUT,62,
miniandroid/run/exp062_sv4/runtime_component_map.json,1010,2026-08-22T16:54:07.594941+00:00,JSON,GENERATED_OUTPUT,62,152b5e0bec1a168d3d1dc32870b075ae84c800fe5eac160c92ed95e9a5e1de3a
miniandroid/run/exp062_sv4/report.md,2875,2026-08-22T16:54:07.594941+00:00,REPORT_MD,HISTORICAL_EVIDENCE,62,
miniandroid/run/exp062_sv4/golden/corpus.json,2017,2026-08-22T16:54:07.593941+00:00,JSON,REGRESSION_FIXTURE,62,647c390de845e1540e946c6b681469290a99023876e9b9d2a838bd76aaf6c50c
miniandroid/run/exp062_sv4/database/dex_opcode_frequency.json,219,2026-08-22T16:54:07.593941+00:00,JSON,GENERATED_OUTPUT,62,f7db13b55a884b1fd1000373491042334b8e4126355c7a9c95273bc3ebd1c80f
miniandroid/run/exp048_verbose/failure_report.json,926,2026-08-22T16:54:07.424941+00:00,JSON,HISTORICAL_EVIDENCE,48,d48a3c1aceba86aff7e685c47631b78e8b2dec1cfd846c3c90527efa47b5f93d
miniandroid/run/exp048_verbose/application_runtime.json,3607,2026-08-22T16:54:07.424941+00:00,JSON,GENERATED_OUTPUT,48,8e2927253e33468597deebfc4e86515823cc397f04d2e5f9ee68924a1e5e8b48
miniandroid/run/exp048_verbose/runtime_state_trace.json,2843,2026-08-22T16:54:07.424941+00:00,JSON,GENERATED_OUTPUT,48,9badd8528e42cbd088b49f665eea488b7558901e85cb41f99466ae23f46ea109
miniandroid/run/exp048_verbose/report.md.json,4966,2026-08-22T16:54:07.424941+00:00,JSON,GENERATED_OUTPUT,48,e5e9b32fe1c17e4ab3fe54dcecbcbecd273f4244cb9d88edda80f461c77f97fa
miniandroid/run/exp048_verbose/test_matrix.json,787,2026-08-22T16:54:07.427941+00:00,JSON,HISTORICAL_EVIDENCE,48,63243b7d8fa6bf4b24d63c1375ade1f1f7e5ae90db5c2fd31b0eb49316d14a8e
miniandroid/run/exp048_verbose/golden_end_to_end.json,1200,2026-08-22T16:54:07.424941+00:00,JSON,GENERATED_OUTPUT,48,081d911a5681fc8144fd32e74d27a38729c21fbbdad7deea6cea3195ba57c7ba
miniandroid/run/exp048_verbose/runtime_component_map.json,1010,2026-08-22T16:54:07.424941+00:00,JSON,GENERATED_OUTPUT,48,c7bb6ead89578ef7cc21580a8dae9448de0d6d4b99c3ccadddd7bfb6dec27309
miniandroid/run/exp048_verbose/report.md,2878,2026-08-22T16:54:07.424941+00:00,REPORT_MD,HISTORICAL_EVIDENCE,48,
miniandroid/run/exp048_verbose/golden/corpus.json,2017,2026-08-22T16:54:07.424941+00:00,JSON,REGRESSION_FIXTURE,48,647c390de845e1540e946c6b681469290a99023876e9b9d2a838bd76aaf6c50c
miniandroid/run/exp048_verbose/database/dex_opcode_frequency.json,219,2026-08-22T16:54:07.424941+00:00,JSON,GENERATED_OUTPUT,48,f7db13b55a884b1fd1000373491042334b8e4126355c7a9c95273bc3ebd1c80f
miniandroid/run/exp076/com.emmanuelmess.tictactoe_3/failure_report.json,1175,2026-08-22T16:54:07.787942+00:00,JSON,HISTORICAL_EVIDENCE,76,8161d4c46300d0a416bea5638ba56ec5e6e11811eb27a2f23f95829669bbd05b
miniandroid/run/exp076/com.emmanuelmess.tictactoe_3/application_runtime.json,3968,2026-08-22T16:54:07.787942+00:00,JSON,GENERATED_OUTPUT,76,04ae2954a68fbe856cf70a6710a5e373ed382573c4c6b4e33a0a27ff86361c0a
miniandroid/run/exp076/com.emmanuelmess.tictactoe_3/runtime_state_trace.json,3025,2026-08-22T16:54:07.787942+00:00,JSON,GENERATED_OUTPUT,76,
miniandroid/run/exp076/com.emmanuelmess.tictactoe_3/report.md.json,5129,2026-08-22T16:54:07.787942+00:00,JSON,GENERATED_OUTPUT,76,8e1d3dbe863fbc5b81c29b6f2faeea55886850a508cb502eec5a1126a6378b26
miniandroid/run/exp076/com.emmanuelmess.tictactoe_3/exp076_rendered.png,2887,2026-08-22T16:54:07.787942+00:00,OTHER,GENERATED_OUTPUT,76,
miniandroid/run/exp076/com.emmanuelmess.tictactoe_3/test_matrix.json,870,2026-08-22T16:54:07.787942+00:00,JSON,HISTORICAL_EVIDENCE,76,1e35c43993ac4413b7f8eb76d896aafa68e7c331e9a199fe27665a05f6102598
miniandroid/run/exp076/com.emmanuelmess.tictactoe_3/golden_end_to_end.json,1295,2026-08-22T16:54:07.787942+00:00,JSON,GENERATED_OUTPUT,76,e57bbc495bfcfa0511e760b0ee04677fbe8cc2bdac5a906b9efabb7ed2407cdb
miniandroid/run/exp076/com.emmanuelmess.tictactoe_3/render_request.txt,431,2026-08-22T16:54:07.787942+00:00,TXT,GENERATED_OUTPUT,76,
miniandroid/run/exp076/com.emmanuelmess.tictactoe_3/shadow_report.json,3934,2026-08-22T16:54:07.787942+00:00,JSON,GENERATED_OUTPUT,76,0e7e8026eb7cce8471c48c19d584036a0d181739288036495c3766becd5c4c26
miniandroid/run/exp076/com.emmanuelmess.tictactoe_3/view_tree.json,1954,2026-08-22T16:54:07.787942+00:00,VIEW_TREE_DUMP,GENERATED_OUTPUT,76,
miniandroid/run/exp076/com.emmanuelmess.tictactoe_3/runtime_component_map.json,1010,2026-08-22T16:54:07.787942+00:00,JSON,GENERATED_OUTPUT,76,4b0587164ed57e0ff903cc8edd8b05c1167471928b06aabf67267e86188692d4
miniandroid/run/exp076/com.emmanuelmess.tictactoe_3/report.md,3044,2026-08-22T16:54:07.787942+00:00,REPORT_MD,HISTORICAL_EVIDENCE,76,
miniandroid/run/exp076/com.emmanuelmess.tictactoe_3/golden/corpus.json,2017,2026-08-22T16:54:07.787942+00:00,JSON,REGRESSION_FIXTURE,76,647c390de845e1540e946c6b681469290a99023876e9b9d2a838bd76aaf6c50c
miniandroid/run/exp076/com.emmanuelmess.tictactoe_3/database/android_api_frequency.json,5477,2026-08-22T16:54:07.787942+00:00,JSON,GENERATED_OUTPUT,76,
miniandroid/run/exp076/com.emmanuelmess.tictactoe_3/database/dex_opcode_frequency.json,219,2026-08-22T16:54:07.787942+00:00,JSON,GENERATED_OUTPUT,76,f7db13b55a884b1fd1000373491042334b8e4126355c7a9c95273bc3ebd1c80f
miniandroid/run/exp076/SimpleList/failure_report.json,1121,2026-08-22T16:54:07.765942+00:00,JSON,HISTORICAL_EVIDENCE,76,6453ec9f072ce371809a6db9f0ccd0a7328563afa7326302cded9bc32183ae3e
miniandroid/run/exp076/SimpleList/application_runtime.json,3830,2026-08-22T16:54:07.765942+00:00,JSON,GENERATED_OUTPUT,76,
miniandroid/run/exp076/SimpleList/runtime_state_trace.json,2958,2026-08-22T16:54:07.765942+00:00,JSON,GENERATED_OUTPUT,76,5ea8b7967f4431ef33714469c301640e032c51e83cecfcf81940c69091138990
miniandroid/run/exp076/SimpleList/report.md.json,5092,2026-08-22T16:54:07.765942+00:00,JSON,GENERATED_OUTPUT,76,62a6f7f8902dd5e87d73e1fe617e2a4b147993c30f6e8593e972071196ed56f4
miniandroid/run/exp076/SimpleList/exp076_rendered.png,8116,2026-08-22T16:54:07.765942+00:00,OTHER,GENERATED_OUTPUT,76,
miniandroid/run/exp076/SimpleList/test_matrix.json,852,2026-08-22T16:54:07.766942+00:00,JSON,HISTORICAL_EVIDENCE,76,4f79b8c54b2a797c433fca9a3f08cffd6e08d3c42eb5842d459ee74de7181b43
miniandroid/run/exp076/SimpleList/golden_end_to_end.json,1264,2026-08-22T16:54:07.765942+00:00,JSON,GENERATED_OUTPUT,76,7f4c8bd9e06b4f08f2c7a40c0fdc96d482836c689debb2a7e2f08b9f103bde50
miniandroid/run/exp076/SimpleList/render_request.txt,377,2026-08-22T16:54:07.765942+00:00,TXT,GENERATED_OUTPUT,76,
miniandroid/run/exp076/SimpleList/view_tree.json,3329,2026-08-22T16:54:07.766942+00:00,VIEW_TREE_DUMP,GENERATED_OUTPUT,76,
miniandroid/run/exp076/SimpleList/runtime_component_map.json,1010,2026-08-22T16:54:07.765942+00:00,JSON,GENERATED_OUTPUT,76,0fbd3017186691250b1ccea29b465540dd5e3491ec8f2400fa76242cc503ddfd
miniandroid/run/exp076/SimpleList/report.md,3007,2026-08-22T16:54:07.765942+00:00,REPORT_MD,HISTORICAL_EVIDENCE,76,
miniandroid/run/exp076/SimpleList/golden/corpus.json,2017,2026-08-22T16:54:07.765942+00:00,JSON,REGRESSION_FIXTURE,76,647c390de845e1540e946c6b681469290a99023876e9b9d2a838bd76aaf6c50c
miniandroid/run/exp076/SimpleList/database/dex_opcode_frequency.json,219,2026-08-22T16:54:07.765942+00:00,JSON,GENERATED_OUTPUT,76,f7db13b55a884b1fd1000373491042334b8e4126355c7a9c95273bc3ebd1c80f
miniandroid/run/exp076/com.chessclock.android_29/report.md.json,5145,2026-08-22T16:54:07.786942+00:00,JSON,GENERATED_OUTPUT,76,3008a3ec403f292ebe1b8ffc188b1fc10435962f914d0e2892c16095d9fe41ba
miniandroid/run/exp076/com.chessclock.android_29/test_matrix.json,884,2026-08-22T16:54:07.786942+00:00,JSON,HISTORICAL_EVIDENCE,76,928af0797e8d156c6c4fa802a5746fedbabc41cdea12427f5c755a7b86e01f70
miniandroid/run/exp076/com.chessclock.android_29/report.md,3047,2026-08-22T16:54:07.786942+00:00,REPORT_MD,HISTORICAL_EVIDENCE,76,
miniandroid/run/exp076/com.chessclock.android_29/golden/corpus.json,2017,2026-08-22T16:54:07.786942+00:00,JSON,REGRESSION_FIXTURE,76,647c390de845e1540e946c6b681469290a99023876e9b9d2a838bd76aaf6c50c
miniandroid/run/exp076/com.chessclock.android_29/database/android_api_frequency.json,267,2026-08-22T16:54:07.786942+00:00,JSON,GENERATED_OUTPUT,76,b7486b33602f60bc443de6ec1fa527efdb37ce1e26665c7ffadca4fe818ea9fe
miniandroid/run/exp076/com.chessclock.android_29/database/dex_opcode_frequency.json,219,2026-08-22T16:54:07.786942+00:00,JSON,GENERATED_OUTPUT,76,f7db13b55a884b1fd1000373491042334b8e4126355c7a9c95273bc3ebd1c80f
miniandroid/run/exp076/org.billthefarmer.notes_139/failure_report.json,1181,2026-08-22T16:54:07.816942+00:00,JSON,HISTORICAL_EVIDENCE,76,5b01c01ae569be1aae907935527576b504eea5d0685a85ecd75642fba7bfe45a
miniandroid/run/exp076/org.billthefarmer.notes_139/application_runtime.json,3928,2026-08-22T16:54:07.816942+00:00,JSON,GENERATED_OUTPUT,76,50d8a7bcacf6e63095e4e7ba5028b63100e2dd355d713ccef531702c9e8f98a8
miniandroid/run/exp076/org.billthefarmer.notes_139/runtime_state_trace.json,3005,2026-08-22T16:54:07.816942+00:00,JSON,GENERATED_OUTPUT,76,3a318e4df4a2a8b880ee1d486a3e1e5a95fd4806cbe09aba720bf2046c7c9f29
miniandroid/run/exp076/org.billthefarmer.notes_139/report.md.json,5135,2026-08-22T16:54:07.816942+00:00,JSON,GENERATED_OUTPUT,76,50b6d73701e13e390d8a44540190299268f90ecd5358d19ac74344cd3773c6f8
miniandroid/run/exp076/org.billthefarmer.notes_139/exp076_rendered.png,2887,2026-08-22T16:54:07.816942+00:00,OTHER,GENERATED_OUTPUT,76,
miniandroid/run/exp076/org.billthefarmer.notes_139/test_matrix.json,872,2026-08-22T16:54:07.817942+00:00,JSON,HISTORICAL_EVIDENCE,76,57f8683e146ab2c870efc5881d4fa9739fd9570dc5b9138b0e7720c16f92b243
miniandroid/run/exp076/org.billthefarmer.notes_139/golden_end_to_end.json,1284,2026-08-22T16:54:07.816942+00:00,JSON,GENERATED_OUTPUT,76,eeb559e27f2e08c60a4705978c876190f244d83a7aa0fe20364bd3c58d186272
miniandroid/run/exp076/org.billthefarmer.notes_139/render_request.txt,428,2026-08-22T16:54:07.816942+00:00,TXT,GENERATED_OUTPUT,76,
miniandroid/run/exp076/org.billthefarmer.notes_139/runtime_component_map.json,1010,2026-08-22T16:54:07.816942+00:00,JSON,GENERATED_OUTPUT,76,253dbc6e943f81c267e6d1fbe7a12426491b3808540666b8415baf95c8a453d7
miniandroid/run/exp076/org.billthefarmer.notes_139/report.md,3047,2026-08-22T16:54:07.816942+00:00,REPORT_MD,HISTORICAL_EVIDENCE,76,
miniandroid/run/exp076/org.billthefarmer.notes_139/golden/corpus.json,2017,2026-08-22T16:54:07.816942+00:00,JSON,REGRESSION_FIXTURE,76,647c390de845e1540e946c6b681469290a99023876e9b9d2a838bd76aaf6c50c
miniandroid/run/exp076/org.billthefarmer.notes_139/database/dex_opcode_frequency.json,219,2026-08-22T16:54:07.816942+00:00,JSON,GENERATED_OUTPUT,76,f7db13b55a884b1fd1000373491042334b8e4126355c7a9c95273bc3ebd1c80f
miniandroid/run/exp076/Counter/failure_report.json,1112,2026-08-22T16:54:07.759942+00:00,JSON,HISTORICAL_EVIDENCE,76,1d9ca469d06b16f0a87bfef56a6e11f6ae81c052f5faaef518366c9387d9b419
miniandroid/run/exp076/Counter/application_runtime.json,3832,2026-08-22T16:54:07.759942+00:00,JSON,GENERATED_OUTPUT,76,1017581671cb5e8f17eb74c1ee0b2f78d22b82d4716278e637738540c9eae931
miniandroid/run/exp076/Counter/runtime_state_trace.json,2960,2026-08-22T16:54:07.759942+00:00,JSON,GENERATED_OUTPUT,76,119ac67d57546ecd191fd72d1007cc8bffe51f2a2faca2d45757e0c8bd2ddb90
miniandroid/run/exp076/Counter/report.md.json,5086,2026-08-22T16:54:07.759942+00:00,JSON,GENERATED_OUTPUT,76,d4a6ea5b8b801f26b71ed9d1538a592c821aeba2b96bde8a78bf337e3615468f
miniandroid/run/exp076/Counter/exp076_rendered.png,6104,2026-08-22T16:54:07.759942+00:00,OTHER,GENERATED_OUTPUT,76,
miniandroid/run/exp076/Counter/test_matrix.json,849,2026-08-22T16:54:07.760942+00:00,JSON,HISTORICAL_EVIDENCE,76,101dbd6d74037caf7cf6a30006c13f0f5b6c5de5df6361fab0d6ae19eda082e7
miniandroid/run/exp076/Counter/golden_end_to_end.json,1264,2026-08-22T16:54:07.759942+00:00,JSON,GENERATED_OUTPUT,76,117a39c44e12ece46400006938ecaeadff34459496fadb3801cd79fcc72bb55b
miniandroid/run/exp076/Counter/render_request.txt,368,2026-08-22T16:54:07.759942+00:00,TXT,GENERATED_OUTPUT,76,
miniandroid/run/exp076/Counter/view_tree.json,1458,2026-08-22T16:54:07.760942+00:00,VIEW_TREE_DUMP,GENERATED_OUTPUT,76,
miniandroid/run/exp076/Counter/runtime_component_map.json,1010,2026-08-22T16:54:07.759942+00:00,JSON,GENERATED_OUTPUT,76,f3e6bb5daadb4e624c26c3895f7aa7ac7fe161bd2a203abb8b270717daadc944
miniandroid/run/exp076/Counter/report.md,3001,2026-08-22T16:54:07.759942+00:00,REPORT_MD,HISTORICAL_EVIDENCE,76,
miniandroid/run/exp076/Counter/golden/corpus.json,2017,2026-08-22T16:54:07.759942+00:00,JSON,REGRESSION_FIXTURE,76,647c390de845e1540e946c6b681469290a99023876e9b9d2a838bd76aaf6c50c
miniandroid/run/exp076/Counter/database/dex_opcode_frequency.json,219,2026-08-22T16:54:07.759942+00:00,JSON,GENERATED_OUTPUT,76,f7db13b55a884b1fd1000373491042334b8e4126355c7a9c95273bc3ebd1c80f
miniandroid/run/exp076/nl.hansdezwart.bgclock_2/failure_report.json,1163,2026-08-22T16:54:07.791942+00:00,JSON,HISTORICAL_EVIDENCE,76,0f91d20b923e592d523ebd396e14e2020781bf27a540440e79c1b51f9694530f
miniandroid/run/exp076/nl.hansdezwart.bgclock_2/application_runtime.json,3928,2026-08-22T16:54:07.791942+00:00,JSON,GENERATED_OUTPUT,76,1db6684c27e63da10be3319df27d86e47a77cd17bf312606ca92bee8d5cea898
miniandroid/run/exp076/nl.hansdezwart.bgclock_2/runtime_state_trace.json,3005,2026-08-22T16:54:07.792942+00:00,JSON,GENERATED_OUTPUT,76,9584e0f91a74dfac6b76e9cee2cf68bfe5b40174642a138040b65d467de27829
miniandroid/run/exp076/nl.hansdezwart.bgclock_2/report.md.json,5123,2026-08-22T16:54:07.792942+00:00,JSON,GENERATED_OUTPUT,76,818796807c31253e75de9d121b430678509edfab7ea2adbfbaf9381823c46258
miniandroid/run/exp076/nl.hansdezwart.bgclock_2/exp076_rendered.png,2887,2026-08-22T16:54:07.791942+00:00,OTHER,GENERATED_OUTPUT,76,
miniandroid/run/exp076/nl.hansdezwart.bgclock_2/test_matrix.json,866,2026-08-22T16:54:07.792942+00:00,JSON,HISTORICAL_EVIDENCE,76,41e55009a9729881d7a0c2970637a0ce3118130b6c9624e8d423c3bb3e2bdb4d
miniandroid/run/exp076/nl.hansdezwart.bgclock_2/golden_end_to_end.json,1284,2026-08-22T16:54:07.791942+00:00,JSON,GENERATED_OUTPUT,76,5d598a6fb1dc071a1812a7b3a75399c75532dc572433e81ed95a8a26e473960b
miniandroid/run/exp076/nl.hansdezwart.bgclock_2/render_request.txt,419,2026-08-22T16:54:07.792942+00:00,TXT,GENERATED_OUTPUT,76,
miniandroid/run/exp076/nl.hansdezwart.bgclock_2/shadow_report.json,3967,2026-08-22T16:54:07.792942+00:00,JSON,GENERATED_OUTPUT,76,8ec58100cbd98dab15e3c4c1e7dfc189ceae5be3bff71b297b15da7b32137ca6
miniandroid/run/exp076/nl.hansdezwart.bgclock_2/view_tree.json,23445875,2026-08-22T16:54:07.815942+00:00,VIEW_TREE_DUMP,GENERATED_OUTPUT,76,
miniandroid/run/exp076/nl.hansdezwart.bgclock_2/runtime_component_map.json,1010,2026-08-22T16:54:07.792942+00:00,JSON,GENERATED_OUTPUT,76,97ba2b6d19b7b043e1092a4fa88a973eb163cb2b1322cd12fbdfac387268354e
miniandroid/run/exp076/nl.hansdezwart.bgclock_2/report.md,3038,2026-08-22T16:54:07.792942+00:00,REPORT_MD,HISTORICAL_EVIDENCE,76,
miniandroid/run/exp076/nl.hansdezwart.bgclock_2/golden/corpus.json,2017,2026-08-22T16:54:07.791942+00:00,JSON,REGRESSION_FIXTURE,76,647c390de845e1540e946c6b681469290a99023876e9b9d2a838bd76aaf6c50c
miniandroid/run/exp076/nl.hansdezwart.bgclock_2/database/android_api_frequency.json,8422,2026-08-22T16:54:07.791942+00:00,JSON,GENERATED_OUTPUT,76,
miniandroid/run/exp076/nl.hansdezwart.bgclock_2/database/dex_opcode_frequency.json,219,2026-08-22T16:54:07.791942+00:00,JSON,GENERATED_OUTPUT,76,f7db13b55a884b1fd1000373491042334b8e4126355c7a9c95273bc3ebd1c80f
miniandroid/run/exp076/Telegram/failure_report.json,1121,2026-08-22T16:54:07.766942+00:00,JSON,HISTORICAL_EVIDENCE,76,02970e0352d893e268e8f20a8213997d49c29624dfee54ef70acdc617aa1a40c
miniandroid/run/exp076/Telegram/application_runtime.json,3873,2026-08-22T16:54:07.766942+00:00,JSON,GENERATED_OUTPUT,76,
miniandroid/run/exp076/Telegram/runtime_state_trace.json,2977,2026-08-22T16:54:07.766942+00:00,JSON,GENERATED_OUTPUT,76,abf008951d74816660fe7d4df200e2f6af937511bd75b2e5a163d8a5bc24d5eb
miniandroid/run/exp076/Telegram/report.md.json,5097,2026-08-22T16:54:07.766942+00:00,JSON,GENERATED_OUTPUT,76,
miniandroid/run/exp076/Telegram/exp076_rendered.png,2887,2026-08-22T16:54:07.766942+00:00,OTHER,GENERATED_OUTPUT,76,
miniandroid/run/exp076/Telegram/test_matrix.json,852,2026-08-22T16:54:07.767942+00:00,JSON,HISTORICAL_EVIDENCE,76,0574964afc54e3e28b22adedd47a09cecc2a2c0cf31ed16c6cc1d800296a99c7
miniandroid/run/exp076/Telegram/golden_end_to_end.json,1265,2026-08-22T16:54:07.766942+00:00,JSON,GENERATED_OUTPUT,76,53026e358a8937b2419dbaa1f7a2ec24cdae60f49b8b7a669eb0368934662263
miniandroid/run/exp076/Telegram/render_request.txt,371,2026-08-22T16:54:07.766942+00:00,TXT,GENERATED_OUTPUT,76,
miniandroid/run/exp076/Telegram/shadow_report.json,3969,2026-08-22T16:54:07.767942+00:00,JSON,GENERATED_OUTPUT,76,708373cdded60e3e8fb2ebd9608240b3320c301523d10f745aac3c35f792248b
miniandroid/run/exp076/Telegram/view_tree.json,22907354,2026-08-22T16:54:07.782942+00:00,VIEW_TREE_DUMP,GENERATED_OUTPUT,76,
miniandroid/run/exp076/Telegram/runtime_component_map.json,1010,2026-08-22T16:54:07.766942+00:00,JSON,GENERATED_OUTPUT,76,590faa2b577cdf6ca655fd92df34a42f293f5109d9528978b5e1dc2e5896ea6c
miniandroid/run/exp076/Telegram/report.md,3010,2026-08-22T16:54:07.766942+00:00,REPORT_MD,HISTORICAL_EVIDENCE,76,
miniandroid/run/exp076/Telegram/golden/corpus.json,2017,2026-08-22T16:54:07.766942+00:00,JSON,REGRESSION_FIXTURE,76,647c390de845e1540e946c6b681469290a99023876e9b9d2a838bd76aaf6c50c
miniandroid/run/exp076/Telegram/database/android_api_frequency.json,39930,2026-08-22T16:54:07.766942+00:00,JSON,GENERATED_OUTPUT,76,
miniandroid/run/exp076/Telegram/database/dex_opcode_frequency.json,219,2026-08-22T16:54:07.766942+00:00,JSON,GENERATED_OUTPUT,76,f7db13b55a884b1fd1000373491042334b8e4126355c7a9c95273bc3ebd1c80f
miniandroid/run/exp076/CounterV2/failure_report.json,1118,2026-08-22T16:54:07.760942+00:00,JSON,HISTORICAL_EVIDENCE,76,07109ce01640644c5c801f7b927e916f2124c1207a38001a8d2b8d4dcf43755e
miniandroid/run/exp076/CounterV2/application_runtime.json,3845,2026-08-22T16:54:07.760942+00:00,JSON,GENERATED_OUTPUT,76,
miniandroid/run/exp076/CounterV2/runtime_state_trace.json,2966,2026-08-22T16:54:07.760942+00:00,JSON,GENERATED_OUTPUT,76,f15e7973fad937e79282f107c990a20e1479809f4b871b006507f78390d5f317
miniandroid/run/exp076/CounterV2/report.md.json,5090,2026-08-22T16:54:07.760942+00:00,JSON,GENERATED_OUTPUT,76,8b8fe5e46fd0c2b29a9956d49add2ffa158b2c1678af1d0d31626301b6314959
miniandroid/run/exp076/CounterV2/exp076_rendered.png,5186,2026-08-22T16:54:07.760942+00:00,OTHER,GENERATED_OUTPUT,76,
miniandroid/run/exp076/CounterV2/test_matrix.json,851,2026-08-22T16:54:07.761942+00:00,JSON,HISTORICAL_EVIDENCE,76,3a938a4327374e3e9e2055d0fd0f06246d6c2f1514795ea18f3f404d52da94d5
miniandroid/run/exp076/CounterV2/golden_end_to_end.json,1267,2026-08-22T16:54:07.760942+00:00,JSON,GENERATED_OUTPUT,76,daebd6242b75a5ed21c96cc899130416bb2ceafa610639aa4e191933384a2079
miniandroid/run/exp076/CounterV2/render_request.txt,374,2026-08-22T16:54:07.760942+00:00,TXT,GENERATED_OUTPUT,76,
miniandroid/run/exp076/CounterV2/view_tree.json,1542,2026-08-22T16:54:07.761942+00:00,VIEW_TREE_DUMP,GENERATED_OUTPUT,76,
miniandroid/run/exp076/CounterV2/runtime_component_map.json,1010,2026-08-22T16:54:07.760942+00:00,JSON,GENERATED_OUTPUT,76,f3e6bb5daadb4e624c26c3895f7aa7ac7fe161bd2a203abb8b270717daadc944
miniandroid/run/exp076/CounterV2/report.md,3005,2026-08-22T16:54:07.760942+00:00,REPORT_MD,HISTORICAL_EVIDENCE,76,
miniandroid/run/exp076/CounterV2/golden/corpus.json,2017,2026-08-22T16:54:07.760942+00:00,JSON,REGRESSION_FIXTURE,76,647c390de845e1540e946c6b681469290a99023876e9b9d2a838bd76aaf6c50c
miniandroid/run/exp076/CounterV2/database/dex_opcode_frequency.json,219,2026-08-22T16:54:07.760942+00:00,JSON,GENERATED_OUTPUT,76,f7db13b55a884b1fd1000373491042334b8e4126355c7a9c95273bc3ebd1c80f
miniandroid/run/exp076/omegacentauri.mobi.simplestopwatch_26/failure_report.json,1211,2026-08-22T16:54:07.815942+00:00,JSON,HISTORICAL_EVIDENCE,76,5f93ae022fa61ab69ddf5a770c320957b407fa49abe40ac4bc188470581192a7
miniandroid/run/exp076/omegacentauri.mobi.simplestopwatch_26/application_runtime.json,4022,2026-08-22T16:54:07.815942+00:00,JSON,GENERATED_OUTPUT,76,
miniandroid/run/exp076/omegacentauri.mobi.simplestopwatch_26/runtime_state_trace.json,3055,2026-08-22T16:54:07.815942+00:00,JSON,GENERATED_OUTPUT,76,d6f7070e786c5b8f1bbb5e7556982664a615568f53517a39be3a8cec214aa2bb
miniandroid/run/exp076/omegacentauri.mobi.simplestopwatch_26/report.md.json,5152,2026-08-22T16:54:07.815942+00:00,JSON,GENERATED_OUTPUT,76,bdab625036b0287044dfd82f7ddf938c7958eebb9be39553012ccc5749f15539
miniandroid/run/exp076/omegacentauri.mobi.simplestopwatch_26/exp076_rendered.png,2887,2026-08-22T16:54:07.815942+00:00,OTHER,GENERATED_OUTPUT,76,
miniandroid/run/exp076/omegacentauri.mobi.simplestopwatch_26/test_matrix.json,882,2026-08-22T16:54:07.816942+00:00,JSON,HISTORICAL_EVIDENCE,76,8b1a8c1f6471cded13e456370309fc5c084f4f95339e86a5f149f7d78600f91a
miniandroid/run/exp076/omegacentauri.mobi.simplestopwatch_26/golden_end_to_end.json,1309,2026-08-22T16:54:07.815942+00:00,JSON,GENERATED_OUTPUT,76,f2af02dd0bd7fe087cde2d5ef6375d1735e828dbecd8355b1f29863c7f643de2
miniandroid/run/exp076/omegacentauri.mobi.simplestopwatch_26/render_request.txt,458,2026-08-22T16:54:07.815942+00:00,TXT,GENERATED_OUTPUT,76,
miniandroid/run/exp076/omegacentauri.mobi.simplestopwatch_26/runtime_component_map.json,1010,2026-08-22T16:54:07.815942+00:00,JSON,GENERATED_OUTPUT,76,0e12c64ce4a1298523cf36263d53ef1ab9da48553b0768d2a9b11ba0e449c5a7
miniandroid/run/exp076/omegacentauri.mobi.simplestopwatch_26/report.md,3064,2026-08-22T16:54:07.815942+00:00,REPORT_MD,HISTORICAL_EVIDENCE,76,
miniandroid/run/exp076/omegacentauri.mobi.simplestopwatch_26/golden/corpus.json,2017,2026-08-22T16:54:07.815942+00:00,JSON,REGRESSION_FIXTURE,76,647c390de845e1540e946c6b681469290a99023876e9b9d2a838bd76aaf6c50c
miniandroid/run/exp076/omegacentauri.mobi.simplestopwatch_26/database/dex_opcode_frequency.json,219,2026-08-22T16:54:07.815942+00:00,JSON,GENERATED_OUTPUT,76,f7db13b55a884b1fd1000373491042334b8e4126355c7a9c95273bc3ebd1c80f
miniandroid/run/exp076/com.github.muellerma.stopwatch_6/failure_report.json,1654,2026-08-22T16:54:07.788942+00:00,JSON,HISTORICAL_EVIDENCE,76,c3f15493d02a5afd2ca4138d75fbb069e1d81e8c759e9de35bfa42a0fd185585
miniandroid/run/exp076/com.github.muellerma.stopwatch_6/application_runtime.json,3965,2026-08-22T16:54:07.787942+00:00,JSON,GENERATED_OUTPUT,76,
miniandroid/run/exp076/com.github.muellerma.stopwatch_6/runtime_state_trace.json,3055,2026-08-22T16:54:07.788942+00:00,JSON,GENERATED_OUTPUT,76,352c13dab6926378b763bf6191cedbf3b813ffefa9cc86aa0cc4348739501e9d
miniandroid/run/exp076/com.github.muellerma.stopwatch_6/report.md.json,5136,2026-08-22T16:54:07.788942+00:00,JSON,GENERATED_OUTPUT,76,60c79582e2a6365a5b99bd9a47035e5045963cf352ab99a85f1da137db1bfb75
miniandroid/run/exp076/com.github.muellerma.stopwatch_6/test_matrix.json,874,2026-08-22T16:54:07.788942+00:00,JSON,HISTORICAL_EVIDENCE,76,4f8cf9e5de9832a7326af28b1871ff099c62f436a11f5d2c1ceb7f696f90749a
miniandroid/run/exp076/com.github.muellerma.stopwatch_6/golden_end_to_end.json,1322,2026-08-22T16:54:07.788942+00:00,JSON,GENERATED_OUTPUT,76,32423cf59debb1e6bcacd045a4b4b353b9bf251385bfe4b318b7f22ac186c45f
miniandroid/run/exp076/com.github.muellerma.stopwatch_6/runtime_component_map.json,1010,2026-08-22T16:54:07.788942+00:00,JSON,GENERATED_OUTPUT,76,4b0587164ed57e0ff903cc8edd8b05c1167471928b06aabf67267e86188692d4
miniandroid/run/exp076/com.github.muellerma.stopwatch_6/report.md,3051,2026-08-22T16:54:07.788942+00:00,REPORT_MD,HISTORICAL_EVIDENCE,76,
miniandroid/run/exp076/com.github.muellerma.stopwatch_6/golden/corpus.json,2017,2026-08-22T16:54:07.788942+00:00,JSON,REGRESSION_FIXTURE,76,647c390de845e1540e946c6b681469290a99023876e9b9d2a838bd76aaf6c50c
miniandroid/run/exp076/com.github.muellerma.stopwatch_6/database/android_api_frequency.json,3028,2026-08-22T16:54:07.788942+00:00,JSON,GENERATED_OUTPUT,76,
miniandroid/run/exp076/com.github.muellerma.stopwatch_6/database/dex_opcode_frequency.json,219,2026-08-22T16:54:07.788942+00:00,JSON,GENERATED_OUTPUT,76,f7db13b55a884b1fd1000373491042334b8e4126355c7a9c95273bc3ebd1c80f
miniandroid/run/exp076/Timer/failure_report.json,1106,2026-08-22T16:54:07.783942+00:00,JSON,HISTORICAL_EVIDENCE,76,e1c30e3925f97c95320af169a1609c97c8fee1c1f5aae9442b6d1909e32cb466
miniandroid/run/exp076/Timer/application_runtime.json,3816,2026-08-22T16:54:07.783942+00:00,JSON,GENERATED_OUTPUT,76,
miniandroid/run/exp076/Timer/runtime_state_trace.json,2952,2026-08-22T16:54:07.783942+00:00,JSON,GENERATED_OUTPUT,76,5649bcb3521071398c4e27be45cad6e12bfeb35f167b42f14b414053ab47136f
miniandroid/run/exp076/Timer/report.md.json,5082,2026-08-22T16:54:07.783942+00:00,JSON,GENERATED_OUTPUT,76,9b40b82bc6ed7a24707bfbd42d4957ac54cdf6a22f376f947e84b5fb2cba74bc
miniandroid/run/exp076/Timer/exp076_rendered.png,7154,2026-08-22T16:54:07.783942+00:00,OTHER,GENERATED_OUTPUT,76,
miniandroid/run/exp076/Timer/test_matrix.json,847,2026-08-22T16:54:07.784942+00:00,JSON,HISTORICAL_EVIDENCE,76,f59891d2b9d3df426aab42223de0505b0458dfe8b2d3f3f66e1bb3887d52e986
miniandroid/run/exp076/Timer/golden_end_to_end.json,1260,2026-08-22T16:54:07.783942+00:00,JSON,GENERATED_OUTPUT,76,b751fd88c1b1f8d3e5e81d6219c030c29eebed0c84b9adbf269c8e4e748a52dc
miniandroid/run/exp076/Timer/render_request.txt,362,2026-08-22T16:54:07.783942+00:00,TXT,GENERATED_OUTPUT,76,
miniandroid/run/exp076/Timer/view_tree.json,2391,2026-08-22T16:54:07.784942+00:00,VIEW_TREE_DUMP,GENERATED_OUTPUT,76,
miniandroid/run/exp076/Timer/runtime_component_map.json,1010,2026-08-22T16:54:07.783942+00:00,JSON,GENERATED_OUTPUT,76,0fbd3017186691250b1ccea29b465540dd5e3491ec8f2400fa76242cc503ddfd
miniandroid/run/exp076/Timer/report.md,2997,2026-08-22T16:54:07.783942+00:00,REPORT_MD,HISTORICAL_EVIDENCE,76,
miniandroid/run/exp076/Timer/golden/corpus.json,2017,2026-08-22T16:54:07.783942+00:00,JSON,REGRESSION_FIXTURE,76,647c390de845e1540e946c6b681469290a99023876e9b9d2a838bd76aaf6c50c
miniandroid/run/exp076/Timer/database/dex_opcode_frequency.json,219,2026-08-22T16:54:07.783942+00:00,JSON,GENERATED_OUTPUT,76,f7db13b55a884b1fd1000373491042334b8e4126355c7a9c95273bc3ebd1c80f
miniandroid/run/exp076/Notes/failure_report.json,1106,2026-08-22T16:54:07.763942+00:00,JSON,HISTORICAL_EVIDENCE,76,913278c427d1a552fd6ac38a555e5f84daa08e3718603c60a4f534f20298520b
miniandroid/run/exp076/Notes/application_runtime.json,3818,2026-08-22T16:54:07.763942+00:00,JSON,GENERATED_OUTPUT,76,
miniandroid/run/exp076/Notes/runtime_state_trace.json,2953,2026-08-22T16:54:07.763942+00:00,JSON,GENERATED_OUTPUT,76,d71aa3230728fba98cff33b6943eff6626048a4f226398f849191cac5747417b
miniandroid/run/exp076/Notes/report.md.json,5082,2026-08-22T16:54:07.763942+00:00,JSON,GENERATED_OUTPUT,76,a2fe09328d262befba19cebe72996b283f671b2851a89da5a09b81ddacb8cb10
miniandroid/run/exp076/Notes/exp076_rendered.png,7699,2026-08-22T16:54:07.763942+00:00,OTHER,GENERATED_OUTPUT,76,
miniandroid/run/exp076/Notes/test_matrix.json,847,2026-08-22T16:54:07.764942+00:00,JSON,HISTORICAL_EVIDENCE,76,81ea5f0681f9bf802bea3d2c687abceb29f33b403a7374e267beca861c02c41c
miniandroid/run/exp076/Notes/golden_end_to_end.json,1260,2026-08-22T16:54:07.763942+00:00,JSON,GENERATED_OUTPUT,76,4da93a28a4e64316299bf5d889da111a3279826ec8a785092b411be712973804
miniandroid/run/exp076/Notes/render_request.txt,362,2026-08-22T16:54:07.763942+00:00,TXT,GENERATED_OUTPUT,76,
miniandroid/run/exp076/Notes/shadow_report.json,3948,2026-08-22T16:54:07.764942+00:00,JSON,GENERATED_OUTPUT,76,9fd169be8a3fd9a4e58e9f3e649e1b2cbe2dc206c1551b67eb1509df244e7d8d
miniandroid/run/exp076/Notes/view_tree.json,1938,2026-08-22T16:54:07.764942+00:00,VIEW_TREE_DUMP,GENERATED_OUTPUT,76,
miniandroid/run/exp076/Notes/runtime_component_map.json,1010,2026-08-22T16:54:07.763942+00:00,JSON,GENERATED_OUTPUT,76,df0f8c28568ce6ffd1bc48a43cc8ca6ca4be248b62fea5c6dd81d94c74a2aa90
miniandroid/run/exp076/Notes/report.md,2997,2026-08-22T16:54:07.763942+00:00,REPORT_MD,HISTORICAL_EVIDENCE,76,
miniandroid/run/exp076/Notes/golden/corpus.json,2017,2026-08-22T16:54:07.763942+00:00,JSON,REGRESSION_FIXTURE,76,647c390de845e1540e946c6b681469290a99023876e9b9d2a838bd76aaf6c50c
miniandroid/run/exp076/Notes/database/android_api_frequency.json,5255,2026-08-22T16:54:07.763942+00:00,JSON,GENERATED_OUTPUT,76,
miniandroid/run/exp076/Notes/database/dex_opcode_frequency.json,219,2026-08-22T16:54:07.763942+00:00,JSON,GENERATED_OUTPUT,76,f7db13b55a884b1fd1000373491042334b8e4126355c7a9c95273bc3ebd1c80f
miniandroid/run/exp076/io.github.yamin8000.dooz_18/failure_report.json,1172,2026-08-22T16:54:07.790942+00:00,JSON,HISTORICAL_EVIDENCE,76,7469b5590741884142f3afec0093b479a127258bcc133ebf90c1e4f8ce90f8e7
miniandroid/run/exp076/io.github.yamin8000.dooz_18/application_runtime.json,3966,2026-08-22T16:54:07.790942+00:00,JSON,GENERATED_OUTPUT,76,
miniandroid/run/exp076/io.github.yamin8000.dooz_18/runtime_state_trace.json,3021,2026-08-22T16:54:07.791942+00:00,JSON,GENERATED_OUTPUT,76,9f9dd5a85648fdfbce704579eff043df8f6c25c9f094bf0d747d194132b4e1b8
miniandroid/run/exp076/io.github.yamin8000.dooz_18/report.md.json,5129,2026-08-22T16:54:07.791942+00:00,JSON,GENERATED_OUTPUT,76,4c14d3c93eeb89935930e9f5e888d0458edb9cd6c351196840abdb0f57094b2c
miniandroid/run/exp076/io.github.yamin8000.dooz_18/exp076_rendered.png,2887,2026-08-22T16:54:07.790942+00:00,OTHER,GENERATED_OUTPUT,76,
miniandroid/run/exp076/io.github.yamin8000.dooz_18/test_matrix.json,869,2026-08-22T16:54:07.791942+00:00,JSON,HISTORICAL_EVIDENCE,76,045df0a4f9fd8cb9a17b028d250e4db6c5f298d37d07591f5d2e98792a1784b8
miniandroid/run/exp076/io.github.yamin8000.dooz_18/golden_end_to_end.json,1297,2026-08-22T16:54:07.790942+00:00,JSON,GENERATED_OUTPUT,76,1e213cee846efd5610849c75ae26531305e00d53879c67b560cc53a35531e23a
miniandroid/run/exp076/io.github.yamin8000.dooz_18/render_request.txt,428,2026-08-22T16:54:07.790942+00:00,TXT,GENERATED_OUTPUT,76,
miniandroid/run/exp076/io.github.yamin8000.dooz_18/shadow_report.json,3955,2026-08-22T16:54:07.791942+00:00,JSON,GENERATED_OUTPUT,76,
miniandroid/run/exp076/io.github.yamin8000.dooz_18/view_tree.json,8918,2026-08-22T16:54:07.791942+00:00,VIEW_TREE_DUMP,GENERATED_OUTPUT,76,
miniandroid/run/exp076/io.github.yamin8000.dooz_18/runtime_component_map.json,1010,2026-08-22T16:54:07.791942+00:00,JSON,GENERATED_OUTPUT,76,1a1632cf4e1881c0d7363d3ffa9c493127bb5bd026d189eafff728ecc1d110d2
miniandroid/run/exp076/io.github.yamin8000.dooz_18/report.md,3044,2026-08-22T16:54:07.791942+00:00,REPORT_MD,HISTORICAL_EVIDENCE,76,
miniandroid/run/exp076/io.github.yamin8000.dooz_18/golden/corpus.json,2017,2026-08-22T16:54:07.790942+00:00,JSON,REGRESSION_FIXTURE,76,647c390de845e1540e946c6b681469290a99023876e9b9d2a838bd76aaf6c50c
miniandroid/run/exp076/io.github.yamin8000.dooz_18/database/android_api_frequency.json,27949,2026-08-22T16:54:07.790942+00:00,JSON,GENERATED_OUTPUT,76,
miniandroid/run/exp076/io.github.yamin8000.dooz_18/database/dex_opcode_frequency.json,219,2026-08-22T16:54:07.790942+00:00,JSON,GENERATED_OUTPUT,76,f7db13b55a884b1fd1000373491042334b8e4126355c7a9c95273bc3ebd1c80f
miniandroid/run/exp076/com.benny.openlauncher_39/report.md.json,5127,2026-08-22T16:54:07.786942+00:00,JSON,GENERATED_OUTPUT,76,aa29ff2cfbc064fb52b4ef4564262f382cde9b77260dd239b77b9b61a08b8edf
miniandroid/run/exp076/com.benny.openlauncher_39/test_matrix.json,876,2026-08-22T16:54:07.786942+00:00,JSON,HISTORICAL_EVIDENCE,76,fdcc22a38d55555b7aabb17d226bb5756186c9d8859264a5abc9a4c3cc26d559
miniandroid/run/exp076/com.benny.openlauncher_39/report.md,3038,2026-08-22T16:54:07.786942+00:00,REPORT_MD,HISTORICAL_EVIDENCE,76,
miniandroid/run/exp076/com.benny.openlauncher_39/golden/corpus.json,2017,2026-08-22T16:54:07.786942+00:00,JSON,REGRESSION_FIXTURE,76,647c390de845e1540e946c6b681469290a99023876e9b9d2a838bd76aaf6c50c
miniandroid/run/exp076/com.benny.openlauncher_39/database/android_api_frequency.json,264,2026-08-22T16:54:07.786942+00:00,JSON,GENERATED_OUTPUT,76,51960e7e7993add93ef6bdf2fa938ccebab99be42ffa3f03f5cf2c4a7d894104
miniandroid/run/exp076/com.benny.openlauncher_39/database/dex_opcode_frequency.json,219,2026-08-22T16:54:07.786942+00:00,JSON,GENERATED_OUTPUT,76,f7db13b55a884b1fd1000373491042334b8e4126355c7a9c95273bc3ebd1c80f
miniandroid/run/exp076/rkr.simplekeyboard.inputmethod_145/failure_report.json,1193,2026-08-22T16:54:07.818942+00:00,JSON,HISTORICAL_EVIDENCE,76,235e5592f7646297b80605986066641f8290d2bbdc4a416b520be1c171e91002
miniandroid/run/exp076/rkr.simplekeyboard.inputmethod_145/application_runtime.json,4034,2026-08-22T16:54:07.818942+00:00,JSON,GENERATED_OUTPUT,76,
miniandroid/run/exp076/rkr.simplekeyboard.inputmethod_145/runtime_state_trace.json,3059,2026-08-22T16:54:07.818942+00:00,JSON,GENERATED_OUTPUT,76,
miniandroid/run/exp076/rkr.simplekeyboard.inputmethod_145/report.md.json,5140,2026-08-22T16:54:07.818942+00:00,JSON,GENERATED_OUTPUT,76,a2db8838a73bb3468142ef368f294f2bc6b629720945d7bafd72942fbcc58890
miniandroid/run/exp076/rkr.simplekeyboard.inputmethod_145/test_matrix.json,876,2026-08-22T16:54:07.819942+00:00,JSON,HISTORICAL_EVIDENCE,76,86a1e01b27a9dc496196834fb05aba176c8aa51d10ef5b8c6263720a882f3541
miniandroid/run/exp076/rkr.simplekeyboard.inputmethod_145/golden_end_to_end.json,1321,2026-08-22T16:54:07.818942+00:00,JSON,GENERATED_OUTPUT,76,4dbca093816988df979d3dc96541f092ee63e6a60a379d1665b8b4818b38f68f
miniandroid/run/exp076/rkr.simplekeyboard.inputmethod_145/render_request.txt,449,2026-08-22T16:54:07.818942+00:00,TXT,GENERATED_OUTPUT,76,
miniandroid/run/exp076/rkr.simplekeyboard.inputmethod_145/shadow_report.json,3933,2026-08-22T16:54:07.819942+00:00,JSON,GENERATED_OUTPUT,76,188b26cf6a90c9babbdbd78c25fcab9998bc0d9f7ccea49dae606408577b5b3b
miniandroid/run/exp076/rkr.simplekeyboard.inputmethod_145/view_tree.json,63,2026-08-22T16:54:07.819942+00:00,VIEW_TREE_DUMP,GENERATED_OUTPUT,76,6e233a8d09bfab4ac799a6dfab91633ee1d926456961cb4ad6aceafbf76f01bb
miniandroid/run/exp076/rkr.simplekeyboard.inputmethod_145/runtime_component_map.json,1010,2026-08-22T16:54:07.818942+00:00,JSON,GENERATED_OUTPUT,76,97ba2b6d19b7b043e1092a4fa88a973eb163cb2b1322cd12fbdfac387268354e
miniandroid/run/exp076/rkr.simplekeyboard.inputmethod_145/report.md,3055,2026-08-22T16:54:07.818942+00:00,REPORT_MD,HISTORICAL_EVIDENCE,76,
miniandroid/run/exp076/rkr.simplekeyboard.inputmethod_145/golden/corpus.json,2017,2026-08-22T16:54:07.818942+00:00,JSON,REGRESSION_FIXTURE,76,647c390de845e1540e946c6b681469290a99023876e9b9d2a838bd76aaf6c50c
miniandroid/run/exp076/rkr.simplekeyboard.inputmethod_145/database/android_api_frequency.json,3294,2026-08-22T16:54:07.818942+00:00,JSON,GENERATED_OUTPUT,76,
miniandroid/run/exp076/rkr.simplekeyboard.inputmethod_145/database/dex_opcode_frequency.json,219,2026-08-22T16:54:07.818942+00:00,JSON,GENERATED_OUTPUT,76,f7db13b55a884b1fd1000373491042334b8e4126355c7a9c95273bc3ebd1c80f
miniandroid/run/exp076/de.duenndns.gmdice_8/failure_report.json,1160,2026-08-22T16:54:07.788942+00:00,JSON,HISTORICAL_EVIDENCE,76,eac0e99ec2286903fb2c8838fc912a6635f5da524ca197fcd20acaaf97b79d1d
miniandroid/run/exp076/de.duenndns.gmdice_8/application_runtime.json,3897,2026-08-22T16:54:07.788942+00:00,JSON,GENERATED_OUTPUT,76,
miniandroid/run/exp076/de.duenndns.gmdice_8/runtime_state_trace.json,2993,2026-08-22T16:54:07.789942+00:00,JSON,GENERATED_OUTPUT,76,290de8845adfb553ecfbc4c9b9113214ba2e7f46ae9724e6b8ab1d0d7967a9c6
miniandroid/run/exp076/de.duenndns.gmdice_8/report.md.json,5118,2026-08-22T16:54:07.789942+00:00,JSON,GENERATED_OUTPUT,76,c18bda43a2c8247be7dbd7ca518759d41bfc454ceda7f5e746b2dd6a63e36098
miniandroid/run/exp076/de.duenndns.gmdice_8/exp076_rendered.png,2887,2026-08-22T16:54:07.788942+00:00,OTHER,GENERATED_OUTPUT,76,
miniandroid/run/exp076/de.duenndns.gmdice_8/test_matrix.json,865,2026-08-22T16:54:07.789942+00:00,JSON,HISTORICAL_EVIDENCE,76,ea128f664f5253aafcc9fa80de7dbb3377e6ff4cb392642a6db1a7eca4910cf7
miniandroid/run/exp076/de.duenndns.gmdice_8/golden_end_to_end.json,1281,2026-08-22T16:54:07.789942+00:00,JSON,GENERATED_OUTPUT,76,7decf307dbeb890a6db44ff343406602a2e9bf18415ea2a645b02e6b21a9f2e4
miniandroid/run/exp076/de.duenndns.gmdice_8/render_request.txt,407,2026-08-22T16:54:07.789942+00:00,TXT,GENERATED_OUTPUT,76,
miniandroid/run/exp076/de.duenndns.gmdice_8/view_tree.json,520,2026-08-22T16:54:07.789942+00:00,VIEW_TREE_DUMP,GENERATED_OUTPUT,76,1d9cb9f45ffd768af0c5fb2266f4f8a355a78d0d79351e93620f37061c3e4a4b
miniandroid/run/exp076/de.duenndns.gmdice_8/runtime_component_map.json,1010,2026-08-22T16:54:07.789942+00:00,JSON,GENERATED_OUTPUT,76,0e12c64ce4a1298523cf36263d53ef1ab9da48553b0768d2a9b11ba0e449c5a7
miniandroid/run/exp076/de.duenndns.gmdice_8/report.md,3030,2026-08-22T16:54:07.789942+00:00,REPORT_MD,HISTORICAL_EVIDENCE,76,
miniandroid/run/exp076/de.duenndns.gmdice_8/golden/corpus.json,2017,2026-08-22T16:54:07.788942+00:00,JSON,REGRESSION_FIXTURE,76,647c390de845e1540e946c6b681469290a99023876e9b9d2a838bd76aaf6c50c
miniandroid/run/exp076/de.duenndns.gmdice_8/database/dex_opcode_frequency.json,219,2026-08-22T16:54:07.788942+00:00,JSON,GENERATED_OUTPUT,76,f7db13b55a884b1fd1000373491042334b8e4126355c7a9c95273bc3ebd1c80f
miniandroid/run/exp076/UnitConverter/failure_report.json,1130,2026-08-22T16:54:07.784942+00:00,JSON,HISTORICAL_EVIDENCE,76,2a343958461dbf51ed09e7d072733c3a97777e15e34db82cbea55f241b4eb6db
miniandroid/run/exp076/UnitConverter/application_runtime.json,3862,2026-08-22T16:54:07.784942+00:00,JSON,GENERATED_OUTPUT,76,a8aad802b68eede1cb72ff03c5c4d70b29be2ee2a6ae1e00210b65b490f3ac1b
miniandroid/run/exp076/UnitConverter/runtime_state_trace.json,2976,2026-08-22T16:54:07.784942+00:00,JSON,GENERATED_OUTPUT,76,
miniandroid/run/exp076/UnitConverter/report.md.json,5098,2026-08-22T16:54:07.784942+00:00,JSON,GENERATED_OUTPUT,76,ac4620bbffc355766c5d725ce079a33e01b7968fb64f1f34d4cc56f932c54332
miniandroid/run/exp076/UnitConverter/exp076_rendered.png,10359,2026-08-22T16:54:07.784942+00:00,OTHER,GENERATED_OUTPUT,76,
miniandroid/run/exp076/UnitConverter/test_matrix.json,855,2026-08-22T16:54:07.785942+00:00,JSON,HISTORICAL_EVIDENCE,76,99b1d916c8543966c739c5599a7a4651f4db7031ff2401d5a7ac562a97bc30cb
miniandroid/run/exp076/UnitConverter/golden_end_to_end.json,1271,2026-08-22T16:54:07.784942+00:00,JSON,GENERATED_OUTPUT,76,8d24f130713b36308e33ea98ba832872ad4a68ed444f02a59793784e9ff0cdfa
miniandroid/run/exp076/UnitConverter/render_request.txt,386,2026-08-22T16:54:07.784942+00:00,TXT,GENERATED_OUTPUT,76,
miniandroid/run/exp076/UnitConverter/view_tree.json,3351,2026-08-22T16:54:07.785942+00:00,VIEW_TREE_DUMP,GENERATED_OUTPUT,76,
miniandroid/run/exp076/UnitConverter/runtime_component_map.json,1010,2026-08-22T16:54:07.784942+00:00,JSON,GENERATED_OUTPUT,76,0e12c64ce4a1298523cf36263d53ef1ab9da48553b0768d2a9b11ba0e449c5a7
miniandroid/run/exp076/UnitConverter/report.md,3013,2026-08-22T16:54:07.784942+00:00,REPORT_MD,HISTORICAL_EVIDENCE,76,
miniandroid/run/exp076/UnitConverter/golden/corpus.json,2017,2026-08-22T16:54:07.784942+00:00,JSON,REGRESSION_FIXTURE,76,647c390de845e1540e946c6b681469290a99023876e9b9d2a838bd76aaf6c50c
miniandroid/run/exp076/UnitConverter/database/android_api_frequency.json,4754,2026-08-22T16:54:07.784942+00:00,JSON,GENERATED_OUTPUT,76,
miniandroid/run/exp076/UnitConverter/database/dex_opcode_frequency.json,219,2026-08-22T16:54:07.784942+00:00,JSON,GENERATED_OUTPUT,76,f7db13b55a884b1fd1000373491042334b8e4126355c7a9c95273bc3ebd1c80f
miniandroid/run/exp076/MemoryGame/failure_report.json,1121,2026-08-22T16:54:07.762942+00:00,JSON,HISTORICAL_EVIDENCE,76,0018d9f5ed8a4a8c5bc80fde09b431b16e213668b32d97aae5fdc5f296c542b0
miniandroid/run/exp076/MemoryGame/application_runtime.json,3842,2026-08-22T16:54:07.762942+00:00,JSON,GENERATED_OUTPUT,76,e1f319d381e94c2728170ad541228162a3b5e30a590960d0787e93b56cc30d28
miniandroid/run/exp076/MemoryGame/runtime_state_trace.json,2966,2026-08-22T16:54:07.762942+00:00,JSON,GENERATED_OUTPUT,76,25a0619972e1a25f100f3bb3057411787bc770745d440ccd70d755c1b38a4aee
miniandroid/run/exp076/MemoryGame/report.md.json,5092,2026-08-22T16:54:07.762942+00:00,JSON,GENERATED_OUTPUT,76,05c7d58f19cb5ffd79e06fd0cfdf5949a1d153eeea88b5e3e369ee8ff8fe8af4
miniandroid/run/exp076/MemoryGame/exp076_rendered.png,7394,2026-08-22T16:54:07.762942+00:00,OTHER,GENERATED_OUTPUT,76,
miniandroid/run/exp076/MemoryGame/test_matrix.json,852,2026-08-22T16:54:07.763942+00:00,JSON,HISTORICAL_EVIDENCE,76,d89827f87c37874bd56518aa6bce7b16901b83f582f9b76cbfd4260434ed0389
miniandroid/run/exp076/MemoryGame/golden_end_to_end.json,1266,2026-08-22T16:54:07.762942+00:00,JSON,GENERATED_OUTPUT,76,c63778fc8ee4c06b94c0ba58283f5aacf255fcdaf4bedc36926f089371d68355
miniandroid/run/exp076/MemoryGame/render_request.txt,377,2026-08-22T16:54:07.762942+00:00,TXT,GENERATED_OUTPUT,76,
miniandroid/run/exp076/MemoryGame/view_tree.json,8391,2026-08-22T16:54:07.763942+00:00,VIEW_TREE_DUMP,GENERATED_OUTPUT,76,
miniandroid/run/exp076/MemoryGame/runtime_component_map.json,1010,2026-08-22T16:54:07.762942+00:00,JSON,GENERATED_OUTPUT,76,df0f8c28568ce6ffd1bc48a43cc8ca6ca4be248b62fea5c6dd81d94c74a2aa90
miniandroid/run/exp076/MemoryGame/report.md,3007,2026-08-22T16:54:07.762942+00:00,REPORT_MD,HISTORICAL_EVIDENCE,76,
miniandroid/run/exp076/MemoryGame/golden/corpus.json,2017,2026-08-22T16:54:07.762942+00:00,JSON,REGRESSION_FIXTURE,76,647c390de845e1540e946c6b681469290a99023876e9b9d2a838bd76aaf6c50c
miniandroid/run/exp076/MemoryGame/database/dex_opcode_frequency.json,219,2026-08-22T16:54:07.762942+00:00,JSON,GENERATED_OUTPUT,76,f7db13b55a884b1fd1000373491042334b8e4126355c7a9c95273bc3ebd1c80f
miniandroid/run/exp076/HelloWorld/failure_report.json,1121,2026-08-22T16:54:07.761942+00:00,JSON,HISTORICAL_EVIDENCE,76,91ad25a389cbd23e9aa11e03a32d6c14a19d5b4ba1af10e27031adcf0ee40dd7
miniandroid/run/exp076/HelloWorld/application_runtime.json,3856,2026-08-22T16:54:07.761942+00:00,JSON,GENERATED_OUTPUT,76,ada678794196b9d68f0f853d974f885ae02676d19c44234e135cca38852cb7a6
miniandroid/run/exp076/HelloWorld/runtime_state_trace.json,2972,2026-08-22T16:54:07.761942+00:00,JSON,GENERATED_OUTPUT,76,92b78e8db5e2ba6039b9c693ec2cc7ab312b6aa8aa719bdbf0e12f4a52d121f5
miniandroid/run/exp076/HelloWorld/report.md.json,5092,2026-08-22T16:54:07.761942+00:00,JSON,GENERATED_OUTPUT,76,b3b0513b37045f42b6e14529b2a72e6975f0b61abd228844bc16f02f5a2a7087
miniandroid/run/exp076/HelloWorld/exp076_rendered.png,5373,2026-08-22T16:54:07.761942+00:00,OTHER,GENERATED_OUTPUT,76,
miniandroid/run/exp076/HelloWorld/test_matrix.json,852,2026-08-22T16:54:07.762942+00:00,JSON,HISTORICAL_EVIDENCE,76,fa178e898d8f059f13bb7d2fed28af8045bdacdee2f3be388aa4793a55b03f2e
miniandroid/run/exp076/HelloWorld/golden_end_to_end.json,1270,2026-08-22T16:54:07.761942+00:00,JSON,GENERATED_OUTPUT,76,799eaa788c87807e0f339a5541739e322ca2a4d6501406845334d0c550e86145
miniandroid/run/exp076/HelloWorld/render_request.txt,377,2026-08-22T16:54:07.761942+00:00,TXT,GENERATED_OUTPUT,76,
miniandroid/run/exp076/HelloWorld/view_tree.json,526,2026-08-22T16:54:07.762942+00:00,VIEW_TREE_DUMP,GENERATED_OUTPUT,76,
miniandroid/run/exp076/HelloWorld/runtime_component_map.json,1010,2026-08-22T16:54:07.761942+00:00,JSON,GENERATED_OUTPUT,76,df0f8c28568ce6ffd1bc48a43cc8ca6ca4be248b62fea5c6dd81d94c74a2aa90
miniandroid/run/exp076/HelloWorld/report.md,3007,2026-08-22T16:54:07.761942+00:00,REPORT_MD,HISTORICAL_EVIDENCE,76,
miniandroid/run/exp076/HelloWorld/golden/corpus.json,2017,2026-08-22T16:54:07.761942+00:00,JSON,REGRESSION_FIXTURE,76,647c390de845e1540e946c6b681469290a99023876e9b9d2a838bd76aaf6c50c
miniandroid/run/exp076/HelloWorld/database/dex_opcode_frequency.json,219,2026-08-22T16:54:07.761942+00:00,JSON,GENERATED_OUTPUT,76,f7db13b55a884b1fd1000373491042334b8e4126355c7a9c95273bc3ebd1c80f
miniandroid/run/exp076/Settings/failure_report.json,1115,2026-08-22T16:54:07.764942+00:00,JSON,HISTORICAL_EVIDENCE,76,1859e6f1cfc3bc42a5cbbc6d7ea334b98ddfd389ab11fdc9b7dc59b14ded7699
miniandroid/run/exp076/Settings/application_runtime.json,3840,2026-08-22T16:54:07.764942+00:00,JSON,GENERATED_OUTPUT,76,1ee2a2356f80dbd21e5521c7d348665818e6693d2c96dc22488c4ae0c3889ad9
miniandroid/run/exp076/Settings/runtime_state_trace.json,2964,2026-08-22T16:54:07.764942+00:00,JSON,GENERATED_OUTPUT,76,ad1f2fa16db6c4f1f77f470aa6aeeda0acdfa3e367446ed34ac5c033091622b4
miniandroid/run/exp076/Settings/report.md.json,5088,2026-08-22T16:54:07.764942+00:00,JSON,GENERATED_OUTPUT,76,9096c9222cca58f3ed2361b3c0d5b4fdd32236f394bf179ff64a9a73323bbd6d
miniandroid/run/exp076/Settings/exp076_rendered.png,11148,2026-08-22T16:54:07.764942+00:00,OTHER,GENERATED_OUTPUT,76,
miniandroid/run/exp076/Settings/test_matrix.json,850,2026-08-22T16:54:07.765942+00:00,JSON,HISTORICAL_EVIDENCE,76,bccb535920abae2857fc2094d372fee8388766c1b2215a1e3fb91a7ab90e2b78
miniandroid/run/exp076/Settings/golden_end_to_end.json,1266,2026-08-22T16:54:07.764942+00:00,JSON,GENERATED_OUTPUT,76,c796cd866e1cb5cdde68cbc142db75fd45c6b6cf29748f60d59a8e8c49365504
miniandroid/run/exp076/Settings/render_request.txt,371,2026-08-22T16:54:07.764942+00:00,TXT,GENERATED_OUTPUT,76,
miniandroid/run/exp076/Settings/view_tree.json,3834,2026-08-22T16:54:07.765942+00:00,VIEW_TREE_DUMP,GENERATED_OUTPUT,76,
miniandroid/run/exp076/Settings/runtime_component_map.json,1010,2026-08-22T16:54:07.764942+00:00,JSON,GENERATED_OUTPUT,76,df0f8c28568ce6ffd1bc48a43cc8ca6ca4be248b62fea5c6dd81d94c74a2aa90
miniandroid/run/exp076/Settings/report.md,3003,2026-08-22T16:54:07.764942+00:00,REPORT_MD,HISTORICAL_EVIDENCE,76,
miniandroid/run/exp076/Settings/golden/corpus.json,2017,2026-08-22T16:54:07.764942+00:00,JSON,REGRESSION_FIXTURE,76,647c390de845e1540e946c6b681469290a99023876e9b9d2a838bd76aaf6c50c
miniandroid/run/exp076/Settings/database/dex_opcode_frequency.json,219,2026-08-22T16:54:07.764942+00:00,JSON,GENERATED_OUTPUT,76,f7db13b55a884b1fd1000373491042334b8e4126355c7a9c95273bc3ebd1c80f
miniandroid/run/exp076/Calculator/failure_report.json,1121,2026-08-22T16:54:07.758942+00:00,JSON,HISTORICAL_EVIDENCE,76,d6b2fc5499476e94c39cd106401dbe40565b0558a419679e2880f841a835f603
miniandroid/run/exp076/Calculator/application_runtime.json,3857,2026-08-22T16:54:07.758942+00:00,JSON,GENERATED_OUTPUT,76,24ccb0a318e24e1494dc0423b9aa80ca2625442c81f81efc51634e999747cc3f
miniandroid/run/exp076/Calculator/runtime_state_trace.json,2973,2026-08-22T16:54:07.758942+00:00,JSON,GENERATED_OUTPUT,76,7651b34255f49a7bf6de0ceb49dd463af23ac72a78adb47b6e8c17957f8ab20b
miniandroid/run/exp076/Calculator/report.md.json,5092,2026-08-22T16:54:07.758942+00:00,JSON,GENERATED_OUTPUT,76,9ca539733a871d4d92e04dfe773fb7a478945006ddae86d2b3dd31c10f1c1eb3
miniandroid/run/exp076/Calculator/exp076_rendered.png,6108,2026-08-22T16:54:07.758942+00:00,OTHER,GENERATED_OUTPUT,76,
miniandroid/run/exp076/Calculator/test_matrix.json,852,2026-08-22T16:54:07.759942+00:00,JSON,HISTORICAL_EVIDENCE,76,b08f2cb646d66168507b0ee031b4066f53617bf7a451a0d0e69083edddc34e1e
miniandroid/run/exp076/Calculator/golden_end_to_end.json,1270,2026-08-22T16:54:07.758942+00:00,JSON,GENERATED_OUTPUT,76,05c565843485b4ab2226e0dbc662c0bea922a4a9650a0ca50b070ee80256f7f9
miniandroid/run/exp076/Calculator/render_request.txt,377,2026-08-22T16:54:07.758942+00:00,TXT,GENERATED_OUTPUT,76,
miniandroid/run/exp076/Calculator/view_tree.json,2836,2026-08-22T16:54:07.759942+00:00,VIEW_TREE_DUMP,GENERATED_OUTPUT,76,
miniandroid/run/exp076/Calculator/runtime_component_map.json,1010,2026-08-22T16:54:07.758942+00:00,JSON,GENERATED_OUTPUT,76,f3e6bb5daadb4e624c26c3895f7aa7ac7fe161bd2a203abb8b270717daadc944
miniandroid/run/exp076/Calculator/report.md,3007,2026-08-22T16:54:07.758942+00:00,REPORT_MD,HISTORICAL_EVIDENCE,76,
miniandroid/run/exp076/Calculator/golden/corpus.json,2017,2026-08-22T16:54:07.758942+00:00,JSON,REGRESSION_FIXTURE,76,647c390de845e1540e946c6b681469290a99023876e9b9d2a838bd76aaf6c50c
miniandroid/run/exp076/Calculator/database/dex_opcode_frequency.json,219,2026-08-22T16:54:07.758942+00:00,JSON,GENERATED_OUTPUT,76,f7db13b55a884b1fd1000373491042334b8e4126355c7a9c95273bc3ebd1c80f
miniandroid/run/exp076/TicTacToe/failure_report.json,1118,2026-08-22T16:54:07.782942+00:00,JSON,HISTORICAL_EVIDENCE,76,d9d879ac8eb06cb362f7f49c83cd9c550beac78f71b8737c16deaac49a9bc58c
miniandroid/run/exp076/TicTacToe/application_runtime.json,3846,2026-08-22T16:54:07.782942+00:00,JSON,GENERATED_OUTPUT,76,
miniandroid/run/exp076/TicTacToe/runtime_state_trace.json,2966,2026-08-22T16:54:07.782942+00:00,JSON,GENERATED_OUTPUT,76,abbf0c2862f48f1b30e13873eb2ca7e5dddb3a804e232556e1ab65581284c589
miniandroid/run/exp076/TicTacToe/report.md.json,5090,2026-08-22T16:54:07.782942+00:00,JSON,GENERATED_OUTPUT,76,af39441f04c920a471914780b68ae642436aa2f334e690e5061d1612f1cac65f
miniandroid/run/exp076/TicTacToe/exp076_rendered.png,5952,2026-08-22T16:54:07.782942+00:00,OTHER,GENERATED_OUTPUT,76,
miniandroid/run/exp076/TicTacToe/test_matrix.json,851,2026-08-22T16:54:07.783942+00:00,JSON,HISTORICAL_EVIDENCE,76,16be533fa1c675d6bc3e2c4f4c63c119b7920215ec8956ec9df379265827bb54
miniandroid/run/exp076/TicTacToe/golden_end_to_end.json,1268,2026-08-22T16:54:07.782942+00:00,JSON,GENERATED_OUTPUT,76,ceb546f0c74bb704eb4b84a4c4c38a666c5276b087bff536765031c036db6650
miniandroid/run/exp076/TicTacToe/render_request.txt,374,2026-08-22T16:54:07.782942+00:00,TXT,GENERATED_OUTPUT,76,
miniandroid/run/exp076/TicTacToe/view_tree.json,5157,2026-08-22T16:54:07.783942+00:00,VIEW_TREE_DUMP,GENERATED_OUTPUT,76,
miniandroid/run/exp076/TicTacToe/runtime_component_map.json,1010,2026-08-22T16:54:07.782942+00:00,JSON,GENERATED_OUTPUT,76,0fbd3017186691250b1ccea29b465540dd5e3491ec8f2400fa76242cc503ddfd
miniandroid/run/exp076/TicTacToe/report.md,3005,2026-08-22T16:54:07.782942+00:00,REPORT_MD,HISTORICAL_EVIDENCE,76,
miniandroid/run/exp076/TicTacToe/golden/corpus.json,2017,2026-08-22T16:54:07.782942+00:00,JSON,REGRESSION_FIXTURE,76,647c390de845e1540e946c6b681469290a99023876e9b9d2a838bd76aaf6c50c
miniandroid/run/exp076/TicTacToe/database/dex_opcode_frequency.json,219,2026-08-22T16:54:07.782942+00:00,JSON,GENERATED_OUTPUT,76,f7db13b55a884b1fd1000373491042334b8e4126355c7a9c95273bc3ebd1c80f
miniandroid/run/exp076/org.debian.eugen.headingcalculator_1/failure_report.json,1208,2026-08-22T16:54:07.817942+00:00,JSON,HISTORICAL_EVIDENCE,76,e76c61450a090dfff303d3997a8150bdb55896a043143ed771b37af2a9a09b16
miniandroid/run/exp076/org.debian.eugen.headingcalculator_1/application_runtime.json,4021,2026-08-22T16:54:07.817942+00:00,JSON,GENERATED_OUTPUT,76,
miniandroid/run/exp076/org.debian.eugen.headingcalculator_1/runtime_state_trace.json,3055,2026-08-22T16:54:07.817942+00:00,JSON,GENERATED_OUTPUT,76,f3567ee7e5aeebe13aec4c56e273d2d19e9ec769c0d7518b97c5dd6bcc751748
miniandroid/run/exp076/org.debian.eugen.headingcalculator_1/report.md.json,5150,2026-08-22T16:54:07.817942+00:00,JSON,GENERATED_OUTPUT,76,20b13053832a9e2ece0f324891dbff944d83e02502bff694de45608b06a4345e
miniandroid/run/exp076/org.debian.eugen.headingcalculator_1/exp076_rendered.png,8366,2026-08-22T16:54:07.817942+00:00,OTHER,GENERATED_OUTPUT,76,
miniandroid/run/exp076/org.debian.eugen.headingcalculator_1/test_matrix.json,881,2026-08-22T16:54:07.818942+00:00,JSON,HISTORICAL_EVIDENCE,76,adb36a9a131ba6b92c669fcd773d9ae4b0e1b42d4072292a1ffaf1b62a5047aa
miniandroid/run/exp076/org.debian.eugen.headingcalculator_1/golden_end_to_end.json,1311,2026-08-22T16:54:07.817942+00:00,JSON,GENERATED_OUTPUT,76,1b70c9b5db7b9dc3e062aa069e715a5ad8f7a96a4d929c97daa6b3ac1757ed94
miniandroid/run/exp076/org.debian.eugen.headingcalculator_1/render_request.txt,455,2026-08-22T16:54:07.817942+00:00,TXT,GENERATED_OUTPUT,76,
miniandroid/run/exp076/org.debian.eugen.headingcalculator_1/runtime_component_map.json,1010,2026-08-22T16:54:07.817942+00:00,JSON,GENERATED_OUTPUT,76,253dbc6e943f81c267e6d1fbe7a12426491b3808540666b8415baf95c8a453d7
miniandroid/run/exp076/org.debian.eugen.headingcalculator_1/report.md,3062,2026-08-22T16:54:07.817942+00:00,REPORT_MD,HISTORICAL_EVIDENCE,76,
miniandroid/run/exp076/org.debian.eugen.headingcalculator_1/golden/corpus.json,2017,2026-08-22T16:54:07.817942+00:00,JSON,REGRESSION_FIXTURE,76,647c390de845e1540e946c6b681469290a99023876e9b9d2a838bd76aaf6c50c
miniandroid/run/exp076/org.debian.eugen.headingcalculator_1/database/dex_opcode_frequency.json,219,2026-08-22T16:54:07.817942+00:00,JSON,GENERATED_OUTPUT,76,f7db13b55a884b1fd1000373491042334b8e4126355c7a9c95273bc3ebd1c80f
miniandroid/run/exp076/app.varlorg.unote_30/failure_report.json,1151,2026-08-22T16:54:07.785942+00:00,JSON,HISTORICAL_EVIDENCE,76,8f5e888b86083de6dbd2c17723832f19f52ca1d3d2d2e326fcc6c2eb54622481
miniandroid/run/exp076/app.varlorg.unote_30/application_runtime.json,3878,2026-08-22T16:54:07.785942+00:00,JSON,GENERATED_OUTPUT,76,
miniandroid/run/exp076/app.varlorg.unote_30/runtime_state_trace.json,2979,2026-08-22T16:54:07.785942+00:00,JSON,GENERATED_OUTPUT,76,
miniandroid/run/exp076/app.varlorg.unote_30/report.md.json,5112,2026-08-22T16:54:07.785942+00:00,JSON,GENERATED_OUTPUT,76,
miniandroid/run/exp076/app.varlorg.unote_30/exp076_rendered.png,2887,2026-08-22T16:54:07.785942+00:00,OTHER,GENERATED_OUTPUT,76,
miniandroid/run/exp076/app.varlorg.unote_30/test_matrix.json,862,2026-08-22T16:54:07.786942+00:00,JSON,HISTORICAL_EVIDENCE,76,38a43fc02653676ac694eedc23b7e58d065208467ef0140cfbd796e024f32f6f
miniandroid/run/exp076/app.varlorg.unote_30/golden_end_to_end.json,1271,2026-08-22T16:54:07.785942+00:00,JSON,GENERATED_OUTPUT,76,f89a303529a398e1cb807d2aab0e7b8e15ae053e3822d52a264b7cadb6f48acf
miniandroid/run/exp076/app.varlorg.unote_30/render_request.txt,407,2026-08-22T16:54:07.785942+00:00,TXT,GENERATED_OUTPUT,76,
miniandroid/run/exp076/app.varlorg.unote_30/shadow_report.json,3951,2026-08-22T16:54:07.786942+00:00,JSON,GENERATED_OUTPUT,76,383cf062d4f0fa3ee4bf8d0dd9d8ee8f5071de67a17ab155a841f8d69d6aaa12
miniandroid/run/exp076/app.varlorg.unote_30/view_tree.json,6122,2026-08-22T16:54:07.786942+00:00,VIEW_TREE_DUMP,GENERATED_OUTPUT,76,
miniandroid/run/exp076/app.varlorg.unote_30/runtime_component_map.json,1010,2026-08-22T16:54:07.785942+00:00,JSON,GENERATED_OUTPUT,76,4b0587164ed57e0ff903cc8edd8b05c1167471928b06aabf67267e86188692d4
miniandroid/run/exp076/app.varlorg.unote_30/report.md,3028,2026-08-22T16:54:07.785942+00:00,REPORT_MD,HISTORICAL_EVIDENCE,76,
miniandroid/run/exp076/app.varlorg.unote_30/golden/corpus.json,2017,2026-08-22T16:54:07.785942+00:00,JSON,REGRESSION_FIXTURE,76,647c390de845e1540e946c6b681469290a99023876e9b9d2a838bd76aaf6c50c
miniandroid/run/exp076/app.varlorg.unote_30/database/android_api_frequency.json,18607,2026-08-22T16:54:07.785942+00:00,JSON,GENERATED_OUTPUT,76,
miniandroid/run/exp076/app.varlorg.unote_30/database/dex_opcode_frequency.json,219,2026-08-22T16:54:07.785942+00:00,JSON,GENERATED_OUTPUT,76,f7db13b55a884b1fd1000373491042334b8e4126355c7a9c95273bc3ebd1c80f
miniandroid/run/exp076/dubrowgn.microtimer_8/failure_report.json,1154,2026-08-22T16:54:07.789942+00:00,JSON,HISTORICAL_EVIDENCE,76,4e9e04c061924fd55371d508ffadfa740e3fba54c3caa314fe0f044c347a234e
miniandroid/run/exp076/dubrowgn.microtimer_8/application_runtime.json,3898,2026-08-22T16:54:07.789942+00:00,JSON,GENERATED_OUTPUT,76,
miniandroid/run/exp076/dubrowgn.microtimer_8/runtime_state_trace.json,2990,2026-08-22T16:54:07.790942+00:00,JSON,GENERATED_OUTPUT,76,2006be61c60403d43e23115421b4287c48a0d11c30a8bd213d2c75e4afcc9538
miniandroid/run/exp076/dubrowgn.microtimer_8/report.md.json,5114,2026-08-22T16:54:07.790942+00:00,JSON,GENERATED_OUTPUT,76,584e7b22968c11fa816cc4bb5675aeb5440f8b1f82d6df59c7a0c2e9d57286f0
miniandroid/run/exp076/dubrowgn.microtimer_8/exp076_rendered.png,2887,2026-08-22T16:54:07.789942+00:00,OTHER,GENERATED_OUTPUT,76,
miniandroid/run/exp076/dubrowgn.microtimer_8/test_matrix.json,863,2026-08-22T16:54:07.790942+00:00,JSON,HISTORICAL_EVIDENCE,76,6205e7043ed2e9c3496fa6a61cb3b6cd92b10d355af29f22fc08834cf4b23e08
miniandroid/run/exp076/dubrowgn.microtimer_8/golden_end_to_end.json,1278,2026-08-22T16:54:07.789942+00:00,JSON,GENERATED_OUTPUT,76,e90b5d7805b2efa2f20ba4db26e718f4a7a5b40912865f45400a9ba0e02457d3
miniandroid/run/exp076/dubrowgn.microtimer_8/render_request.txt,410,2026-08-22T16:54:07.790942+00:00,TXT,GENERATED_OUTPUT,76,
miniandroid/run/exp076/dubrowgn.microtimer_8/shadow_report.json,3947,2026-08-22T16:54:07.790942+00:00,JSON,GENERATED_OUTPUT,76,2b998fdf797f29fec94e74180ab46cf133eb81be3518e9ec1a2e2794df7b4be0
miniandroid/run/exp076/dubrowgn.microtimer_8/view_tree.json,1363,2026-08-22T16:54:07.790942+00:00,VIEW_TREE_DUMP,GENERATED_OUTPUT,76,
miniandroid/run/exp076/dubrowgn.microtimer_8/runtime_component_map.json,1010,2026-08-22T16:54:07.790942+00:00,JSON,GENERATED_OUTPUT,76,4b0587164ed57e0ff903cc8edd8b05c1167471928b06aabf67267e86188692d4
miniandroid/run/exp076/dubrowgn.microtimer_8/report.md,3029,2026-08-22T16:54:07.790942+00:00,REPORT_MD,HISTORICAL_EVIDENCE,76,
miniandroid/run/exp076/dubrowgn.microtimer_8/golden/corpus.json,2017,2026-08-22T16:54:07.789942+00:00,JSON,REGRESSION_FIXTURE,76,647c390de845e1540e946c6b681469290a99023876e9b9d2a838bd76aaf6c50c
miniandroid/run/exp076/dubrowgn.microtimer_8/database/android_api_frequency.json,7345,2026-08-22T16:54:07.789942+00:00,JSON,GENERATED_OUTPUT,76,
miniandroid/run/exp076/dubrowgn.microtimer_8/database/dex_opcode_frequency.json,219,2026-08-22T16:54:07.789942+00:00,JSON,GENERATED_OUTPUT,76,f7db13b55a884b1fd1000373491042334b8e4126355c7a9c95273bc3ebd1c80f
miniandroid/run/exp043_auto/failure_report.json,1121,2026-08-15T20:47:23+00:00,JSON,HISTORICAL_EVIDENCE,43,9f54962705347942d9a7cd429b0b3abdbdb9bf90049a65709082e2aad5e8bd5b
miniandroid/run/exp043_auto/application_runtime.json,3861,2026-08-15T20:47:23+00:00,JSON,GENERATED_OUTPUT,43,
miniandroid/run/exp043_auto/runtime_state_trace.json,2973,2026-08-15T20:47:23+00:00,JSON,GENERATED_OUTPUT,43,1fdbeca5104e3a22e2927e5b9de61465054378012d5ad7b0f6e15e5e814d774b
miniandroid/run/exp043_auto/report.md.json,5095,2026-08-15T20:47:23+00:00,JSON,GENERATED_OUTPUT,43,
miniandroid/run/exp043_auto/test_matrix.json,852,2026-08-15T20:47:23+00:00,JSON,HISTORICAL_EVIDENCE,43,0574964afc54e3e28b22adedd47a09cecc2a2c0cf31ed16c6cc1d800296a99c7
miniandroid/run/exp043_auto/golden_end_to_end.json,1265,2026-08-15T20:47:23+00:00,JSON,GENERATED_OUTPUT,43,3ad05c58fc35a4fc0eaca44080cac8162e01875c523a89001373bfdbf544210a
miniandroid/run/exp043_auto/missing_jni.txt,85,2026-08-15T20:47:23+00:00,TXT,GENERATED_OUTPUT,43,
miniandroid/run/exp043_auto/missing_apis.txt,1387,2026-08-15T20:47:23+00:00,TXT,GENERATED_OUTPUT,43,
miniandroid/run/exp043_auto/rss_samples.csv,27,2026-08-15T20:47:18+00:00,CSV,GENERATED_OUTPUT,43,
miniandroid/run/exp043_auto/unique_classes_reached.txt,1072,2026-08-15T20:47:23+00:00,TXT,GENERATED_OUTPUT,43,
miniandroid/run/exp043_auto/runtime_component_map.json,1010,2026-08-15T20:47:23+00:00,JSON,GENERATED_OUTPUT,43,b47ca4b56ff30825a44cb0e989271cff08f959a007f987ccf9b0f77b0c43719e
miniandroid/run/exp043_auto/top_blockers.txt,263,2026-08-15T20:47:23+00:00,TXT,GENERATED_OUTPUT,43,
miniandroid/run/exp043_auto/report.md,3005,2026-08-15T20:47:23+00:00,REPORT_MD,HISTORICAL_EVIDENCE,43,
miniandroid/run/exp043_auto/EXP043_REPORT.md,6651,2026-08-15T20:47:23+00:00,MARKDOWN,GENERATED_OUTPUT,43,
miniandroid/run/exp043_auto/golden/corpus.json,2017,2026-08-15T20:47:23+00:00,JSON,REGRESSION_FIXTURE,43,647c390de845e1540e946c6b681469290a99023876e9b9d2a838bd76aaf6c50c
miniandroid/run/exp043_auto/database/android_api_frequency.json,22647,2026-08-15T20:47:23+00:00,JSON,GENERATED_OUTPUT,43,
miniandroid/run/exp043_auto/database/dex_opcode_frequency.json,219,2026-08-15T20:47:23+00:00,JSON,GENERATED_OUTPUT,43,f7db13b55a884b1fd1000373491042334b8e4126355c7a9c95273bc3ebd1c80f
miniandroid/run/exp071_run24/failure_report.json,926,2026-08-22T16:54:07.715941+00:00,JSON,HISTORICAL_EVIDENCE,71,8bee6540c61418e0d47c01af38694b989e8b9c357586dcd3cf580dc45d786591
miniandroid/run/exp071_run24/application_runtime.json,3608,2026-08-22T16:54:07.715941+00:00,JSON,GENERATED_OUTPUT,71,3b49e0906568b74bfd49b4e8dc92c741e457fc84e8cd5ebd07fcc4c1a8d487d7
miniandroid/run/exp071_run24/runtime_state_trace.json,2848,2026-08-22T16:54:07.715941+00:00,JSON,GENERATED_OUTPUT,71,f8d6ab818829fd2d9888c51b580ce813f6868bbdf057135789e431869755e9ed
miniandroid/run/exp071_run24/report.md.json,4967,2026-08-22T16:54:07.715941+00:00,JSON,GENERATED_OUTPUT,71,b9b1062f10274c508b1758341cdd0ddc03cfb4b09ea90a718c0ae969857d8ce1
miniandroid/run/exp071_run24/test_matrix.json,787,2026-08-22T16:54:07.716942+00:00,JSON,HISTORICAL_EVIDENCE,71,63243b7d8fa6bf4b24d63c1375ade1f1f7e5ae90db5c2fd31b0eb49316d14a8e
miniandroid/run/exp071_run24/golden_end_to_end.json,1200,2026-08-22T16:54:07.715941+00:00,JSON,GENERATED_OUTPUT,71,ed0347900b978e37e8503e0ffb1037efdb0db0c5d02166174ba9a6e2e4503a62
miniandroid/run/exp071_run24/render_request.txt,167,2026-08-22T16:54:07.715941+00:00,TXT,GENERATED_OUTPUT,71,
miniandroid/run/exp071_run24/shadow_report.json,3969,2026-08-22T16:54:07.716942+00:00,JSON,GENERATED_OUTPUT,71,2f78944f717bebe970aa49821b6b1a579209cdebaf5a939fdbd380f3a109f66b
miniandroid/run/exp071_run24/view_tree.json,627893,2026-08-22T16:54:07.716942+00:00,VIEW_TREE_DUMP,GENERATED_OUTPUT,71,
miniandroid/run/exp071_run24/runtime_component_map.json,1010,2026-08-22T16:54:07.715941+00:00,JSON,GENERATED_OUTPUT,71,c6466147ac4e3ebebe6d37377bc4a0eaa9b2624691478d7ccb36e64a03d672f4
miniandroid/run/exp071_run24/report.md,2877,2026-08-22T16:54:07.715941+00:00,REPORT_MD,HISTORICAL_EVIDENCE,71,
miniandroid/run/exp071_run24/golden/corpus.json,2017,2026-08-22T16:54:07.715941+00:00,JSON,REGRESSION_FIXTURE,71,647c390de845e1540e946c6b681469290a99023876e9b9d2a838bd76aaf6c50c
miniandroid/run/exp071_run24/database/dex_opcode_frequency.json,219,2026-08-22T16:54:07.715941+00:00,JSON,GENERATED_OUTPUT,71,f7db13b55a884b1fd1000373491042334b8e4126355c7a9c95273bc3ebd1c80f
miniandroid/run/exp057/baseline.md,580,2026-08-22T16:54:07.536941+00:00,MARKDOWN,GENERATED_OUTPUT,57,
miniandroid/run/exp057/repro_2/failure_report.json,926,2026-08-22T16:54:07.545941+00:00,JSON,HISTORICAL_EVIDENCE,57,d6b54dd07af042f1600b436f31d922a1c510d6398dd3b8238149677df4dc88c5
miniandroid/run/exp057/repro_2/application_runtime.json,3607,2026-08-22T16:54:07.545941+00:00,JSON,GENERATED_OUTPUT,57,cff46c71de84ebc6f4e9acdeef1d60bb98998125a7466cbfc809ab9a17230d9c
miniandroid/run/exp057/repro_2/runtime_state_trace.json,2844,2026-08-22T16:54:07.545941+00:00,JSON,GENERATED_OUTPUT,57,03fddd7b27f86b99c1a71cc03e91be2f44cae7dc81335cc00f84f83722725bc0
miniandroid/run/exp057/repro_2/report.md.json,4966,2026-08-22T16:54:07.545941+00:00,JSON,GENERATED_OUTPUT,57,f74393cda24dfa057aada4837d2f386779600ba454d50bdb45f5bded4592ee70
miniandroid/run/exp057/repro_2/test_matrix.json,787,2026-08-22T16:54:07.546941+00:00,JSON,HISTORICAL_EVIDENCE,57,63243b7d8fa6bf4b24d63c1375ade1f1f7e5ae90db5c2fd31b0eb49316d14a8e
miniandroid/run/exp057/repro_2/golden_end_to_end.json,1200,2026-08-22T16:54:07.545941+00:00,JSON,GENERATED_OUTPUT,57,b4e4c7cfd1f8966f0a41f0b3e8dcc54e3efeb2911862314e293d770b76133319
miniandroid/run/exp057/repro_2/runtime_component_map.json,1010,2026-08-22T16:54:07.545941+00:00,JSON,GENERATED_OUTPUT,57,17512749fbf0f227683f059d61c4bb1c293ccd40246856dcbbd5e76855c7fcce
miniandroid/run/exp057/repro_2/report.md,2878,2026-08-22T16:54:07.545941+00:00,REPORT_MD,HISTORICAL_EVIDENCE,57,
miniandroid/run/exp057/repro_2/golden/corpus.json,2017,2026-08-22T16:54:07.545941+00:00,JSON,REGRESSION_FIXTURE,57,647c390de845e1540e946c6b681469290a99023876e9b9d2a838bd76aaf6c50c
miniandroid/run/exp057/repro_2/database/dex_opcode_frequency.json,219,2026-08-22T16:54:07.545941+00:00,JSON,GENERATED_OUTPUT,57,f7db13b55a884b1fd1000373491042334b8e4126355c7a9c95273bc3ebd1c80f
miniandroid/run/exp057/fix3/failure_report.json,926,2026-08-22T16:54:07.541941+00:00,JSON,HISTORICAL_EVIDENCE,57,f2697b2bf51d0daca3081ccd16e9764fba123f9e32b0c1811b788e0242ba4891
miniandroid/run/exp057/fix3/application_runtime.json,3602,2026-08-22T16:54:07.541941+00:00,JSON,GENERATED_OUTPUT,57,a99a4416faa5453095f4483082d24330347cc93ccd4aee08f611ecfb39d2e5d2
miniandroid/run/exp057/fix3/runtime_state_trace.json,2845,2026-08-22T16:54:07.542941+00:00,JSON,GENERATED_OUTPUT,57,1f5679b4ba27c189f812f63469fa29a51230ab89999e4e157516c41e3a927163
miniandroid/run/exp057/fix3/report.md.json,4966,2026-08-22T16:54:07.542941+00:00,JSON,GENERATED_OUTPUT,57,1c2d288345635b3a5d631c0e9c816b48521f355ab28cd5ac5a69eb2c64f7a796
miniandroid/run/exp057/fix3/test_matrix.json,787,2026-08-22T16:54:07.542941+00:00,JSON,HISTORICAL_EVIDENCE,57,63243b7d8fa6bf4b24d63c1375ade1f1f7e5ae90db5c2fd31b0eb49316d14a8e
miniandroid/run/exp057/fix3/golden_end_to_end.json,1200,2026-08-22T16:54:07.541941+00:00,JSON,GENERATED_OUTPUT,57,8da2fd7b37b4559eea6b57ba2c2b6f71cb8c2f2f70bd5c2deb4463a6b9ffa399
miniandroid/run/exp057/fix3/runtime_component_map.json,1010,2026-08-22T16:54:07.542941+00:00,JSON,GENERATED_OUTPUT,57,3adf86313965a3799099608130cb03d150e1d9bb847a086683a048ef49b2baf0
miniandroid/run/exp057/fix3/report.md,2875,2026-08-22T16:54:07.542941+00:00,REPORT_MD,HISTORICAL_EVIDENCE,57,
miniandroid/run/exp057/fix3/golden/corpus.json,2017,2026-08-22T16:54:07.541941+00:00,JSON,REGRESSION_FIXTURE,57,647c390de845e1540e946c6b681469290a99023876e9b9d2a838bd76aaf6c50c
miniandroid/run/exp057/fix3/database/dex_opcode_frequency.json,219,2026-08-22T16:54:07.541941+00:00,JSON,GENERATED_OUTPUT,57,f7db13b55a884b1fd1000373491042334b8e4126355c7a9c95273bc3ebd1c80f
miniandroid/run/exp057/repro_3/failure_report.json,926,2026-08-22T16:54:07.546941+00:00,JSON,HISTORICAL_EVIDENCE,57,bf61f992d783b0122bca3729e05635c94a2250489e8a7cf3c38c7460ed8aea3d
miniandroid/run/exp057/repro_3/application_runtime.json,3608,2026-08-22T16:54:07.546941+00:00,JSON,GENERATED_OUTPUT,57,56765e344085c8c5f2839751c246e02beadbe0f248085a8004f027de10d00b15
miniandroid/run/exp057/repro_3/runtime_state_trace.json,2845,2026-08-22T16:54:07.546941+00:00,JSON,GENERATED_OUTPUT,57,459c85a234a3ba4d81941729302420fcb249e9de40815147b144099041832b79
miniandroid/run/exp057/repro_3/report.md.json,4966,2026-08-22T16:54:07.546941+00:00,JSON,GENERATED_OUTPUT,57,dc6a703296582598e912a2bed801320c108cee403633c867d6745be5463c1e33
miniandroid/run/exp057/repro_3/test_matrix.json,787,2026-08-22T16:54:07.547941+00:00,JSON,HISTORICAL_EVIDENCE,57,63243b7d8fa6bf4b24d63c1375ade1f1f7e5ae90db5c2fd31b0eb49316d14a8e
miniandroid/run/exp057/repro_3/golden_end_to_end.json,1200,2026-08-22T16:54:07.546941+00:00,JSON,GENERATED_OUTPUT,57,62d7605bf1a593fc3cb3a995df5aab4b7168c9f80d7e726f6797158db6097f8d
miniandroid/run/exp057/repro_3/runtime_component_map.json,1010,2026-08-22T16:54:07.546941+00:00,JSON,GENERATED_OUTPUT,57,507279e9983e0afb1832d753306a844330ab575ec769c4ec23ad56f2abaabb7f
miniandroid/run/exp057/repro_3/report.md,2878,2026-08-22T16:54:07.546941+00:00,REPORT_MD,HISTORICAL_EVIDENCE,57,
miniandroid/run/exp057/repro_3/golden/corpus.json,2017,2026-08-22T16:54:07.546941+00:00,JSON,REGRESSION_FIXTURE,57,647c390de845e1540e946c6b681469290a99023876e9b9d2a838bd76aaf6c50c
miniandroid/run/exp057/repro_3/database/dex_opcode_frequency.json,219,2026-08-22T16:54:07.546941+00:00,JSON,GENERATED_OUTPUT,57,f7db13b55a884b1fd1000373491042334b8e4126355c7a9c95273bc3ebd1c80f
miniandroid/run/exp057/fix2/failure_report.json,926,2026-08-22T16:54:07.540941+00:00,JSON,HISTORICAL_EVIDENCE,57,db2100673b7abc54e4b49918c13b632eccd2a87cc37e9240df123ee42898c609
miniandroid/run/exp057/fix2/application_runtime.json,3603,2026-08-22T16:54:07.540941+00:00,JSON,GENERATED_OUTPUT,57,3f26801b924d466d9807046b3db4439c9600523837859d7fd547bafd2355d097
miniandroid/run/exp057/fix2/runtime_state_trace.json,2845,2026-08-22T16:54:07.540941+00:00,JSON,GENERATED_OUTPUT,57,176a7eb06bff491abb642fcad4f00d09f77d6e8298a63c93095dd89e6bf1a628
miniandroid/run/exp057/fix2/report.md.json,4966,2026-08-22T16:54:07.540941+00:00,JSON,GENERATED_OUTPUT,57,f53379a7cc55cc0fef1acf0e533cf604f529b59380be070fe5506b6ade6ec714
miniandroid/run/exp057/fix2/test_matrix.json,787,2026-08-22T16:54:07.541941+00:00,JSON,HISTORICAL_EVIDENCE,57,63243b7d8fa6bf4b24d63c1375ade1f1f7e5ae90db5c2fd31b0eb49316d14a8e
miniandroid/run/exp057/fix2/golden_end_to_end.json,1200,2026-08-22T16:54:07.540941+00:00,JSON,GENERATED_OUTPUT,57,246b800493c79e030235f7a22892abe709606a45ad82b39f6796b209b0962cff
miniandroid/run/exp057/fix2/shadow_report.json,3859,2026-08-22T16:54:07.541941+00:00,JSON,GENERATED_OUTPUT,57,612f89cf82325a9673d5350af0f398b5dd28075b64fca65cb29fc6575e0e1f3f
miniandroid/run/exp057/fix2/runtime_component_map.json,1010,2026-08-22T16:54:07.540941+00:00,JSON,GENERATED_OUTPUT,57,ad3f43849987378276c99b32eb43c25984c9681a4c81401f9cd41d5bf9140efe
miniandroid/run/exp057/fix2/report.md,2875,2026-08-22T16:54:07.540941+00:00,REPORT_MD,HISTORICAL_EVIDENCE,57,
miniandroid/run/exp057/fix2/golden/corpus.json,2017,2026-08-22T16:54:07.540941+00:00,JSON,REGRESSION_FIXTURE,57,647c390de845e1540e946c6b681469290a99023876e9b9d2a838bd76aaf6c50c
miniandroid/run/exp057/fix2/database/android_api_frequency.json,58029,2026-08-22T16:54:07.540941+00:00,JSON,GENERATED_OUTPUT,57,
miniandroid/run/exp057/fix2/database/dex_opcode_frequency.json,219,2026-08-22T16:54:07.540941+00:00,JSON,GENERATED_OUTPUT,57,f7db13b55a884b1fd1000373491042334b8e4126355c7a9c95273bc3ebd1c80f
miniandroid/run/exp057/repro_1/failure_report.json,926,2026-08-22T16:54:07.544941+00:00,JSON,HISTORICAL_EVIDENCE,57,fca50a85d9de92eb2614f88877f81911e5cf9a544c482c1ca1877b373af8b3dd
miniandroid/run/exp057/repro_1/application_runtime.json,3602,2026-08-22T16:54:07.544941+00:00,JSON,GENERATED_OUTPUT,57,f7c0864d53747b2864539499e7a2656c308ea4c2e3e9ccb32bd168c8a58a844a
miniandroid/run/exp057/repro_1/runtime_state_trace.json,2839,2026-08-22T16:54:07.544941+00:00,JSON,GENERATED_OUTPUT,57,9558d5a27ccf1ae76a63e3af325fd581d14317e96b8825ef31bb9804fa2e74d9
miniandroid/run/exp057/repro_1/report.md.json,4966,2026-08-22T16:54:07.544941+00:00,JSON,GENERATED_OUTPUT,57,2f8724e37d86d4ba639c31f388fe9a74170f22e89da3b97f7f5ccf8741e42cde
miniandroid/run/exp057/repro_1/test_matrix.json,787,2026-08-22T16:54:07.545941+00:00,JSON,HISTORICAL_EVIDENCE,57,63243b7d8fa6bf4b24d63c1375ade1f1f7e5ae90db5c2fd31b0eb49316d14a8e
miniandroid/run/exp057/repro_1/golden_end_to_end.json,1200,2026-08-22T16:54:07.544941+00:00,JSON,GENERATED_OUTPUT,57,e25bb2f02365907366744cccfa1b3fb1a6ba40ffcd389e16e255a9a9665c4d45
miniandroid/run/exp057/repro_1/runtime_component_map.json,1010,2026-08-22T16:54:07.544941+00:00,JSON,GENERATED_OUTPUT,57,51a6133c096ef66085cab746ff7dc9073214e1f90dbb95e9351d67ed9203357c
miniandroid/run/exp057/repro_1/report.md,2878,2026-08-22T16:54:07.544941+00:00,REPORT_MD,HISTORICAL_EVIDENCE,57,
miniandroid/run/exp057/repro_1/golden/corpus.json,2017,2026-08-22T16:54:07.544941+00:00,JSON,REGRESSION_FIXTURE,57,647c390de845e1540e946c6b681469290a99023876e9b9d2a838bd76aaf6c50c
miniandroid/run/exp057/repro_1/database/dex_opcode_frequency.json,219,2026-08-22T16:54:07.544941+00:00,JSON,GENERATED_OUTPUT,57,f7db13b55a884b1fd1000373491042334b8e4126355c7a9c95273bc3ebd1c80f
miniandroid/run/exp057/fix1/failure_report.json,926,2026-08-22T16:54:07.539941+00:00,JSON,HISTORICAL_EVIDENCE,57,f7876ec6e62b1b3f15567c206c5637f70b4a28cc2bb8e19d1a0cbb2b4a1c7a65
miniandroid/run/exp057/fix1/application_runtime.json,3605,2026-08-22T16:54:07.539941+00:00,JSON,GENERATED_OUTPUT,57,5d6bfc1074a1e7705002cba18a208573230322a48a3605b79d74f355f6098d2a
miniandroid/run/exp057/fix1/runtime_state_trace.json,2847,2026-08-22T16:54:07.539941+00:00,JSON,GENERATED_OUTPUT,57,3db27d1b0020de7395a411a28dec7c4d3c4ef13f10fc108a7ece26b8906b3d95
miniandroid/run/exp057/fix1/report.md.json,4965,2026-08-22T16:54:07.539941+00:00,JSON,GENERATED_OUTPUT,57,0d9b8926d199e6ef6c34070a74338f3191f108e445ef917988f13805e28de05c
miniandroid/run/exp057/fix1/test_matrix.json,787,2026-08-22T16:54:07.540941+00:00,JSON,HISTORICAL_EVIDENCE,57,63243b7d8fa6bf4b24d63c1375ade1f1f7e5ae90db5c2fd31b0eb49316d14a8e
miniandroid/run/exp057/fix1/golden_end_to_end.json,1200,2026-08-22T16:54:07.539941+00:00,JSON,GENERATED_OUTPUT,57,88d83f207f5497f1556998fe49a47045e8a0465c6e2f9c996361a0eff1f691cb
miniandroid/run/exp057/fix1/runtime_component_map.json,1010,2026-08-22T16:54:07.539941+00:00,JSON,GENERATED_OUTPUT,57,72070a1cb0f707a0884fc57d3790c3a5081f5307c3947bcfae68f9c56ab486aa
miniandroid/run/exp057/fix1/report.md,2875,2026-08-22T16:54:07.539941+00:00,REPORT_MD,HISTORICAL_EVIDENCE,57,
miniandroid/run/exp057/fix1/golden/corpus.json,2017,2026-08-22T16:54:07.539941+00:00,JSON,REGRESSION_FIXTURE,57,647c390de845e1540e946c6b681469290a99023876e9b9d2a838bd76aaf6c50c
miniandroid/run/exp057/fix1/database/dex_opcode_frequency.json,219,2026-08-22T16:54:07.539941+00:00,JSON,GENERATED_OUTPUT,57,f7db13b55a884b1fd1000373491042334b8e4126355c7a9c95273bc3ebd1c80f
miniandroid/run/exp057/baseline/failure_report.json,926,2026-08-22T16:54:07.536941+00:00,JSON,HISTORICAL_EVIDENCE,57,27df7b95f53414d455e4a53decf21e0ed02085d97869f5db338176d5b2ec15fd
miniandroid/run/exp057/baseline/application_runtime.json,3610,2026-08-22T16:54:07.536941+00:00,JSON,GENERATED_OUTPUT,57,b2225078e1710b09d3a5e3cdf0e323d371d776c08ea1329705fbd9ff492adb7b
miniandroid/run/exp057/baseline/runtime_state_trace.json,2845,2026-08-22T16:54:07.536941+00:00,JSON,GENERATED_OUTPUT,57,d1f2bdd86a0799a7d9b8690214f364415adb5129a8eccc513b6207c8cf436744
miniandroid/run/exp057/baseline/report.md.json,4966,2026-08-22T16:54:07.536941+00:00,JSON,GENERATED_OUTPUT,57,22d86b3abe796ad36ec6fbf33c8e0a94bfdc1efaa37db57e73daeb7adce4a925
miniandroid/run/exp057/baseline/test_matrix.json,787,2026-08-22T16:54:07.537941+00:00,JSON,HISTORICAL_EVIDENCE,57,63243b7d8fa6bf4b24d63c1375ade1f1f7e5ae90db5c2fd31b0eb49316d14a8e
miniandroid/run/exp057/baseline/golden_end_to_end.json,1200,2026-08-22T16:54:07.536941+00:00,JSON,GENERATED_OUTPUT,57,f46dfedabfb327681798689c6fc8e8befcac71e502a147cce67bb612a3202234
miniandroid/run/exp057/baseline/runtime_component_map.json,1010,2026-08-22T16:54:07.536941+00:00,JSON,GENERATED_OUTPUT,57,c8f77b26b9985bfd239cf115a929d50269798172dd94982ec30425116e64e4a1
miniandroid/run/exp057/baseline/report.md,2879,2026-08-22T16:54:07.536941+00:00,REPORT_MD,HISTORICAL_EVIDENCE,57,
miniandroid/run/exp057/baseline/golden/corpus.json,2017,2026-08-22T16:54:07.536941+00:00,JSON,REGRESSION_FIXTURE,57,647c390de845e1540e946c6b681469290a99023876e9b9d2a838bd76aaf6c50c
miniandroid/run/exp057/baseline/database/dex_opcode_frequency.json,219,2026-08-22T16:54:07.536941+00:00,JSON,GENERATED_OUTPUT,57,f7db13b55a884b1fd1000373491042334b8e4126355c7a9c95273bc3ebd1c80f
miniandroid/run/exp057/debug/failure_report.json,926,2026-08-22T16:54:07.537941+00:00,JSON,HISTORICAL_EVIDENCE,57,e861628087afaccfa4e248a3fa5e617c5f3e3a01dbc15bf8b40d364ef48af0b5
miniandroid/run/exp057/debug/application_runtime.json,3609,2026-08-22T16:54:07.537941+00:00,JSON,GENERATED_OUTPUT,57,b35edd29f3f08b85bf5f6c22790a7c3c1476b08e5f54d23664a509d41dd07563
miniandroid/run/exp057/debug/runtime_state_trace.json,2850,2026-08-22T16:54:07.538941+00:00,JSON,GENERATED_OUTPUT,57,896ebadffaaac8de502fd2a864f1671392731c82327faa13c52b4342bc929da5
miniandroid/run/exp057/debug/report.md.json,4966,2026-08-22T16:54:07.537941+00:00,JSON,GENERATED_OUTPUT,57,75b788f1c502c5a2e225ecca21e37fa889b671eac35fbb852db37d4a26ce0063
miniandroid/run/exp057/debug/test_matrix.json,787,2026-08-22T16:54:07.539941+00:00,JSON,HISTORICAL_EVIDENCE,57,63243b7d8fa6bf4b24d63c1375ade1f1f7e5ae90db5c2fd31b0eb49316d14a8e
miniandroid/run/exp057/debug/golden_end_to_end.json,1200,2026-08-22T16:54:07.537941+00:00,JSON,GENERATED_OUTPUT,57,410a16c117d37774871fd7295df023cea1e3dda25b303af0fcba053a97ee5bc4
miniandroid/run/exp057/debug/runtime_component_map.json,1010,2026-08-22T16:54:07.537941+00:00,JSON,GENERATED_OUTPUT,57,8b4c8a4844c877fed8e05df2c7fb80b88b28cab99a3fcb02d1c5127d2ce37d7b
miniandroid/run/exp057/debug/report.md,2876,2026-08-22T16:54:07.537941+00:00,REPORT_MD,HISTORICAL_EVIDENCE,57,
miniandroid/run/exp057/debug/golden/corpus.json,2017,2026-08-22T16:54:07.537941+00:00,JSON,REGRESSION_FIXTURE,57,647c390de845e1540e946c6b681469290a99023876e9b9d2a838bd76aaf6c50c
miniandroid/run/exp057/debug/database/dex_opcode_frequency.json,219,2026-08-22T16:54:07.537941+00:00,JSON,GENERATED_OUTPUT,57,f7db13b55a884b1fd1000373491042334b8e4126355c7a9c95273bc3ebd1c80f
miniandroid/run/exp057/mro/failure_report.json,926,2026-08-22T16:54:07.543941+00:00,JSON,HISTORICAL_EVIDENCE,57,d07492eb69328025a1db685c206ddf8e3da52e0f049d6d535c483d7e89cd9245
miniandroid/run/exp057/mro/application_runtime.json,3603,2026-08-22T16:54:07.542941+00:00,JSON,GENERATED_OUTPUT,57,ba50180ea445f85c3dbbcf69575e2eb389248112233a405f40fcc041750569e6
miniandroid/run/exp057/mro/runtime_state_trace.json,2848,2026-08-22T16:54:07.543941+00:00,JSON,GENERATED_OUTPUT,57,9c6e404ce83f81ff6aa280497f583088f3db6b943e1422b6e5c1b059c66c476b
miniandroid/run/exp057/mro/report.md.json,4966,2026-08-22T16:54:07.543941+00:00,JSON,GENERATED_OUTPUT,57,cf1d474136106aac512e74362d1b7c7d5d04215b1e70f59437030dd289df0f2a
miniandroid/run/exp057/mro/test_matrix.json,787,2026-08-22T16:54:07.544941+00:00,JSON,HISTORICAL_EVIDENCE,57,63243b7d8fa6bf4b24d63c1375ade1f1f7e5ae90db5c2fd31b0eb49316d14a8e
miniandroid/run/exp057/mro/golden_end_to_end.json,1200,2026-08-22T16:54:07.543941+00:00,JSON,GENERATED_OUTPUT,57,5dace7e52e8b68cffa4224a4751c7cc2b2102e1174b6a20762de27cf01ad0fc0
miniandroid/run/exp057/mro/runtime_component_map.json,1010,2026-08-22T16:54:07.543941+00:00,JSON,GENERATED_OUTPUT,57,c455ce9176856abeea3e239f4acae2fe6b7cd8bd868ef9596bbcc0da26074d65
miniandroid/run/exp057/mro/report.md,2874,2026-08-22T16:54:07.543941+00:00,REPORT_MD,HISTORICAL_EVIDENCE,57,
miniandroid/run/exp057/mro/golden/corpus.json,2017,2026-08-22T16:54:07.543941+00:00,JSON,REGRESSION_FIXTURE,57,647c390de845e1540e946c6b681469290a99023876e9b9d2a838bd76aaf6c50c
miniandroid/run/exp057/mro/database/dex_opcode_frequency.json,219,2026-08-22T16:54:07.543941+00:00,JSON,GENERATED_OUTPUT,57,f7db13b55a884b1fd1000373491042334b8e4126355c7a9c95273bc3ebd1c80f
miniandroid/run/exp063_resargs/failure_report.json,926,2026-08-22T16:54:07.618941+00:00,JSON,HISTORICAL_EVIDENCE,63,b7a3a4aa7bb3916506bbfdb42da1b5dd07013e7ac8db30be2a58149b2a7a9acd
miniandroid/run/exp063_resargs/application_runtime.json,3606,2026-08-22T16:54:07.618941+00:00,JSON,GENERATED_OUTPUT,63,c65e4407e02916f566d70798089dd53733fa583faf15520a04a7f66f263a7a56
miniandroid/run/exp063_resargs/runtime_state_trace.json,2842,2026-08-22T16:54:07.618941+00:00,JSON,GENERATED_OUTPUT,63,8e5efa8772f0a06fcb61b0447982d78757ccc5fa821bfba467e083e16ca6852d
miniandroid/run/exp063_resargs/report.md.json,4967,2026-08-22T16:54:07.618941+00:00,JSON,GENERATED_OUTPUT,63,263e3c16047c47587fd8e8b1991b59af5bcda664754155804571c7d12ac9b2d5
miniandroid/run/exp063_resargs/test_matrix.json,787,2026-08-22T16:54:07.619941+00:00,JSON,HISTORICAL_EVIDENCE,63,63243b7d8fa6bf4b24d63c1375ade1f1f7e5ae90db5c2fd31b0eb49316d14a8e
miniandroid/run/exp063_resargs/golden_end_to_end.json,1200,2026-08-22T16:54:07.618941+00:00,JSON,GENERATED_OUTPUT,63,d81b6d483ff52196c5ceaa42d5283e58a3643507705afbd8a7414c44d8cf8230
miniandroid/run/exp063_resargs/render_request.txt,173,2026-08-22T16:54:07.618941+00:00,TXT,GENERATED_OUTPUT,63,
miniandroid/run/exp063_resargs/runtime_component_map.json,1010,2026-08-22T16:54:07.618941+00:00,JSON,GENERATED_OUTPUT,63,220cd98c785e670d5867769a26dc2bffca4ec87a6c0f9b73de5a24e55f7e7985
miniandroid/run/exp063_resargs/report.md,2879,2026-08-22T16:54:07.618941+00:00,REPORT_MD,HISTORICAL_EVIDENCE,63,
miniandroid/run/exp063_resargs/golden/corpus.json,2017,2026-08-22T16:54:07.618941+00:00,JSON,REGRESSION_FIXTURE,63,647c390de845e1540e946c6b681469290a99023876e9b9d2a838bd76aaf6c50c
miniandroid/run/exp063_resargs/database/dex_opcode_frequency.json,219,2026-08-22T16:54:07.618941+00:00,JSON,GENERATED_OUTPUT,63,f7db13b55a884b1fd1000373491042334b8e4126355c7a9c95273bc3ebd1c80f
miniandroid/run/exp063_regs/failure_report.json,926,2026-08-22T16:54:07.614941+00:00,JSON,HISTORICAL_EVIDENCE,63,f6f6079be8ca5d06b6549e8722236b4d8df31d36d5c49ab0fc0791f41aedfaee
miniandroid/run/exp063_regs/application_runtime.json,3605,2026-08-22T16:54:07.614941+00:00,JSON,GENERATED_OUTPUT,63,114a6b7e1a4b6176e1e6031f973245ad95b0b78a8854a96d3a97222cc4d51277
miniandroid/run/exp063_regs/runtime_state_trace.json,2847,2026-08-22T16:54:07.614941+00:00,JSON,GENERATED_OUTPUT,63,791cdba5ef84c1f95fbf3baed3ab7b78474252ccaf6e2916404e7735811b4d68
miniandroid/run/exp063_regs/report.md.json,4967,2026-08-22T16:54:07.614941+00:00,JSON,GENERATED_OUTPUT,63,2717a25106c2a7f95e37aacee0f1464f693a8972a6634cb6cf942434f1359007
miniandroid/run/exp063_regs/test_matrix.json,787,2026-08-22T16:54:07.614941+00:00,JSON,HISTORICAL_EVIDENCE,63,63243b7d8fa6bf4b24d63c1375ade1f1f7e5ae90db5c2fd31b0eb49316d14a8e
miniandroid/run/exp063_regs/golden_end_to_end.json,1200,2026-08-22T16:54:07.614941+00:00,JSON,GENERATED_OUTPUT,63,b16923a96b7d043447adc909078eddb00ff87bfeb561c59a83b94bc2bfd3c91f
miniandroid/run/exp063_regs/render_request.txt,164,2026-08-22T16:54:07.614941+00:00,TXT,GENERATED_OUTPUT,63,
miniandroid/run/exp063_regs/runtime_component_map.json,1010,2026-08-22T16:54:07.614941+00:00,JSON,GENERATED_OUTPUT,63,9a9c65c9b1523e15c0cb49a4baf24c32632ac3902188bfda967dc8e378395d82
miniandroid/run/exp063_regs/report.md,2876,2026-08-22T16:54:07.614941+00:00,REPORT_MD,HISTORICAL_EVIDENCE,63,
miniandroid/run/exp063_regs/golden/corpus.json,2017,2026-08-22T16:54:07.614941+00:00,JSON,REGRESSION_FIXTURE,63,647c390de845e1540e946c6b681469290a99023876e9b9d2a838bd76aaf6c50c
miniandroid/run/exp063_regs/database/dex_opcode_frequency.json,219,2026-08-22T16:54:07.614941+00:00,JSON,GENERATED_OUTPUT,63,f7db13b55a884b1fd1000373491042334b8e4126355c7a9c95273bc3ebd1c80f
miniandroid/run/exp055_debug7/failure_report.json,926,2026-08-22T16:54:07.513941+00:00,JSON,HISTORICAL_EVIDENCE,55,bb2dd5dc9744636d24b1a7d12943dd261018b27eb76d14ad1210df8e8c381544
miniandroid/run/exp055_debug7/application_runtime.json,3608,2026-08-22T16:54:07.513941+00:00,JSON,GENERATED_OUTPUT,55,2d121a5067571a2a73f67d6bf091a05bc127b467b7f0af3572ae548c3b50f215
miniandroid/run/exp055_debug7/runtime_state_trace.json,2847,2026-08-22T16:54:07.513941+00:00,JSON,GENERATED_OUTPUT,55,dd02a9c17dc136e58dacc083f2ff4b3c915ecb9862b82a8db0bb2341d9037388
miniandroid/run/exp055_debug7/report.md.json,4966,2026-08-22T16:54:07.513941+00:00,JSON,GENERATED_OUTPUT,55,848334f6de42ff6511e7da0e90ac66c3023b8d55ee210ee0e7f3f32b44896b21
miniandroid/run/exp055_debug7/test_matrix.json,787,2026-08-22T16:54:07.514941+00:00,JSON,HISTORICAL_EVIDENCE,55,63243b7d8fa6bf4b24d63c1375ade1f1f7e5ae90db5c2fd31b0eb49316d14a8e
miniandroid/run/exp055_debug7/golden_end_to_end.json,1200,2026-08-22T16:54:07.513941+00:00,JSON,GENERATED_OUTPUT,55,97d541030e5d9721ce8e00fd5d9cf473e2d9e4b941cc92d870788db81dac923c
miniandroid/run/exp055_debug7/runtime_component_map.json,1010,2026-08-22T16:54:07.513941+00:00,JSON,GENERATED_OUTPUT,55,6cbe4b35547813f8841a18b6750cf6ceb339443bf0caaefe2ba9a6fd44abad55
miniandroid/run/exp055_debug7/report.md,2877,2026-08-22T16:54:07.513941+00:00,REPORT_MD,HISTORICAL_EVIDENCE,55,
miniandroid/run/exp055_debug7/golden/corpus.json,2017,2026-08-22T16:54:07.513941+00:00,JSON,REGRESSION_FIXTURE,55,647c390de845e1540e946c6b681469290a99023876e9b9d2a838bd76aaf6c50c
miniandroid/run/exp055_debug7/database/dex_opcode_frequency.json,219,2026-08-22T16:54:07.513941+00:00,JSON,GENERATED_OUTPUT,55,f7db13b55a884b1fd1000373491042334b8e4126355c7a9c95273bc3ebd1c80f
miniandroid/run/exp063_final2/failure_report.json,926,2026-08-22T16:54:07.601941+00:00,JSON,HISTORICAL_EVIDENCE,63,e6ce580e686307d93a23771a621bbbbd344c8b79cd02dcec4c88c1744393b07c
miniandroid/run/exp063_final2/application_runtime.json,3612,2026-08-22T16:54:07.601941+00:00,JSON,GENERATED_OUTPUT,63,22c83d817b218786a64f066a61c57dec7f040b50dd988128210a6c489a7f5e18
miniandroid/run/exp063_final2/runtime_state_trace.json,2850,2026-08-22T16:54:07.601941+00:00,JSON,GENERATED_OUTPUT,63,963c7b74422f085cdd03843454c32a6404376319657a7d9b8b23fa145367adb4
miniandroid/run/exp063_final2/report.md.json,4967,2026-08-22T16:54:07.601941+00:00,JSON,GENERATED_OUTPUT,63,ecd95a5e22fc0e0cfebf0f6862336c887099d2532210829af5e912efc06cf463
miniandroid/run/exp063_final2/test_matrix.json,787,2026-08-22T16:54:07.602941+00:00,JSON,HISTORICAL_EVIDENCE,63,63243b7d8fa6bf4b24d63c1375ade1f1f7e5ae90db5c2fd31b0eb49316d14a8e
miniandroid/run/exp063_final2/golden_end_to_end.json,1200,2026-08-22T16:54:07.601941+00:00,JSON,GENERATED_OUTPUT,63,7f87291f7b40f985f3fc0ee2758c9944ed8e890ccfb9c9433ddbfe3d9a6de960
miniandroid/run/exp063_final2/render_request.txt,170,2026-08-22T16:54:07.601941+00:00,TXT,GENERATED_OUTPUT,63,
miniandroid/run/exp063_final2/runtime_component_map.json,1010,2026-08-22T16:54:07.601941+00:00,JSON,GENERATED_OUTPUT,63,f93e5558ecb6696380e4f8edd6bed609c9afad2b7308778b1eb7ddb040133e9b
miniandroid/run/exp063_final2/report.md,2878,2026-08-22T16:54:07.601941+00:00,REPORT_MD,HISTORICAL_EVIDENCE,63,
miniandroid/run/exp063_final2/golden/corpus.json,2017,2026-08-22T16:54:07.601941+00:00,JSON,REGRESSION_FIXTURE,63,647c390de845e1540e946c6b681469290a99023876e9b9d2a838bd76aaf6c50c
miniandroid/run/exp063_final2/database/dex_opcode_frequency.json,219,2026-08-22T16:54:07.601941+00:00,JSON,GENERATED_OUTPUT,63,f7db13b55a884b1fd1000373491042334b8e4126355c7a9c95273bc3ebd1c80f
miniandroid/run/exp069_r1/render_provenance.json,4531,2026-08-22T16:54:07.664941+00:00,JSON,GENERATED_OUTPUT,69,593851988c2fb0176e7a2a24dbf60df0e943100a817f6d0f440ccf0a47a9a5dc
miniandroid/run/exp069_r1/login_ui.png,27369,2026-08-22T16:54:07.664941+00:00,OTHER,GENERATED_OUTPUT,69,
miniandroid/run/exp069_r1/login_debug.png,66131,2026-08-22T16:54:07.664941+00:00,OTHER,GENERATED_OUTPUT,69,
miniandroid/run/exp055_retval5/failure_report.json,926,2026-08-22T16:54:07.525941+00:00,JSON,HISTORICAL_EVIDENCE,55,7a1382876b310b9662953a7c051d2e40c9eccd2f40d873598143dc50b4eec6e9
miniandroid/run/exp055_retval5/application_runtime.json,3610,2026-08-22T16:54:07.525941+00:00,JSON,GENERATED_OUTPUT,55,ed42cec9c4883fc5e247e5e39435a4b2b1ee2fc4ebb10db79c53b375b2d20ff8
miniandroid/run/exp055_retval5/runtime_state_trace.json,2847,2026-08-22T16:54:07.526941+00:00,JSON,GENERATED_OUTPUT,55,187b3fd487f80acd27b70fc0adce3c9e5007c457f82fc91661103b242cb0c5da
miniandroid/run/exp055_retval5/report.md.json,4966,2026-08-22T16:54:07.526941+00:00,JSON,GENERATED_OUTPUT,55,57829ce13e37390fe414d354e6b798f567c1a9ae4e22ec5786e17adeb62db78d
miniandroid/run/exp055_retval5/test_matrix.json,787,2026-08-22T16:54:07.526941+00:00,JSON,HISTORICAL_EVIDENCE,55,63243b7d8fa6bf4b24d63c1375ade1f1f7e5ae90db5c2fd31b0eb49316d14a8e
miniandroid/run/exp055_retval5/golden_end_to_end.json,1200,2026-08-22T16:54:07.525941+00:00,JSON,GENERATED_OUTPUT,55,c2b6ba1d8ad8b178f56b91987f543fef4cd855791195e3e94e34f3c4b1b65f1d
miniandroid/run/exp055_retval5/runtime_component_map.json,1010,2026-08-22T16:54:07.526941+00:00,JSON,GENERATED_OUTPUT,55,7dc95fee17b3c959bccb64803c4f90e8b4eb0f1c82f163e0935beaa26c594b26
miniandroid/run/exp055_retval5/report.md,2878,2026-08-22T16:54:07.526941+00:00,REPORT_MD,HISTORICAL_EVIDENCE,55,
miniandroid/run/exp055_retval5/golden/corpus.json,2017,2026-08-22T16:54:07.525941+00:00,JSON,REGRESSION_FIXTURE,55,647c390de845e1540e946c6b681469290a99023876e9b9d2a838bd76aaf6c50c
miniandroid/run/exp055_retval5/database/dex_opcode_frequency.json,219,2026-08-22T16:54:07.525941+00:00,JSON,GENERATED_OUTPUT,55,f7db13b55a884b1fd1000373491042334b8e4126355c7a9c95273bc3ebd1c80f
miniandroid/run/exp066_run1/failure_report.json,926,2026-08-22T16:54:07.644941+00:00,JSON,HISTORICAL_EVIDENCE,66,2abcdd9dd8e2abc6697a5b1d35c197076026fb57698aa04d652771e7bcfed6bb
miniandroid/run/exp066_run1/application_runtime.json,3603,2026-08-22T16:54:07.644941+00:00,JSON,GENERATED_OUTPUT,66,500beffb6b2e6648cfc5c68e19b093a626d6de50f6b27f5ff2f3898af039ee61
miniandroid/run/exp066_run1/runtime_state_trace.json,2845,2026-08-22T16:54:07.644941+00:00,JSON,GENERATED_OUTPUT,66,0663334b0b052551a2f00ccbb9bc34d6a3f96386d66a5a16fbf2b26bc0f98133
miniandroid/run/exp066_run1/report.md.json,4967,2026-08-22T16:54:07.644941+00:00,JSON,GENERATED_OUTPUT,66,85d8e3bbe95fcc5fca3e9e17a4f40e7ebd26becd409432ceeb110c8ed297f69f
miniandroid/run/exp066_run1/test_matrix.json,787,2026-08-22T16:54:07.645941+00:00,JSON,HISTORICAL_EVIDENCE,66,63243b7d8fa6bf4b24d63c1375ade1f1f7e5ae90db5c2fd31b0eb49316d14a8e
miniandroid/run/exp066_run1/golden_end_to_end.json,1200,2026-08-22T16:54:07.644941+00:00,JSON,GENERATED_OUTPUT,66,f168785ac8d853ecfbc3fc2335103f8a1672ea412d8c07e3b00553d22d9709d4
miniandroid/run/exp066_run1/render_request.txt,164,2026-08-22T16:54:07.644941+00:00,TXT,GENERATED_OUTPUT,66,
miniandroid/run/exp066_run1/runtime_component_map.json,1010,2026-08-22T16:54:07.644941+00:00,JSON,GENERATED_OUTPUT,66,f9e6c3797ed5732797e37d7b2092bff0f778f19049697708313ee12954375444
miniandroid/run/exp066_run1/report.md,2876,2026-08-22T16:54:07.644941+00:00,REPORT_MD,HISTORICAL_EVIDENCE,66,
miniandroid/run/exp066_run1/golden/corpus.json,2017,2026-08-22T16:54:07.644941+00:00,JSON,REGRESSION_FIXTURE,66,647c390de845e1540e946c6b681469290a99023876e9b9d2a838bd76aaf6c50c
miniandroid/run/exp066_run1/database/dex_opcode_frequency.json,219,2026-08-22T16:54:07.644941+00:00,JSON,GENERATED_OUTPUT,66,f7db13b55a884b1fd1000373491042334b8e4126355c7a9c95273bc3ebd1c80f
miniandroid/run/exp080/tg_perm/failure_report.json,926,2026-08-22T16:54:07.938942+00:00,JSON,HISTORICAL_EVIDENCE,80,63f1ae18ae8fbb2f0321f5c9899673472733bd908069040b247e355f77a248f0
miniandroid/run/exp080/tg_perm/application_runtime.json,3610,2026-08-22T16:54:07.938942+00:00,JSON,GENERATED_OUTPUT,80,601cf55dd5d0d15d7bc4192d51879f7fcd8d616361dc7b851c26acccbddd4e59
miniandroid/run/exp080/tg_perm/runtime_state_trace.json,2847,2026-08-22T16:54:07.938942+00:00,JSON,GENERATED_OUTPUT,80,13ef0cb4edfd9b0f29dd1c5413c7d594deba6e9df9c42ec0f3260b5163aa1821
miniandroid/run/exp080/tg_perm/report.md.json,4966,2026-08-22T16:54:07.938942+00:00,JSON,GENERATED_OUTPUT,80,be43d7803f2ef9672df5180eb882f6637f7e221b2873a272eae5b5b0213d83fc
miniandroid/run/exp080/tg_perm/test_matrix.json,787,2026-08-22T16:54:07.939942+00:00,JSON,HISTORICAL_EVIDENCE,80,63243b7d8fa6bf4b24d63c1375ade1f1f7e5ae90db5c2fd31b0eb49316d14a8e
miniandroid/run/exp080/tg_perm/golden_end_to_end.json,1200,2026-08-22T16:54:07.938942+00:00,JSON,GENERATED_OUTPUT,80,5098a7d81ef378eb62e4bacafd77d0909857d9120688136201c9d1089c1462cf
miniandroid/run/exp080/tg_perm/render_request.txt,173,2026-08-22T16:54:07.938942+00:00,TXT,GENERATED_OUTPUT,80,
miniandroid/run/exp080/tg_perm/runtime_component_map.json,1010,2026-08-22T16:54:07.938942+00:00,JSON,GENERATED_OUTPUT,80,d12fc62310a2013b9f5d166bec8d90663e23008088bfd0d9bbc346419f783318
miniandroid/run/exp080/tg_perm/report.md,2878,2026-08-22T16:54:07.938942+00:00,REPORT_MD,HISTORICAL_EVIDENCE,80,
miniandroid/run/exp080/tg_perm/golden/corpus.json,2017,2026-08-22T16:54:07.938942+00:00,JSON,REGRESSION_FIXTURE,80,647c390de845e1540e946c6b681469290a99023876e9b9d2a838bd76aaf6c50c
miniandroid/run/exp080/tg_perm/database/dex_opcode_frequency.json,219,2026-08-22T16:54:07.938942+00:00,JSON,GENERATED_OUTPUT,80,f7db13b55a884b1fd1000373491042334b8e4126355c7a9c95273bc3ebd1c80f
miniandroid/run/exp080/hc/failure_report.json,1013,2026-08-22T16:54:07.935942+00:00,JSON,HISTORICAL_EVIDENCE,80,70752f3427bf35d9079585d92b794522fc0f6a880bef46b92afb1feabfa753ca
miniandroid/run/exp080/hc/application_runtime.json,3692,2026-08-22T16:54:07.934942+00:00,JSON,GENERATED_OUTPUT,80,
miniandroid/run/exp080/hc/runtime_state_trace.json,2924,2026-08-22T16:54:07.935942+00:00,JSON,GENERATED_OUTPUT,80,
miniandroid/run/exp080/hc/report.md.json,5020,2026-08-22T16:54:07.935942+00:00,JSON,GENERATED_OUTPUT,80,f89fa1c95a46633556aa80cd9c9c6dfc0ccd808c6e7442389efd4a54f679f071
miniandroid/run/exp080/hc/test_matrix.json,816,2026-08-22T16:54:07.935942+00:00,JSON,HISTORICAL_EVIDENCE,80,e064ecb3403050d708d75d26e923c40f475325e0b2dd98581fb255306232ee4f
miniandroid/run/exp080/hc/golden_end_to_end.json,1246,2026-08-22T16:54:07.935942+00:00,JSON,GENERATED_OUTPUT,80,9136e4895cabe8b2e10c0eb812b758796e4e0b3a29a0105bda2b7891b39ee4ac
miniandroid/run/exp080/hc/render_request.txt,158,2026-08-22T16:54:07.935942+00:00,TXT,GENERATED_OUTPUT,80,
miniandroid/run/exp080/hc/runtime_component_map.json,1010,2026-08-22T16:54:07.935942+00:00,JSON,GENERATED_OUTPUT,80,c4b6ce8d64c825f73cf43621168be2c318e6171098a52541f323ec0e82a0414f
miniandroid/run/exp080/hc/rendered.png,2887,2026-08-22T16:54:07.935942+00:00,OTHER,GENERATED_OUTPUT,80,
miniandroid/run/exp080/hc/report.md,2898,2026-08-22T16:54:07.935942+00:00,REPORT_MD,HISTORICAL_EVIDENCE,80,
miniandroid/run/exp080/hc/golden/corpus.json,2017,2026-08-22T16:54:07.935942+00:00,JSON,REGRESSION_FIXTURE,80,647c390de845e1540e946c6b681469290a99023876e9b9d2a838bd76aaf6c50c
miniandroid/run/exp080/hc/database/dex_opcode_frequency.json,219,2026-08-22T16:54:07.935942+00:00,JSON,GENERATED_OUTPUT,80,f7db13b55a884b1fd1000373491042334b8e4126355c7a9c95273bc3ebd1c80f
miniandroid/run/exp080/tg_d8fix/failure_report.json,926,2026-08-22T16:54:07.936942+00:00,JSON,HISTORICAL_EVIDENCE,80,2dccf50071393e63b2d4f4e430ab55251b5f048248c6431ebb49560098112533
miniandroid/run/exp080/tg_d8fix/application_runtime.json,3615,2026-08-22T16:54:07.936942+00:00,JSON,GENERATED_OUTPUT,80,b70500862f18a132f59b7080c327149464a4a9b69f5fedea953b6a58041fb8a2
miniandroid/run/exp080/tg_d8fix/runtime_state_trace.json,2849,2026-08-22T16:54:07.937942+00:00,JSON,GENERATED_OUTPUT,80,7f4258a5eb1048d88523a7fe16fc12a24ab0be48e95039c1400ff675ea77f416
miniandroid/run/exp080/tg_d8fix/report.md.json,4967,2026-08-22T16:54:07.937942+00:00,JSON,GENERATED_OUTPUT,80,d01742016dc9d4fb0974fd9b0605c232950e61327d2537365996dc9ad09257a6
miniandroid/run/exp080/tg_d8fix/test_matrix.json,787,2026-08-22T16:54:07.937942+00:00,JSON,HISTORICAL_EVIDENCE,80,63243b7d8fa6bf4b24d63c1375ade1f1f7e5ae90db5c2fd31b0eb49316d14a8e
miniandroid/run/exp080/tg_d8fix/golden_end_to_end.json,1200,2026-08-22T16:54:07.937942+00:00,JSON,GENERATED_OUTPUT,80,0beb967d251416f36bcfaaf713e38d4429a2f1b98a20189cf6ff08bb644b346b
miniandroid/run/exp080/tg_d8fix/render_request.txt,176,2026-08-22T16:54:07.937942+00:00,TXT,GENERATED_OUTPUT,80,
miniandroid/run/exp080/tg_d8fix/shadow_report.json,3970,2026-08-22T16:54:07.937942+00:00,JSON,GENERATED_OUTPUT,80,eb92e127ac66be438dacf23751ec0ee756930ab2db6348542926dc27a452b7f6
miniandroid/run/exp080/tg_d8fix/view_tree.json,1437951,2026-08-22T16:54:07.938942+00:00,VIEW_TREE_DUMP,GENERATED_OUTPUT,80,
miniandroid/run/exp080/tg_d8fix/runtime_component_map.json,1010,2026-08-22T16:54:07.937942+00:00,JSON,GENERATED_OUTPUT,80,9e0c07cbf0ec9e153135070d9eec2088cc25dde10d262f9a6c558df59f44835a
miniandroid/run/exp080/tg_d8fix/report.md,2880,2026-08-22T16:54:07.937942+00:00,REPORT_MD,HISTORICAL_EVIDENCE,80,
miniandroid/run/exp080/tg_d8fix/golden/corpus.json,2017,2026-08-22T16:54:07.936942+00:00,JSON,REGRESSION_FIXTURE,80,647c390de845e1540e946c6b681469290a99023876e9b9d2a838bd76aaf6c50c
miniandroid/run/exp080/tg_d8fix/database/android_api_frequency.json,50711,2026-08-22T16:54:07.936942+00:00,JSON,GENERATED_OUTPUT,80,
miniandroid/run/exp080/tg_d8fix/database/dex_opcode_frequency.json,219,2026-08-22T16:54:07.936942+00:00,JSON,GENERATED_OUTPUT,80,f7db13b55a884b1fd1000373491042334b8e4126355c7a9c95273bc3ebd1c80f
miniandroid/run/exp080/headingcalc/failure_report.json,1013,2026-08-22T16:54:07.935942+00:00,JSON,HISTORICAL_EVIDENCE,80,ff53c2865282f14fe2e22406f7a60c0d4d6ebe8a4918d60386dce66adb22b2c0
miniandroid/run/exp080/headingcalc/application_runtime.json,3713,2026-08-22T16:54:07.935942+00:00,JSON,GENERATED_OUTPUT,80,8b37c37e48469611e52f3ae10ee1a67af4e64923d54929f28c066915559bd806
miniandroid/run/exp080/headingcalc/runtime_state_trace.json,2927,2026-08-22T16:54:07.936942+00:00,JSON,GENERATED_OUTPUT,80,7087533f5d2b3986b3d3fe6b66254654c86e3604b5b4455cfdf64eb124b908af
miniandroid/run/exp080/headingcalc/report.md.json,5020,2026-08-22T16:54:07.936942+00:00,JSON,GENERATED_OUTPUT,80,adc9e75861edc5a4f72815aac07f8486cdfa353e8eec7102bb1685af159a8067
miniandroid/run/exp080/headingcalc/test_matrix.json,816,2026-08-22T16:54:07.936942+00:00,JSON,HISTORICAL_EVIDENCE,80,e064ecb3403050d708d75d26e923c40f475325e0b2dd98581fb255306232ee4f
miniandroid/run/exp080/headingcalc/golden_end_to_end.json,1246,2026-08-22T16:54:07.936942+00:00,JSON,GENERATED_OUTPUT,80,2248fca28289afdd67f08fb0a1cb9c808c81921690c7fc6eef3a6f22bd4127bb
miniandroid/run/exp080/headingcalc/render_request.txt,185,2026-08-22T16:54:07.936942+00:00,TXT,GENERATED_OUTPUT,80,
miniandroid/run/exp080/headingcalc/shadow_report.json,3946,2026-08-22T16:54:07.936942+00:00,JSON,GENERATED_OUTPUT,80,
miniandroid/run/exp080/headingcalc/view_tree.json,433,2026-08-22T16:54:07.936942+00:00,VIEW_TREE_DUMP,GENERATED_OUTPUT,80,33e5cea01dad730c1a34cc243c9bc734573e593cb8d26ed1d1e7898595b25c05
miniandroid/run/exp080/headingcalc/runtime_component_map.json,1010,2026-08-22T16:54:07.936942+00:00,JSON,GENERATED_OUTPUT,80,35f71f7341c7f6083b78ebdd90576c5ec08aaa2a7ed9338c7893f21fe85a5b21
miniandroid/run/exp080/headingcalc/report.md,2907,2026-08-22T16:54:07.936942+00:00,REPORT_MD,HISTORICAL_EVIDENCE,80,
miniandroid/run/exp080/headingcalc/golden/corpus.json,2017,2026-08-22T16:54:07.936942+00:00,JSON,REGRESSION_FIXTURE,80,647c390de845e1540e946c6b681469290a99023876e9b9d2a838bd76aaf6c50c
miniandroid/run/exp080/headingcalc/database/dex_opcode_frequency.json,219,2026-08-22T16:54:07.935942+00:00,JSON,GENERATED_OUTPUT,80,f7db13b55a884b1fd1000373491042334b8e4126355c7a9c95273bc3ebd1c80f
miniandroid/run/exp080/gmdice/failure_report.json,965,2026-08-22T16:54:07.934942+00:00,JSON,HISTORICAL_EVIDENCE,80,02e98e9dcb5997ea29b9197aef70d9f5c1f301595b3b2b7b7a3df940efd25e57
miniandroid/run/exp080/gmdice/application_runtime.json,3609,2026-08-22T16:54:07.934942+00:00,JSON,GENERATED_OUTPUT,80,39b980a3a259b241367eaff6c8066ab6db3ec66beead6fb27649118976274bff
miniandroid/run/exp080/gmdice/runtime_state_trace.json,2863,2026-08-22T16:54:07.934942+00:00,JSON,GENERATED_OUTPUT,80,e50afe745fd4d39232690b6379924f5dec9cc39bb3cfdcf1f49de39fb55fe44f
miniandroid/run/exp080/gmdice/report.md.json,4988,2026-08-22T16:54:07.934942+00:00,JSON,GENERATED_OUTPUT,80,3a834908ab3be6b7ec0d420ba1ae7638b954e6fdb53c760d7e4fe7950df891e4
miniandroid/run/exp080/gmdice/test_matrix.json,800,2026-08-22T16:54:07.934942+00:00,JSON,HISTORICAL_EVIDENCE,80,1a0faa48d9277b8c6b21b18479b2260fedb48ad717675734d7ebc9f6b78081a6
miniandroid/run/exp080/gmdice/golden_end_to_end.json,1216,2026-08-22T16:54:07.934942+00:00,JSON,GENERATED_OUTPUT,80,157d6ffab1b717571ee70963e241c906f90353bcc5a30fa443c8a85343eefbaf
miniandroid/run/exp080/gmdice/render_request.txt,170,2026-08-22T16:54:07.934942+00:00,TXT,GENERATED_OUTPUT,80,
miniandroid/run/exp080/gmdice/view_tree.json,6234,2026-08-22T16:54:07.934942+00:00,VIEW_TREE_DUMP,GENERATED_OUTPUT,80,
miniandroid/run/exp080/gmdice/runtime_component_map.json,1010,2026-08-22T16:54:07.934942+00:00,JSON,GENERATED_OUTPUT,80,1b8381a15f012b47ffc8022c4514c05e0dfb16c7ea1a87a5dd14181f022ca6b4
miniandroid/run/exp080/gmdice/rendered.png,15013,2026-08-22T16:54:07.934942+00:00,OTHER,GENERATED_OUTPUT,80,
miniandroid/run/exp080/gmdice/report.md,2886,2026-08-22T16:54:07.934942+00:00,REPORT_MD,HISTORICAL_EVIDENCE,80,
miniandroid/run/exp080/gmdice/golden/corpus.json,2017,2026-08-22T16:54:07.934942+00:00,JSON,REGRESSION_FIXTURE,80,647c390de845e1540e946c6b681469290a99023876e9b9d2a838bd76aaf6c50c
miniandroid/run/exp080/gmdice/database/dex_opcode_frequency.json,219,2026-08-22T16:54:07.934942+00:00,JSON,GENERATED_OUTPUT,80,f7db13b55a884b1fd1000373491042334b8e4126355c7a9c95273bc3ebd1c80f
miniandroid/run/exp067_r1/render_provenance.json,3916,2026-08-22T16:54:07.651941+00:00,JSON,GENERATED_OUTPUT,67,96b5336c357db1e40c02bd87ae1f81d9a0a1f8f45340869ea528f0bc41910144
miniandroid/run/exp067_r1/login_ui.png,22661,2026-08-22T16:54:07.651941+00:00,OTHER,GENERATED_OUTPUT,67,
miniandroid/run/exp067_r1/login_debug.png,55573,2026-08-22T16:54:07.650941+00:00,OTHER,GENERATED_OUTPUT,67,
miniandroid/run/exp058_iput/failure_report.json,926,2026-08-22T16:54:07.555941+00:00,JSON,HISTORICAL_EVIDENCE,58,8f1fa110e2fedc51d845876e3b127d1f66dedc12f45435be32e6da0325161fda
miniandroid/run/exp058_iput/application_runtime.json,3600,2026-08-22T16:54:07.555941+00:00,JSON,GENERATED_OUTPUT,58,04f2c6c370f8f0ff41cd3b7689b36e373bb012f64483eddf331b3bb840e3a348
miniandroid/run/exp058_iput/runtime_state_trace.json,2843,2026-08-22T16:54:07.555941+00:00,JSON,GENERATED_OUTPUT,58,a1800517e7936ed7e3d48abe09c8677cdaa3e92fe20a586db934033270a5014b
miniandroid/run/exp058_iput/report.md.json,4966,2026-08-22T16:54:07.555941+00:00,JSON,GENERATED_OUTPUT,58,f323cc694c1f3dc87c394702f5cffc7e3aa1ab8b793e22a0286fac9680c32798
miniandroid/run/exp058_iput/test_matrix.json,787,2026-08-22T16:54:07.556941+00:00,JSON,HISTORICAL_EVIDENCE,58,63243b7d8fa6bf4b24d63c1375ade1f1f7e5ae90db5c2fd31b0eb49316d14a8e
miniandroid/run/exp058_iput/golden_end_to_end.json,1200,2026-08-22T16:54:07.555941+00:00,JSON,GENERATED_OUTPUT,58,84cb12572e69c35d0a8ac17045646c0fc6b92bc68a7ac21a7ec3ce411ce7713b
miniandroid/run/exp058_iput/runtime_component_map.json,1010,2026-08-22T16:54:07.555941+00:00,JSON,GENERATED_OUTPUT,58,0685dbc4ed2bb55ba34be5fd066a26ad15a47651f60307d109274ca68d0a7af4
miniandroid/run/exp058_iput/report.md,2875,2026-08-22T16:54:07.555941+00:00,REPORT_MD,HISTORICAL_EVIDENCE,58,
miniandroid/run/exp058_iput/golden/corpus.json,2017,2026-08-22T16:54:07.555941+00:00,JSON,REGRESSION_FIXTURE,58,647c390de845e1540e946c6b681469290a99023876e9b9d2a838bd76aaf6c50c
miniandroid/run/exp058_iput/database/dex_opcode_frequency.json,219,2026-08-22T16:54:07.555941+00:00,JSON,GENERATED_OUTPUT,58,f7db13b55a884b1fd1000373491042334b8e4126355c7a9c95273bc3ebd1c80f
miniandroid/run/exp063_final3/render_provenance.json,4478,2026-08-22T16:54:07.603941+00:00,JSON,GENERATED_OUTPUT,63,
miniandroid/run/exp063_final3/failure_report.json,926,2026-08-22T16:54:07.602941+00:00,JSON,HISTORICAL_EVIDENCE,63,906a62ed79ada9f2c0f83f5e81274e977275e9f40a887c1645f276002510bba7
miniandroid/run/exp063_final3/application_runtime.json,3610,2026-08-22T16:54:07.602941+00:00,JSON,GENERATED_OUTPUT,63,9f89846ba9237cbe235ed28b12c53ad4fc59b4e20973942c64301449f9275b5a
miniandroid/run/exp063_final3/runtime_state_trace.json,2848,2026-08-22T16:54:07.603941+00:00,JSON,GENERATED_OUTPUT,63,b111dfa02a452c93d3d52559dc45c8cb949238be0c276fa4a4f0076d4f9d38c3
miniandroid/run/exp063_final3/report.md.json,4967,2026-08-22T16:54:07.603941+00:00,JSON,GENERATED_OUTPUT,63,f9c9956f44779c9f55c783767ce65184c3feb723e67725737a5b879e8d42eca9
miniandroid/run/exp063_final3/test_matrix.json,787,2026-08-22T16:54:07.603941+00:00,JSON,HISTORICAL_EVIDENCE,63,63243b7d8fa6bf4b24d63c1375ade1f1f7e5ae90db5c2fd31b0eb49316d14a8e
miniandroid/run/exp063_final3/golden_end_to_end.json,1200,2026-08-22T16:54:07.602941+00:00,JSON,GENERATED_OUTPUT,63,680012b2bc1286690799eb09e33ed835e0eaf62ee80fe42fdb794ae3f9b650b8
miniandroid/run/exp063_final3/login_screen.png,21965,2026-08-22T16:54:07.602941+00:00,OTHER,GENERATED_OUTPUT,63,
miniandroid/run/exp063_final3/render_request.txt,170,2026-08-22T16:54:07.603941+00:00,TXT,GENERATED_OUTPUT,63,
miniandroid/run/exp063_final3/shadow_report.json,3967,2026-08-22T16:54:07.603941+00:00,JSON,GENERATED_OUTPUT,63,486a70c1a65399ca9bca7518dc8e9680e7e0a11a889ab2449aca9203205d44b0
miniandroid/run/exp063_final3/view_tree.json,531758,2026-08-22T16:54:07.604941+00:00,VIEW_TREE_DUMP,GENERATED_OUTPUT,63,
miniandroid/run/exp063_final3/runtime_component_map.json,1010,2026-08-22T16:54:07.603941+00:00,JSON,GENERATED_OUTPUT,63,7806df1fae2f4ed650bd82b612bdfc3f50a317ef0170554b160c7f4adac627c3
miniandroid/run/exp063_final3/login_screen_debug.png,21989,2026-08-22T16:54:07.603941+00:00,OTHER,GENERATED_OUTPUT,63,
miniandroid/run/exp063_final3/report.md,2878,2026-08-22T16:54:07.603941+00:00,REPORT_MD,HISTORICAL_EVIDENCE,63,
miniandroid/run/exp063_final3/golden/corpus.json,2017,2026-08-22T16:54:07.602941+00:00,JSON,REGRESSION_FIXTURE,63,647c390de845e1540e946c6b681469290a99023876e9b9d2a838bd76aaf6c50c
miniandroid/run/exp063_final3/database/android_api_frequency.json,56546,2026-08-22T16:54:07.602941+00:00,JSON,GENERATED_OUTPUT,63,
miniandroid/run/exp063_final3/database/dex_opcode_frequency.json,219,2026-08-22T16:54:07.602941+00:00,JSON,GENERATED_OUTPUT,63,f7db13b55a884b1fd1000373491042334b8e4126355c7a9c95273bc3ebd1c80f
miniandroid/run/exp068_run1/failure_report.json,926,2026-08-22T16:54:07.657941+00:00,JSON,HISTORICAL_EVIDENCE,68,ea1ee9dcb9dceed045afd2163f230bc9236816a8fc665e6bd5e2ab3a4e2120db
miniandroid/run/exp068_run1/application_runtime.json,3607,2026-08-22T16:54:07.657941+00:00,JSON,GENERATED_OUTPUT,68,6820319feaf0dd3287326d7195ba85110f0c14703fd1f9c64140d5a975456ff1
miniandroid/run/exp068_run1/runtime_state_trace.json,2849,2026-08-22T16:54:07.658941+00:00,JSON,GENERATED_OUTPUT,68,e7786b138b0b0e9a29b5a02b880b5295562ba91aca7f9463a77b2970dc3f2dc2
miniandroid/run/exp068_run1/report.md.json,4967,2026-08-22T16:54:07.658941+00:00,JSON,GENERATED_OUTPUT,68,d77cff422ebb397ae8bf19992c118b6125df7099c94191067fb6ce874e235dc1
miniandroid/run/exp068_run1/test_matrix.json,787,2026-08-22T16:54:07.658941+00:00,JSON,HISTORICAL_EVIDENCE,68,63243b7d8fa6bf4b24d63c1375ade1f1f7e5ae90db5c2fd31b0eb49316d14a8e
miniandroid/run/exp068_run1/golden_end_to_end.json,1200,2026-08-22T16:54:07.658941+00:00,JSON,GENERATED_OUTPUT,68,310d2d90432572b1aecfa248837a984c56883508f4dfa2fcd8192d099e66dcd7
miniandroid/run/exp068_run1/render_request.txt,164,2026-08-22T16:54:07.658941+00:00,TXT,GENERATED_OUTPUT,68,
miniandroid/run/exp068_run1/runtime_component_map.json,1010,2026-08-22T16:54:07.658941+00:00,JSON,GENERATED_OUTPUT,68,654c80dfa0e6ca21565ee0c462eebac6052adc70aab5ad9bebf3ca33a6147dd1
miniandroid/run/exp068_run1/report.md,2876,2026-08-22T16:54:07.658941+00:00,REPORT_MD,HISTORICAL_EVIDENCE,68,
miniandroid/run/exp068_run1/golden/corpus.json,2017,2026-08-22T16:54:07.658941+00:00,JSON,REGRESSION_FIXTURE,68,647c390de845e1540e946c6b681469290a99023876e9b9d2a838bd76aaf6c50c
miniandroid/run/exp068_run1/database/dex_opcode_frequency.json,219,2026-08-22T16:54:07.657941+00:00,JSON,GENERATED_OUTPUT,68,f7db13b55a884b1fd1000373491042334b8e4126355c7a9c95273bc3ebd1c80f
miniandroid/run/exp051_run1/failure_report.json,926,2026-08-22T16:54:07.448941+00:00,JSON,HISTORICAL_EVIDENCE,51,ecad2df03a3ad16bb3363cf0a465a3d5cc9a8b342183aac7a525df91038aedb3
miniandroid/run/exp051_run1/application_runtime.json,3601,2026-08-22T16:54:07.448941+00:00,JSON,GENERATED_OUTPUT,51,c321b2da3b5a38a737b13d145d2d3fd3ad360163eb7d54248b8873f31f059e6e
miniandroid/run/exp051_run1/runtime_state_trace.json,2844,2026-08-22T16:54:07.448941+00:00,JSON,GENERATED_OUTPUT,51,4fab7748ae11234d5075ab2303f715e5e56135af30094eb5ce69b0ae93dccd68
miniandroid/run/exp051_run1/report.md.json,4966,2026-08-22T16:54:07.448941+00:00,JSON,GENERATED_OUTPUT,51,8db68dbbf2417e933f76f29bb7360fd3df09b669c407ab6171740aa194ecbbbb
miniandroid/run/exp051_run1/test_matrix.json,787,2026-08-22T16:54:07.449941+00:00,JSON,HISTORICAL_EVIDENCE,51,63243b7d8fa6bf4b24d63c1375ade1f1f7e5ae90db5c2fd31b0eb49316d14a8e
miniandroid/run/exp051_run1/golden_end_to_end.json,1200,2026-08-22T16:54:07.448941+00:00,JSON,GENERATED_OUTPUT,51,fd724add5684d5bfe71f6646a60c9ee518861ce4d8eb7251c2d39d67b562fb8c
miniandroid/run/exp051_run1/runtime_component_map.json,1010,2026-08-22T16:54:07.448941+00:00,JSON,GENERATED_OUTPUT,51,2b0e5303e627c356fc45cccb826d3af2110a77be9626748cb8f91bb198f93dc4
miniandroid/run/exp051_run1/report.md,2875,2026-08-22T16:54:07.448941+00:00,REPORT_MD,HISTORICAL_EVIDENCE,51,
miniandroid/run/exp051_run1/golden/corpus.json,2017,2026-08-22T16:54:07.448941+00:00,JSON,REGRESSION_FIXTURE,51,647c390de845e1540e946c6b681469290a99023876e9b9d2a838bd76aaf6c50c
miniandroid/run/exp051_run1/database/dex_opcode_frequency.json,219,2026-08-22T16:54:07.448941+00:00,JSON,GENERATED_OUTPUT,51,f7db13b55a884b1fd1000373491042334b8e4126355c7a9c95273bc3ebd1c80f
miniandroid/run/exp055_debug6/failure_report.json,926,2026-08-22T16:54:07.512941+00:00,JSON,HISTORICAL_EVIDENCE,55,e0f392f31ae67fc291f650e97d58f9d3b77a8ada5abd9d3679ab737f4b57b796
miniandroid/run/exp055_debug6/application_runtime.json,3611,2026-08-22T16:54:07.512941+00:00,JSON,GENERATED_OUTPUT,55,f4f2510b4f7c65676a3f5c0998c8cd1f6684c1d28384e7405db4f58a346f818a
miniandroid/run/exp055_debug6/runtime_state_trace.json,2850,2026-08-22T16:54:07.512941+00:00,JSON,GENERATED_OUTPUT,55,186048d988f74aa03fef9c3e75b7fe76753bb0b9ce0186b7301a4a77f91b0496
miniandroid/run/exp055_debug6/report.md.json,4966,2026-08-22T16:54:07.512941+00:00,JSON,GENERATED_OUTPUT,55,a38403b99c225c146b7173a81656ed0fcc10b9228d0c637f02019ce8974ffb20
miniandroid/run/exp055_debug6/test_matrix.json,787,2026-08-22T16:54:07.513941+00:00,JSON,HISTORICAL_EVIDENCE,55,63243b7d8fa6bf4b24d63c1375ade1f1f7e5ae90db5c2fd31b0eb49316d14a8e
miniandroid/run/exp055_debug6/golden_end_to_end.json,1200,2026-08-22T16:54:07.512941+00:00,JSON,GENERATED_OUTPUT,55,034276a975c76ec1ca266de2a04847f90d1692bd3d57a9dd15a50337e5ba8061
miniandroid/run/exp055_debug6/runtime_component_map.json,1010,2026-08-22T16:54:07.512941+00:00,JSON,GENERATED_OUTPUT,55,0ca75c5766eb5886ffb703884b9d24f0b47e9ee9f863db686b9a4dc348ef6318
miniandroid/run/exp055_debug6/report.md,2877,2026-08-22T16:54:07.512941+00:00,REPORT_MD,HISTORICAL_EVIDENCE,55,
miniandroid/run/exp055_debug6/golden/corpus.json,2017,2026-08-22T16:54:07.512941+00:00,JSON,REGRESSION_FIXTURE,55,647c390de845e1540e946c6b681469290a99023876e9b9d2a838bd76aaf6c50c
miniandroid/run/exp055_debug6/database/dex_opcode_frequency.json,219,2026-08-22T16:54:07.512941+00:00,JSON,GENERATED_OUTPUT,55,f7db13b55a884b1fd1000373491042334b8e4126355c7a9c95273bc3ebd1c80f
miniandroid/run/exp068_run4/failure_report.json,926,2026-08-22T16:54:07.661941+00:00,JSON,HISTORICAL_EVIDENCE,68,ebeb354e779cf2a0c8c78621c6f2f408842ed0eac6e1ddc6f0c25f2cab211c22
miniandroid/run/exp068_run4/application_runtime.json,3605,2026-08-22T16:54:07.661941+00:00,JSON,GENERATED_OUTPUT,68,3da95383826452632122a15298c0039d37e709b23f135d4bd0af7447dbcd0edf
miniandroid/run/exp068_run4/runtime_state_trace.json,2847,2026-08-22T16:54:07.662941+00:00,JSON,GENERATED_OUTPUT,68,e95cbf1ba7f44d9538c63c2d07449f4831b463e0fede714ffbed0b323d902431
miniandroid/run/exp068_run4/report.md.json,4967,2026-08-22T16:54:07.662941+00:00,JSON,GENERATED_OUTPUT,68,48a21cca64ea82a39fadb941d82bea4fa2493a01ea554214b834d0a9b6af0982
miniandroid/run/exp068_run4/test_matrix.json,787,2026-08-22T16:54:07.662941+00:00,JSON,HISTORICAL_EVIDENCE,68,63243b7d8fa6bf4b24d63c1375ade1f1f7e5ae90db5c2fd31b0eb49316d14a8e
miniandroid/run/exp068_run4/golden_end_to_end.json,1200,2026-08-22T16:54:07.661941+00:00,JSON,GENERATED_OUTPUT,68,b94252e64188c0bd41cc30f1a2787f37736b02ab0784b17fffcd18131360b793
miniandroid/run/exp068_run4/render_request.txt,164,2026-08-22T16:54:07.661941+00:00,TXT,GENERATED_OUTPUT,68,
miniandroid/run/exp068_run4/runtime_component_map.json,1010,2026-08-22T16:54:07.662941+00:00,JSON,GENERATED_OUTPUT,68,759bd18d0ec6e65c944048fe15ac663d0518d890fe7158f2db58a01e322ee363
miniandroid/run/exp068_run4/report.md,2876,2026-08-22T16:54:07.662941+00:00,REPORT_MD,HISTORICAL_EVIDENCE,68,
miniandroid/run/exp068_run4/golden/corpus.json,2017,2026-08-22T16:54:07.661941+00:00,JSON,REGRESSION_FIXTURE,68,647c390de845e1540e946c6b681469290a99023876e9b9d2a838bd76aaf6c50c
miniandroid/run/exp068_run4/database/dex_opcode_frequency.json,219,2026-08-22T16:54:07.661941+00:00,JSON,GENERATED_OUTPUT,68,f7db13b55a884b1fd1000373491042334b8e4126355c7a9c95273bc3ebd1c80f
miniandroid/run/exp046_clean/failure_report.json,926,2026-08-22T16:54:07.366941+00:00,JSON,HISTORICAL_EVIDENCE,46,4a14c58edb19563ccbca2812e92964e3828449cc4eb9d473f0f06a19d4d713c7
miniandroid/run/exp046_clean/application_runtime.json,3606,2026-08-22T16:54:07.366941+00:00,JSON,GENERATED_OUTPUT,46,2468b75eff790b5ce9088b36c0b06e1835f3f6ba65d21786cda0b41604912e5a
miniandroid/run/exp046_clean/runtime_state_trace.json,2846,2026-08-22T16:54:07.367941+00:00,JSON,GENERATED_OUTPUT,46,37519868770e225560539e2e3a251e2c9a1814e3ac824f7a514500ad88e623ab
miniandroid/run/exp046_clean/report.md.json,4966,2026-08-22T16:54:07.366941+00:00,JSON,GENERATED_OUTPUT,46,b248fc8495c9943c0ffc66c1cf815de3bfe36e808f90ba5b0c9a0abfc8f4f2cd
miniandroid/run/exp046_clean/test_matrix.json,787,2026-08-22T16:54:07.369941+00:00,JSON,HISTORICAL_EVIDENCE,46,63243b7d8fa6bf4b24d63c1375ade1f1f7e5ae90db5c2fd31b0eb49316d14a8e
miniandroid/run/exp046_clean/golden_end_to_end.json,1200,2026-08-22T16:54:07.366941+00:00,JSON,GENERATED_OUTPUT,46,8472c7fea9a9f34f77bc18f91ac2da8889718c40690dbe1087ce638f61e339d1
miniandroid/run/exp046_clean/runtime_component_map.json,1010,2026-08-22T16:54:07.367941+00:00,JSON,GENERATED_OUTPUT,46,458b8ea6d46085cdce87d02b2c660124dae1818d436dbb19ebf240e0c916ae50
miniandroid/run/exp046_clean/report.md,2876,2026-08-22T16:54:07.366941+00:00,REPORT_MD,HISTORICAL_EVIDENCE,46,
miniandroid/run/exp046_clean/golden/corpus.json,2017,2026-08-22T16:54:07.366941+00:00,JSON,REGRESSION_FIXTURE,46,647c390de845e1540e946c6b681469290a99023876e9b9d2a838bd76aaf6c50c
miniandroid/run/exp046_clean/database/dex_opcode_frequency.json,219,2026-08-22T16:54:07.366941+00:00,JSON,GENERATED_OUTPUT,46,f7db13b55a884b1fd1000373491042334b8e4126355c7a9c95273bc3ebd1c80f
miniandroid/run/exp068_run2/failure_report.json,926,2026-08-22T16:54:07.659941+00:00,JSON,HISTORICAL_EVIDENCE,68,a6991c53c69fab6ebdccc40bb410861316a3b8af701195515537504a71eefef1
miniandroid/run/exp068_run2/application_runtime.json,3605,2026-08-22T16:54:07.659941+00:00,JSON,GENERATED_OUTPUT,68,1782de5dc627f05aa21a83ae9c6810afa8c0eb0a674d21ae51eca7e913b99c32
miniandroid/run/exp068_run2/runtime_state_trace.json,2847,2026-08-22T16:54:07.659941+00:00,JSON,GENERATED_OUTPUT,68,ce4d490036ecd0b24e0403de86653ca4aa587282750d458523204dac54612048
miniandroid/run/exp068_run2/report.md.json,4967,2026-08-22T16:54:07.659941+00:00,JSON,GENERATED_OUTPUT,68,b6cc516384a173acdc75343fe7047f18bc55248d124db72b59812cbb980c7020
miniandroid/run/exp068_run2/test_matrix.json,787,2026-08-22T16:54:07.660941+00:00,JSON,HISTORICAL_EVIDENCE,68,63243b7d8fa6bf4b24d63c1375ade1f1f7e5ae90db5c2fd31b0eb49316d14a8e
miniandroid/run/exp068_run2/golden_end_to_end.json,1200,2026-08-22T16:54:07.659941+00:00,JSON,GENERATED_OUTPUT,68,2e7590a9c59d752ee4c3b7f7b1c7f415e4745f165963f24e1e426549fd7d99e3
miniandroid/run/exp068_run2/render_request.txt,164,2026-08-22T16:54:07.659941+00:00,TXT,GENERATED_OUTPUT,68,
miniandroid/run/exp068_run2/runtime_component_map.json,1010,2026-08-22T16:54:07.659941+00:00,JSON,GENERATED_OUTPUT,68,07f58320dcd98b59eca438d115055e3727bc8451acc2e8d7b35a36f847797045
miniandroid/run/exp068_run2/report.md,2876,2026-08-22T16:54:07.659941+00:00,REPORT_MD,HISTORICAL_EVIDENCE,68,
miniandroid/run/exp068_run2/golden/corpus.json,2017,2026-08-22T16:54:07.659941+00:00,JSON,REGRESSION_FIXTURE,68,647c390de845e1540e946c6b681469290a99023876e9b9d2a838bd76aaf6c50c
miniandroid/run/exp068_run2/database/dex_opcode_frequency.json,219,2026-08-22T16:54:07.659941+00:00,JSON,GENERATED_OUTPUT,68,f7db13b55a884b1fd1000373491042334b8e4126355c7a9c95273bc3ebd1c80f
miniandroid/run/exp038_telegram/failure_report.json,926,2026-08-22T16:54:07.328941+00:00,JSON,HISTORICAL_EVIDENCE,38,1ae85dfa31fd6874d0947a8d3a3682780d25beec7d30f6fd50a731f435d20d85
miniandroid/run/exp038_telegram/application_runtime.json,3614,2026-08-22T16:54:07.328941+00:00,JSON,GENERATED_OUTPUT,38,e1dce4f2ebaa4609c094d9a271f6ead4139d8d183f0f9a17caba5b2f09ee0d4a
miniandroid/run/exp038_telegram/runtime_state_trace.json,2850,2026-08-22T16:54:07.329941+00:00,JSON,GENERATED_OUTPUT,38,aaee6f793420a4abca4f6ccffacc1687201a5d80149f59b2c42ad3e1150f5695
miniandroid/run/exp038_telegram/report.md.json,4964,2026-08-22T16:54:07.328941+00:00,JSON,GENERATED_OUTPUT,38,81e8c99f088e4f43eb94bcdccc9ba046f42c5302cc3d999ebefcc4d36f0933a9
miniandroid/run/exp038_telegram/test_matrix.json,787,2026-08-22T16:54:07.331941+00:00,JSON,HISTORICAL_EVIDENCE,38,63243b7d8fa6bf4b24d63c1375ade1f1f7e5ae90db5c2fd31b0eb49316d14a8e
miniandroid/run/exp038_telegram/golden_end_to_end.json,1200,2026-08-22T16:54:07.328941+00:00,JSON,GENERATED_OUTPUT,38,4fd04c986ff14a2d916fe35c198d6bd3cb93a7925af22f0a0f01839c0c78ec38
miniandroid/run/exp038_telegram/runtime_component_map.json,1010,2026-08-22T16:54:07.329941+00:00,JSON,GENERATED_OUTPUT,38,a9794542ee6c14eadba03104f83d28aa24f34680b4c789ad5a64b270c81998f7
miniandroid/run/exp038_telegram/report.md,2878,2026-08-22T16:54:07.328941+00:00,REPORT_MD,HISTORICAL_EVIDENCE,38,
miniandroid/run/exp038_telegram/golden/corpus.json,2017,2026-08-22T16:54:07.328941+00:00,JSON,REGRESSION_FIXTURE,38,647c390de845e1540e946c6b681469290a99023876e9b9d2a838bd76aaf6c50c
miniandroid/run/exp038_telegram/database/android_api_frequency.json,4383,2026-08-22T16:54:07.328941+00:00,JSON,GENERATED_OUTPUT,38,
miniandroid/run/exp038_telegram/database/dex_opcode_frequency.json,219,2026-08-22T16:54:07.328941+00:00,JSON,GENERATED_OUTPUT,38,f7db13b55a884b1fd1000373491042334b8e4126355c7a9c95273bc3ebd1c80f
miniandroid/run/exp065_run8/failure_report.json,926,2026-08-22T16:54:07.640941+00:00,JSON,HISTORICAL_EVIDENCE,65,412b2d27948d4683f7ff9d1ab11ea72e93373670e56dfa5bf7d93f7ce283106d
miniandroid/run/exp065_run8/application_runtime.json,3606,2026-08-22T16:54:07.640941+00:00,JSON,GENERATED_OUTPUT,65,5d618439db0dcfa0db61ad4f43e2ecfac7951a0a185f822901d4f8c8e407d69e
miniandroid/run/exp065_run8/runtime_state_trace.json,2848,2026-08-22T16:54:07.640941+00:00,JSON,GENERATED_OUTPUT,65,e231a210bc2bd2379ddcc06349af2d0ce8b25b605ce6202207b9eab8ffd0bb11
miniandroid/run/exp065_run8/report.md.json,4967,2026-08-22T16:54:07.640941+00:00,JSON,GENERATED_OUTPUT,65,6337252921b3619ef8f19657c2db0d5c2e691686f17b61ca6f0f4941c6857140
miniandroid/run/exp065_run8/test_matrix.json,787,2026-08-22T16:54:07.641941+00:00,JSON,HISTORICAL_EVIDENCE,65,63243b7d8fa6bf4b24d63c1375ade1f1f7e5ae90db5c2fd31b0eb49316d14a8e
miniandroid/run/exp065_run8/golden_end_to_end.json,1200,2026-08-22T16:54:07.640941+00:00,JSON,GENERATED_OUTPUT,65,bdd29f5f262b60ce98c6078573496e16839d3dced68ac6a5865b716569e800b6
miniandroid/run/exp065_run8/render_request.txt,164,2026-08-22T16:54:07.640941+00:00,TXT,GENERATED_OUTPUT,65,
miniandroid/run/exp065_run8/runtime_component_map.json,1010,2026-08-22T16:54:07.640941+00:00,JSON,GENERATED_OUTPUT,65,a994032ab8ec1032c1af0bcd2afec59bf482570b0014f7b320f5742f315d1f65
miniandroid/run/exp065_run8/report.md,2876,2026-08-22T16:54:07.640941+00:00,REPORT_MD,HISTORICAL_EVIDENCE,65,
miniandroid/run/exp065_run8/golden/corpus.json,2017,2026-08-22T16:54:07.640941+00:00,JSON,REGRESSION_FIXTURE,65,647c390de845e1540e946c6b681469290a99023876e9b9d2a838bd76aaf6c50c
miniandroid/run/exp065_run8/database/dex_opcode_frequency.json,219,2026-08-22T16:54:07.640941+00:00,JSON,GENERATED_OUTPUT,65,f7db13b55a884b1fd1000373491042334b8e4126355c7a9c95273bc3ebd1c80f
miniandroid/run/exp070_baseline/metrics.json,386,2026-08-22T16:54:07.667941+00:00,JSON,HISTORICAL_EVIDENCE,70,
miniandroid/run/exp036/validation_report.json,26103,2026-08-22T16:54:07.313941+00:00,JSON,GENERATED_OUTPUT,36,
miniandroid/run/exp054_asan2/screenshot.png,1152862,2026-08-22T16:54:07.506941+00:00,SCREENSHOT_PNG,GENERATED_OUTPUT,54,87310353bf52e1bf96e69282b1d40af52fae82a56097b6b0b37d5ac90f3a3859
miniandroid/run/exp054_asan2/failure_report.json,926,2026-08-22T16:54:07.505941+00:00,JSON,HISTORICAL_EVIDENCE,54,d13e4d6ed417f5f4b19376a32e64fe6d44b100cd86d80a92bb43391fd529dad3
miniandroid/run/exp054_asan2/application_runtime.json,3613,2026-08-22T16:54:07.505941+00:00,JSON,GENERATED_OUTPUT,54,0626b794481c99c2754524bec64a666798ba1cecbe6e4de3b177a46b32ea152c
miniandroid/run/exp054_asan2/runtime_state_trace.json,2854,2026-08-22T16:54:07.505941+00:00,JSON,GENERATED_OUTPUT,54,
miniandroid/run/exp054_asan2/report.md.json,4966,2026-08-22T16:54:07.505941+00:00,JSON,GENERATED_OUTPUT,54,18209cd91e464b995246fb131e6f749378635b98a83e89d9a57d2704c667abf2
miniandroid/run/exp054_asan2/test_matrix.json,787,2026-08-22T16:54:07.506941+00:00,JSON,HISTORICAL_EVIDENCE,54,63243b7d8fa6bf4b24d63c1375ade1f1f7e5ae90db5c2fd31b0eb49316d14a8e
miniandroid/run/exp054_asan2/golden_end_to_end.json,1200,2026-08-22T16:54:07.505941+00:00,JSON,GENERATED_OUTPUT,54,c42107e9107a3bf894b2c1ae78481af3f35a670d65938ce7e23e64ec8e6a4b0c
miniandroid/run/exp054_asan2/runtime_component_map.json,1010,2026-08-22T16:54:07.505941+00:00,JSON,GENERATED_OUTPUT,54,b624e8aac0324427792dd49b31ba8112b75f90f55cdf6149aeeee1e01235de5a
miniandroid/run/exp054_asan2/report.md,2876,2026-08-22T16:54:07.505941+00:00,REPORT_MD,HISTORICAL_EVIDENCE,54,
miniandroid/run/exp054_asan2/golden/corpus.json,2017,2026-08-22T16:54:07.505941+00:00,JSON,REGRESSION_FIXTURE,54,647c390de845e1540e946c6b681469290a99023876e9b9d2a838bd76aaf6c50c
miniandroid/run/exp054_asan2/database/dex_opcode_frequency.json,219,2026-08-22T16:54:07.505941+00:00,JSON,GENERATED_OUTPUT,54,f7db13b55a884b1fd1000373491042334b8e4126355c7a9c95273bc3ebd1c80f
miniandroid/run/exp068_synthetic/render_provenance.json,1781,2026-08-22T16:54:07.663941+00:00,JSON,GENERATED_OUTPUT,68,b032ca3f5dbc6bdb0cbc2b6810a62264ea26533abd0927607d78e81961b4a60b
miniandroid/run/exp068_synthetic/login_ui.png,21010,2026-08-22T16:54:07.663941+00:00,OTHER,GENERATED_OUTPUT,68,
miniandroid/run/exp068_synthetic/image_validation.json,1584,2026-08-22T16:54:07.663941+00:00,JSON,GENERATED_OUTPUT,68,b7ce15e4d80dc0cb74e845cdacb1a07fc1885d83758e551884ed0985f0fc29ea
miniandroid/run/exp068_synthetic/login_debug.png,27898,2026-08-22T16:54:07.663941+00:00,OTHER,GENERATED_OUTPUT,68,
miniandroid/run/exp056_isEmpty/failure_report.json,926,2026-08-22T16:54:07.531941+00:00,JSON,HISTORICAL_EVIDENCE,56,c70a5a60151998121b5edb23f642cc4e4ab035e00217ae34c439060cb2ee10b2
miniandroid/run/exp056_isEmpty/application_runtime.json,3610,2026-08-22T16:54:07.531941+00:00,JSON,GENERATED_OUTPUT,56,d0174fd97212e2c64eb9b33bd1b6f7b276eeda3b0fdf4063d7d8ad1e553b9f13
miniandroid/run/exp056_isEmpty/runtime_state_trace.json,2847,2026-08-22T16:54:07.531941+00:00,JSON,GENERATED_OUTPUT,56,ade47c5f5de87cfdb201d1ac2c1073fb1f27a1ccade513e4a5d3396f00d99d87
miniandroid/run/exp056_isEmpty/report.md.json,4966,2026-08-22T16:54:07.531941+00:00,JSON,GENERATED_OUTPUT,56,7cec4993954ab8f2c579cd5208542a8af253d841b74773aa7034f7fbe6581316
miniandroid/run/exp056_isEmpty/test_matrix.json,787,2026-08-22T16:54:07.532941+00:00,JSON,HISTORICAL_EVIDENCE,56,63243b7d8fa6bf4b24d63c1375ade1f1f7e5ae90db5c2fd31b0eb49316d14a8e
miniandroid/run/exp056_isEmpty/golden_end_to_end.json,1200,2026-08-22T16:54:07.531941+00:00,JSON,GENERATED_OUTPUT,56,2f33c79f6346c18361888446630159d580780a89f274ea42ebb8554c16f1ad14
miniandroid/run/exp056_isEmpty/runtime_component_map.json,1010,2026-08-22T16:54:07.531941+00:00,JSON,GENERATED_OUTPUT,56,4ca7c3c843bcf3d52ed01874f23fe27bb730bc541bb0b637dea7fd59e1297b58
miniandroid/run/exp056_isEmpty/report.md,2878,2026-08-22T16:54:07.531941+00:00,REPORT_MD,HISTORICAL_EVIDENCE,56,
miniandroid/run/exp056_isEmpty/golden/corpus.json,2017,2026-08-22T16:54:07.531941+00:00,JSON,REGRESSION_FIXTURE,56,647c390de845e1540e946c6b681469290a99023876e9b9d2a838bd76aaf6c50c
miniandroid/run/exp056_isEmpty/database/dex_opcode_frequency.json,219,2026-08-22T16:54:07.531941+00:00,JSON,GENERATED_OUTPUT,56,f7db13b55a884b1fd1000373491042334b8e4126355c7a9c95273bc3ebd1c80f
miniandroid/run/exp067_r3/render_provenance.json,3916,2026-08-22T16:54:07.651941+00:00,JSON,GENERATED_OUTPUT,67,55f8ab1f01228241d75adbf2c8ce200f82b6b2b1d8fa39561f8836ae60e3d5bd
miniandroid/run/exp067_r3/login_ui.png,22661,2026-08-22T16:54:07.651941+00:00,OTHER,GENERATED_OUTPUT,67,
miniandroid/run/exp067_r3/login_debug.png,55573,2026-08-22T16:54:07.651941+00:00,OTHER,GENERATED_OUTPUT,67,
miniandroid/run/exp055_diag/failure_report.json,926,2026-08-22T16:54:07.515941+00:00,JSON,HISTORICAL_EVIDENCE,55,c2f6bbebeda3fc2730d0c827b3583b09961f1ceb80823ad3cc1176c57702426d
miniandroid/run/exp055_diag/application_runtime.json,3606,2026-08-22T16:54:07.515941+00:00,JSON,GENERATED_OUTPUT,55,e6f0f09a68841f155f3e6089b8cb1fd4da8f7da5192fbf18e267d31968047b3e
miniandroid/run/exp055_diag/runtime_state_trace.json,2849,2026-08-22T16:54:07.516941+00:00,JSON,GENERATED_OUTPUT,55,9513af339d7dd3f7542bfe95e5f8aee0c5ce2a9fb220f9609a1c17035253765a
miniandroid/run/exp055_diag/report.md.json,4966,2026-08-22T16:54:07.516941+00:00,JSON,GENERATED_OUTPUT,55,0445fe152288b2090508d5798c8b26c6aeb4c6f0596026abfe7b63bac513a522
miniandroid/run/exp055_diag/test_matrix.json,787,2026-08-22T16:54:07.516941+00:00,JSON,HISTORICAL_EVIDENCE,55,63243b7d8fa6bf4b24d63c1375ade1f1f7e5ae90db5c2fd31b0eb49316d14a8e
miniandroid/run/exp055_diag/golden_end_to_end.json,1200,2026-08-22T16:54:07.515941+00:00,JSON,GENERATED_OUTPUT,55,151832fc3028f74f3cd8568f8a1340cd968513f42051b64acf1d2f3166dfb885
miniandroid/run/exp055_diag/runtime_component_map.json,1010,2026-08-22T16:54:07.516941+00:00,JSON,GENERATED_OUTPUT,55,a1d9190ba2e214b09668d89602c2579ab747f2c297b09aa76f0ca15790719344
miniandroid/run/exp055_diag/report.md,2875,2026-08-22T16:54:07.515941+00:00,REPORT_MD,HISTORICAL_EVIDENCE,55,
miniandroid/run/exp055_diag/golden/corpus.json,2017,2026-08-22T16:54:07.515941+00:00,JSON,REGRESSION_FIXTURE,55,647c390de845e1540e946c6b681469290a99023876e9b9d2a838bd76aaf6c50c
miniandroid/run/exp055_diag/database/dex_opcode_frequency.json,219,2026-08-22T16:54:07.515941+00:00,JSON,GENERATED_OUTPUT,55,f7db13b55a884b1fd1000373491042334b8e4126355c7a9c95273bc3ebd1c80f
miniandroid/run/exp049_baseline/failure_report.json,926,2026-08-22T16:54:07.427941+00:00,JSON,HISTORICAL_EVIDENCE,49,3abcc0741fdff95749784180a0cce5e90cf54ca644f1fe95e0110c134aad6eb2
miniandroid/run/exp049_baseline/application_runtime.json,3616,2026-08-22T16:54:07.427941+00:00,JSON,GENERATED_OUTPUT,49,bb37e1f4997319c09fe189821383a6a4adc27fe96204c7dccad32f5a191565ad
miniandroid/run/exp049_baseline/runtime_state_trace.json,2850,2026-08-22T16:54:07.427941+00:00,JSON,GENERATED_OUTPUT,49,756953dbd6537c638682e0eb1324bf0a2086c5d7fb82282ca826cc319910a1b6
miniandroid/run/exp049_baseline/report.md.json,4966,2026-08-22T16:54:07.427941+00:00,JSON,GENERATED_OUTPUT,49,17ce96d341f2f77e4176287f06c88d8bca7b00b568eba3cd249d424fd5d010bb
miniandroid/run/exp049_baseline/test_matrix.json,787,2026-08-22T16:54:07.428941+00:00,JSON,HISTORICAL_EVIDENCE,49,63243b7d8fa6bf4b24d63c1375ade1f1f7e5ae90db5c2fd31b0eb49316d14a8e
miniandroid/run/exp049_baseline/golden_end_to_end.json,1200,2026-08-22T16:54:07.427941+00:00,JSON,GENERATED_OUTPUT,49,b2f0d07fbf226ee1f65f465136fa95bad93565ac8ec3da2184bf3c28e86de70a
miniandroid/run/exp049_baseline/runtime_component_map.json,1010,2026-08-22T16:54:07.427941+00:00,JSON,GENERATED_OUTPUT,49,19894d99e38fb9368b3c76fb659d3a1bdfbaed589330707a0fa8236d46fd0dce
miniandroid/run/exp049_baseline/report.md,2879,2026-08-22T16:54:07.427941+00:00,REPORT_MD,HISTORICAL_EVIDENCE,49,
miniandroid/run/exp049_baseline/golden/corpus.json,2017,2026-08-22T16:54:07.427941+00:00,JSON,REGRESSION_FIXTURE,49,647c390de845e1540e946c6b681469290a99023876e9b9d2a838bd76aaf6c50c
miniandroid/run/exp049_baseline/database/dex_opcode_frequency.json,219,2026-08-22T16:54:07.427941+00:00,JSON,GENERATED_OUTPUT,49,f7db13b55a884b1fd1000373491042334b8e4126355c7a9c95273bc3ebd1c80f
miniandroid/run/exp067_synthetic/render_provenance.json,1781,2026-08-22T16:54:07.656941+00:00,JSON,GENERATED_OUTPUT,67,16d67d0d831d35f6cccd3e7d2735fe607b97a52ce4f90f61150d28d844757bb7
miniandroid/run/exp067_synthetic/login_ui.png,21010,2026-08-22T16:54:07.655941+00:00,OTHER,GENERATED_OUTPUT,67,
miniandroid/run/exp067_synthetic/image_validation.json,1584,2026-08-22T16:54:07.655941+00:00,JSON,GENERATED_OUTPUT,67,5009524786814dd4cfb5c616166ee34c2bd4556cecfab1c6a4ec2b17add0bf8d
miniandroid/run/exp067_synthetic/login_debug.png,27898,2026-08-22T16:54:07.655941+00:00,OTHER,GENERATED_OUTPUT,67,
miniandroid/run/exp052_handler/failure_report.json,926,2026-08-22T16:54:07.489941+00:00,JSON,HISTORICAL_EVIDENCE,52,a731ecdaea0f7b4a04e1b1899f1a8280ec0ae31c7002489847892c3c435e0769
miniandroid/run/exp052_handler/application_runtime.json,3610,2026-08-22T16:54:07.489941+00:00,JSON,GENERATED_OUTPUT,52,da6a978326f86c06cbbfe98d5438b3d09fd5a3415e1820ace6335dce895155d8
miniandroid/run/exp052_handler/runtime_state_trace.json,2847,2026-08-22T16:54:07.489941+00:00,JSON,GENERATED_OUTPUT,52,535f7334f6b78067c9f1e56ca4c8ee6271c791037e88e3b2174a3d5a15b58063
miniandroid/run/exp052_handler/report.md.json,4966,2026-08-22T16:54:07.489941+00:00,JSON,GENERATED_OUTPUT,52,40cecbeffd56f7516c8360b85eb21aab89618832c0939550dccb3ee82d059f3e
miniandroid/run/exp052_handler/test_matrix.json,787,2026-08-22T16:54:07.490941+00:00,JSON,HISTORICAL_EVIDENCE,52,63243b7d8fa6bf4b24d63c1375ade1f1f7e5ae90db5c2fd31b0eb49316d14a8e
miniandroid/run/exp052_handler/golden_end_to_end.json,1200,2026-08-22T16:54:07.489941+00:00,JSON,GENERATED_OUTPUT,52,15f969e2820c17d0a77414c83ac9621794c80f3369f9e52fc2b7bf2c67e402a8
miniandroid/run/exp052_handler/runtime_component_map.json,1010,2026-08-22T16:54:07.489941+00:00,JSON,GENERATED_OUTPUT,52,2bc219205f781a1325fd3c8c66ce7dbfb9a032c0c264df698ce29ab3aa90a320
miniandroid/run/exp052_handler/report.md,2878,2026-08-22T16:54:07.489941+00:00,REPORT_MD,HISTORICAL_EVIDENCE,52,
miniandroid/run/exp052_handler/golden/corpus.json,2017,2026-08-22T16:54:07.489941+00:00,JSON,REGRESSION_FIXTURE,52,647c390de845e1540e946c6b681469290a99023876e9b9d2a838bd76aaf6c50c
miniandroid/run/exp052_handler/database/dex_opcode_frequency.json,219,2026-08-22T16:54:07.489941+00:00,JSON,GENERATED_OUTPUT,52,f7db13b55a884b1fd1000373491042334b8e4126355c7a9c95273bc3ebd1c80f
miniandroid/run/exp058_baseline/failure_report.json,926,2026-08-22T16:54:07.547941+00:00,JSON,HISTORICAL_EVIDENCE,58,4a13548c4b2a53cbdd3e80f7f509369f725e7847505a7f88b1980f8ad3b9c45c
miniandroid/run/exp058_baseline/application_runtime.json,3612,2026-08-22T16:54:07.547941+00:00,JSON,GENERATED_OUTPUT,58,570520d6a11d8bb8397a613479a8138bd7778d05f6b5175b50daefff92b50d12
miniandroid/run/exp058_baseline/runtime_state_trace.json,2847,2026-08-22T16:54:07.548941+00:00,JSON,GENERATED_OUTPUT,58,1a21e35e591acf8284c019cb06bf88ab8116601d5646f345461d0e4edf6705f0
miniandroid/run/exp058_baseline/report.md.json,4966,2026-08-22T16:54:07.547941+00:00,JSON,GENERATED_OUTPUT,58,c7d96f3b84b7a835169df6ee25664c4da84407d59ada7cd962a35c181f9e184b
miniandroid/run/exp058_baseline/test_matrix.json,787,2026-08-22T16:54:07.548941+00:00,JSON,HISTORICAL_EVIDENCE,58,63243b7d8fa6bf4b24d63c1375ade1f1f7e5ae90db5c2fd31b0eb49316d14a8e
miniandroid/run/exp058_baseline/golden_end_to_end.json,1200,2026-08-22T16:54:07.547941+00:00,JSON,GENERATED_OUTPUT,58,36c6fc590169aa49637c00c1541b9ca080585b31842c100e1918ad4b6da119e3
miniandroid/run/exp058_baseline/runtime_component_map.json,1010,2026-08-22T16:54:07.548941+00:00,JSON,GENERATED_OUTPUT,58,7df11c471a66d2d224041aa32c469c1bb2ae9b6e10a483990bf066e5e2ba605a
miniandroid/run/exp058_baseline/report.md,2008,2026-08-22T16:54:07.547941+00:00,REPORT_MD,HISTORICAL_EVIDENCE,58,
miniandroid/run/exp058_baseline/golden/corpus.json,2017,2026-08-22T16:54:07.547941+00:00,JSON,REGRESSION_FIXTURE,58,647c390de845e1540e946c6b681469290a99023876e9b9d2a838bd76aaf6c50c
miniandroid/run/exp058_baseline/database/dex_opcode_frequency.json,219,2026-08-22T16:54:07.547941+00:00,JSON,GENERATED_OUTPUT,58,f7db13b55a884b1fd1000373491042334b8e4126355c7a9c95273bc3ebd1c80f
miniandroid/run/exp063_overload/failure_report.json,926,2026-08-22T16:54:07.612941+00:00,JSON,HISTORICAL_EVIDENCE,63,8ce6bcf9cb245b73a7e356de24e884b9a91e0fcfd0377304cea4427b568d9baf
miniandroid/run/exp063_overload/application_runtime.json,3612,2026-08-22T16:54:07.612941+00:00,JSON,GENERATED_OUTPUT,63,a4dc85d5c3959510f285e564707b42f24f5859f62169c3be9b293b9236370f2e
miniandroid/run/exp063_overload/runtime_state_trace.json,2846,2026-08-22T16:54:07.613941+00:00,JSON,GENERATED_OUTPUT,63,df483b3f0152019121086245df85f7a21c55e43f6888a218ed20e5874c7e3739
miniandroid/run/exp063_overload/report.md.json,4965,2026-08-22T16:54:07.612941+00:00,JSON,GENERATED_OUTPUT,63,01464897fd81b1b41b604e5874202765c8c185e4c9791a3724d79b2cb2f823f9
miniandroid/run/exp063_overload/test_matrix.json,787,2026-08-22T16:54:07.613941+00:00,JSON,HISTORICAL_EVIDENCE,63,63243b7d8fa6bf4b24d63c1375ade1f1f7e5ae90db5c2fd31b0eb49316d14a8e
miniandroid/run/exp063_overload/golden_end_to_end.json,1200,2026-08-22T16:54:07.612941+00:00,JSON,GENERATED_OUTPUT,63,a847f3610628bcffcada61de79e710e9fbbd453f095fe5e0ed4c25ee3af764e9
miniandroid/run/exp063_overload/render_request.txt,176,2026-08-22T16:54:07.612941+00:00,TXT,GENERATED_OUTPUT,63,
miniandroid/run/exp063_overload/runtime_component_map.json,1010,2026-08-22T16:54:07.612941+00:00,JSON,GENERATED_OUTPUT,63,11b235c954f39d4c160633b653d874f0fa79b6f5f53b15febe3106a62a4a19aa
miniandroid/run/exp063_overload/report.md,2880,2026-08-22T16:54:07.612941+00:00,REPORT_MD,HISTORICAL_EVIDENCE,63,
miniandroid/run/exp063_overload/golden/corpus.json,2017,2026-08-22T16:54:07.612941+00:00,JSON,REGRESSION_FIXTURE,63,647c390de845e1540e946c6b681469290a99023876e9b9d2a838bd76aaf6c50c
miniandroid/run/exp063_overload/database/dex_opcode_frequency.json,219,2026-08-22T16:54:07.612941+00:00,JSON,GENERATED_OUTPUT,63,f7db13b55a884b1fd1000373491042334b8e4126355c7a9c95273bc3ebd1c80f
miniandroid/run/exp054_final2/failure_report.json,926,2026-08-22T16:54:07.510941+00:00,JSON,HISTORICAL_EVIDENCE,54,adf8040bef9d67f20f93d12bb6a54133942064f85687ba0384107688c6b1c94a
miniandroid/run/exp054_final2/application_runtime.json,3610,2026-08-22T16:54:07.510941+00:00,JSON,GENERATED_OUTPUT,54,7c8fb518b78d2caa6d038cdcaf2a6e3abc2199f92305a34c68374523edb14345
miniandroid/run/exp054_final2/runtime_state_trace.json,2849,2026-08-22T16:54:07.510941+00:00,JSON,GENERATED_OUTPUT,54,109483bb7a2a5d4eb62fbac8f12063def6645721fcfcde96b824f6277859fa6b
miniandroid/run/exp054_final2/report.md.json,4966,2026-08-22T16:54:07.510941+00:00,JSON,GENERATED_OUTPUT,54,37859216e23e068e9db296cfa332b6b3d93b045555454bcc45c3ec1b49451f67
miniandroid/run/exp054_final2/test_matrix.json,787,2026-08-22T16:54:07.511941+00:00,JSON,HISTORICAL_EVIDENCE,54,63243b7d8fa6bf4b24d63c1375ade1f1f7e5ae90db5c2fd31b0eb49316d14a8e
miniandroid/run/exp054_final2/golden_end_to_end.json,1200,2026-08-22T16:54:07.510941+00:00,JSON,GENERATED_OUTPUT,54,2f7b4066504c952033b86173ffd1bdb84a348a6aa9f77edfa2744490e6a1eab3
miniandroid/run/exp054_final2/shadow_report.json,3859,2026-08-22T16:54:07.511941+00:00,JSON,GENERATED_OUTPUT,54,295766310249dd596d709c73bbd9b4d4037976bbccd5a1dbff4218247f94187c
miniandroid/run/exp054_final2/runtime_component_map.json,1010,2026-08-22T16:54:07.510941+00:00,JSON,GENERATED_OUTPUT,54,1e313a8f20fa9201404b5d86e7d24c8a84b91a3faf57e0c340d9ee2226be2f4c
miniandroid/run/exp054_final2/report.md,2877,2026-08-22T16:54:07.510941+00:00,REPORT_MD,HISTORICAL_EVIDENCE,54,
miniandroid/run/exp054_final2/golden/corpus.json,2017,2026-08-22T16:54:07.510941+00:00,JSON,REGRESSION_FIXTURE,54,647c390de845e1540e946c6b681469290a99023876e9b9d2a838bd76aaf6c50c
miniandroid/run/exp054_final2/database/dex_opcode_frequency.json,219,2026-08-22T16:54:07.510941+00:00,JSON,GENERATED_OUTPUT,54,f7db13b55a884b1fd1000373491042334b8e4126355c7a9c95273bc3ebd1c80f
miniandroid/run/exp050_haltfix/failure_report.json,926,2026-08-22T16:54:07.438941+00:00,JSON,HISTORICAL_EVIDENCE,50,b3a44f6a892b7c241fc923e125df5cc0f036c00682f3cc54b943591ace926802
miniandroid/run/exp050_haltfix/application_runtime.json,3609,2026-08-22T16:54:07.438941+00:00,JSON,GENERATED_OUTPUT,50,0482ff79ab4622802d8008e6b491dba0410e9436fc113d07ab5db41b0bc7a866
miniandroid/run/exp050_haltfix/runtime_state_trace.json,2846,2026-08-22T16:54:07.438941+00:00,JSON,GENERATED_OUTPUT,50,b5ba88bff583132120f8d5432d5972058835b949e8ae4d6e71edb7ae272dca06
miniandroid/run/exp050_haltfix/report.md.json,4966,2026-08-22T16:54:07.438941+00:00,JSON,GENERATED_OUTPUT,50,88e786c384fb1f20e57d2f025ff5ab507d2a835237b701d9626931cc3bf93051
miniandroid/run/exp050_haltfix/test_matrix.json,787,2026-08-22T16:54:07.440941+00:00,JSON,HISTORICAL_EVIDENCE,50,63243b7d8fa6bf4b24d63c1375ade1f1f7e5ae90db5c2fd31b0eb49316d14a8e
miniandroid/run/exp050_haltfix/golden_end_to_end.json,1200,2026-08-22T16:54:07.438941+00:00,JSON,GENERATED_OUTPUT,50,a06a70786ee877036e12ad61e156cce47b03ea8e921ba45071bc81aa6c45eee8
miniandroid/run/exp050_haltfix/runtime_component_map.json,1010,2026-08-22T16:54:07.438941+00:00,JSON,GENERATED_OUTPUT,50,3246d0aa7e0e6dc1bab7de36f08b558bce887510b0357ead4b0681855bb3b15b
miniandroid/run/exp050_haltfix/report.md,2878,2026-08-22T16:54:07.438941+00:00,REPORT_MD,HISTORICAL_EVIDENCE,50,
miniandroid/run/exp050_haltfix/golden/corpus.json,2017,2026-08-22T16:54:07.438941+00:00,JSON,REGRESSION_FIXTURE,50,647c390de845e1540e946c6b681469290a99023876e9b9d2a838bd76aaf6c50c
miniandroid/run/exp050_haltfix/database/dex_opcode_frequency.json,219,2026-08-22T16:54:07.438941+00:00,JSON,GENERATED_OUTPUT,50,f7db13b55a884b1fd1000373491042334b8e4126355c7a9c95273bc3ebd1c80f
miniandroid/run/exp071_sim2/failure_report.json,926,2026-08-22T16:54:07.726942+00:00,JSON,HISTORICAL_EVIDENCE,71,1708e0a5886dcc1886865da4c0a6ef0d8374a4a89595d969b22c1694d322c5d7
miniandroid/run/exp071_sim2/application_runtime.json,3601,2026-08-22T16:54:07.726942+00:00,JSON,GENERATED_OUTPUT,71,c8df6145ce2c453f09cf0dc09e217440be7d0fd660797b9afd426e5c8536cfec
miniandroid/run/exp071_sim2/runtime_state_trace.json,2843,2026-08-22T16:54:07.727942+00:00,JSON,GENERATED_OUTPUT,71,c32313b971782f27f22202d0e07d1213b3c59ae1592e7bd1c9782c534dc4bf13
miniandroid/run/exp071_sim2/report.md.json,4967,2026-08-22T16:54:07.727942+00:00,JSON,GENERATED_OUTPUT,71,43d6c4810cc8ad674c776ac2c2f33ffa8723821e2bd7ce2368c456894e1962ed
miniandroid/run/exp071_sim2/test_matrix.json,787,2026-08-22T16:54:07.727942+00:00,JSON,HISTORICAL_EVIDENCE,71,63243b7d8fa6bf4b24d63c1375ade1f1f7e5ae90db5c2fd31b0eb49316d14a8e
miniandroid/run/exp071_sim2/golden_end_to_end.json,1200,2026-08-22T16:54:07.726942+00:00,JSON,GENERATED_OUTPUT,71,128b8b583a1b3b30a5c4a0af7a2af74314bdf06caaa4e868c1566ca67ea4def3
miniandroid/run/exp071_sim2/render_request.txt,164,2026-08-22T16:54:07.726942+00:00,TXT,GENERATED_OUTPUT,71,
miniandroid/run/exp071_sim2/runtime_component_map.json,1010,2026-08-22T16:54:07.727942+00:00,JSON,GENERATED_OUTPUT,71,811302e66a593212f255d4e60851dad17f7a0fc3efc5ccf9783f735fac6c429d
miniandroid/run/exp071_sim2/report.md,2876,2026-08-22T16:54:07.726942+00:00,REPORT_MD,HISTORICAL_EVIDENCE,71,
miniandroid/run/exp071_sim2/golden/corpus.json,2017,2026-08-22T16:54:07.726942+00:00,JSON,REGRESSION_FIXTURE,71,647c390de845e1540e946c6b681469290a99023876e9b9d2a838bd76aaf6c50c
miniandroid/run/exp071_sim2/database/dex_opcode_frequency.json,219,2026-08-22T16:54:07.726942+00:00,JSON,GENERATED_OUTPUT,71,f7db13b55a884b1fd1000373491042334b8e4126355c7a9c95273bc3ebd1c80f
miniandroid/run/exp062_deep/failure_report.json,926,2026-08-22T16:54:07.574941+00:00,JSON,HISTORICAL_EVIDENCE,62,e56abaef4abcb77394a84bf5d4108e93d1d2ef315f5a63b671a605f72b12b517
miniandroid/run/exp062_deep/application_runtime.json,3605,2026-08-22T16:54:07.574941+00:00,JSON,GENERATED_OUTPUT,62,aa84aea15b283a593687e1d90303410df4cb61fc8c0bd6798b06d9ae33c0c74e
miniandroid/run/exp062_deep/runtime_state_trace.json,2847,2026-08-22T16:54:07.574941+00:00,JSON,GENERATED_OUTPUT,62,1d71e0442eddc9d99ce2954ee9e46f32997c327f60126bb3ac2ac84a589ee9c1
miniandroid/run/exp062_deep/report.md.json,4967,2026-08-22T16:54:07.574941+00:00,JSON,GENERATED_OUTPUT,62,c9ef8d06cbadaee73f55780691737f7cc6d0ee087d2dacb571f98b02554db912
miniandroid/run/exp062_deep/test_matrix.json,787,2026-08-22T16:54:07.575941+00:00,JSON,HISTORICAL_EVIDENCE,62,63243b7d8fa6bf4b24d63c1375ade1f1f7e5ae90db5c2fd31b0eb49316d14a8e
miniandroid/run/exp062_deep/golden_end_to_end.json,1200,2026-08-22T16:54:07.574941+00:00,JSON,GENERATED_OUTPUT,62,01f855f60ddb7775f0f0c59fb0f9f1382f578283387f001985efa9b08599a3e6
miniandroid/run/exp062_deep/render_request.txt,164,2026-08-22T16:54:07.574941+00:00,TXT,GENERATED_OUTPUT,62,
miniandroid/run/exp062_deep/shadow_report.json,3969,2026-08-22T16:54:07.575941+00:00,JSON,GENERATED_OUTPUT,62,5c5e38075a9f726e0d36ca342017dc9f2f34ef8fa9921b7d73b84a545efaf8a5
miniandroid/run/exp062_deep/view_tree.json,703612,2026-08-22T16:54:07.575941+00:00,VIEW_TREE_DUMP,GENERATED_OUTPUT,62,
miniandroid/run/exp062_deep/runtime_component_map.json,1010,2026-08-22T16:54:07.574941+00:00,JSON,GENERATED_OUTPUT,62,1b8681da22f3fafa57417d1ccd17c3da2eb60ac6ccfb3be22ded490a5f73d957
miniandroid/run/exp062_deep/report.md,2876,2026-08-22T16:54:07.574941+00:00,REPORT_MD,HISTORICAL_EVIDENCE,62,
miniandroid/run/exp062_deep/golden/corpus.json,2017,2026-08-22T16:54:07.574941+00:00,JSON,REGRESSION_FIXTURE,62,647c390de845e1540e946c6b681469290a99023876e9b9d2a838bd76aaf6c50c
miniandroid/run/exp062_deep/database/android_api_frequency.json,68660,2026-08-22T16:54:07.574941+00:00,JSON,GENERATED_OUTPUT,62,
miniandroid/run/exp062_deep/database/dex_opcode_frequency.json,219,2026-08-22T16:54:07.574941+00:00,JSON,GENERATED_OUTPUT,62,f7db13b55a884b1fd1000373491042334b8e4126355c7a9c95273bc3ebd1c80f
miniandroid/run/exp051_replay/failure_report.json,926,2026-08-22T16:54:07.446941+00:00,JSON,HISTORICAL_EVIDENCE,51,702e69cdd278786e5308d2d61b1f42ed7c3d1b094ae784a3a491cf745cf2546b
miniandroid/run/exp051_replay/application_runtime.json,3605,2026-08-22T16:54:07.446941+00:00,JSON,GENERATED_OUTPUT,51,50a393585913573fbce150b6f79a5e3afe6edafbdc0dfc04aad1fe799cc5ca39
miniandroid/run/exp051_replay/runtime_state_trace.json,2844,2026-08-22T16:54:07.447941+00:00,JSON,GENERATED_OUTPUT,51,b1192fd72fa6434bc984ee64bebb69f2da5501e8a995b18c418809070c77c7b5
miniandroid/run/exp051_replay/report.md.json,4966,2026-08-22T16:54:07.447941+00:00,JSON,GENERATED_OUTPUT,51,a7c474e95b7a1c736b4470ea47b879e6b2de9388804dd5877c59fd97e3d2713f
miniandroid/run/exp051_replay/test_matrix.json,787,2026-08-22T16:54:07.448941+00:00,JSON,HISTORICAL_EVIDENCE,51,63243b7d8fa6bf4b24d63c1375ade1f1f7e5ae90db5c2fd31b0eb49316d14a8e
miniandroid/run/exp051_replay/golden_end_to_end.json,1200,2026-08-22T16:54:07.447941+00:00,JSON,GENERATED_OUTPUT,51,f96c82f757f0b97d2d8f0b5740bf9a581ef8109127c3540be5dcdbefaae6ec81
miniandroid/run/exp051_replay/runtime_component_map.json,1010,2026-08-22T16:54:07.447941+00:00,JSON,GENERATED_OUTPUT,51,878206cf3864eaf31e247f616eee35d74c29fc73d3ee83c961f7a1cdac4fcfb0
miniandroid/run/exp051_replay/report.md,2877,2026-08-22T16:54:07.447941+00:00,REPORT_MD,HISTORICAL_EVIDENCE,51,
miniandroid/run/exp051_replay/golden/corpus.json,2017,2026-08-22T16:54:07.446941+00:00,JSON,REGRESSION_FIXTURE,51,647c390de845e1540e946c6b681469290a99023876e9b9d2a838bd76aaf6c50c
miniandroid/run/exp051_replay/baseline/halt_events.txt,448,2026-08-22T16:54:07.446941+00:00,TXT,GENERATED_OUTPUT,51,
miniandroid/run/exp051_replay/baseline/shared_prefs.xml,635,2026-08-22T16:54:07.446941+00:00,OTHER,GENERATED_OUTPUT,51,
miniandroid/run/exp051_replay/baseline/unique_methods.txt,30503,2026-08-22T16:54:07.446941+00:00,TXT,GENERATED_OUTPUT,51,
miniandroid/run/exp051_replay/database/dex_opcode_frequency.json,219,2026-08-22T16:54:07.446941+00:00,JSON,GENERATED_OUTPUT,51,f7db13b55a884b1fd1000373491042334b8e4126355c7a9c95273bc3ebd1c80f
miniandroid/run/exp032_phase3/execution_proofs/ClockApp/evidence_summary.json,273,2026-08-22T16:54:07.310941+00:00,JSON,GENERATED_OUTPUT,32,dac7f976d1c9e405ebf1e5322fb3f7bc4c35ed5762d8efaccc74fe567e3906ff
miniandroid/run/exp032_phase3/execution_proofs/valid_test/evidence_summary.json,7999,2026-08-22T16:54:07.310941+00:00,JSON,GENERATED_OUTPUT,32,
miniandroid/run/exp032_phase3/execution_proofs/exp032_valid_test/evidence_summary.json,649,2026-08-22T16:54:07.310941+00:00,JSON,GENERATED_OUTPUT,32,
miniandroid/run/exp032_phase3/execution_proofs/Test2_MethodCall/evidence_summary.json,652,2026-08-22T16:54:07.310941+00:00,JSON,GENERATED_OUTPUT,32,
miniandroid/run/exp032_phase3/execution_proofs/SimpleGame/evidence_summary.json,275,2026-08-22T16:54:07.310941+00:00,JSON,GENERATED_OUTPUT,32,
miniandroid/run/exp032_phase3/execution_proofs/Test4_VirtualDispatch/evidence_summary.json,662,2026-08-22T16:54:07.310941+00:00,JSON,GENERATED_OUTPUT,32,
miniandroid/run/exp032_phase3/execution_proofs/MediaPlayer/evidence_summary.json,276,2026-08-22T16:54:07.310941+00:00,JSON,GENERATED_OUTPUT,32,24e7db0ecfd717b4b91346aba8396640dd1c86cce8dc6446f640bb5c0151cd29
miniandroid/run/exp032_phase3/execution_proofs/FileBrowser/evidence_summary.json,276,2026-08-22T16:54:07.310941+00:00,JSON,GENERATED_OUTPUT,32,2c01f8010e1d4f7a3a3e35b227705f9c4d45ccb35b4eca9024c01ed3ee92c446
miniandroid/run/exp032_phase3/execution_proofs/NotesApp/evidence_summary.json,273,2026-08-22T16:54:07.310941+00:00,JSON,GENERATED_OUTPUT,32,d849906daf29a282f36fcdeb2458d3b874611318da52d311ee2164946ada3778
miniandroid/run/exp032_phase3/execution_proofs/SettingsApp/evidence_summary.json,276,2026-08-22T16:54:07.310941+00:00,JSON,GENERATED_OUTPUT,32,748d477433be44007e73efdf8a38459d84282a17690dbc6184d5ba82ba5673be
miniandroid/run/exp032_phase3/execution_proofs/Test1_Constant/evidence_summary.json,648,2026-08-22T16:54:07.310941+00:00,JSON,GENERATED_OUTPUT,32,
miniandroid/run/exp032_phase3/execution_proofs/TodoList/evidence_summary.json,273,2026-08-22T16:54:07.310941+00:00,JSON,GENERATED_OUTPUT,32,60fa9b86780ff066510fd2fedb4ae31053237ba70416cbd2cfcf3a845af3e65b
miniandroid/run/exp032_phase3/execution_proofs/debug_extracted/evidence_summary.json,641,2026-08-22T16:54:07.310941+00:00,JSON,GENERATED_OUTPUT,32,
miniandroid/run/exp032_phase3/execution_proofs/BrowserLite/evidence_summary.json,276,2026-08-22T16:54:07.310941+00:00,JSON,GENERATED_OUTPUT,32,e2f308b6ffda4d3e0b9cf9b335cf18bc8c9bdd7b4efcba73b0234b73dd69d18e
miniandroid/run/exp032_phase3/execution_proofs/Test5_MiniActivity/evidence_summary.json,656,2026-08-22T16:54:07.310941+00:00,JSON,GENERATED_OUTPUT,32,
miniandroid/run/exp032_phase3/execution_proofs/HelloWorld_extracted/evidence_summary.json,651,2026-08-22T16:54:07.310941+00:00,JSON,GENERATED_OUTPUT,32,
miniandroid/run/exp032_phase3/execution_proofs/HelloWorld_original/evidence_summary.json,284,2026-08-22T16:54:07.310941+00:00,JSON,GENERATED_OUTPUT,32,
miniandroid/run/exp032_phase3/execution_proofs/WeatherWidget/evidence_summary.json,278,2026-08-22T16:54:07.310941+00:00,JSON,GENERATED_OUTPUT,32,
miniandroid/run/exp032_phase3/execution_proofs/SimpleCalculator/evidence_summary.json,281,2026-08-22T16:54:07.310941+00:00,JSON,GENERATED_OUTPUT,32,
miniandroid/run/exp032_phase3/execution_proofs/classes/evidence_summary.json,625,2026-08-22T16:54:07.310941+00:00,JSON,GENERATED_OUTPUT,32,
miniandroid/run/exp032_phase3/execution_proofs/Test3_ObjectCreation/evidence_summary.json,660,2026-08-22T16:54:07.310941+00:00,JSON,GENERATED_OUTPUT,32,
miniandroid/run/exp065_synthetic/render_provenance.json,1783,2026-08-22T16:54:07.643941+00:00,JSON,GENERATED_OUTPUT,65,7a3a70f2359d1e3a0f476e5f2a10c1a914679c375778b3bde19ae7c3fec0a462
miniandroid/run/exp065_synthetic/login_ui.png,21021,2026-08-22T16:54:07.643941+00:00,OTHER,GENERATED_OUTPUT,65,
miniandroid/run/exp065_synthetic/image_validation.json,1559,2026-08-22T16:54:07.643941+00:00,JSON,GENERATED_OUTPUT,65,c7f03c31c31e3d945d03efcb952b33ba06e93036adb578478395b657d918a2dd
miniandroid/run/exp065_synthetic/login_debug.png,27900,2026-08-22T16:54:07.643941+00:00,OTHER,GENERATED_OUTPUT,65,
miniandroid/run/exp058_repro_1/failure_report.json,926,2026-08-22T16:54:07.564941+00:00,JSON,HISTORICAL_EVIDENCE,58,22d7ef90c2b187ff3e11b49ebff0c6ec9dea82d4cedc29245e5aefc0bc7e7c7b
miniandroid/run/exp058_repro_1/application_runtime.json,3611,2026-08-22T16:54:07.564941+00:00,JSON,GENERATED_OUTPUT,58,0b511bce6e05399b80788c985f1cb16dc9dbefa72cfd09b45842bb28fbaf2dc5
miniandroid/run/exp058_repro_1/runtime_state_trace.json,2847,2026-08-22T16:54:07.564941+00:00,JSON,GENERATED_OUTPUT,58,62ea5b4f805720d1e6fa045acfdb075e608adc0f29b9a2b0f15c593abe40194f
miniandroid/run/exp058_repro_1/report.md.json,4966,2026-08-22T16:54:07.564941+00:00,JSON,GENERATED_OUTPUT,58,0becb2db1163628edb18b2ce80e9d0c46a638234c42d56b2f79c62c7d2e8189f
miniandroid/run/exp058_repro_1/test_matrix.json,787,2026-08-22T16:54:07.565941+00:00,JSON,HISTORICAL_EVIDENCE,58,63243b7d8fa6bf4b24d63c1375ade1f1f7e5ae90db5c2fd31b0eb49316d14a8e
miniandroid/run/exp058_repro_1/golden_end_to_end.json,1200,2026-08-22T16:54:07.564941+00:00,JSON,GENERATED_OUTPUT,58,25508b84024f930453a899a7f79f1bfdd385e95e38fac42df3d0c43cee855a96
miniandroid/run/exp058_repro_1/shadow_report.json,3862,2026-08-22T16:54:07.565941+00:00,JSON,GENERATED_OUTPUT,58,2a45269d08682641bf344615088b730f78764ef7acea7d55961fb0b6fd23daa7
miniandroid/run/exp058_repro_1/runtime_component_map.json,1010,2026-08-22T16:54:07.564941+00:00,JSON,GENERATED_OUTPUT,58,5834588d79a80e1d62c6e545846b894a297d095de1ed127aa16a9ad20c0ba22b
miniandroid/run/exp058_repro_1/report.md,2878,2026-08-22T16:54:07.564941+00:00,REPORT_MD,HISTORICAL_EVIDENCE,58,
miniandroid/run/exp058_repro_1/golden/corpus.json,2017,2026-08-22T16:54:07.564941+00:00,JSON,REGRESSION_FIXTURE,58,647c390de845e1540e946c6b681469290a99023876e9b9d2a838bd76aaf6c50c
miniandroid/run/exp058_repro_1/database/android_api_frequency.json,31289,2026-08-22T16:54:07.564941+00:00,JSON,GENERATED_OUTPUT,58,
miniandroid/run/exp058_repro_1/database/dex_opcode_frequency.json,219,2026-08-22T16:54:07.564941+00:00,JSON,GENERATED_OUTPUT,58,f7db13b55a884b1fd1000373491042334b8e4126355c7a9c95273bc3ebd1c80f
miniandroid/run/exp071_final/failure_report.json,926,2026-08-22T16:54:07.694942+00:00,JSON,HISTORICAL_EVIDENCE,71,b979d8854021a9c9037eb1e5ea6b07b813cefedc30247ee0b0f072e3a65d5941
miniandroid/run/exp071_final/application_runtime.json,3609,2026-08-22T16:54:07.694942+00:00,JSON,GENERATED_OUTPUT,71,d30de4f175dc22af27abfbbc42ddc06ef94e6fa80223ed3de3a9e3f4c993c34a
miniandroid/run/exp071_final/runtime_state_trace.json,2849,2026-08-22T16:54:07.694942+00:00,JSON,GENERATED_OUTPUT,71,6af509e1108475ad029fa35fb8ca15dc8dd4040c85d1596dcc98a63f84a1c0bf
miniandroid/run/exp071_final/report.md.json,4967,2026-08-22T16:54:07.694942+00:00,JSON,GENERATED_OUTPUT,71,a716d634b6144ef37992e7eed5604966e225254dc223d946113ab3f8bf3e4775
miniandroid/run/exp071_final/test_matrix.json,787,2026-08-22T16:54:07.695941+00:00,JSON,HISTORICAL_EVIDENCE,71,63243b7d8fa6bf4b24d63c1375ade1f1f7e5ae90db5c2fd31b0eb49316d14a8e
miniandroid/run/exp071_final/golden_end_to_end.json,1200,2026-08-22T16:54:07.694942+00:00,JSON,GENERATED_OUTPUT,71,fc1fa822162a88024e29dd5520607db461736832f22258f7ebd2a91c895445d3
miniandroid/run/exp071_final/render_request.txt,167,2026-08-22T16:54:07.694942+00:00,TXT,GENERATED_OUTPUT,71,
miniandroid/run/exp071_final/shadow_report.json,3968,2026-08-22T16:54:07.695941+00:00,JSON,GENERATED_OUTPUT,71,3ddafbdbecc5694ce00760bd77e3b1a416246d1893be8128913367f13e218192
miniandroid/run/exp071_final/view_tree.json,628813,2026-08-22T16:54:07.695941+00:00,VIEW_TREE_DUMP,GENERATED_OUTPUT,71,
miniandroid/run/exp071_final/runtime_component_map.json,1010,2026-08-22T16:54:07.694942+00:00,JSON,GENERATED_OUTPUT,71,3c8e41c96ce3d70cda3357c0d5e4bdf6f026ee77a8cfee42bf1fcab55d043d53
miniandroid/run/exp071_final/report.md,2877,2026-08-22T16:54:07.694942+00:00,REPORT_MD,HISTORICAL_EVIDENCE,71,
miniandroid/run/exp071_final/golden/corpus.json,2017,2026-08-22T16:54:07.694942+00:00,JSON,REGRESSION_FIXTURE,71,647c390de845e1540e946c6b681469290a99023876e9b9d2a838bd76aaf6c50c
miniandroid/run/exp071_final/database/dex_opcode_frequency.json,219,2026-08-22T16:54:07.694942+00:00,JSON,GENERATED_OUTPUT,71,f7db13b55a884b1fd1000373491042334b8e4126355c7a9c95273bc3ebd1c80f
miniandroid/run/exp053_task3/failure_report.json,926,2026-08-22T16:54:07.502941+00:00,JSON,HISTORICAL_EVIDENCE,53,7a6e87ce576497c2b0bb03c37c5475d52c53e3b4fc98212896e3bd2ad0d48c6a
miniandroid/run/exp053_task3/application_runtime.json,3605,2026-08-22T16:54:07.502941+00:00,JSON,GENERATED_OUTPUT,53,3c14af7beb9b15cbb48c3eb1ac5736d40ec2fc4e346090efc5946ea29ff8e7e5
miniandroid/run/exp053_task3/runtime_state_trace.json,2846,2026-08-22T16:54:07.502941+00:00,JSON,GENERATED_OUTPUT,53,8d931a961389d8ff71cf2d0a221bba2fccb841f0cc8492971fa820ce2dbf6905
miniandroid/run/exp053_task3/report.md.json,4965,2026-08-22T16:54:07.502941+00:00,JSON,GENERATED_OUTPUT,53,4ed5ceb82fa0bd6e511b75835da44d69eeef6d43838fbc150cc18e3bf5fc982e
miniandroid/run/exp053_task3/test_matrix.json,787,2026-08-22T16:54:07.503941+00:00,JSON,HISTORICAL_EVIDENCE,53,63243b7d8fa6bf4b24d63c1375ade1f1f7e5ae90db5c2fd31b0eb49316d14a8e
miniandroid/run/exp053_task3/golden_end_to_end.json,1200,2026-08-22T16:54:07.502941+00:00,JSON,GENERATED_OUTPUT,53,0023e08dc30fac43489bac67ba7837bd2ed48e8abd0c32663b299d33197d48a7
miniandroid/run/exp053_task3/runtime_component_map.json,1010,2026-08-22T16:54:07.502941+00:00,JSON,GENERATED_OUTPUT,53,81d72b4d3a5e6b6083049ba14b2f6253a582dcc5ce756ada39d9a3492a4f249f
miniandroid/run/exp053_task3/report.md,2875,2026-08-22T16:54:07.502941+00:00,REPORT_MD,HISTORICAL_EVIDENCE,53,
miniandroid/run/exp053_task3/golden/corpus.json,2017,2026-08-22T16:54:07.502941+00:00,JSON,REGRESSION_FIXTURE,53,647c390de845e1540e946c6b681469290a99023876e9b9d2a838bd76aaf6c50c
miniandroid/run/exp053_task3/database/dex_opcode_frequency.json,219,2026-08-22T16:54:07.502941+00:00,JSON,GENERATED_OUTPUT,53,f7db13b55a884b1fd1000373491042334b8e4126355c7a9c95273bc3ebd1c80f
miniandroid/run/exp045_final/failure_report.json,1262,2026-08-22T16:54:07.341941+00:00,JSON,HISTORICAL_EVIDENCE,45,072274662e6c37e102a6558ffc619fff13d5e62e9b1f1c839743a0cef73f18ff
miniandroid/run/exp045_final/application_runtime.json,3796,2026-08-22T16:54:07.341941+00:00,JSON,GENERATED_OUTPUT,45,
miniandroid/run/exp045_final/runtime_state_trace.json,3040,2026-08-22T16:54:07.341941+00:00,JSON,GENERATED_OUTPUT,45,
miniandroid/run/exp045_final/report.md.json,4962,2026-08-22T16:54:07.341941+00:00,JSON,GENERATED_OUTPUT,45,a27f9d180722ff78b6905c391f9e319dbfed868eab6efce429ab791605fed867
miniandroid/run/exp045_final/test_matrix.json,787,2026-08-22T16:54:07.344941+00:00,JSON,HISTORICAL_EVIDENCE,45,63243b7d8fa6bf4b24d63c1375ade1f1f7e5ae90db5c2fd31b0eb49316d14a8e
miniandroid/run/exp045_final/golden_end_to_end.json,1200,2026-08-22T16:54:07.341941+00:00,JSON,GENERATED_OUTPUT,45,216fc0ba6496928ccdc589d9316fdb052eeb0086b0b7916e4a656fcd5cf1654d
miniandroid/run/exp045_final/runtime_component_map.json,1010,2026-08-22T16:54:07.341941+00:00,JSON,GENERATED_OUTPUT,45,8c08ee9cf25530f588deca96c3d44149f1acfb1ad6cad280b97e921372808145
miniandroid/run/exp045_final/report.md,2872,2026-08-22T16:54:07.341941+00:00,REPORT_MD,HISTORICAL_EVIDENCE,45,
miniandroid/run/exp045_final/golden/corpus.json,2017,2026-08-22T16:54:07.341941+00:00,JSON,REGRESSION_FIXTURE,45,647c390de845e1540e946c6b681469290a99023876e9b9d2a838bd76aaf6c50c
miniandroid/run/exp045_final/database/dex_opcode_frequency.json,219,2026-08-22T16:54:07.341941+00:00,JSON,GENERATED_OUTPUT,45,f7db13b55a884b1fd1000373491042334b8e4126355c7a9c95273bc3ebd1c80f
miniandroid/run/exp063_thresh/failure_report.json,926,2026-08-22T16:54:07.622941+00:00,JSON,HISTORICAL_EVIDENCE,63,856fe869ebed3b5b58dadcd48bf90ac89b575ed418b45d8a0b9c5d15fb023199
miniandroid/run/exp063_thresh/application_runtime.json,3608,2026-08-22T16:54:07.622941+00:00,JSON,GENERATED_OUTPUT,63,d34fa13321dc30b2f7100635381d5115fcc72f0d939eb74dcd8b3bbd17d84e88
miniandroid/run/exp063_thresh/runtime_state_trace.json,2846,2026-08-22T16:54:07.623941+00:00,JSON,GENERATED_OUTPUT,63,c069accbf2ec6ff7fe1cdeed9dc2b01bf7fe1ece41191a8c431a18a654c9e7e7
miniandroid/run/exp063_thresh/report.md.json,4967,2026-08-22T16:54:07.623941+00:00,JSON,GENERATED_OUTPUT,63,3fad9ff911002f28d5b9b9e7d71397e0cf55c866260e797a64d0a76b73ee3866
miniandroid/run/exp063_thresh/test_matrix.json,787,2026-08-22T16:54:07.623941+00:00,JSON,HISTORICAL_EVIDENCE,63,63243b7d8fa6bf4b24d63c1375ade1f1f7e5ae90db5c2fd31b0eb49316d14a8e
miniandroid/run/exp063_thresh/golden_end_to_end.json,1200,2026-08-22T16:54:07.622941+00:00,JSON,GENERATED_OUTPUT,63,7ce2136780ffef4a9dfcf10004521031c6a33f955155ce636fb791500ad4b6bf
miniandroid/run/exp063_thresh/render_request.txt,170,2026-08-22T16:54:07.622941+00:00,TXT,GENERATED_OUTPUT,63,
miniandroid/run/exp063_thresh/runtime_component_map.json,1010,2026-08-22T16:54:07.623941+00:00,JSON,GENERATED_OUTPUT,63,eafcfa494e1825a5a411c41b4ccc46717c0767236ef949cbc9f26234763067d1
miniandroid/run/exp063_thresh/report.md,2878,2026-08-22T16:54:07.622941+00:00,REPORT_MD,HISTORICAL_EVIDENCE,63,
miniandroid/run/exp063_thresh/golden/corpus.json,2017,2026-08-22T16:54:07.622941+00:00,JSON,REGRESSION_FIXTURE,63,647c390de845e1540e946c6b681469290a99023876e9b9d2a838bd76aaf6c50c
miniandroid/run/exp063_thresh/database/dex_opcode_frequency.json,219,2026-08-22T16:54:07.622941+00:00,JSON,GENERATED_OUTPUT,63,f7db13b55a884b1fd1000373491042334b8e4126355c7a9c95273bc3ebd1c80f
miniandroid/run/exp056_baseline/failure_report.json,926,2026-08-22T16:54:07.527941+00:00,JSON,HISTORICAL_EVIDENCE,56,621b75e7d08cb37ec8247c09fad95dc0234bb87149f258f552b8eb51f9a4187c
miniandroid/run/exp056_baseline/application_runtime.json,3614,2026-08-22T16:54:07.526941+00:00,JSON,GENERATED_OUTPUT,56,a547e64f7537d5ac5f1fece7ca353320895ef4f82253b519ac4dbd96bd296eb6
miniandroid/run/exp056_baseline/runtime_state_trace.json,2849,2026-08-22T16:54:07.527941+00:00,JSON,GENERATED_OUTPUT,56,20c59325262270ed87b9b9bb554b53fa8434555c90df111b1f00ef4be1508801
miniandroid/run/exp056_baseline/report.md.json,4966,2026-08-22T16:54:07.527941+00:00,JSON,GENERATED_OUTPUT,56,4447fd418f3c0e5a44ff0ff98851881a9eaa77596dfc1bf388c481cd5d9137ea
miniandroid/run/exp056_baseline/test_matrix.json,787,2026-08-22T16:54:07.528941+00:00,JSON,HISTORICAL_EVIDENCE,56,63243b7d8fa6bf4b24d63c1375ade1f1f7e5ae90db5c2fd31b0eb49316d14a8e
miniandroid/run/exp056_baseline/golden_end_to_end.json,1200,2026-08-22T16:54:07.527941+00:00,JSON,GENERATED_OUTPUT,56,02538d0368b55637cdf23f7e547b879b34e8dd716efbd454e53c6944cf913d07
miniandroid/run/exp056_baseline/runtime_component_map.json,1010,2026-08-22T16:54:07.527941+00:00,JSON,GENERATED_OUTPUT,56,783c60d0027606890d2315abae76e56e0b92d72de1220f93f326b652d6011d72
miniandroid/run/exp056_baseline/report.md,2879,2026-08-22T16:54:07.527941+00:00,REPORT_MD,HISTORICAL_EVIDENCE,56,
miniandroid/run/exp056_baseline/golden/corpus.json,2017,2026-08-22T16:54:07.527941+00:00,JSON,REGRESSION_FIXTURE,56,647c390de845e1540e946c6b681469290a99023876e9b9d2a838bd76aaf6c50c
miniandroid/run/exp056_baseline/database/dex_opcode_frequency.json,219,2026-08-22T16:54:07.527941+00:00,JSON,GENERATED_OUTPUT,56,f7db13b55a884b1fd1000373491042334b8e4126355c7a9c95273bc3ebd1c80f
miniandroid/run/exp058_paramfix/failure_report.json,926,2026-08-22T16:54:07.561941+00:00,JSON,HISTORICAL_EVIDENCE,58,1b79d369cbe15b1016d38683ff8d07bcd67634a7862a5c3af37046f2f3ba13bf
miniandroid/run/exp058_paramfix/application_runtime.json,3613,2026-08-22T16:54:07.561941+00:00,JSON,GENERATED_OUTPUT,58,228a9ae937dbe24704aa3e9e878e6d54d045565f5182bca41f9fb6d92ee3a934
miniandroid/run/exp058_paramfix/runtime_state_trace.json,2847,2026-08-22T16:54:07.561941+00:00,JSON,GENERATED_OUTPUT,58,42202110bcf08b7870a5a2106db9cd61f5f15df8f10bef12c89be700cec72d1f
miniandroid/run/exp058_paramfix/report.md.json,4965,2026-08-22T16:54:07.561941+00:00,JSON,GENERATED_OUTPUT,58,42cb3ed266a90867c8b288758dbe155f0e150102d6e4253aa2557bf21977c59e
miniandroid/run/exp058_paramfix/test_matrix.json,787,2026-08-22T16:54:07.562941+00:00,JSON,HISTORICAL_EVIDENCE,58,63243b7d8fa6bf4b24d63c1375ade1f1f7e5ae90db5c2fd31b0eb49316d14a8e
miniandroid/run/exp058_paramfix/golden_end_to_end.json,1200,2026-08-22T16:54:07.561941+00:00,JSON,GENERATED_OUTPUT,58,12cfbd9ce2d64f2922ba5edd61d1a8e0d3bbe71fd153b6c7a1c5ba2cb6b8eb00
miniandroid/run/exp058_paramfix/shadow_report.json,3862,2026-08-22T16:54:07.562941+00:00,JSON,GENERATED_OUTPUT,58,15a7d77620fddab5194d962e3bdff5334e587278cf8c410d5ee0c497d134e8e1
miniandroid/run/exp058_paramfix/runtime_component_map.json,1010,2026-08-22T16:54:07.561941+00:00,JSON,GENERATED_OUTPUT,58,34a769a629ff650002f4e6757ea4b99e144c8ee2dc75569dc650cf620ba7fe58
miniandroid/run/exp058_paramfix/report.md,2879,2026-08-22T16:54:07.561941+00:00,REPORT_MD,HISTORICAL_EVIDENCE,58,
miniandroid/run/exp058_paramfix/golden/corpus.json,2017,2026-08-22T16:54:07.561941+00:00,JSON,REGRESSION_FIXTURE,58,647c390de845e1540e946c6b681469290a99023876e9b9d2a838bd76aaf6c50c
miniandroid/run/exp058_paramfix/database/android_api_frequency.json,31451,2026-08-22T16:54:07.561941+00:00,JSON,GENERATED_OUTPUT,58,
miniandroid/run/exp058_paramfix/database/dex_opcode_frequency.json,219,2026-08-22T16:54:07.561941+00:00,JSON,GENERATED_OUTPUT,58,f7db13b55a884b1fd1000373491042334b8e4126355c7a9c95273bc3ebd1c80f
miniandroid/run/exp065_run_r2/render_provenance.json,3478,2026-08-22T16:54:07.642941+00:00,JSON,GENERATED_OUTPUT,65,9bc3892c1989856ce08221efbe2c63bfbc3243d984994e3c79fe3c0107f416c6
miniandroid/run/exp065_run_r2/login_ui.png,17339,2026-08-22T16:54:07.642941+00:00,OTHER,GENERATED_OUTPUT,65,
miniandroid/run/exp065_run_r2/login_debug.png,54510,2026-08-22T16:54:07.642941+00:00,OTHER,GENERATED_OUTPUT,65,
miniandroid/run/exp055_nullfix/failure_report.json,926,2026-08-22T16:54:07.520941+00:00,JSON,HISTORICAL_EVIDENCE,55,6b0196fed29ebfb1ee1544708ff072eede7492967add475cccf4b2102f40f832
miniandroid/run/exp055_nullfix/application_runtime.json,3612,2026-08-22T16:54:07.520941+00:00,JSON,GENERATED_OUTPUT,55,e6595f058ef3271f056a6336f3ef01dca15342b1e833fa13f7223b70575faf6a
miniandroid/run/exp055_nullfix/runtime_state_trace.json,2849,2026-08-22T16:54:07.520941+00:00,JSON,GENERATED_OUTPUT,55,c9ae01b8c0062696fa6e592b91dc879ed4e3c559a85ee7e0d7886b82b59505fa
miniandroid/run/exp055_nullfix/report.md.json,4966,2026-08-22T16:54:07.520941+00:00,JSON,GENERATED_OUTPUT,55,e46f08d51a1e5949aa561256119d95d5a59576854c9df22b763caeef299ccdbc
miniandroid/run/exp055_nullfix/test_matrix.json,787,2026-08-22T16:54:07.521941+00:00,JSON,HISTORICAL_EVIDENCE,55,63243b7d8fa6bf4b24d63c1375ade1f1f7e5ae90db5c2fd31b0eb49316d14a8e
miniandroid/run/exp055_nullfix/golden_end_to_end.json,1200,2026-08-22T16:54:07.520941+00:00,JSON,GENERATED_OUTPUT,55,9e663aa62c3d23c6c4c1a8df1380e58a233208bb8c09a5aa73a355d81d3aed07
miniandroid/run/exp055_nullfix/runtime_component_map.json,1010,2026-08-22T16:54:07.520941+00:00,JSON,GENERATED_OUTPUT,55,9998905ac5b250fb31bbabccfb3d505fcc774b2c41faf587ed2c521b8a784231
miniandroid/run/exp055_nullfix/report.md,2878,2026-08-22T16:54:07.520941+00:00,REPORT_MD,HISTORICAL_EVIDENCE,55,
miniandroid/run/exp055_nullfix/golden/corpus.json,2017,2026-08-22T16:54:07.520941+00:00,JSON,REGRESSION_FIXTURE,55,647c390de845e1540e946c6b681469290a99023876e9b9d2a838bd76aaf6c50c
miniandroid/run/exp055_nullfix/database/dex_opcode_frequency.json,219,2026-08-22T16:54:07.520941+00:00,JSON,GENERATED_OUTPUT,55,f7db13b55a884b1fd1000373491042334b8e4126355c7a9c95273bc3ebd1c80f
miniandroid/run/exp058_guard10/failure_report.json,926,2026-08-22T16:54:07.552941+00:00,JSON,HISTORICAL_EVIDENCE,58,e005f5b89661fbfd0d7a13918699a825ec6a515925a65a234c2e179436197f40
miniandroid/run/exp058_guard10/application_runtime.json,3612,2026-08-22T16:54:07.552941+00:00,JSON,GENERATED_OUTPUT,58,0620959d45547a3a9f2168049c3a4c238456c4db3a932dd71481a83180cceecf
miniandroid/run/exp058_guard10/runtime_state_trace.json,2848,2026-08-22T16:54:07.552941+00:00,JSON,GENERATED_OUTPUT,58,c0448427e20f882d6900f6424c68b4182803f704ea12186dd6391123c048298d
miniandroid/run/exp058_guard10/report.md.json,4966,2026-08-22T16:54:07.552941+00:00,JSON,GENERATED_OUTPUT,58,8cd69cbedd9409d43c8a0d7777c222efcd5fbd18f39384b2f30b732f9deaee8d
miniandroid/run/exp058_guard10/test_matrix.json,787,2026-08-22T16:54:07.553941+00:00,JSON,HISTORICAL_EVIDENCE,58,63243b7d8fa6bf4b24d63c1375ade1f1f7e5ae90db5c2fd31b0eb49316d14a8e
miniandroid/run/exp058_guard10/golden_end_to_end.json,1200,2026-08-22T16:54:07.552941+00:00,JSON,GENERATED_OUTPUT,58,34a3bbcfd89612f145a2f11a1aa3148eff97e2225d0db3fbfecb7eafd1ae21e2
miniandroid/run/exp058_guard10/runtime_component_map.json,1010,2026-08-22T16:54:07.552941+00:00,JSON,GENERATED_OUTPUT,58,ebe8b16ae3835d5bcdd2cca6d5ad14034d27e7fc98e09b06449736a765c7afdf
miniandroid/run/exp058_guard10/report.md,2878,2026-08-22T16:54:07.552941+00:00,REPORT_MD,HISTORICAL_EVIDENCE,58,
miniandroid/run/exp058_guard10/golden/corpus.json,2017,2026-08-22T16:54:07.552941+00:00,JSON,REGRESSION_FIXTURE,58,647c390de845e1540e946c6b681469290a99023876e9b9d2a838bd76aaf6c50c
miniandroid/run/exp058_guard10/database/dex_opcode_frequency.json,219,2026-08-22T16:54:07.552941+00:00,JSON,GENERATED_OUTPUT,58,f7db13b55a884b1fd1000373491042334b8e4126355c7a9c95273bc3ebd1c80f
miniandroid/run/exp052_res/failure_report.json,926,2026-08-22T16:54:07.492941+00:00,JSON,HISTORICAL_EVIDENCE,52,ffa001e12c0bf7fc1c9abdd73d36bfd026767d43f2b1a66dcedcb478d7cc8301
miniandroid/run/exp052_res/application_runtime.json,3600,2026-08-22T16:54:07.492941+00:00,JSON,GENERATED_OUTPUT,52,8f2450d02ad55eaa30563da610e257c4111c6243864d75f8cb4973bc25b66a91
miniandroid/run/exp052_res/runtime_state_trace.json,2845,2026-08-22T16:54:07.492941+00:00,JSON,GENERATED_OUTPUT,52,1fb4743a49187845ca81def28e43db6839ee7815a2d9f3e889ba11ff550ab255
miniandroid/run/exp052_res/report.md.json,4966,2026-08-22T16:54:07.492941+00:00,JSON,GENERATED_OUTPUT,52,91d499040fa83174f69dbda080254de775a88f06c9ee3f60656b2c128bc221bb
miniandroid/run/exp052_res/test_matrix.json,787,2026-08-22T16:54:07.494941+00:00,JSON,HISTORICAL_EVIDENCE,52,63243b7d8fa6bf4b24d63c1375ade1f1f7e5ae90db5c2fd31b0eb49316d14a8e
miniandroid/run/exp052_res/golden_end_to_end.json,1200,2026-08-22T16:54:07.492941+00:00,JSON,GENERATED_OUTPUT,52,394d818e8178d2605a3a5ceb8c72a8c3a26ef9f75a6657f3af789b6c282979c3
miniandroid/run/exp052_res/runtime_component_map.json,1010,2026-08-22T16:54:07.492941+00:00,JSON,GENERATED_OUTPUT,52,3c63c20756eafda57af9d9fb5d2f3d2c975605122ff5a157a5d9b940d1c322ea
miniandroid/run/exp052_res/report.md,2874,2026-08-22T16:54:07.492941+00:00,REPORT_MD,HISTORICAL_EVIDENCE,52,
miniandroid/run/exp052_res/golden/corpus.json,2017,2026-08-22T16:54:07.492941+00:00,JSON,REGRESSION_FIXTURE,52,647c390de845e1540e946c6b681469290a99023876e9b9d2a838bd76aaf6c50c
miniandroid/run/exp052_res/database/dex_opcode_frequency.json,219,2026-08-22T16:54:07.492941+00:00,JSON,GENERATED_OUTPUT,52,f7db13b55a884b1fd1000373491042334b8e4126355c7a9c95273bc3ebd1c80f
miniandroid/run/exp053_task6/failure_report.json,926,2026-08-22T16:54:07.503941+00:00,JSON,HISTORICAL_EVIDENCE,53,9ef6fa73d3fcf8d1c08dfc766dbf00fa3363aa742166a4148fe434653f95aba9
miniandroid/run/exp053_task6/application_runtime.json,3602,2026-08-22T16:54:07.503941+00:00,JSON,GENERATED_OUTPUT,53,c2a6c0256f8c29e58f04d8fe035bc50a77463c6efe6229e5b0ac7e6d5c39e60d
miniandroid/run/exp053_task6/runtime_state_trace.json,2843,2026-08-22T16:54:07.504941+00:00,JSON,GENERATED_OUTPUT,53,ef20628cc7ee919ff2aba770462764cdcedec17292ba030dcae8198be3cef04d
miniandroid/run/exp053_task6/report.md.json,4965,2026-08-22T16:54:07.503941+00:00,JSON,GENERATED_OUTPUT,53,6188ecb0b1b134e20d27a3308605b0e66f53a239141db9f4ef3c236497244bd5
miniandroid/run/exp053_task6/test_matrix.json,787,2026-08-22T16:54:07.505941+00:00,JSON,HISTORICAL_EVIDENCE,53,63243b7d8fa6bf4b24d63c1375ade1f1f7e5ae90db5c2fd31b0eb49316d14a8e
miniandroid/run/exp053_task6/golden_end_to_end.json,1200,2026-08-22T16:54:07.503941+00:00,JSON,GENERATED_OUTPUT,53,34e43b4c76580be459290c095602ad27301506d60b35a2ec207efc4f9b15437f
miniandroid/run/exp053_task6/runtime_component_map.json,1010,2026-08-22T16:54:07.503941+00:00,JSON,GENERATED_OUTPUT,53,d1f04a782f1362894baae6bf52d46d9fedf0d3e5b5a0e6838e39ceb2caf18d53
miniandroid/run/exp053_task6/report.md,2875,2026-08-22T16:54:07.503941+00:00,REPORT_MD,HISTORICAL_EVIDENCE,53,
miniandroid/run/exp053_task6/golden/corpus.json,2017,2026-08-22T16:54:07.503941+00:00,JSON,REGRESSION_FIXTURE,53,647c390de845e1540e946c6b681469290a99023876e9b9d2a838bd76aaf6c50c
miniandroid/run/exp053_task6/database/dex_opcode_frequency.json,219,2026-08-22T16:54:07.503941+00:00,JSON,GENERATED_OUTPUT,53,f7db13b55a884b1fd1000373491042334b8e4126355c7a9c95273bc3ebd1c80f
miniandroid/run/golden/corpus.json,2017,2026-08-22T16:54:07.945942+00:00,JSON,REGRESSION_FIXTURE,,647c390de845e1540e946c6b681469290a99023876e9b9d2a838bd76aaf6c50c
miniandroid/run/exp031_5/traces/pro.rudloff.lineageos_updater_shortcut/opcode_trace.json,17413,2026-08-22T16:54:07.310941+00:00,JSON,GENERATED_OUTPUT,31,
miniandroid/run/exp031_5/traces/pro.rudloff.lineageos_updater_shortcut/execution_summary.json,1400,2026-08-22T16:54:07.310941+00:00,JSON,GENERATED_OUTPUT,31,
miniandroid/run/exp031_5/traces/pro.rudloff.lineageos_updater_shortcut/register_trace.json,1051,2026-08-22T16:54:07.310941+00:00,JSON,GENERATED_OUTPUT,31,
miniandroid/run/exp031_5/traces/pro.rudloff.lineageos_updater_shortcut/heap_trace.json,726,2026-08-22T16:54:07.310941+00:00,JSON,GENERATED_OUTPUT,31,
miniandroid/run/exp031_5/traces/pro.rudloff.lineageos_updater_shortcut/method_trace.json,1524,2026-08-22T16:54:07.310941+00:00,JSON,GENERATED_OUTPUT,31,
miniandroid/run/exp031_5/traces/com.test.valid/opcode_trace.json,1848,2026-08-22T16:54:07.309941+00:00,JSON,GENERATED_OUTPUT,31,
miniandroid/run/exp031_5/traces/com.test.valid/execution_summary.json,1277,2026-08-22T16:54:07.309941+00:00,JSON,GENERATED_OUTPUT,31,
miniandroid/run/exp031_5/traces/com.test.valid/register_trace.json,152,2026-08-22T16:54:07.309941+00:00,JSON,GENERATED_OUTPUT,31,
miniandroid/run/exp031_5/traces/com.test.valid/heap_trace.json,160,2026-08-22T16:54:07.309941+00:00,JSON,GENERATED_OUTPUT,31,
miniandroid/run/exp031_5/traces/com.test.valid/method_trace.json,343,2026-08-22T16:54:07.309941+00:00,JSON,GENERATED_OUTPUT,31,
miniandroid/run/exp031_5/traces/com.martinmimigames.tinymusicplayer/opcode_trace.json,27774,2026-08-22T16:54:07.309941+00:00,JSON,GENERATED_OUTPUT,31,
miniandroid/run/exp031_5/traces/com.martinmimigames.tinymusicplayer/execution_summary.json,1266,2026-08-22T16:54:07.309941+00:00,JSON,GENERATED_OUTPUT,31,b2123100c239186d4e7683af85b7ee190c198b6726c6425f90245c1240aee3fc
miniandroid/run/exp031_5/traces/com.martinmimigames.tinymusicplayer/register_trace.json,1565,2026-08-22T16:54:07.309941+00:00,JSON,GENERATED_OUTPUT,31,
miniandroid/run/exp031_5/traces/com.martinmimigames.tinymusicplayer/heap_trace.json,644,2026-08-22T16:54:07.309941+00:00,JSON,GENERATED_OUTPUT,31,
miniandroid/run/exp031_5/traces/com.martinmimigames.tinymusicplayer/method_trace.json,1829,2026-08-22T16:54:07.309941+00:00,JSON,GENERATED_OUTPUT,31,
miniandroid/run/exp054_collections/failure_report.json,926,2026-08-22T16:54:07.508941+00:00,JSON,HISTORICAL_EVIDENCE,54,7dc228eae973e9f69e7ad6f985dd4c7dfafb4ce87b0a68ecb7a47ba0724068d6
miniandroid/run/exp054_collections/application_runtime.json,3612,2026-08-22T16:54:07.508941+00:00,JSON,GENERATED_OUTPUT,54,011c63748ac668bafc9151b0cc875b1cc0e756ac629122ff1920e2fd95d27ff4
miniandroid/run/exp054_collections/runtime_state_trace.json,2841,2026-08-22T16:54:07.508941+00:00,JSON,GENERATED_OUTPUT,54,9eaef07ac644e30d91d18bb4fa6325db8ba35c7c01a01916556e590eb3f4d079
miniandroid/run/exp054_collections/report.md.json,4966,2026-08-22T16:54:07.508941+00:00,JSON,GENERATED_OUTPUT,54,7e62cc803b46fde2299b04f6762fd7dbe4a4fd3c1b7fe3b2e85ecc4df7d7e04c
miniandroid/run/exp054_collections/test_matrix.json,787,2026-08-22T16:54:07.509941+00:00,JSON,HISTORICAL_EVIDENCE,54,63243b7d8fa6bf4b24d63c1375ade1f1f7e5ae90db5c2fd31b0eb49316d14a8e
miniandroid/run/exp054_collections/golden_end_to_end.json,1200,2026-08-22T16:54:07.508941+00:00,JSON,GENERATED_OUTPUT,54,49137b768053025378d21e5a75d271f12c49f887c73beda9623e960fac61dbea
miniandroid/run/exp054_collections/shadow_report.json,3863,2026-08-22T16:54:07.509941+00:00,JSON,GENERATED_OUTPUT,54,
miniandroid/run/exp054_collections/runtime_component_map.json,1010,2026-08-22T16:54:07.508941+00:00,JSON,GENERATED_OUTPUT,54,03b33ecf6492be0a23c9581f42513b328340d74d9afff231900aaf17d1da6f66
miniandroid/run/exp054_collections/report.md,2882,2026-08-22T16:54:07.508941+00:00,REPORT_MD,HISTORICAL_EVIDENCE,54,
miniandroid/run/exp054_collections/golden/corpus.json,2017,2026-08-22T16:54:07.508941+00:00,JSON,REGRESSION_FIXTURE,54,647c390de845e1540e946c6b681469290a99023876e9b9d2a838bd76aaf6c50c
miniandroid/run/exp054_collections/database/dex_opcode_frequency.json,219,2026-08-22T16:54:07.508941+00:00,JSON,GENERATED_OUTPUT,54,f7db13b55a884b1fd1000373491042334b8e4126355c7a9c95273bc3ebd1c80f
miniandroid/run/exp045_stub/failure_report.json,1262,2026-08-22T16:54:07.354941+00:00,JSON,HISTORICAL_EVIDENCE,45,33210bbef4d62c883b24025c95b3a52e79166c3b7685807639ba95b659d54df7
miniandroid/run/exp045_stub/application_runtime.json,3801,2026-08-22T16:54:07.354941+00:00,JSON,GENERATED_OUTPUT,45,7e8afc86fd2e2a7dbf5d6dd8cd3fe9b5067d7ad940b74d3415199860080684c2
miniandroid/run/exp045_stub/runtime_state_trace.json,3047,2026-08-22T16:54:07.354941+00:00,JSON,GENERATED_OUTPUT,45,
miniandroid/run/exp045_stub/report.md.json,4962,2026-08-22T16:54:07.354941+00:00,JSON,GENERATED_OUTPUT,45,72c8577d52bb598327edb0a0f2cfba8cc41d91c3f3471af4725de7ef78a3b010
miniandroid/run/exp045_stub/test_matrix.json,787,2026-08-22T16:54:07.356941+00:00,JSON,HISTORICAL_EVIDENCE,45,63243b7d8fa6bf4b24d63c1375ade1f1f7e5ae90db5c2fd31b0eb49316d14a8e
miniandroid/run/exp045_stub/golden_end_to_end.json,1200,2026-08-22T16:54:07.354941+00:00,JSON,GENERATED_OUTPUT,45,b17328d0796d499dcd054784bdde5f6de955760819f704d4fc87e372df828153
miniandroid/run/exp045_stub/runtime_component_map.json,1010,2026-08-22T16:54:07.354941+00:00,JSON,GENERATED_OUTPUT,45,d7cbc439da1f67adc5e028e8441d774ff7adb60dd1d36d3e060e7642c8116557
miniandroid/run/exp045_stub/report.md,2871,2026-08-22T16:54:07.354941+00:00,REPORT_MD,HISTORICAL_EVIDENCE,45,
miniandroid/run/exp045_stub/golden/corpus.json,2017,2026-08-22T16:54:07.354941+00:00,JSON,REGRESSION_FIXTURE,45,647c390de845e1540e946c6b681469290a99023876e9b9d2a838bd76aaf6c50c
miniandroid/run/exp045_stub/database/dex_opcode_frequency.json,219,2026-08-22T16:54:07.354941+00:00,JSON,GENERATED_OUTPUT,45,f7db13b55a884b1fd1000373491042334b8e4126355c7a9c95273bc3ebd1c80f
miniandroid/run/exp071_final_1/failure_report.json,926,2026-08-22T16:54:07.697942+00:00,JSON,HISTORICAL_EVIDENCE,71,7c8239ae8795becdb1d7f2de0ddf1e52a29211419fafdc78db52f52d40a4c42b
miniandroid/run/exp071_final_1/application_runtime.json,3613,2026-08-22T16:54:07.697942+00:00,JSON,GENERATED_OUTPUT,71,d1de6b096f5e4227baac874b9e48b7d9cdea788ed02ad287648b7d1ba401d1d1
miniandroid/run/exp071_final_1/runtime_state_trace.json,2849,2026-08-22T16:54:07.697942+00:00,JSON,GENERATED_OUTPUT,71,69a25711852f1c5c3838a8ef91ee849a444fa3c9a729ac6a012f7e3991c1a5f3
miniandroid/run/exp071_final_1/report.md.json,4967,2026-08-22T16:54:07.697942+00:00,JSON,GENERATED_OUTPUT,71,649fe7a550a9c8aae25205281912271f2b4ed3a51f9442df9b3a0bc20b24b472
miniandroid/run/exp071_final_1/test_matrix.json,787,2026-08-22T16:54:07.697942+00:00,JSON,HISTORICAL_EVIDENCE,71,63243b7d8fa6bf4b24d63c1375ade1f1f7e5ae90db5c2fd31b0eb49316d14a8e
miniandroid/run/exp071_final_1/golden_end_to_end.json,1200,2026-08-22T16:54:07.697942+00:00,JSON,GENERATED_OUTPUT,71,e239667d43c47aa16410236769c317968cfcb284f8a8ca5dcd4e57e9aad1149f
miniandroid/run/exp071_final_1/render_request.txt,173,2026-08-22T16:54:07.697942+00:00,TXT,GENERATED_OUTPUT,71,
miniandroid/run/exp071_final_1/runtime_component_map.json,1010,2026-08-22T16:54:07.697942+00:00,JSON,GENERATED_OUTPUT,71,f64155e9ab844e8353514c6b189a0ebe4763a7442fdf28572715cfa3b1365de2
miniandroid/run/exp071_final_1/report.md,2879,2026-08-22T16:54:07.697942+00:00,REPORT_MD,HISTORICAL_EVIDENCE,71,
miniandroid/run/exp071_final_1/golden/corpus.json,2017,2026-08-22T16:54:07.697942+00:00,JSON,REGRESSION_FIXTURE,71,647c390de845e1540e946c6b681469290a99023876e9b9d2a838bd76aaf6c50c
miniandroid/run/exp071_final_1/database/dex_opcode_frequency.json,219,2026-08-22T16:54:07.697942+00:00,JSON,GENERATED_OUTPUT,71,f7db13b55a884b1fd1000373491042334b8e4126355c7a9c95273bc3ebd1c80f
miniandroid/run/exp069/render_provenance.json,4525,2026-08-22T16:54:07.663941+00:00,JSON,GENERATED_OUTPUT,69,
miniandroid/run/exp069/login_ui.png,27369,2026-08-22T16:54:07.663941+00:00,OTHER,GENERATED_OUTPUT,69,
miniandroid/run/exp069/image_validation.json,2263,2026-08-22T16:54:07.663941+00:00,JSON,GENERATED_OUTPUT,69,
miniandroid/run/exp069/github_comment.json,6730,2026-08-22T16:54:07.663941+00:00,JSON,GENERATED_OUTPUT,69,
miniandroid/run/exp069/login_debug.png,66131,2026-08-22T16:54:07.663941+00:00,OTHER,GENERATED_OUTPUT,69,
miniandroid/run/exp047_baseline/failure_report.json,926,2026-08-22T16:54:07.393941+00:00,JSON,HISTORICAL_EVIDENCE,47,d9f2ac6ebf8884436c8de794e41b0634f426f04043f7968c262604dd582ab40b
miniandroid/run/exp047_baseline/application_runtime.json,3616,2026-08-22T16:54:07.393941+00:00,JSON,GENERATED_OUTPUT,47,1ecdae29b19f9db87ec5298bf5e5833e680a06e2a17c44f557d5d10a46f9d6b6
miniandroid/run/exp047_baseline/runtime_state_trace.json,2850,2026-08-22T16:54:07.394941+00:00,JSON,GENERATED_OUTPUT,47,b535df729db71b929d4414f70111dedc068b6678a3b7219fd495c4316d8c8ae5
miniandroid/run/exp047_baseline/report.md.json,4966,2026-08-22T16:54:07.394941+00:00,JSON,GENERATED_OUTPUT,47,2513207ba24e05ba052830eca17e1dc314ce517a3649ecc5bc2165b5efceeeaa
miniandroid/run/exp047_baseline/test_matrix.json,787,2026-08-22T16:54:07.396941+00:00,JSON,HISTORICAL_EVIDENCE,47,63243b7d8fa6bf4b24d63c1375ade1f1f7e5ae90db5c2fd31b0eb49316d14a8e
miniandroid/run/exp047_baseline/golden_end_to_end.json,1200,2026-08-22T16:54:07.394941+00:00,JSON,GENERATED_OUTPUT,47,b223851f0b5a55affc616e14c939b962cfd311ab34aa80aef478bdaf01c2470c
miniandroid/run/exp047_baseline/runtime_component_map.json,1010,2026-08-22T16:54:07.394941+00:00,JSON,GENERATED_OUTPUT,47,fe9f08d25eeb27eefea26af8c72c672249eb2eee31d5b7826081834b51ffd8b7
miniandroid/run/exp047_baseline/report.md,2879,2026-08-22T16:54:07.394941+00:00,REPORT_MD,HISTORICAL_EVIDENCE,47,
miniandroid/run/exp047_baseline/golden/corpus.json,2017,2026-08-22T16:54:07.394941+00:00,JSON,REGRESSION_FIXTURE,47,647c390de845e1540e946c6b681469290a99023876e9b9d2a838bd76aaf6c50c
miniandroid/run/exp047_baseline/database/dex_opcode_frequency.json,219,2026-08-22T16:54:07.393941+00:00,JSON,GENERATED_OUTPUT,47,f7db13b55a884b1fd1000373491042334b8e4126355c7a9c95273bc3ebd1c80f
miniandroid/run/exp034/field_system_validation.json,2502,2026-08-22T16:54:07.312941+00:00,JSON,GENERATED_OUTPUT,34,
miniandroid/run/exp034/execution_trace_demo.json,5606,2026-08-22T16:54:07.312941+00:00,JSON,GENERATED_OUTPUT,34,
miniandroid/run/exp034/integration_report.json,5444,2026-08-22T16:54:07.312941+00:00,JSON,GENERATED_OUTPUT,34,
miniandroid/run/exp034/sample_runtime_metadata.json,4708,2026-08-22T16:54:07.312941+00:00,JSON,GENERATED_OUTPUT,34,
miniandroid/run/exp034/vtable_dispatch_validation.json,4624,2026-08-22T16:54:07.312941+00:00,JSON,GENERATED_OUTPUT,34,
miniandroid/run/exp034/apk_validation/PhotoGallery_apk_validation.json,2174,2026-08-22T16:54:07.311940+00:00,JSON,GENERATED_OUTPUT,34,165ad8829b593031d451747e7dd410576aa685d33df3f075ef5945f2a5ec0d88
miniandroid/run/exp034/apk_validation/DiceRoller_apk_validation.json,2170,2026-08-22T16:54:07.311940+00:00,JSON,GENERATED_OUTPUT,34,972e4866f5c72d1ae76208c4c182e41d000a66393ee22db455d0387c18359863
miniandroid/run/exp034/apk_validation/WeatherWidget_apk_validation.json,1389,2026-08-22T16:54:07.312941+00:00,JSON,GENERATED_OUTPUT,34,
miniandroid/run/exp034/apk_validation/ContactSync_apk_validation.json,2172,2026-08-22T16:54:07.311940+00:00,JSON,GENERATED_OUTPUT,34,9cc8225e19f5297b39d30a3257db77ef454b86671330cf6b684bf3184bf3b057
miniandroid/run/exp034/apk_validation/FileBrowser_apk_validation.json,1385,2026-08-22T16:54:07.311940+00:00,JSON,GENERATED_OUTPUT,34,9806035dfdc70b02bcd4c3abbf7e6e614c34be7cfa42a3b38200b252b0c290cf
miniandroid/run/exp034/apk_validation/CalendarPlanner_apk_validation.json,2180,2026-08-22T16:54:07.311940+00:00,JSON,GENERATED_OUTPUT,34,6970388c9f104a712c4a418704cbad020173d9956cab9a37afd583d55ae0e6fd
miniandroid/run/exp034/apk_validation/SystemMonitor_apk_validation.json,2176,2026-08-22T16:54:07.311940+00:00,JSON,GENERATED_OUTPUT,34,47b134a2e284489595c8d2968b8fc82354a153ed87d2ba10313219303d7d3759
miniandroid/run/exp034/apk_validation/HelloWorld_original_apk_validation.json,2147,2026-08-22T16:54:07.311940+00:00,JSON,GENERATED_OUTPUT,34,
miniandroid/run/exp034/apk_validation/EmailClientPro_apk_validation.json,2178,2026-08-22T16:54:07.311940+00:00,JSON,GENERATED_OUTPUT,34,f5d5f8b4e4033416c5668e121cfd98525ef7cb8f07940e6bf8ad5e3c0505f299
miniandroid/run/exp034/apk_validation/MusicBoxPlayer_apk_validation.json,2178,2026-08-22T16:54:07.311940+00:00,JSON,GENERATED_OUTPUT,34,f021efb8149664039071f81878b4734966690a80a97b94871cc8cdfe1a3f9750
miniandroid/run/exp034/apk_validation/BrowserLite_apk_validation.json,1385,2026-08-22T16:54:07.310941+00:00,JSON,GENERATED_OUTPUT,34,6e5a169b237fe13bda43b14f97915fa544936b878a1ad8684b662a4cd0ae9475
miniandroid/run/exp034/apk_validation/TorchLite_apk_validation.json,2168,2026-08-22T16:54:07.311940+00:00,JSON,GENERATED_OUTPUT,34,01e7b1ae0eee0c226492d1cff03c1c0647c6b6f1390fd55fe48c9fefdddde80a
miniandroid/run/exp034/apk_validation/ColorPicker_apk_validation.json,2172,2026-08-22T16:54:07.311940+00:00,JSON,GENERATED_OUTPUT,34,e7a4fb3f4fd9ed19a26a1ed8f94599c7e88c76d08015acf817ec5ebc72f1940e
miniandroid/run/exp034/apk_validation/validation_summary.json,101777,2026-08-22T16:54:07.312941+00:00,JSON,GENERATED_OUTPUT,34,
miniandroid/run/exp034/apk_validation/SettingsApp_apk_validation.json,1385,2026-08-22T16:54:07.311940+00:00,JSON,GENERATED_OUTPUT,34,cd9758f92d707c23a0d9b93e1532f0fa439cf076c373fee701f78ab0f9acc18a
miniandroid/run/exp034/apk_validation/SimpleCalculator_apk_validation.json,1395,2026-08-22T16:54:07.311940+00:00,JSON,GENERATED_OUTPUT,34,
miniandroid/run/exp034/apk_validation/MarkEditor_apk_validation.json,2170,2026-08-22T16:54:07.311940+00:00,JSON,GENERATED_OUTPUT,34,103634361f805d77fdf2791ffe502ed83be49946c7b18674da0b99b17f2fb0a4
miniandroid/run/exp034/apk_validation/UnitConvertPro_apk_validation.json,2178,2026-08-22T16:54:07.311940+00:00,JSON,GENERATED_OUTPUT,34,bed8786722ea1ec49cd32f2e791c161eb5a49fc6efddd512561db1e51a287a67
miniandroid/run/exp034/apk_validation/PDFViewerApp_apk_validation.json,2174,2026-08-22T16:54:07.311940+00:00,JSON,GENERATED_OUTPUT,34,d09e5c8a0bf19afc6b070e314cf300543b56518ee64d82bc17b797db7a924faa
miniandroid/run/exp034/apk_validation/ClockApp_apk_validation.json,1379,2026-08-22T16:54:07.311940+00:00,JSON,GENERATED_OUTPUT,34,2d5f3fa9da5bbc03035315f93de3bbf666fc001127c7e06e8dca40558af0b33f
miniandroid/run/exp034/apk_validation/TodoMaster_apk_validation.json,2168,2026-08-22T16:54:07.311940+00:00,JSON,GENERATED_OUTPUT,34,c8c010919d4c841e2a52c5c5829ebbfc66fb68af5df3d18dad6aae3377b5f66d
miniandroid/run/exp034/apk_validation/StopwatchX_apk_validation.json,2170,2026-08-22T16:54:07.311940+00:00,JSON,GENERATED_OUTPUT,34,0524ab5f3999ed5efe8c69d2b1d5ee5ec5e7b060c4916e656f18e93a5d102366
miniandroid/run/exp034/apk_validation/classes_dex_validation.json,742,2026-08-22T16:54:07.312941+00:00,JSON,GENERATED_OUTPUT,34,
miniandroid/run/exp034/apk_validation/debug_extracted_dex_validation.json,758,2026-08-22T16:54:07.312941+00:00,JSON,GENERATED_OUTPUT,34,8613fac2078051b1ed3220615adcfa922c4523614f83fb2c9cb49618565ad936
miniandroid/run/exp034/apk_validation/MediaPlayer_apk_validation.json,1385,2026-08-22T16:54:07.311940+00:00,JSON,GENERATED_OUTPUT,34,0fd9dd641882373a225cef3edf71b2e49625d634d549bc4b3a23a3334c49714a
miniandroid/run/exp034/apk_validation/HelloWorld_apk_validation.json,2125,2026-08-22T16:54:07.311940+00:00,JSON,GENERATED_OUTPUT,34,
miniandroid/run/exp034/apk_validation/NewsFeedReader_apk_validation.json,2178,2026-08-22T16:54:07.311940+00:00,JSON,GENERATED_OUTPUT,34,865007f19f0b4a178f683fa44977ff7e02b5371a0419f0493736299803de5b7a
miniandroid/run/exp034/apk_validation/MediaStreamPlayer_apk_validation.json,2184,2026-08-22T16:54:07.311940+00:00,JSON,GENERATED_OUTPUT,34,891af2e2fb143670d225e7df69092f3b02061cd0770b674d5a38ffa95f320b2c
miniandroid/run/exp034/apk_validation/WebBrowserLite_apk_validation.json,2178,2026-08-22T16:54:07.312941+00:00,JSON,GENERATED_OUTPUT,34,d767c4171991e24d7c6288b1efae8a2f3dc969c8668597f9fa3393021329ffd5
miniandroid/run/exp034/apk_validation/BarcodeReader_apk_validation.json,2176,2026-08-22T16:54:07.310941+00:00,JSON,GENERATED_OUTPUT,34,4eda499c446ed9e882e702e3b5b6ceea823b9f30227f75e24d583f6a4a14a3ed
miniandroid/run/exp034/apk_validation/FileManagerPro_apk_validation.json,2178,2026-08-22T16:54:07.311940+00:00,JSON,GENERATED_OUTPUT,34,bfd9aab2ccf5c33dd51c604d81ea678694df3348088baf6a72b947a1959ba1ac
miniandroid/run/exp034/apk_validation/SimpleGame_apk_validation.json,1383,2026-08-22T16:54:07.311940+00:00,JSON,GENERATED_OUTPUT,34,efc07b88a04c60a038227e4224b295acd81063eb3d3adefc59ff98e069e517b7
miniandroid/run/exp034/apk_validation/OpenCalculator_apk_validation.json,2176,2026-08-22T16:54:07.311940+00:00,JSON,GENERATED_OUTPUT,34,97e991e87cb1e7bd366548f18cee9d32affd49fa4549dfad7ead6711d93dc210
miniandroid/run/exp034/apk_validation/QuickNotes_apk_validation.json,2168,2026-08-22T16:54:07.311940+00:00,JSON,GENERATED_OUTPUT,34,392197aba5d172cfa937e2aa786a5ec434b027c57ea34c1d31ed15b793ff58eb
miniandroid/run/exp034/apk_validation/PrecisionClock_apk_validation.json,2176,2026-08-22T16:54:07.311940+00:00,JSON,GENERATED_OUTPUT,34,806fba36ea23873c85ee3ce96ad16acdaa0fe0020e132b767f57f8d8db9c723f
miniandroid/run/exp034/apk_validation/NotesApp_apk_validation.json,1379,2026-08-22T16:54:07.311940+00:00,JSON,GENERATED_OUTPUT,34,354ee0812dda3a709c2e699b4ab38afcca9734df4e4bb8820e20e7a67ac9f749
miniandroid/run/exp034/apk_validation/SocialFeedAggregator_apk_validation.json,2190,2026-08-22T16:54:07.311940+00:00,JSON,GENERATED_OUTPUT,34,
miniandroid/run/exp034/apk_validation/TodoList_apk_validation.json,1379,2026-08-22T16:54:07.311940+00:00,JSON,GENERATED_OUTPUT,34,4f49d220e89be897e9983f07f5d6d7faaf7513fea699333e6d51cde14b439c0d
miniandroid/run/exp034/apk_validation/HelloWorld_extracted_dex_validation.json,768,2026-08-22T16:54:07.311940+00:00,JSON,GENERATED_OUTPUT,34,
miniandroid/run/exp034/apk_validation/SecureMessenger_apk_validation.json,2180,2026-08-22T16:54:07.311940+00:00,JSON,GENERATED_OUTPUT,34,6e56e3d2bd23d11d5ebce8162a9d98b95c1e9ac5c3ed0fed16fc356bc860d8b1
miniandroid/run/exp034/apk_validation/QRCodeScanner_apk_validation.json,2176,2026-08-22T16:54:07.311940+00:00,JSON,GENERATED_OUTPUT,34,57843dce457d75afaef81ebe2b7549c2bb9f056f88dd2c8aeb029612b5b18378
miniandroid/run/exp034/apk_validation/VoiceMemoRecorder_apk_validation.json,2184,2026-08-22T16:54:07.311940+00:00,JSON,GENERATED_OUTPUT,34,b65cd66e6c3a0c7565608c2f455b9dca19eeb4ec7cc489d326683013d50bb94c
miniandroid/run/exp034/apk_validation/valid_test_dex_validation.json,748,2026-08-22T16:54:07.312941+00:00,JSON,GENERATED_OUTPUT,34,
miniandroid/run/exp034/apk_validation/PodcastManager_apk_validation.json,2178,2026-08-22T16:54:07.311940+00:00,JSON,GENERATED_OUTPUT,34,dff8043f5cfa2f678f09f381eb3c058a0886c9e792070515220eb9753471b80d
miniandroid/run/exp034/apk_validation/SMSMessenger_apk_validation.json,2174,2026-08-22T16:54:07.311940+00:00,JSON,GENERATED_OUTPUT,34,7bd7acb0952ecc9337c441cfb5bdbf2cf36ece3187c3bd5d0b89f094ccde903d
miniandroid/run/exp034/apk_validation/exp032_valid_test_dex_validation.json,762,2026-08-22T16:54:07.312941+00:00,JSON,GENERATED_OUTPUT,34,
miniandroid/run/exp034/apk_validation/WeatherNow_apk_validation.json,2170,2026-08-22T16:54:07.312941+00:00,JSON,GENERATED_OUTPUT,34,e47b10c53c94226b68af94faf849a36a4de90dad1d2b4b7846876a6da1b156c4
miniandroid/run/exp034/apk_validation/CounterPlus_apk_validation.json,2172,2026-08-22T16:54:07.311940+00:00,JSON,GENERATED_OUTPUT,34,9bcbaeae898ddab0bb55c66e1f74b9960cbd9e6ba0cac1255bd1802a6c5fce2a
miniandroid/run/exp070_run1/failure_report.json,926,2026-08-22T16:54:07.668941+00:00,JSON,HISTORICAL_EVIDENCE,70,02d37935ebf7fc7521faa32053738f04a8c00ab29fc637db8783cbb7c7ef7d36
miniandroid/run/exp070_run1/application_runtime.json,3608,2026-08-22T16:54:07.668941+00:00,JSON,GENERATED_OUTPUT,70,dbcd7ef264ad7aae862a3d0e7a08c244ece61ed34df4c6387d39f97876cdc102
miniandroid/run/exp070_run1/runtime_state_trace.json,2850,2026-08-22T16:54:07.668941+00:00,JSON,GENERATED_OUTPUT,70,b86c087c4c46ea72c5e56c879de5abd394f41b7c4b768ae94e52726c417fabaa
miniandroid/run/exp070_run1/report.md.json,4967,2026-08-22T16:54:07.668941+00:00,JSON,GENERATED_OUTPUT,70,63bf2e33ae8934f98632787279b21d71c3133ae323a50df634947d207557bdb7
miniandroid/run/exp070_run1/test_matrix.json,787,2026-08-22T16:54:07.669941+00:00,JSON,HISTORICAL_EVIDENCE,70,63243b7d8fa6bf4b24d63c1375ade1f1f7e5ae90db5c2fd31b0eb49316d14a8e
miniandroid/run/exp070_run1/golden_end_to_end.json,1200,2026-08-22T16:54:07.668941+00:00,JSON,GENERATED_OUTPUT,70,58240da085ca16f0f50a658d31399f76b343825e03b50d5fc2ef45fa6958b87e
miniandroid/run/exp070_run1/render_request.txt,164,2026-08-22T16:54:07.668941+00:00,TXT,GENERATED_OUTPUT,70,
miniandroid/run/exp070_run1/runtime_component_map.json,1010,2026-08-22T16:54:07.668941+00:00,JSON,GENERATED_OUTPUT,70,ae0c331d31d93f946da961fa2d25c2865a40c6bf74c20db5c48bf1858d1b5780
miniandroid/run/exp070_run1/report.md,2876,2026-08-22T16:54:07.668941+00:00,REPORT_MD,HISTORICAL_EVIDENCE,70,
miniandroid/run/exp070_run1/golden/corpus.json,2017,2026-08-22T16:54:07.668941+00:00,JSON,REGRESSION_FIXTURE,70,647c390de845e1540e946c6b681469290a99023876e9b9d2a838bd76aaf6c50c
miniandroid/run/exp070_run1/database/dex_opcode_frequency.json,219,2026-08-22T16:54:07.668941+00:00,JSON,GENERATED_OUTPUT,70,f7db13b55a884b1fd1000373491042334b8e4126355c7a9c95273bc3ebd1c80f
miniandroid/run/exp077/org.debian.eugen.headingcalculator_1_exp077/exp077_final.png,15389,2026-08-22T16:54:07.851942+00:00,OTHER,GENERATED_OUTPUT,77,
miniandroid/run/exp077/org.debian.eugen.headingcalculator_1_exp077/failure_report.json,1208,2026-08-22T16:54:07.851942+00:00,JSON,HISTORICAL_EVIDENCE,77,e306f5e84f3ac85aa99dd19180f1378f7e37b394d2010b961491a33571a01f6c
miniandroid/run/exp077/org.debian.eugen.headingcalculator_1_exp077/application_runtime.json,4033,2026-08-22T16:54:07.851942+00:00,JSON,GENERATED_OUTPUT,77,
miniandroid/run/exp077/org.debian.eugen.headingcalculator_1_exp077/runtime_state_trace.json,3053,2026-08-22T16:54:07.851942+00:00,JSON,GENERATED_OUTPUT,77,
miniandroid/run/exp077/org.debian.eugen.headingcalculator_1_exp077/report.md.json,5150,2026-08-22T16:54:07.851942+00:00,JSON,GENERATED_OUTPUT,77,a84e993bfc2240d5216202012c00f90743241fab4417ec4ffc221e5f1a8d1465
miniandroid/run/exp077/org.debian.eugen.headingcalculator_1_exp077/test_matrix.json,881,2026-08-22T16:54:07.852942+00:00,JSON,HISTORICAL_EVIDENCE,77,adb36a9a131ba6b92c669fcd773d9ae4b0e1b42d4072292a1ffaf1b62a5047aa
miniandroid/run/exp077/org.debian.eugen.headingcalculator_1_exp077/golden_end_to_end.json,1311,2026-08-22T16:54:07.851942+00:00,JSON,GENERATED_OUTPUT,77,5fab9a4c1510b4f390d761973a88ab3d3c991555795aaa44a9e03202666f9a4b
miniandroid/run/exp077/org.debian.eugen.headingcalculator_1_exp077/render_request.txt,476,2026-08-22T16:54:07.851942+00:00,TXT,GENERATED_OUTPUT,77,
miniandroid/run/exp077/org.debian.eugen.headingcalculator_1_exp077/exp077_rendered.png,2887,2026-08-22T16:54:07.851942+00:00,OTHER,GENERATED_OUTPUT,77,
miniandroid/run/exp077/org.debian.eugen.headingcalculator_1_exp077/runtime_component_map.json,1010,2026-08-22T16:54:07.851942+00:00,JSON,GENERATED_OUTPUT,77,f465676317475b6390a41c53057a9f2a7705fd14c41f0d08da1161f05bf28a94
miniandroid/run/exp077/org.debian.eugen.headingcalculator_1_exp077/report.md,3069,2026-08-22T16:54:07.851942+00:00,REPORT_MD,HISTORICAL_EVIDENCE,77,
miniandroid/run/exp077/org.debian.eugen.headingcalculator_1_exp077/golden/corpus.json,2017,2026-08-22T16:54:07.851942+00:00,JSON,REGRESSION_FIXTURE,77,647c390de845e1540e946c6b681469290a99023876e9b9d2a838bd76aaf6c50c
miniandroid/run/exp077/org.debian.eugen.headingcalculator_1_exp077/database/dex_opcode_frequency.json,219,2026-08-22T16:54:07.851942+00:00,JSON,GENERATED_OUTPUT,77,f7db13b55a884b1fd1000373491042334b8e4126355c7a9c95273bc3ebd1c80f
miniandroid/run/exp077/io.github.yamin8000.dooz_18_exp077/failure_report.json,1172,2026-08-22T16:54:07.825942+00:00,JSON,HISTORICAL_EVIDENCE,77,73c8f97c68f8e56835502bcdcbcc98c6b8e18b61a73e4c2fb076778c6c7c7996
miniandroid/run/exp077/io.github.yamin8000.dooz_18_exp077/application_runtime.json,3980,2026-08-22T16:54:07.825942+00:00,JSON,GENERATED_OUTPUT,77,
miniandroid/run/exp077/io.github.yamin8000.dooz_18_exp077/runtime_state_trace.json,3021,2026-08-22T16:54:07.825942+00:00,JSON,GENERATED_OUTPUT,77,d0bf6bf1d9aae00af3f30a054a790cfeea326b7e941e262506a2cb5bb7af930f
miniandroid/run/exp077/io.github.yamin8000.dooz_18_exp077/report.md.json,5129,2026-08-22T16:54:07.825942+00:00,JSON,GENERATED_OUTPUT,77,8d1f0523a15da71bf7ec4745913fddab60e622b4e6b89861a391ace21cd9fc3c
miniandroid/run/exp077/io.github.yamin8000.dooz_18_exp077/test_matrix.json,869,2026-08-22T16:54:07.826942+00:00,JSON,HISTORICAL_EVIDENCE,77,045df0a4f9fd8cb9a17b028d250e4db6c5f298d37d07591f5d2e98792a1784b8
miniandroid/run/exp077/io.github.yamin8000.dooz_18_exp077/golden_end_to_end.json,1297,2026-08-22T16:54:07.825942+00:00,JSON,GENERATED_OUTPUT,77,9b8a3cf9974d74ff719bc555411573138b37017a0f1e1106016f68e3bc811d26
miniandroid/run/exp077/io.github.yamin8000.dooz_18_exp077/render_request.txt,449,2026-08-22T16:54:07.825942+00:00,TXT,GENERATED_OUTPUT,77,
miniandroid/run/exp077/io.github.yamin8000.dooz_18_exp077/exp077_rendered.png,2887,2026-08-22T16:54:07.825942+00:00,OTHER,GENERATED_OUTPUT,77,
miniandroid/run/exp077/io.github.yamin8000.dooz_18_exp077/runtime_component_map.json,1010,2026-08-22T16:54:07.825942+00:00,JSON,GENERATED_OUTPUT,77,5bbb7ba31ed79171bff1bd981bd251fd587a51b7b5edeed3cd80b7bd8fdc2b7e
miniandroid/run/exp077/io.github.yamin8000.dooz_18_exp077/report.md,3051,2026-08-22T16:54:07.825942+00:00,REPORT_MD,HISTORICAL_EVIDENCE,77,
miniandroid/run/exp077/io.github.yamin8000.dooz_18_exp077/golden/corpus.json,2017,2026-08-22T16:54:07.825942+00:00,JSON,REGRESSION_FIXTURE,77,647c390de845e1540e946c6b681469290a99023876e9b9d2a838bd76aaf6c50c
miniandroid/run/exp077/io.github.yamin8000.dooz_18_exp077/database/dex_opcode_frequency.json,219,2026-08-22T16:54:07.825942+00:00,JSON,GENERATED_OUTPUT,77,f7db13b55a884b1fd1000373491042334b8e4126355c7a9c95273bc3ebd1c80f
miniandroid/run/exp077/telegram_cv3/failure_report.json,926,2026-08-22T16:54:07.856942+00:00,JSON,HISTORICAL_EVIDENCE,77,cfe686e0f7ab27de9fa4e14f967396352c4c76c248aba33d2ea5619fef31a97c
miniandroid/run/exp077/telegram_cv3/application_runtime.json,3620,2026-08-22T16:54:07.856942+00:00,JSON,GENERATED_OUTPUT,77,bc8b39be5a1344d379231635062824db2628bd8b6b5c67b97dad552a9dc1381a
miniandroid/run/exp077/telegram_cv3/runtime_state_trace.json,2846,2026-08-22T16:54:07.856942+00:00,JSON,GENERATED_OUTPUT,77,c55f088e84f9121b05cd3ff36a0e1a3df1b1d2176c3d9b5ec8d5e5563d711cc5
miniandroid/run/exp077/telegram_cv3/report.md.json,4966,2026-08-22T16:54:07.856942+00:00,JSON,GENERATED_OUTPUT,77,ce554552544c155e4aa642c4ebce94e12d4faf67599e72b08331b8837df27314
miniandroid/run/exp077/telegram_cv3/test_matrix.json,787,2026-08-22T16:54:07.857942+00:00,JSON,HISTORICAL_EVIDENCE,77,63243b7d8fa6bf4b24d63c1375ade1f1f7e5ae90db5c2fd31b0eb49316d14a8e
miniandroid/run/exp077/telegram_cv3/golden_end_to_end.json,1200,2026-08-22T16:54:07.856942+00:00,JSON,GENERATED_OUTPUT,77,7f6e60218540107f8b0d42364f0af1de49a9dad08b7ba05cc06217f2e623ab99
miniandroid/run/exp077/telegram_cv3/render_request.txt,188,2026-08-22T16:54:07.856942+00:00,TXT,GENERATED_OUTPUT,77,
miniandroid/run/exp077/telegram_cv3/shadow_report.json,3962,2026-08-22T16:54:07.857942+00:00,JSON,GENERATED_OUTPUT,77,4344fee2a76943a13192f21da61a2179bae5ff89a4e96d8a978480f03d6c1fe2
miniandroid/run/exp077/telegram_cv3/view_tree.json,710049,2026-08-22T16:54:07.857942+00:00,VIEW_TREE_DUMP,GENERATED_OUTPUT,77,
miniandroid/run/exp077/telegram_cv3/runtime_component_map.json,1010,2026-08-22T16:54:07.856942+00:00,JSON,GENERATED_OUTPUT,77,540cae10564dadb6a0db4a19c9f2a0d1a53c1bdf53febf7ac7cf06a00f8b5314
miniandroid/run/exp077/telegram_cv3/report.md,2884,2026-08-22T16:54:07.856942+00:00,REPORT_MD,HISTORICAL_EVIDENCE,77,
miniandroid/run/exp077/telegram_cv3/golden/corpus.json,2017,2026-08-22T16:54:07.856942+00:00,JSON,REGRESSION_FIXTURE,77,647c390de845e1540e946c6b681469290a99023876e9b9d2a838bd76aaf6c50c
miniandroid/run/exp077/telegram_cv3/database/android_api_frequency.json,39865,2026-08-22T16:54:07.856942+00:00,JSON,GENERATED_OUTPUT,77,
miniandroid/run/exp077/telegram_cv3/database/dex_opcode_frequency.json,219,2026-08-22T16:54:07.856942+00:00,JSON,GENERATED_OUTPUT,77,f7db13b55a884b1fd1000373491042334b8e4126355c7a9c95273bc3ebd1c80f
miniandroid/run/exp077/telegram_fix/failure_report.json,926,2026-08-22T16:54:07.871942+00:00,JSON,HISTORICAL_EVIDENCE,77,97b9f4b92f8e40df75111321009b6c3f6360496bf6ad1d9172a84b4a418ab012
miniandroid/run/exp077/telegram_fix/application_runtime.json,3621,2026-08-22T16:54:07.871942+00:00,JSON,GENERATED_OUTPUT,77,6661822d6edb084fa623d6ef86bfe202d20458c7db0c300c96ffaa44d97eda7e
miniandroid/run/exp077/telegram_fix/runtime_state_trace.json,2847,2026-08-22T16:54:07.871942+00:00,JSON,GENERATED_OUTPUT,77,4dc4547c9a449ef4980350cd3f9f6ec2ab62a4a2656e48839828fbb63557ebcc
miniandroid/run/exp077/telegram_fix/report.md.json,4967,2026-08-22T16:54:07.871942+00:00,JSON,GENERATED_OUTPUT,77,1f89b5c95f087e98ad39bd08e996565cc73a40291424f7d027d86bad51893dfb
miniandroid/run/exp077/telegram_fix/test_matrix.json,787,2026-08-22T16:54:07.872942+00:00,JSON,HISTORICAL_EVIDENCE,77,63243b7d8fa6bf4b24d63c1375ade1f1f7e5ae90db5c2fd31b0eb49316d14a8e
miniandroid/run/exp077/telegram_fix/golden_end_to_end.json,1200,2026-08-22T16:54:07.871942+00:00,JSON,GENERATED_OUTPUT,77,41a6ea32020a72b7dcd51eaae62e5ccfa79d7b91b4072bd9b9508f70a2f74715
miniandroid/run/exp077/telegram_fix/render_request.txt,188,2026-08-22T16:54:07.871942+00:00,TXT,GENERATED_OUTPUT,77,
miniandroid/run/exp077/telegram_fix/runtime_component_map.json,1010,2026-08-22T16:54:07.871942+00:00,JSON,GENERATED_OUTPUT,77,e4aa82ca247bb698d8e6a36a416f1572a72eb0b7c766637dc772e7269208f42c
miniandroid/run/exp077/telegram_fix/report.md,2884,2026-08-22T16:54:07.871942+00:00,REPORT_MD,HISTORICAL_EVIDENCE,77,
miniandroid/run/exp077/telegram_fix/golden/corpus.json,2017,2026-08-22T16:54:07.871942+00:00,JSON,REGRESSION_FIXTURE,77,647c390de845e1540e946c6b681469290a99023876e9b9d2a838bd76aaf6c50c
miniandroid/run/exp077/telegram_fix/database/dex_opcode_frequency.json,219,2026-08-22T16:54:07.871942+00:00,JSON,GENERATED_OUTPUT,77,f7db13b55a884b1fd1000373491042334b8e4126355c7a9c95273bc3ebd1c80f
miniandroid/run/exp077/com.github.muellerma.stopwatch_6_exp077/failure_report.json,1654,2026-08-22T16:54:07.821942+00:00,JSON,HISTORICAL_EVIDENCE,77,6740838c5aa92bad247a5f675308323eefb726ab001c31114cb5aba9a4809866
miniandroid/run/exp077/com.github.muellerma.stopwatch_6_exp077/application_runtime.json,3981,2026-08-22T16:54:07.821942+00:00,JSON,GENERATED_OUTPUT,77,
miniandroid/run/exp077/com.github.muellerma.stopwatch_6_exp077/runtime_state_trace.json,3057,2026-08-22T16:54:07.822942+00:00,JSON,GENERATED_OUTPUT,77,8f65d07d3ec6b1d6e586825302723b4c2027bf929ad0a1d6d8aa080fc2d86398
miniandroid/run/exp077/com.github.muellerma.stopwatch_6_exp077/report.md.json,5136,2026-08-22T16:54:07.822942+00:00,JSON,GENERATED_OUTPUT,77,a18b84a2405a89b3263076d295b5b8d7679c7346ed09616acec1460bc62bb328
miniandroid/run/exp077/com.github.muellerma.stopwatch_6_exp077/test_matrix.json,874,2026-08-22T16:54:07.822942+00:00,JSON,HISTORICAL_EVIDENCE,77,4f8cf9e5de9832a7326af28b1871ff099c62f436a11f5d2c1ceb7f696f90749a
miniandroid/run/exp077/com.github.muellerma.stopwatch_6_exp077/golden_end_to_end.json,1322,2026-08-22T16:54:07.822942+00:00,JSON,GENERATED_OUTPUT,77,14701e6824cc70da5726696aacc38b18edef6fcb1a56b3927114a6b1d4731120
miniandroid/run/exp077/com.github.muellerma.stopwatch_6_exp077/runtime_component_map.json,1010,2026-08-22T16:54:07.822942+00:00,JSON,GENERATED_OUTPUT,77,5bbb7ba31ed79171bff1bd981bd251fd587a51b7b5edeed3cd80b7bd8fdc2b7e
miniandroid/run/exp077/com.github.muellerma.stopwatch_6_exp077/report.md,3058,2026-08-22T16:54:07.822942+00:00,REPORT_MD,HISTORICAL_EVIDENCE,77,
miniandroid/run/exp077/com.github.muellerma.stopwatch_6_exp077/golden/corpus.json,2017,2026-08-22T16:54:07.822942+00:00,JSON,REGRESSION_FIXTURE,77,647c390de845e1540e946c6b681469290a99023876e9b9d2a838bd76aaf6c50c
miniandroid/run/exp077/com.github.muellerma.stopwatch_6_exp077/database/dex_opcode_frequency.json,219,2026-08-22T16:54:07.821942+00:00,JSON,GENERATED_OUTPUT,77,f7db13b55a884b1fd1000373491042334b8e4126355c7a9c95273bc3ebd1c80f
miniandroid/run/exp077/de.duenndns.gmdice_8_exp077/failure_report.json,1160,2026-08-22T16:54:07.822942+00:00,JSON,HISTORICAL_EVIDENCE,77,937993a33dec97babee1e7a30c5449c4aabcc17ebb544a7723c6088990180fba
miniandroid/run/exp077/de.duenndns.gmdice_8_exp077/application_runtime.json,3911,2026-08-22T16:54:07.822942+00:00,JSON,GENERATED_OUTPUT,77,
miniandroid/run/exp077/de.duenndns.gmdice_8_exp077/runtime_state_trace.json,2993,2026-08-22T16:54:07.822942+00:00,JSON,GENERATED_OUTPUT,77,3dbfccc80abb69a840624a7403bb67b41678228accedd29a44e40ea65763c51b
miniandroid/run/exp077/de.duenndns.gmdice_8_exp077/report.md.json,5118,2026-08-22T16:54:07.822942+00:00,JSON,GENERATED_OUTPUT,77,2b2aa19359f284caaad15718778f0662cc116568df5344b7ad1658174595335a
miniandroid/run/exp077/de.duenndns.gmdice_8_exp077/test_matrix.json,865,2026-08-22T16:54:07.823942+00:00,JSON,HISTORICAL_EVIDENCE,77,ea128f664f5253aafcc9fa80de7dbb3377e6ff4cb392642a6db1a7eca4910cf7
miniandroid/run/exp077/de.duenndns.gmdice_8_exp077/golden_end_to_end.json,1281,2026-08-22T16:54:07.822942+00:00,JSON,GENERATED_OUTPUT,77,667e34a4cd8202053e2d4cd31c7e68f18197c2ec133f29551ae9e811ea557686
miniandroid/run/exp077/de.duenndns.gmdice_8_exp077/render_request.txt,428,2026-08-22T16:54:07.822942+00:00,TXT,GENERATED_OUTPUT,77,
miniandroid/run/exp077/de.duenndns.gmdice_8_exp077/exp077_rendered.png,2887,2026-08-22T16:54:07.822942+00:00,OTHER,GENERATED_OUTPUT,77,
miniandroid/run/exp077/de.duenndns.gmdice_8_exp077/view_tree.json,520,2026-08-22T16:54:07.823942+00:00,VIEW_TREE_DUMP,GENERATED_OUTPUT,77,1d9cb9f45ffd768af0c5fb2266f4f8a355a78d0d79351e93620f37061c3e4a4b
miniandroid/run/exp077/de.duenndns.gmdice_8_exp077/runtime_component_map.json,1010,2026-08-22T16:54:07.822942+00:00,JSON,GENERATED_OUTPUT,77,4bf588447b3a82240b70845207dd27578cba51bd510573a297a2e55879a7de1a
miniandroid/run/exp077/de.duenndns.gmdice_8_exp077/report.md,3037,2026-08-22T16:54:07.822942+00:00,REPORT_MD,HISTORICAL_EVIDENCE,77,
miniandroid/run/exp077/de.duenndns.gmdice_8_exp077/golden/corpus.json,2017,2026-08-22T16:54:07.822942+00:00,JSON,REGRESSION_FIXTURE,77,647c390de845e1540e946c6b681469290a99023876e9b9d2a838bd76aaf6c50c
miniandroid/run/exp077/de.duenndns.gmdice_8_exp077/database/dex_opcode_frequency.json,219,2026-08-22T16:54:07.822942+00:00,JSON,GENERATED_OUTPUT,77,f7db13b55a884b1fd1000373491042334b8e4126355c7a9c95273bc3ebd1c80f
miniandroid/run/exp077/telegram_cv/failure_report.json,926,2026-08-22T16:54:07.853942+00:00,JSON,HISTORICAL_EVIDENCE,77,b36bd4a66b8e6b1c8ab5dbd692e36963492852feab0c3175b8c1511fc5cf7f2c
miniandroid/run/exp077/telegram_cv/application_runtime.json,3621,2026-08-22T16:54:07.853942+00:00,JSON,GENERATED_OUTPUT,77,6da107a4a3f7536bd5a1c8e435132288369c5c55ed8f7f7f2f17cffb1189cc0b
miniandroid/run/exp077/telegram_cv/runtime_state_trace.json,2849,2026-08-22T16:54:07.853942+00:00,JSON,GENERATED_OUTPUT,77,61ec0558bad637915c775d1f62772d30dd4ca5662f4f2c39252805e10fcaa14f
miniandroid/run/exp077/telegram_cv/report.md.json,4967,2026-08-22T16:54:07.853942+00:00,JSON,GENERATED_OUTPUT,77,880ce614145b76ca422248f09f92b1f9a10ee11944a72de773d0a1c54095c45d
miniandroid/run/exp077/telegram_cv/test_matrix.json,787,2026-08-22T16:54:07.854942+00:00,JSON,HISTORICAL_EVIDENCE,77,63243b7d8fa6bf4b24d63c1375ade1f1f7e5ae90db5c2fd31b0eb49316d14a8e
miniandroid/run/exp077/telegram_cv/golden_end_to_end.json,1200,2026-08-22T16:54:07.853942+00:00,JSON,GENERATED_OUTPUT,77,3619fcbcc800fbfa88909360600d41225e7c2160d4bde2acfb395a93525c83a3
miniandroid/run/exp077/telegram_cv/render_request.txt,185,2026-08-22T16:54:07.853942+00:00,TXT,GENERATED_OUTPUT,77,
miniandroid/run/exp077/telegram_cv/shadow_report.json,3962,2026-08-22T16:54:07.853942+00:00,JSON,GENERATED_OUTPUT,77,0b2a3179450588382e8e194e61e92dbd508e2b0897a32c87d5ba58e6df234211
miniandroid/run/exp077/telegram_cv/view_tree.json,651616,2026-08-22T16:54:07.854942+00:00,VIEW_TREE_DUMP,GENERATED_OUTPUT,77,
miniandroid/run/exp077/telegram_cv/runtime_component_map.json,1010,2026-08-22T16:54:07.853942+00:00,JSON,GENERATED_OUTPUT,77,cddce6520136741b3ecdc8bbebb9ab0969973593571194971636bdfac3cba69f
miniandroid/run/exp077/telegram_cv/report.md,2883,2026-08-22T16:54:07.853942+00:00,REPORT_MD,HISTORICAL_EVIDENCE,77,
miniandroid/run/exp077/telegram_cv/golden/corpus.json,2017,2026-08-22T16:54:07.853942+00:00,JSON,REGRESSION_FIXTURE,77,647c390de845e1540e946c6b681469290a99023876e9b9d2a838bd76aaf6c50c
miniandroid/run/exp077/telegram_cv/database/dex_opcode_frequency.json,219,2026-08-22T16:54:07.853942+00:00,JSON,GENERATED_OUTPUT,77,f7db13b55a884b1fd1000373491042334b8e4126355c7a9c95273bc3ebd1c80f
miniandroid/run/exp077/telegram_cv2/failure_report.json,926,2026-08-22T16:54:07.854942+00:00,JSON,HISTORICAL_EVIDENCE,77,3d5f69cf8bc7a92d95c4cf6cab247ff04f4e5ebc2a9ce655a8b13bac7a339963
miniandroid/run/exp077/telegram_cv2/application_runtime.json,3621,2026-08-22T16:54:07.854942+00:00,JSON,GENERATED_OUTPUT,77,23e158e7822d41bfe2b2784679780a8b9d46bc3ffd34816d6f3c43d49bafa722
miniandroid/run/exp077/telegram_cv2/runtime_state_trace.json,2847,2026-08-22T16:54:07.854942+00:00,JSON,GENERATED_OUTPUT,77,2aaa0155b961f9e5fa641933fce4d10eaac3b9e5c19754aac9d3b107c8520e17
miniandroid/run/exp077/telegram_cv2/report.md.json,4967,2026-08-22T16:54:07.854942+00:00,JSON,GENERATED_OUTPUT,77,a1814a36c3cb3f6b44ea5f0913809b414bd2d42e5075c0ae35781a1c45aa4c72
miniandroid/run/exp077/telegram_cv2/test_matrix.json,787,2026-08-22T16:54:07.855942+00:00,JSON,HISTORICAL_EVIDENCE,77,63243b7d8fa6bf4b24d63c1375ade1f1f7e5ae90db5c2fd31b0eb49316d14a8e
miniandroid/run/exp077/telegram_cv2/golden_end_to_end.json,1200,2026-08-22T16:54:07.854942+00:00,JSON,GENERATED_OUTPUT,77,9e425e9979c8f7585bba89ab33da72c51fd5b50d97b6cb054b6a6774c5b6c14a
miniandroid/run/exp077/telegram_cv2/render_request.txt,188,2026-08-22T16:54:07.854942+00:00,TXT,GENERATED_OUTPUT,77,
miniandroid/run/exp077/telegram_cv2/shadow_report.json,3962,2026-08-22T16:54:07.855942+00:00,JSON,GENERATED_OUTPUT,77,c5a0d270681b9d0f312bdfac89d302676d177cb4cfaef082a21c708cce4d8606
miniandroid/run/exp077/telegram_cv2/view_tree.json,675626,2026-08-22T16:54:07.856942+00:00,VIEW_TREE_DUMP,GENERATED_OUTPUT,77,
miniandroid/run/exp077/telegram_cv2/runtime_component_map.json,1010,2026-08-22T16:54:07.854942+00:00,JSON,GENERATED_OUTPUT,77,5451e985b848663b4ce0654283df4f222847ea13f0a8252dc520b1a79b63cf9c
miniandroid/run/exp077/telegram_cv2/report.md,2884,2026-08-22T16:54:07.854942+00:00,REPORT_MD,HISTORICAL_EVIDENCE,77,
miniandroid/run/exp077/telegram_cv2/golden/corpus.json,2017,2026-08-22T16:54:07.854942+00:00,JSON,REGRESSION_FIXTURE,77,647c390de845e1540e946c6b681469290a99023876e9b9d2a838bd76aaf6c50c
miniandroid/run/exp077/telegram_cv2/database/dex_opcode_frequency.json,219,2026-08-22T16:54:07.854942+00:00,JSON,GENERATED_OUTPUT,77,f7db13b55a884b1fd1000373491042334b8e4126355c7a9c95273bc3ebd1c80f
miniandroid/run/exp077/telegram_exp071/failure_report.json,926,2026-08-22T16:54:07.857942+00:00,JSON,HISTORICAL_EVIDENCE,77,af3098d119506ddb19457bf829b4f2c93211e1d77e50edac53f11549474f16ba
miniandroid/run/exp077/telegram_exp071/application_runtime.json,3630,2026-08-22T16:54:07.857942+00:00,JSON,GENERATED_OUTPUT,77,
miniandroid/run/exp077/telegram_exp071/runtime_state_trace.json,2850,2026-08-22T16:54:07.857942+00:00,JSON,GENERATED_OUTPUT,77,05f777becbabb8e664de259bca6835bd45afed740c059ddf69605156ba968054
miniandroid/run/exp077/telegram_exp071/report.md.json,4967,2026-08-22T16:54:07.857942+00:00,JSON,GENERATED_OUTPUT,77,323d756798b270683df0f6c122e67137820eb8632be3719816cba40dd2af7d2f
miniandroid/run/exp077/telegram_exp071/test_matrix.json,787,2026-08-22T16:54:07.858942+00:00,JSON,HISTORICAL_EVIDENCE,77,63243b7d8fa6bf4b24d63c1375ade1f1f7e5ae90db5c2fd31b0eb49316d14a8e
miniandroid/run/exp077/telegram_exp071/golden_end_to_end.json,1200,2026-08-22T16:54:07.857942+00:00,JSON,GENERATED_OUTPUT,77,4c39ab10565539708cae117eecb17a726e647ff6dd2bab3d93c5bcc7289449a1
miniandroid/run/exp077/telegram_exp071/render_request.txt,197,2026-08-22T16:54:07.857942+00:00,TXT,GENERATED_OUTPUT,77,
miniandroid/run/exp077/telegram_exp071/runtime_component_map.json,1010,2026-08-22T16:54:07.857942+00:00,JSON,GENERATED_OUTPUT,77,9678a3640b9748a52d0f155435e64b2f7ccea189b81e6b93ac9d4d3e33704f1b
miniandroid/run/exp077/telegram_exp071/report.md,2887,2026-08-22T16:54:07.857942+00:00,REPORT_MD,HISTORICAL_EVIDENCE,77,
miniandroid/run/exp077/telegram_exp071/golden/corpus.json,2017,2026-08-22T16:54:07.857942+00:00,JSON,REGRESSION_FIXTURE,77,647c390de845e1540e946c6b681469290a99023876e9b9d2a838bd76aaf6c50c
miniandroid/run/exp077/telegram_exp071/database/dex_opcode_frequency.json,219,2026-08-22T16:54:07.857942+00:00,JSON,GENERATED_OUTPUT,77,f7db13b55a884b1fd1000373491042334b8e4126355c7a9c95273bc3ebd1c80f
miniandroid/run/exp077/telegram_onhide/failure_report.json,926,2026-08-22T16:54:07.884942+00:00,JSON,HISTORICAL_EVIDENCE,77,b1a869dc5e9bc5cc4e8c6b16ad7fc674f130b05ff0a1b381279857717d487d38
miniandroid/run/exp077/telegram_onhide/application_runtime.json,3628,2026-08-22T16:54:07.884942+00:00,JSON,GENERATED_OUTPUT,77,f388c0bd92f00bb38748bec7da07248c29ed23e8b86f1be82aefc116ab80eb30
miniandroid/run/exp077/telegram_onhide/runtime_state_trace.json,2848,2026-08-22T16:54:07.884942+00:00,JSON,GENERATED_OUTPUT,77,8e883ca3b9fd3efd16d34f72ecb192c8d1fb36cd204f50a7f41e94afb5c3f4cc
miniandroid/run/exp077/telegram_onhide/report.md.json,4967,2026-08-22T16:54:07.884942+00:00,JSON,GENERATED_OUTPUT,77,559a04e6874819bb90be7e6ad59cff75625972706730f92e22286b9914680d3c
miniandroid/run/exp077/telegram_onhide/test_matrix.json,787,2026-08-22T16:54:07.885942+00:00,JSON,HISTORICAL_EVIDENCE,77,63243b7d8fa6bf4b24d63c1375ade1f1f7e5ae90db5c2fd31b0eb49316d14a8e
miniandroid/run/exp077/telegram_onhide/golden_end_to_end.json,1200,2026-08-22T16:54:07.884942+00:00,JSON,GENERATED_OUTPUT,77,51670270a124f92cd7783381b0cfd4222c567ccbff11661b88135b2c04b79fc1
miniandroid/run/exp077/telegram_onhide/render_request.txt,197,2026-08-22T16:54:07.884942+00:00,TXT,GENERATED_OUTPUT,77,
miniandroid/run/exp077/telegram_onhide/runtime_component_map.json,1010,2026-08-22T16:54:07.884942+00:00,JSON,GENERATED_OUTPUT,77,f8ffad43a3606858875e5ff5a09188c5e90cbb2d058157120990a5c1c0de982f
miniandroid/run/exp077/telegram_onhide/report.md,2887,2026-08-22T16:54:07.884942+00:00,REPORT_MD,HISTORICAL_EVIDENCE,77,
miniandroid/run/exp077/telegram_onhide/golden/corpus.json,2017,2026-08-22T16:54:07.884942+00:00,JSON,REGRESSION_FIXTURE,77,647c390de845e1540e946c6b681469290a99023876e9b9d2a838bd76aaf6c50c
miniandroid/run/exp077/telegram_onhide/database/dex_opcode_frequency.json,219,2026-08-22T16:54:07.884942+00:00,JSON,GENERATED_OUTPUT,77,f7db13b55a884b1fd1000373491042334b8e4126355c7a9c95273bc3ebd1c80f
miniandroid/run/exp077/org.billthefarmer.notes_139_exp077/failure_report.json,1181,2026-08-22T16:54:07.850942+00:00,JSON,HISTORICAL_EVIDENCE,77,a9b1dbbc401970c6895032d6aa3e2f5770f63105443e744d830572f9167c9209
miniandroid/run/exp077/org.billthefarmer.notes_139_exp077/application_runtime.json,3949,2026-08-22T16:54:07.850942+00:00,JSON,GENERATED_OUTPUT,77,0ac58187115514865f1dc7c788e8e29fcc03353983f4ba620b5d3d9abba2fe65
miniandroid/run/exp077/org.billthefarmer.notes_139_exp077/runtime_state_trace.json,3012,2026-08-22T16:54:07.850942+00:00,JSON,GENERATED_OUTPUT,77,
miniandroid/run/exp077/org.billthefarmer.notes_139_exp077/report.md.json,5135,2026-08-22T16:54:07.850942+00:00,JSON,GENERATED_OUTPUT,77,920124632b153e604227633d7977fa015a8f3ccc49be931b0a034863a4518e4f
miniandroid/run/exp077/org.billthefarmer.notes_139_exp077/test_matrix.json,872,2026-08-22T16:54:07.850942+00:00,JSON,HISTORICAL_EVIDENCE,77,57f8683e146ab2c870efc5881d4fa9739fd9570dc5b9138b0e7720c16f92b243
miniandroid/run/exp077/org.billthefarmer.notes_139_exp077/golden_end_to_end.json,1284,2026-08-22T16:54:07.850942+00:00,JSON,GENERATED_OUTPUT,77,3103cc106ace9f2388bda2c97dce5f122aab079c91aa8f35558b5108eca9e95c
miniandroid/run/exp077/org.billthefarmer.notes_139_exp077/render_request.txt,449,2026-08-22T16:54:07.850942+00:00,TXT,GENERATED_OUTPUT,77,
miniandroid/run/exp077/org.billthefarmer.notes_139_exp077/exp077_rendered.png,2887,2026-08-22T16:54:07.850942+00:00,OTHER,GENERATED_OUTPUT,77,
miniandroid/run/exp077/org.billthefarmer.notes_139_exp077/runtime_component_map.json,1010,2026-08-22T16:54:07.850942+00:00,JSON,GENERATED_OUTPUT,77,f465676317475b6390a41c53057a9f2a7705fd14c41f0d08da1161f05bf28a94
miniandroid/run/exp077/org.billthefarmer.notes_139_exp077/report.md,3054,2026-08-22T16:54:07.850942+00:00,REPORT_MD,HISTORICAL_EVIDENCE,77,
miniandroid/run/exp077/org.billthefarmer.notes_139_exp077/golden/corpus.json,2017,2026-08-22T16:54:07.850942+00:00,JSON,REGRESSION_FIXTURE,77,647c390de845e1540e946c6b681469290a99023876e9b9d2a838bd76aaf6c50c
miniandroid/run/exp077/org.billthefarmer.notes_139_exp077/database/dex_opcode_frequency.json,219,2026-08-22T16:54:07.850942+00:00,JSON,GENERATED_OUTPUT,77,f7db13b55a884b1fd1000373491042334b8e4126355c7a9c95273bc3ebd1c80f
miniandroid/run/exp077/omegacentauri.mobi.simplestopwatch_26_exp077/failure_report.json,1211,2026-08-22T16:54:07.849942+00:00,JSON,HISTORICAL_EVIDENCE,77,968d5b241f06d08bac08e29a7d86ce07fefe7cb0701d30bb2f067889d625fac7
miniandroid/run/exp077/omegacentauri.mobi.simplestopwatch_26_exp077/application_runtime.json,4038,2026-08-22T16:54:07.849942+00:00,JSON,GENERATED_OUTPUT,77,30ab8cc4a843954f53a5372fada185d1732d0411e546bfa10c1a8af984f4666b
miniandroid/run/exp077/omegacentauri.mobi.simplestopwatch_26_exp077/runtime_state_trace.json,3057,2026-08-22T16:54:07.849942+00:00,JSON,GENERATED_OUTPUT,77,64488237d015cf46b752f0caf4f1ca79e468048fb9db27fe33f7b524c0dd96a4
miniandroid/run/exp077/omegacentauri.mobi.simplestopwatch_26_exp077/report.md.json,5152,2026-08-22T16:54:07.849942+00:00,JSON,GENERATED_OUTPUT,77,48e57926a7b8267e5d074c212ecfe2f575bbab335bcc1bcfab27bdf13387d6c5
miniandroid/run/exp077/omegacentauri.mobi.simplestopwatch_26_exp077/test_matrix.json,882,2026-08-22T16:54:07.849942+00:00,JSON,HISTORICAL_EVIDENCE,77,8b1a8c1f6471cded13e456370309fc5c084f4f95339e86a5f149f7d78600f91a
miniandroid/run/exp077/omegacentauri.mobi.simplestopwatch_26_exp077/golden_end_to_end.json,1309,2026-08-22T16:54:07.849942+00:00,JSON,GENERATED_OUTPUT,77,cb16ead7214d23e21ddd9ce5d9322c75e810220bcd6bd93faa60c2a8e8a938f3
miniandroid/run/exp077/omegacentauri.mobi.simplestopwatch_26_exp077/render_request.txt,479,2026-08-22T16:54:07.849942+00:00,TXT,GENERATED_OUTPUT,77,
miniandroid/run/exp077/omegacentauri.mobi.simplestopwatch_26_exp077/exp077_rendered.png,2887,2026-08-22T16:54:07.849942+00:00,OTHER,GENERATED_OUTPUT,77,
miniandroid/run/exp077/omegacentauri.mobi.simplestopwatch_26_exp077/runtime_component_map.json,1010,2026-08-22T16:54:07.849942+00:00,JSON,GENERATED_OUTPUT,77,4bf588447b3a82240b70845207dd27578cba51bd510573a297a2e55879a7de1a
miniandroid/run/exp077/omegacentauri.mobi.simplestopwatch_26_exp077/report.md,3071,2026-08-22T16:54:07.849942+00:00,REPORT_MD,HISTORICAL_EVIDENCE,77,
miniandroid/run/exp077/omegacentauri.mobi.simplestopwatch_26_exp077/golden/corpus.json,2017,2026-08-22T16:54:07.849942+00:00,JSON,REGRESSION_FIXTURE,77,647c390de845e1540e946c6b681469290a99023876e9b9d2a838bd76aaf6c50c
miniandroid/run/exp077/omegacentauri.mobi.simplestopwatch_26_exp077/database/dex_opcode_frequency.json,219,2026-08-22T16:54:07.849942+00:00,JSON,GENERATED_OUTPUT,77,f7db13b55a884b1fd1000373491042334b8e4126355c7a9c95273bc3ebd1c80f
miniandroid/run/exp077/com.benny.openlauncher_39_exp077/report.md.json,5127,2026-08-22T16:54:07.820942+00:00,JSON,GENERATED_OUTPUT,77,cadf1272bb3f6fcb6b32f937ed6d48683a296098d07e90f37ea175361efc0507
miniandroid/run/exp077/com.benny.openlauncher_39_exp077/test_matrix.json,876,2026-08-22T16:54:07.820942+00:00,JSON,HISTORICAL_EVIDENCE,77,fdcc22a38d55555b7aabb17d226bb5756186c9d8859264a5abc9a4c3cc26d559
miniandroid/run/exp077/com.benny.openlauncher_39_exp077/report.md,3045,2026-08-22T16:54:07.820942+00:00,REPORT_MD,HISTORICAL_EVIDENCE,77,
miniandroid/run/exp077/com.benny.openlauncher_39_exp077/golden/corpus.json,2017,2026-08-22T16:54:07.820942+00:00,JSON,REGRESSION_FIXTURE,77,647c390de845e1540e946c6b681469290a99023876e9b9d2a838bd76aaf6c50c
miniandroid/run/exp077/com.benny.openlauncher_39_exp077/database/android_api_frequency.json,264,2026-08-22T16:54:07.820942+00:00,JSON,GENERATED_OUTPUT,77,51960e7e7993add93ef6bdf2fa938ccebab99be42ffa3f03f5cf2c4a7d894104
miniandroid/run/exp077/com.benny.openlauncher_39_exp077/database/dex_opcode_frequency.json,219,2026-08-22T16:54:07.820942+00:00,JSON,GENERATED_OUTPUT,77,f7db13b55a884b1fd1000373491042334b8e4126355c7a9c95273bc3ebd1c80f
miniandroid/run/exp077/telegram_stubs/failure_report.json,926,2026-08-22T16:54:07.898942+00:00,JSON,HISTORICAL_EVIDENCE,77,3e25d59ff5223d240ec398b8cb31c9d6d21e83e01c704ac63802c5e292e1870d
miniandroid/run/exp077/telegram_stubs/application_runtime.json,3624,2026-08-22T16:54:07.898942+00:00,JSON,GENERATED_OUTPUT,77,601ae23924631d406032c5328e05810bf67fea23192a8d7729e9a9bbb765e8e5
miniandroid/run/exp077/telegram_stubs/runtime_state_trace.json,2846,2026-08-22T16:54:07.898942+00:00,JSON,GENERATED_OUTPUT,77,74ac3f4b7f6c84872ca95ef579c8fd167d67f5f0dc26b27fa83fd37e6d6fe05b
miniandroid/run/exp077/telegram_stubs/report.md.json,4966,2026-08-22T16:54:07.898942+00:00,JSON,GENERATED_OUTPUT,77,965c0f788e6ab803b27adf256c45244256f9ddb4e0128ac0de46265573aca2ce
miniandroid/run/exp077/telegram_stubs/test_matrix.json,787,2026-08-22T16:54:07.898942+00:00,JSON,HISTORICAL_EVIDENCE,77,63243b7d8fa6bf4b24d63c1375ade1f1f7e5ae90db5c2fd31b0eb49316d14a8e
miniandroid/run/exp077/telegram_stubs/golden_end_to_end.json,1200,2026-08-22T16:54:07.898942+00:00,JSON,GENERATED_OUTPUT,77,119c3376ae851c7c2cf1098e0870df1bbf357469dffd2d7cfaefd8a0f8e9be42
miniandroid/run/exp077/telegram_stubs/render_request.txt,194,2026-08-22T16:54:07.898942+00:00,TXT,GENERATED_OUTPUT,77,
miniandroid/run/exp077/telegram_stubs/runtime_component_map.json,1010,2026-08-22T16:54:07.898942+00:00,JSON,GENERATED_OUTPUT,77,a66f9dd61efc251086d8fdd580a57349a34037c9f103efa11dced23294dccbd1
miniandroid/run/exp077/telegram_stubs/report.md,2885,2026-08-22T16:54:07.898942+00:00,REPORT_MD,HISTORICAL_EVIDENCE,77,
miniandroid/run/exp077/telegram_stubs/golden/corpus.json,2017,2026-08-22T16:54:07.898942+00:00,JSON,REGRESSION_FIXTURE,77,647c390de845e1540e946c6b681469290a99023876e9b9d2a838bd76aaf6c50c
miniandroid/run/exp077/telegram_stubs/database/dex_opcode_frequency.json,219,2026-08-22T16:54:07.898942+00:00,JSON,GENERATED_OUTPUT,77,f7db13b55a884b1fd1000373491042334b8e4126355c7a9c95273bc3ebd1c80f
miniandroid/run/exp077/nl.hansdezwart.bgclock_2_exp077/failure_report.json,1163,2026-08-22T16:54:07.826942+00:00,JSON,HISTORICAL_EVIDENCE,77,db4e068152201480be32d5c37e55180c09d1ab73bbe2fc43901f0937bfb4983e
miniandroid/run/exp077/nl.hansdezwart.bgclock_2_exp077/application_runtime.json,3942,2026-08-22T16:54:07.826942+00:00,JSON,GENERATED_OUTPUT,77,
miniandroid/run/exp077/nl.hansdezwart.bgclock_2_exp077/runtime_state_trace.json,3005,2026-08-22T16:54:07.826942+00:00,JSON,GENERATED_OUTPUT,77,904fc3ada6d27262a8d314eb6841ea62b3db609cf35da9738f09519ded7448c9
miniandroid/run/exp077/nl.hansdezwart.bgclock_2_exp077/report.md.json,5123,2026-08-22T16:54:07.826942+00:00,JSON,GENERATED_OUTPUT,77,97ddf279c9f77601ce6d828575c0fb5865d8919e4420750829577a613551603f
miniandroid/run/exp077/nl.hansdezwart.bgclock_2_exp077/test_matrix.json,866,2026-08-22T16:54:07.827942+00:00,JSON,HISTORICAL_EVIDENCE,77,41e55009a9729881d7a0c2970637a0ce3118130b6c9624e8d423c3bb3e2bdb4d
miniandroid/run/exp077/nl.hansdezwart.bgclock_2_exp077/golden_end_to_end.json,1284,2026-08-22T16:54:07.826942+00:00,JSON,GENERATED_OUTPUT,77,b647f675076c4b2054de5a4a1816704ce4a13ab66d2f7f0cf0305f0966cc9708
miniandroid/run/exp077/nl.hansdezwart.bgclock_2_exp077/render_request.txt,440,2026-08-22T16:54:07.826942+00:00,TXT,GENERATED_OUTPUT,77,
miniandroid/run/exp077/nl.hansdezwart.bgclock_2_exp077/exp077_rendered.png,2887,2026-08-22T16:54:07.826942+00:00,OTHER,GENERATED_OUTPUT,77,
miniandroid/run/exp077/nl.hansdezwart.bgclock_2_exp077/runtime_component_map.json,1010,2026-08-22T16:54:07.826942+00:00,JSON,GENERATED_OUTPUT,77,f5fb064c168aac3756bd848f327462bd8b38e9fb38e9d2840fbff2daaa44a475
miniandroid/run/exp077/nl.hansdezwart.bgclock_2_exp077/report.md,3045,2026-08-22T16:54:07.826942+00:00,REPORT_MD,HISTORICAL_EVIDENCE,77,
miniandroid/run/exp077/nl.hansdezwart.bgclock_2_exp077/golden/corpus.json,2017,2026-08-22T16:54:07.826942+00:00,JSON,REGRESSION_FIXTURE,77,647c390de845e1540e946c6b681469290a99023876e9b9d2a838bd76aaf6c50c
miniandroid/run/exp077/nl.hansdezwart.bgclock_2_exp077/database/dex_opcode_frequency.json,219,2026-08-22T16:54:07.826942+00:00,JSON,GENERATED_OUTPUT,77,f7db13b55a884b1fd1000373491042334b8e4126355c7a9c95273bc3ebd1c80f
miniandroid/run/exp077/headingcalc/failure_report.json,1013,2026-08-22T16:54:07.824942+00:00,JSON,HISTORICAL_EVIDENCE,77,4f73d8ed8dfb50653a5e099ab8603c7343c2286d528c031fd6b94cdfc3da7814
miniandroid/run/exp077/headingcalc/application_runtime.json,3713,2026-08-22T16:54:07.824942+00:00,JSON,GENERATED_OUTPUT,77,20d486ec32c8b00c8b45d1a47d8f9363cd3da4894458fb753bd725dcc075f4f6
miniandroid/run/exp077/headingcalc/runtime_state_trace.json,2927,2026-08-22T16:54:07.824942+00:00,JSON,GENERATED_OUTPUT,77,c35054389f53cc7a4e0e0bb3d212f6f65779d3b5e79840e3556b09c679cd64e7
miniandroid/run/exp077/headingcalc/report.md.json,5020,2026-08-22T16:54:07.824942+00:00,JSON,GENERATED_OUTPUT,77,c8ea688c0f54df6098ed26b5d2d1e31a1c23af6b8c8bce081fefc628554d6a09
miniandroid/run/exp077/headingcalc/test_matrix.json,816,2026-08-22T16:54:07.825942+00:00,JSON,HISTORICAL_EVIDENCE,77,e064ecb3403050d708d75d26e923c40f475325e0b2dd98581fb255306232ee4f
miniandroid/run/exp077/headingcalc/golden_end_to_end.json,1246,2026-08-22T16:54:07.824942+00:00,JSON,GENERATED_OUTPUT,77,5b78d56b87ce52f4c44eaa8bd93520ac6c3a4f0adddb97534519b8c56ca89405
miniandroid/run/exp077/headingcalc/render_request.txt,185,2026-08-22T16:54:07.824942+00:00,TXT,GENERATED_OUTPUT,77,
miniandroid/run/exp077/headingcalc/view_tree.json,533,2026-08-22T16:54:07.825942+00:00,VIEW_TREE_DUMP,GENERATED_OUTPUT,77,24c2192c0d8773ff44dfda0a08acb88ca2f019853a0e22be745b929853387988
miniandroid/run/exp077/headingcalc/runtime_component_map.json,1010,2026-08-22T16:54:07.824942+00:00,JSON,GENERATED_OUTPUT,77,cea323863ef9e7a5e4e19b133da95d071ce466de529d25027577414f7a812270
miniandroid/run/exp077/headingcalc/report.md,2907,2026-08-22T16:54:07.824942+00:00,REPORT_MD,HISTORICAL_EVIDENCE,77,
miniandroid/run/exp077/headingcalc/golden/corpus.json,2017,2026-08-22T16:54:07.824942+00:00,JSON,REGRESSION_FIXTURE,77,647c390de845e1540e946c6b681469290a99023876e9b9d2a838bd76aaf6c50c
miniandroid/run/exp077/headingcalc/database/dex_opcode_frequency.json,219,2026-08-22T16:54:07.824942+00:00,JSON,GENERATED_OUTPUT,77,f7db13b55a884b1fd1000373491042334b8e4126355c7a9c95273bc3ebd1c80f
miniandroid/run/exp077/com.chessclock.android_29_exp077/report.md.json,5144,2026-08-22T16:54:07.820942+00:00,JSON,GENERATED_OUTPUT,77,126f63e22bfa654fe82de9cdb241939ae09138237eb60e180b9b99d8715d370e
miniandroid/run/exp077/com.chessclock.android_29_exp077/test_matrix.json,884,2026-08-22T16:54:07.820942+00:00,JSON,HISTORICAL_EVIDENCE,77,928af0797e8d156c6c4fa802a5746fedbabc41cdea12427f5c755a7b86e01f70
miniandroid/run/exp077/com.chessclock.android_29_exp077/report.md,3054,2026-08-22T16:54:07.820942+00:00,REPORT_MD,HISTORICAL_EVIDENCE,77,
miniandroid/run/exp077/com.chessclock.android_29_exp077/golden/corpus.json,2017,2026-08-22T16:54:07.820942+00:00,JSON,REGRESSION_FIXTURE,77,647c390de845e1540e946c6b681469290a99023876e9b9d2a838bd76aaf6c50c
miniandroid/run/exp077/com.chessclock.android_29_exp077/database/android_api_frequency.json,267,2026-08-22T16:54:07.820942+00:00,JSON,GENERATED_OUTPUT,77,b7486b33602f60bc443de6ec1fa527efdb37ce1e26665c7ffadca4fe818ea9fe
miniandroid/run/exp077/com.chessclock.android_29_exp077/database/dex_opcode_frequency.json,219,2026-08-22T16:54:07.820942+00:00,JSON,GENERATED_OUTPUT,77,f7db13b55a884b1fd1000373491042334b8e4126355c7a9c95273bc3ebd1c80f
miniandroid/run/exp077/com.emmanuelmess.tictactoe_3_exp077/failure_report.json,1175,2026-08-22T16:54:07.821942+00:00,JSON,HISTORICAL_EVIDENCE,77,1cd16804342891b6ae39300f33f8c225625af678cf9d3f5f9d6d8ba7789534ae
miniandroid/run/exp077/com.emmanuelmess.tictactoe_3_exp077/application_runtime.json,3984,2026-08-22T16:54:07.820942+00:00,JSON,GENERATED_OUTPUT,77,
miniandroid/run/exp077/com.emmanuelmess.tictactoe_3_exp077/runtime_state_trace.json,3027,2026-08-22T16:54:07.821942+00:00,JSON,GENERATED_OUTPUT,77,
miniandroid/run/exp077/com.emmanuelmess.tictactoe_3_exp077/report.md.json,5129,2026-08-22T16:54:07.821942+00:00,JSON,GENERATED_OUTPUT,77,2cba053ffc67975b6780f6591acdcdc4461562163baadc3b4d9bb2920c44df04
miniandroid/run/exp077/com.emmanuelmess.tictactoe_3_exp077/test_matrix.json,870,2026-08-22T16:54:07.821942+00:00,JSON,HISTORICAL_EVIDENCE,77,1e35c43993ac4413b7f8eb76d896aafa68e7c331e9a199fe27665a05f6102598
miniandroid/run/exp077/com.emmanuelmess.tictactoe_3_exp077/golden_end_to_end.json,1295,2026-08-22T16:54:07.821942+00:00,JSON,GENERATED_OUTPUT,77,cfd80785607b930d9893f484536fe8bad11c7e55e91e938a1b378767d3664488
miniandroid/run/exp077/com.emmanuelmess.tictactoe_3_exp077/render_request.txt,452,2026-08-22T16:54:07.821942+00:00,TXT,GENERATED_OUTPUT,77,
miniandroid/run/exp077/com.emmanuelmess.tictactoe_3_exp077/exp077_rendered.png,2887,2026-08-22T16:54:07.821942+00:00,OTHER,GENERATED_OUTPUT,77,
miniandroid/run/exp077/com.emmanuelmess.tictactoe_3_exp077/runtime_component_map.json,1010,2026-08-22T16:54:07.821942+00:00,JSON,GENERATED_OUTPUT,77,f465676317475b6390a41c53057a9f2a7705fd14c41f0d08da1161f05bf28a94
miniandroid/run/exp077/com.emmanuelmess.tictactoe_3_exp077/report.md,3051,2026-08-22T16:54:07.821942+00:00,REPORT_MD,HISTORICAL_EVIDENCE,77,
miniandroid/run/exp077/com.emmanuelmess.tictactoe_3_exp077/golden/corpus.json,2017,2026-08-22T16:54:07.821942+00:00,JSON,REGRESSION_FIXTURE,77,647c390de845e1540e946c6b681469290a99023876e9b9d2a838bd76aaf6c50c
miniandroid/run/exp077/com.emmanuelmess.tictactoe_3_exp077/database/dex_opcode_frequency.json,219,2026-08-22T16:54:07.821942+00:00,JSON,GENERATED_OUTPUT,77,f7db13b55a884b1fd1000373491042334b8e4126355c7a9c95273bc3ebd1c80f
miniandroid/run/exp077/rkr.simplekeyboard.inputmethod_145_exp077/failure_report.json,1193,2026-08-22T16:54:07.852942+00:00,JSON,HISTORICAL_EVIDENCE,77,1d381567c2285ad74e91f2476ed2e1550733a703f64a90a8d0edf7d26cb085e3
miniandroid/run/exp077/rkr.simplekeyboard.inputmethod_145_exp077/application_runtime.json,4046,2026-08-22T16:54:07.852942+00:00,JSON,GENERATED_OUTPUT,77,
miniandroid/run/exp077/rkr.simplekeyboard.inputmethod_145_exp077/runtime_state_trace.json,3057,2026-08-22T16:54:07.852942+00:00,JSON,GENERATED_OUTPUT,77,f4a59ac908d2d55caef3c432aab7812c8c7fa8c1dd0a365c9afd1c10c2aff603
miniandroid/run/exp077/rkr.simplekeyboard.inputmethod_145_exp077/report.md.json,5140,2026-08-22T16:54:07.852942+00:00,JSON,GENERATED_OUTPUT,77,efd453a2e1ab9bff7ed21735abdd525db4b025c2c01030675d65f66ddf5d7c7b
miniandroid/run/exp077/rkr.simplekeyboard.inputmethod_145_exp077/test_matrix.json,876,2026-08-22T16:54:07.852942+00:00,JSON,HISTORICAL_EVIDENCE,77,86a1e01b27a9dc496196834fb05aba176c8aa51d10ef5b8c6263720a882f3541
miniandroid/run/exp077/rkr.simplekeyboard.inputmethod_145_exp077/golden_end_to_end.json,1321,2026-08-22T16:54:07.852942+00:00,JSON,GENERATED_OUTPUT,77,5e93846b35eb8ceb12e279fd5cd957a57d161654e18098bba0d47af237f4ecdd
miniandroid/run/exp077/rkr.simplekeyboard.inputmethod_145_exp077/render_request.txt,470,2026-08-22T16:54:07.852942+00:00,TXT,GENERATED_OUTPUT,77,
miniandroid/run/exp077/rkr.simplekeyboard.inputmethod_145_exp077/view_tree.json,63,2026-08-22T16:54:07.853942+00:00,VIEW_TREE_DUMP,GENERATED_OUTPUT,77,6e233a8d09bfab4ac799a6dfab91633ee1d926456961cb4ad6aceafbf76f01bb
miniandroid/run/exp077/rkr.simplekeyboard.inputmethod_145_exp077/runtime_component_map.json,1010,2026-08-22T16:54:07.852942+00:00,JSON,GENERATED_OUTPUT,77,61d1f45ee9ba64a942d5ec648dde6b98f4146e32b2a4a4d8e50ee7ec3fb78680
miniandroid/run/exp077/rkr.simplekeyboard.inputmethod_145_exp077/report.md,3062,2026-08-22T16:54:07.852942+00:00,REPORT_MD,HISTORICAL_EVIDENCE,77,
miniandroid/run/exp077/rkr.simplekeyboard.inputmethod_145_exp077/golden/corpus.json,2017,2026-08-22T16:54:07.852942+00:00,JSON,REGRESSION_FIXTURE,77,647c390de845e1540e946c6b681469290a99023876e9b9d2a838bd76aaf6c50c
miniandroid/run/exp077/rkr.simplekeyboard.inputmethod_145_exp077/database/dex_opcode_frequency.json,219,2026-08-22T16:54:07.852942+00:00,JSON,GENERATED_OUTPUT,77,f7db13b55a884b1fd1000373491042334b8e4126355c7a9c95273bc3ebd1c80f
miniandroid/run/exp077/dubrowgn.microtimer_8_exp077/failure_report.json,1154,2026-08-22T16:54:07.823942+00:00,JSON,HISTORICAL_EVIDENCE,77,fc467937234c5c24127912ebb9fff59216831a470f28f2daf742a7fd6c695e9c
miniandroid/run/exp077/dubrowgn.microtimer_8_exp077/application_runtime.json,3914,2026-08-22T16:54:07.823942+00:00,JSON,GENERATED_OUTPUT,77,
miniandroid/run/exp077/dubrowgn.microtimer_8_exp077/runtime_state_trace.json,2992,2026-08-22T16:54:07.824942+00:00,JSON,GENERATED_OUTPUT,77,
miniandroid/run/exp077/dubrowgn.microtimer_8_exp077/report.md.json,5114,2026-08-22T16:54:07.823942+00:00,JSON,GENERATED_OUTPUT,77,61fdda816302a5078a35bca3c322b5192f4b95ba40b1efa294a32664fed21910
miniandroid/run/exp077/dubrowgn.microtimer_8_exp077/test_matrix.json,863,2026-08-22T16:54:07.824942+00:00,JSON,HISTORICAL_EVIDENCE,77,6205e7043ed2e9c3496fa6a61cb3b6cd92b10d355af29f22fc08834cf4b23e08
miniandroid/run/exp077/dubrowgn.microtimer_8_exp077/golden_end_to_end.json,1278,2026-08-22T16:54:07.823942+00:00,JSON,GENERATED_OUTPUT,77,006587ad882453478cea6d3202fc00986e9bf1766ff803e4f7c5ab1e3264f6ee
miniandroid/run/exp077/dubrowgn.microtimer_8_exp077/render_request.txt,431,2026-08-22T16:54:07.823942+00:00,TXT,GENERATED_OUTPUT,77,
miniandroid/run/exp077/dubrowgn.microtimer_8_exp077/exp077_rendered.png,2887,2026-08-22T16:54:07.823942+00:00,OTHER,GENERATED_OUTPUT,77,
miniandroid/run/exp077/dubrowgn.microtimer_8_exp077/runtime_component_map.json,1010,2026-08-22T16:54:07.823942+00:00,JSON,GENERATED_OUTPUT,77,5bbb7ba31ed79171bff1bd981bd251fd587a51b7b5edeed3cd80b7bd8fdc2b7e
miniandroid/run/exp077/dubrowgn.microtimer_8_exp077/report.md,3036,2026-08-22T16:54:07.823942+00:00,REPORT_MD,HISTORICAL_EVIDENCE,77,
miniandroid/run/exp077/dubrowgn.microtimer_8_exp077/golden/corpus.json,2017,2026-08-22T16:54:07.823942+00:00,JSON,REGRESSION_FIXTURE,77,647c390de845e1540e946c6b681469290a99023876e9b9d2a838bd76aaf6c50c
miniandroid/run/exp077/dubrowgn.microtimer_8_exp077/database/dex_opcode_frequency.json,219,2026-08-22T16:54:07.823942+00:00,JSON,GENERATED_OUTPUT,77,f7db13b55a884b1fd1000373491042334b8e4126355c7a9c95273bc3ebd1c80f
miniandroid/run/exp077/app.varlorg.unote_30_exp077/failure_report.json,1151,2026-08-22T16:54:07.819942+00:00,JSON,HISTORICAL_EVIDENCE,77,effd5cbe686676f1d30ca91bfde3602142a2f272fa547e13a33f07b184c92d78
miniandroid/run/exp077/app.varlorg.unote_30_exp077/application_runtime.json,3890,2026-08-22T16:54:07.819942+00:00,JSON,GENERATED_OUTPUT,77,
miniandroid/run/exp077/app.varlorg.unote_30_exp077/runtime_state_trace.json,2977,2026-08-22T16:54:07.819942+00:00,JSON,GENERATED_OUTPUT,77,6b949180c236fa974f37509cb44243c15711cd1daa369531a21a08fa7419f63f
miniandroid/run/exp077/app.varlorg.unote_30_exp077/report.md.json,5113,2026-08-22T16:54:07.819942+00:00,JSON,GENERATED_OUTPUT,77,
miniandroid/run/exp077/app.varlorg.unote_30_exp077/test_matrix.json,862,2026-08-22T16:54:07.820942+00:00,JSON,HISTORICAL_EVIDENCE,77,38a43fc02653676ac694eedc23b7e58d065208467ef0140cfbd796e024f32f6f
miniandroid/run/exp077/app.varlorg.unote_30_exp077/golden_end_to_end.json,1271,2026-08-22T16:54:07.819942+00:00,JSON,GENERATED_OUTPUT,77,d5f33375a00b822473d9e206de081397642ac34c5b985cb8f18d1da25da0b226
miniandroid/run/exp077/app.varlorg.unote_30_exp077/render_request.txt,428,2026-08-22T16:54:07.819942+00:00,TXT,GENERATED_OUTPUT,77,
miniandroid/run/exp077/app.varlorg.unote_30_exp077/exp077_rendered.png,2887,2026-08-22T16:54:07.819942+00:00,OTHER,GENERATED_OUTPUT,77,
miniandroid/run/exp077/app.varlorg.unote_30_exp077/runtime_component_map.json,1010,2026-08-22T16:54:07.819942+00:00,JSON,GENERATED_OUTPUT,77,f465676317475b6390a41c53057a9f2a7705fd14c41f0d08da1161f05bf28a94
miniandroid/run/exp077/app.varlorg.unote_30_exp077/report.md,3035,2026-08-22T16:54:07.819942+00:00,REPORT_MD,HISTORICAL_EVIDENCE,77,
miniandroid/run/exp077/app.varlorg.unote_30_exp077/golden/corpus.json,2017,2026-08-22T16:54:07.819942+00:00,JSON,REGRESSION_FIXTURE,77,647c390de845e1540e946c6b681469290a99023876e9b9d2a838bd76aaf6c50c
miniandroid/run/exp077/app.varlorg.unote_30_exp077/database/dex_opcode_frequency.json,219,2026-08-22T16:54:07.819942+00:00,JSON,GENERATED_OUTPUT,77,f7db13b55a884b1fd1000373491042334b8e4126355c7a9c95273bc3ebd1c80f
miniandroid/run/exp066_baseline/render_provenance.json,3482,2026-08-22T16:54:07.644941+00:00,JSON,GENERATED_OUTPUT,66,
miniandroid/run/exp066_baseline/login_ui.png,17339,2026-08-22T16:54:07.644941+00:00,OTHER,GENERATED_OUTPUT,66,
miniandroid/run/exp066_baseline/login_debug.png,54510,2026-08-22T16:54:07.644941+00:00,OTHER,GENERATED_OUTPUT,66,
miniandroid/run/exp056_intent/failure_report.json,926,2026-08-22T16:54:07.530941+00:00,JSON,HISTORICAL_EVIDENCE,56,75e04cc12a264a06f2ddcbf3fe912542a4445d70553e6ceebe19971db7e10bd0
miniandroid/run/exp056_intent/application_runtime.json,3610,2026-08-22T16:54:07.530941+00:00,JSON,GENERATED_OUTPUT,56,11d8fd9adab559997f61021874bd455bfe8f7e72bd4be3c53bf9963cfccc3559
miniandroid/run/exp056_intent/runtime_state_trace.json,2849,2026-08-22T16:54:07.530941+00:00,JSON,GENERATED_OUTPUT,56,74eb9c4af2a100f952b0e5c89048c49edcd9dc563871f43e1b06ffec0f90c777
miniandroid/run/exp056_intent/report.md.json,4966,2026-08-22T16:54:07.530941+00:00,JSON,GENERATED_OUTPUT,56,6104c788fd3331e4dda685f0cf241be3a11ad0fca6f8a578d56eae0f54b71288
miniandroid/run/exp056_intent/test_matrix.json,787,2026-08-22T16:54:07.531941+00:00,JSON,HISTORICAL_EVIDENCE,56,63243b7d8fa6bf4b24d63c1375ade1f1f7e5ae90db5c2fd31b0eb49316d14a8e
miniandroid/run/exp056_intent/golden_end_to_end.json,1200,2026-08-22T16:54:07.530941+00:00,JSON,GENERATED_OUTPUT,56,f96fadfab1cd5194a3217e4ca4bb518fb94198f81257a40fcffd5a92c11d687e
miniandroid/run/exp056_intent/shadow_report.json,3859,2026-08-22T16:54:07.531941+00:00,JSON,GENERATED_OUTPUT,56,7b3cf7c1fbe981f2746547f4a6490b6b7b37a3413d8ce2ee06bda9f72c9e546f
miniandroid/run/exp056_intent/runtime_component_map.json,1010,2026-08-22T16:54:07.530941+00:00,JSON,GENERATED_OUTPUT,56,70b188a734db790c6d5b9b5372c27a51f13d2b125b468b6297bc2a4c4bfc0c60
miniandroid/run/exp056_intent/report.md,2877,2026-08-22T16:54:07.530941+00:00,REPORT_MD,HISTORICAL_EVIDENCE,56,
miniandroid/run/exp056_intent/golden/corpus.json,2017,2026-08-22T16:54:07.530941+00:00,JSON,REGRESSION_FIXTURE,56,647c390de845e1540e946c6b681469290a99023876e9b9d2a838bd76aaf6c50c
miniandroid/run/exp056_intent/database/dex_opcode_frequency.json,219,2026-08-22T16:54:07.530941+00:00,JSON,GENERATED_OUTPUT,56,f7db13b55a884b1fd1000373491042334b8e4126355c7a9c95273bc3ebd1c80f
miniandroid/run/exp070_run3/failure_report.json,926,2026-08-22T16:54:07.690942+00:00,JSON,HISTORICAL_EVIDENCE,70,e6eb6943199a41283edeb579813ba86c1aaa1bd02b833bd8f9c29bf10be187fc
miniandroid/run/exp070_run3/application_runtime.json,3607,2026-08-22T16:54:07.690942+00:00,JSON,GENERATED_OUTPUT,70,7dd572f876d8eca029d53e666dee118b0dd22613f5c119dd89d515c716f2056b
miniandroid/run/exp070_run3/runtime_state_trace.json,2849,2026-08-22T16:54:07.690942+00:00,JSON,GENERATED_OUTPUT,70,7f3025da41e26ec1393565c4fdc783dd868e4817d59c4d216e72d6bf0f692b2a
miniandroid/run/exp070_run3/report.md.json,4966,2026-08-22T16:54:07.690942+00:00,JSON,GENERATED_OUTPUT,70,9469adce7e8575904eb4f3afcc9bdc96ffdf0353783a5beac4da5b9ea602ff1e
miniandroid/run/exp070_run3/test_matrix.json,787,2026-08-22T16:54:07.691941+00:00,JSON,HISTORICAL_EVIDENCE,70,63243b7d8fa6bf4b24d63c1375ade1f1f7e5ae90db5c2fd31b0eb49316d14a8e
miniandroid/run/exp070_run3/golden_end_to_end.json,1200,2026-08-22T16:54:07.690942+00:00,JSON,GENERATED_OUTPUT,70,37cb405abc76cf9609e29a89403ef307ae822e99d73072bf05e1ca49180805d6
miniandroid/run/exp070_run3/render_request.txt,164,2026-08-22T16:54:07.690942+00:00,TXT,GENERATED_OUTPUT,70,
miniandroid/run/exp070_run3/runtime_component_map.json,1010,2026-08-22T16:54:07.690942+00:00,JSON,GENERATED_OUTPUT,70,6e6f17c8dfe85fdaa98718579eba2ff84cb337c8c04802412de26d8aff5b890b
miniandroid/run/exp070_run3/report.md,2876,2026-08-22T16:54:07.690942+00:00,REPORT_MD,HISTORICAL_EVIDENCE,70,
miniandroid/run/exp070_run3/golden/corpus.json,2017,2026-08-22T16:54:07.690942+00:00,JSON,REGRESSION_FIXTURE,70,647c390de845e1540e946c6b681469290a99023876e9b9d2a838bd76aaf6c50c
miniandroid/run/exp070_run3/database/dex_opcode_frequency.json,219,2026-08-22T16:54:07.690942+00:00,JSON,GENERATED_OUTPUT,70,f7db13b55a884b1fd1000373491042334b8e4126355c7a9c95273bc3ebd1c80f
miniandroid/run/exp071_run7/failure_report.json,926,2026-08-22T16:54:07.722942+00:00,JSON,HISTORICAL_EVIDENCE,71,be66375ae96b6699189ba73916a0660cbee795ed3d963fb9302ac82896054c53
miniandroid/run/exp071_run7/application_runtime.json,3602,2026-08-22T16:54:07.722942+00:00,JSON,GENERATED_OUTPUT,71,4be9238ef49ccb43db7deeb2a1f582cb4f1b00e47d9ea572880ee17ede4e10c8
miniandroid/run/exp071_run7/runtime_state_trace.json,2844,2026-08-22T16:54:07.722942+00:00,JSON,GENERATED_OUTPUT,71,23513700d79f3a5dc3659f1ab0aa87f76757cbc915edfb97cf34c6ec8360bcb6
miniandroid/run/exp071_run7/report.md.json,4967,2026-08-22T16:54:07.722942+00:00,JSON,GENERATED_OUTPUT,71,529add0a5ee406bcdf87ba620ad7cdfcc2c9cafced7dc195437618635fe0865e
miniandroid/run/exp071_run7/test_matrix.json,787,2026-08-22T16:54:07.722942+00:00,JSON,HISTORICAL_EVIDENCE,71,63243b7d8fa6bf4b24d63c1375ade1f1f7e5ae90db5c2fd31b0eb49316d14a8e
miniandroid/run/exp071_run7/golden_end_to_end.json,1200,2026-08-22T16:54:07.722942+00:00,JSON,GENERATED_OUTPUT,71,7df94de40c8da12f49f52c30db58da1e05f969d27602c8da3e248dff2da484c4
miniandroid/run/exp071_run7/render_request.txt,164,2026-08-22T16:54:07.722942+00:00,TXT,GENERATED_OUTPUT,71,
miniandroid/run/exp071_run7/runtime_component_map.json,1010,2026-08-22T16:54:07.722942+00:00,JSON,GENERATED_OUTPUT,71,1fec3e44dc5141694c33bbeb555033609049152c12c0a224c739a496ae972561
miniandroid/run/exp071_run7/report.md,2876,2026-08-22T16:54:07.722942+00:00,REPORT_MD,HISTORICAL_EVIDENCE,71,
miniandroid/run/exp071_run7/golden/corpus.json,2017,2026-08-22T16:54:07.722942+00:00,JSON,REGRESSION_FIXTURE,71,647c390de845e1540e946c6b681469290a99023876e9b9d2a838bd76aaf6c50c
miniandroid/run/exp071_run7/database/dex_opcode_frequency.json,219,2026-08-22T16:54:07.722942+00:00,JSON,GENERATED_OUTPUT,71,f7db13b55a884b1fd1000373491042334b8e4126355c7a9c95273bc3ebd1c80f
miniandroid/run/exp058_iface/failure_report.json,926,2026-08-22T16:54:07.553941+00:00,JSON,HISTORICAL_EVIDENCE,58,0858d6c52788f4029accedf9c39df92e10284bb35c8248c4e8b22c4db3c9a3da
miniandroid/run/exp058_iface/application_runtime.json,3610,2026-08-22T16:54:07.553941+00:00,JSON,GENERATED_OUTPUT,58,64cd36480eca56000990ff78755808cac7ca40c74422599f2ee7d3188ec80508
miniandroid/run/exp058_iface/runtime_state_trace.json,2851,2026-08-22T16:54:07.554941+00:00,JSON,GENERATED_OUTPUT,58,0ec3b01a26241d084258f3d36ed394195eef1f444ad8c37a32663ae3132465a6
miniandroid/run/exp058_iface/report.md.json,4966,2026-08-22T16:54:07.554941+00:00,JSON,GENERATED_OUTPUT,58,074a089a565ba21905f53415ac5b066023b31ca13e97b6ed9373fea02fa28a0c
miniandroid/run/exp058_iface/test_matrix.json,787,2026-08-22T16:54:07.554941+00:00,JSON,HISTORICAL_EVIDENCE,58,63243b7d8fa6bf4b24d63c1375ade1f1f7e5ae90db5c2fd31b0eb49316d14a8e
miniandroid/run/exp058_iface/golden_end_to_end.json,1200,2026-08-22T16:54:07.553941+00:00,JSON,GENERATED_OUTPUT,58,ce29aefc65e7d09891c70de34cb9fe6f057581e88b3039231efa5ffcab20a091
miniandroid/run/exp058_iface/runtime_component_map.json,1010,2026-08-22T16:54:07.554941+00:00,JSON,GENERATED_OUTPUT,58,b698020ceaac366f46df0e8edc0005931aaa07a21cbc6dfb0178d4fcc8800392
miniandroid/run/exp058_iface/report.md,2876,2026-08-22T16:54:07.554941+00:00,REPORT_MD,HISTORICAL_EVIDENCE,58,
miniandroid/run/exp058_iface/golden/corpus.json,2017,2026-08-22T16:54:07.553941+00:00,JSON,REGRESSION_FIXTURE,58,647c390de845e1540e946c6b681469290a99023876e9b9d2a838bd76aaf6c50c
miniandroid/run/exp058_iface/database/dex_opcode_frequency.json,219,2026-08-22T16:54:07.553941+00:00,JSON,GENERATED_OUTPUT,58,f7db13b55a884b1fd1000373491042334b8e4126355c7a9c95273bc3ebd1c80f
miniandroid/run/exp063_res/failure_report.json,926,2026-08-22T16:54:07.615941+00:00,JSON,HISTORICAL_EVIDENCE,63,d20f6205452bb92d2fa55325eda54b3fa4481caffeba898f598330c6456fdc71
miniandroid/run/exp063_res/application_runtime.json,3606,2026-08-22T16:54:07.615941+00:00,JSON,GENERATED_OUTPUT,63,2829a33ddb52a1e5cdc420815899b102f6c3fb76e5d6a94743f6a604eb1d0d45
miniandroid/run/exp063_res/runtime_state_trace.json,2850,2026-08-22T16:54:07.615941+00:00,JSON,GENERATED_OUTPUT,63,07dbe92276b8b357e7d3c6e7aadba83af1f7a1d3763683f83503ceb2f799590d
miniandroid/run/exp063_res/report.md.json,4966,2026-08-22T16:54:07.615941+00:00,JSON,GENERATED_OUTPUT,63,5c11c70566da10fe9116f7995f2609ec39dbae8c9ea63d9ec52c75ce5436987b
miniandroid/run/exp063_res/test_matrix.json,787,2026-08-22T16:54:07.616941+00:00,JSON,HISTORICAL_EVIDENCE,63,63243b7d8fa6bf4b24d63c1375ade1f1f7e5ae90db5c2fd31b0eb49316d14a8e
miniandroid/run/exp063_res/golden_end_to_end.json,1200,2026-08-22T16:54:07.615941+00:00,JSON,GENERATED_OUTPUT,63,5f0eda0d7a50de6d0d2a31fbccd44c5aa9b0f425f7b1c33e4a77804744aa9a38
miniandroid/run/exp063_res/render_request.txt,161,2026-08-22T16:54:07.615941+00:00,TXT,GENERATED_OUTPUT,63,
miniandroid/run/exp063_res/runtime_component_map.json,1010,2026-08-22T16:54:07.615941+00:00,JSON,GENERATED_OUTPUT,63,aa2a01a6ca58f52633f8520a5b97fad1ab038d844d89e4dd3a82deb1c3f55823
miniandroid/run/exp063_res/report.md,2874,2026-08-22T16:54:07.615941+00:00,REPORT_MD,HISTORICAL_EVIDENCE,63,
miniandroid/run/exp063_res/golden/corpus.json,2017,2026-08-22T16:54:07.615941+00:00,JSON,REGRESSION_FIXTURE,63,647c390de845e1540e946c6b681469290a99023876e9b9d2a838bd76aaf6c50c
miniandroid/run/exp063_res/database/dex_opcode_frequency.json,219,2026-08-22T16:54:07.615941+00:00,JSON,GENERATED_OUTPUT,63,f7db13b55a884b1fd1000373491042334b8e4126355c7a9c95273bc3ebd1c80f
miniandroid/run/exp043_phase5/b_infinite_loop/failure_report.json,1118,2026-08-15T21:06:19+00:00,JSON,HISTORICAL_EVIDENCE,43,6acf6384d58391e7928a5604deea4588fc62c725f22108c763ad5e25778c0658
miniandroid/run/exp043_phase5/b_infinite_loop/application_runtime.json,3872,2026-08-15T21:06:19+00:00,JSON,GENERATED_OUTPUT,43,
miniandroid/run/exp043_phase5/b_infinite_loop/runtime_state_trace.json,2966,2026-08-15T21:06:19+00:00,JSON,GENERATED_OUTPUT,43,449e22c4ba469cb836df88ad3bf2c4975b750317902d942d72ac293d4eada819
miniandroid/run/exp043_phase5/b_infinite_loop/report.md.json,5092,2026-08-15T21:06:19+00:00,JSON,GENERATED_OUTPUT,43,2e359a3e2f7f9af4fde4ef1501fb4aa94cf799a44c93481ca8a39b7a2e359050
miniandroid/run/exp043_phase5/b_infinite_loop/test_matrix.json,851,2026-08-15T21:06:19+00:00,JSON,HISTORICAL_EVIDENCE,43,6f3afc995ca6990f07ca092b6478ca8a92f885268aa73dd42aa6c10c42973ed3
miniandroid/run/exp043_phase5/b_infinite_loop/golden_end_to_end.json,1268,2026-08-15T21:06:19+00:00,JSON,GENERATED_OUTPUT,43,e30c354d4403ba5c8d9971117ef32bf1eec543b499db114f1cd481dfaa863ac7
miniandroid/run/exp043_phase5/b_infinite_loop/runtime_component_map.json,1010,2026-08-15T21:06:19+00:00,JSON,GENERATED_OUTPUT,43,3e0a45589b47c9c31f6836d5b959312211a6c383641406fa78d77ce75fc671c4
miniandroid/run/exp043_phase5/b_infinite_loop/report.md,3020,2026-08-15T21:06:19+00:00,REPORT_MD,HISTORICAL_EVIDENCE,43,
miniandroid/run/exp043_phase5/b_infinite_loop/golden/corpus.json,2017,2026-08-15T21:06:19+00:00,JSON,REGRESSION_FIXTURE,43,647c390de845e1540e946c6b681469290a99023876e9b9d2a838bd76aaf6c50c
miniandroid/run/exp043_phase5/b_infinite_loop/database/android_api_frequency.json,2693,2026-08-15T21:06:19+00:00,JSON,GENERATED_OUTPUT,43,af519e052dc38b1cbd20222574b49df58331d6af03f81e84fa7050d4342cdcbb
miniandroid/run/exp043_phase5/b_infinite_loop/database/dex_opcode_frequency.json,219,2026-08-15T21:06:19+00:00,JSON,GENERATED_OUTPUT,43,f7db13b55a884b1fd1000373491042334b8e4126355c7a9c95273bc3ebd1c80f
miniandroid/run/exp043_phase5/a_finite_loop/failure_report.json,1112,2026-08-15T21:06:18+00:00,JSON,HISTORICAL_EVIDENCE,43,ad40cec78d1f67c5a1caccf54243b3165389d3254279283230b96338132feb1e
miniandroid/run/exp043_phase5/a_finite_loop/application_runtime.json,3854,2026-08-15T21:06:18+00:00,JSON,GENERATED_OUTPUT,43,
miniandroid/run/exp043_phase5/a_finite_loop/runtime_state_trace.json,2956,2026-08-15T21:06:18+00:00,JSON,GENERATED_OUTPUT,43,5444e7827637698784309b766ecc3da5f38cb1f2495ed9fa3803523df29afdce
miniandroid/run/exp043_phase5/a_finite_loop/report.md.json,5086,2026-08-15T21:06:18+00:00,JSON,GENERATED_OUTPUT,43,15f17a3db728e05accb6fe54dcca7e742bc5d609404bfb1b26d0a501ae0c440a
miniandroid/run/exp043_phase5/a_finite_loop/test_matrix.json,849,2026-08-15T21:06:18+00:00,JSON,HISTORICAL_EVIDENCE,43,ae20c31f8ca973532150edc5c4de7691c98e6606049a0012b802626039fd7781
miniandroid/run/exp043_phase5/a_finite_loop/golden_end_to_end.json,1264,2026-08-15T21:06:18+00:00,JSON,GENERATED_OUTPUT,43,17c35288c1827331fcee739d8e693b9f08f27fa83e1ade1262ed5ebe0318db8c
miniandroid/run/exp043_phase5/a_finite_loop/runtime_component_map.json,1010,2026-08-15T21:06:18+00:00,JSON,GENERATED_OUTPUT,43,ee906d52371d8e19e4599c450632bc36f41780d8b37e19ceab6ec483e853b890
miniandroid/run/exp043_phase5/a_finite_loop/report.md,3014,2026-08-15T21:06:18+00:00,REPORT_MD,HISTORICAL_EVIDENCE,43,
miniandroid/run/exp043_phase5/a_finite_loop/golden/corpus.json,2017,2026-08-15T21:06:18+00:00,JSON,REGRESSION_FIXTURE,43,647c390de845e1540e946c6b681469290a99023876e9b9d2a838bd76aaf6c50c
miniandroid/run/exp043_phase5/a_finite_loop/database/android_api_frequency.json,2691,2026-08-15T21:06:18+00:00,JSON,GENERATED_OUTPUT,43,
miniandroid/run/exp043_phase5/a_finite_loop/database/dex_opcode_frequency.json,219,2026-08-15T21:06:18+00:00,JSON,GENERATED_OUTPUT,43,f7db13b55a884b1fd1000373491042334b8e4126355c7a9c95273bc3ebd1c80f
miniandroid/run/exp063_baseline/failure_report.json,926,2026-08-22T16:54:07.597941+00:00,JSON,HISTORICAL_EVIDENCE,63,ffc791b24c7b159eabe8a5a8a3047bd1633d99220a9885977aaac7456e796410
miniandroid/run/exp063_baseline/application_runtime.json,3614,2026-08-22T16:54:07.597941+00:00,JSON,GENERATED_OUTPUT,63,a21b4330d871a9ea1307031c30d63a5a2447aae98f3b6e84d764ce8488e6152b
miniandroid/run/exp063_baseline/runtime_state_trace.json,2848,2026-08-22T16:54:07.597941+00:00,JSON,GENERATED_OUTPUT,63,3bb5a9979656096e37ef1d36fd6f23d11df80d560e18fd66030c4f2ceca1434f
miniandroid/run/exp063_baseline/report.md.json,4966,2026-08-22T16:54:07.597941+00:00,JSON,GENERATED_OUTPUT,63,dc09e1108266f5163e755f09b8b8ae3022f5171a18a38435440892759f6a9ba4
miniandroid/run/exp063_baseline/test_matrix.json,787,2026-08-22T16:54:07.598941+00:00,JSON,HISTORICAL_EVIDENCE,63,63243b7d8fa6bf4b24d63c1375ade1f1f7e5ae90db5c2fd31b0eb49316d14a8e
miniandroid/run/exp063_baseline/golden_end_to_end.json,1200,2026-08-22T16:54:07.597941+00:00,JSON,GENERATED_OUTPUT,63,011cc4e2ed0d0df3624f1cad4c204d33b16bde402c1aa75f5ccb4789ff62ec7f
miniandroid/run/exp063_baseline/render_request.txt,176,2026-08-22T16:54:07.597941+00:00,TXT,GENERATED_OUTPUT,63,
miniandroid/run/exp063_baseline/runtime_component_map.json,1010,2026-08-22T16:54:07.597941+00:00,JSON,GENERATED_OUTPUT,63,529f4ff41de21f28203aa87b4cb7d5e270beac60d310d61d2a1066ec0f241017
miniandroid/run/exp063_baseline/report.md,2879,2026-08-22T16:54:07.597941+00:00,REPORT_MD,HISTORICAL_EVIDENCE,63,
miniandroid/run/exp063_baseline/golden/corpus.json,2017,2026-08-22T16:54:07.597941+00:00,JSON,REGRESSION_FIXTURE,63,647c390de845e1540e946c6b681469290a99023876e9b9d2a838bd76aaf6c50c
miniandroid/run/exp063_baseline/database/dex_opcode_frequency.json,219,2026-08-22T16:54:07.597941+00:00,JSON,GENERATED_OUTPUT,63,f7db13b55a884b1fd1000373491042334b8e4126355c7a9c95273bc3ebd1c80f
miniandroid/run/exp062_array/render_provenance.json,4477,2026-08-22T16:54:07.571941+00:00,JSON,GENERATED_OUTPUT,62,2ffc367e6bfc2e642cba5c1830544799b2e458cfc5709b6f0baa9cd8e625203a
miniandroid/run/exp062_array/failure_report.json,926,2026-08-22T16:54:07.571941+00:00,JSON,HISTORICAL_EVIDENCE,62,3269109da9cefdeb6de4fb575634451cc6104f50e7cb4506000043d0c28ca2fe
miniandroid/run/exp062_array/application_runtime.json,3604,2026-08-22T16:54:07.571941+00:00,JSON,GENERATED_OUTPUT,62,e2d5c9423253c7910a8602de38332d3926248882d2fdbe8c8160e9c5eecbbd3f
miniandroid/run/exp062_array/runtime_state_trace.json,2844,2026-08-22T16:54:07.572941+00:00,JSON,GENERATED_OUTPUT,62,43a3d13720fdb7f30ccc7666dbcf56a4121057bafec479212fd5a305538b05cd
miniandroid/run/exp062_array/report.md.json,4967,2026-08-22T16:54:07.572941+00:00,JSON,GENERATED_OUTPUT,62,d2d989daabc21a6f184e82536afe02588c7714a5f391df8efdac577c9128d985
miniandroid/run/exp062_array/test_matrix.json,787,2026-08-22T16:54:07.572941+00:00,JSON,HISTORICAL_EVIDENCE,62,63243b7d8fa6bf4b24d63c1375ade1f1f7e5ae90db5c2fd31b0eb49316d14a8e
miniandroid/run/exp062_array/golden_end_to_end.json,1200,2026-08-22T16:54:07.571941+00:00,JSON,GENERATED_OUTPUT,62,3f6d74fb34c799d6cd0f300ccbfa09042ebe06afde427c71b6e86acd18b3b43b
miniandroid/run/exp062_array/login_screen.png,21965,2026-08-22T16:54:07.571941+00:00,OTHER,GENERATED_OUTPUT,62,
miniandroid/run/exp062_array/render_request.txt,167,2026-08-22T16:54:07.571941+00:00,TXT,GENERATED_OUTPUT,62,
miniandroid/run/exp062_array/shadow_report.json,3968,2026-08-22T16:54:07.572941+00:00,JSON,GENERATED_OUTPUT,62,727989adfe4629830fb90e155f31ef497188e983849a70b6f2101769941c4262
miniandroid/run/exp062_array/view_tree.json,526073,2026-08-22T16:54:07.574941+00:00,VIEW_TREE_DUMP,GENERATED_OUTPUT,62,85d6948db5e7e9e1b6213d7be3c8d2fb19855bfa078915b283925ef6a833d066
miniandroid/run/exp062_array/runtime_component_map.json,1010,2026-08-22T16:54:07.572941+00:00,JSON,GENERATED_OUTPUT,62,e27de38dccde805e801afd5f9c73ce7904dcb1e9041c0a74ba336740b7960f36
miniandroid/run/exp062_array/login_screen_debug.png,21989,2026-08-22T16:54:07.571941+00:00,OTHER,GENERATED_OUTPUT,62,
miniandroid/run/exp062_array/report.md,2877,2026-08-22T16:54:07.571941+00:00,REPORT_MD,HISTORICAL_EVIDENCE,62,
miniandroid/run/exp062_array/golden/corpus.json,2017,2026-08-22T16:54:07.571941+00:00,JSON,REGRESSION_FIXTURE,62,647c390de845e1540e946c6b681469290a99023876e9b9d2a838bd76aaf6c50c
miniandroid/run/exp062_array/database/dex_opcode_frequency.json,219,2026-08-22T16:54:07.571941+00:00,JSON,GENERATED_OUTPUT,62,f7db13b55a884b1fd1000373491042334b8e4126355c7a9c95273bc3ebd1c80f
miniandroid/run/exp075/exp075_results.json,3432,2026-08-22T16:54:07.753942+00:00,JSON,GENERATED_OUTPUT,75,
miniandroid/run/exp075/de.duenndns.gmdice_8_exp075/failure_report.json,1160,2026-08-22T16:54:07.752942+00:00,JSON,HISTORICAL_EVIDENCE,75,e5c83aad730e3ef1094be87df7e2cc530ffc729069812e6fbaeada35394fc1fc
miniandroid/run/exp075/de.duenndns.gmdice_8_exp075/application_runtime.json,3913,2026-08-22T16:54:07.752942+00:00,JSON,GENERATED_OUTPUT,75,
miniandroid/run/exp075/de.duenndns.gmdice_8_exp075/runtime_state_trace.json,2995,2026-08-22T16:54:07.752942+00:00,JSON,GENERATED_OUTPUT,75,
miniandroid/run/exp075/de.duenndns.gmdice_8_exp075/report.md.json,5118,2026-08-22T16:54:07.752942+00:00,JSON,GENERATED_OUTPUT,75,8e83be9dec6e712c10bab2c84969854f0f42293cf25e38e5b49b6cc44bc99b5c
miniandroid/run/exp075/de.duenndns.gmdice_8_exp075/test_matrix.json,865,2026-08-22T16:54:07.753942+00:00,JSON,HISTORICAL_EVIDENCE,75,ea128f664f5253aafcc9fa80de7dbb3377e6ff4cb392642a6db1a7eca4910cf7
miniandroid/run/exp075/de.duenndns.gmdice_8_exp075/golden_end_to_end.json,1281,2026-08-22T16:54:07.752942+00:00,JSON,GENERATED_OUTPUT,75,583473d6f2aa4bda75516ed55bacd748e1db69f509b48a82b3bf23bee389529f
miniandroid/run/exp075/de.duenndns.gmdice_8_exp075/render_request.txt,428,2026-08-22T16:54:07.752942+00:00,TXT,GENERATED_OUTPUT,75,
miniandroid/run/exp075/de.duenndns.gmdice_8_exp075/exp075_rendered.png,2887,2026-08-22T16:54:07.752942+00:00,OTHER,GENERATED_OUTPUT,75,
miniandroid/run/exp075/de.duenndns.gmdice_8_exp075/shadow_report.json,3934,2026-08-22T16:54:07.753942+00:00,JSON,GENERATED_OUTPUT,75,857668c72e7b91db34d0431009e7e20c689fe6174f45aeeb67c3c9b85b05d8e0
miniandroid/run/exp075/de.duenndns.gmdice_8_exp075/view_tree.json,520,2026-08-22T16:54:07.753942+00:00,VIEW_TREE_DUMP,GENERATED_OUTPUT,75,1d9cb9f45ffd768af0c5fb2266f4f8a355a78d0d79351e93620f37061c3e4a4b
miniandroid/run/exp075/de.duenndns.gmdice_8_exp075/runtime_component_map.json,1010,2026-08-22T16:54:07.752942+00:00,JSON,GENERATED_OUTPUT,75,b8ac57ba807333a27dd72f28d2afbac94e8868ea7db97af6768607da3ee0177d
miniandroid/run/exp075/de.duenndns.gmdice_8_exp075/report.md,3037,2026-08-22T16:54:07.752942+00:00,REPORT_MD,HISTORICAL_EVIDENCE,75,
miniandroid/run/exp075/de.duenndns.gmdice_8_exp075/golden/corpus.json,2017,2026-08-22T16:54:07.752942+00:00,JSON,REGRESSION_FIXTURE,75,647c390de845e1540e946c6b681469290a99023876e9b9d2a838bd76aaf6c50c
miniandroid/run/exp075/de.duenndns.gmdice_8_exp075/database/dex_opcode_frequency.json,219,2026-08-22T16:54:07.752942+00:00,JSON,GENERATED_OUTPUT,75,f7db13b55a884b1fd1000373491042334b8e4126355c7a9c95273bc3ebd1c80f
miniandroid/run/exp075/org.debian.eugen.headingcalculator_1_exp075/failure_report.json,1208,2026-08-22T16:54:07.757942+00:00,JSON,HISTORICAL_EVIDENCE,75,d5eea08b290fcd93e285b639523fb246eb31a3b66a2331978ce740279684885d
miniandroid/run/exp075/org.debian.eugen.headingcalculator_1_exp075/application_runtime.json,4035,2026-08-22T16:54:07.756942+00:00,JSON,GENERATED_OUTPUT,75,e8b879438050193818ae3b225c13162a1af8d6f48de4150509fba76c283dddf6
miniandroid/run/exp075/org.debian.eugen.headingcalculator_1_exp075/runtime_state_trace.json,3055,2026-08-22T16:54:07.757942+00:00,JSON,GENERATED_OUTPUT,75,31846451c42a0a6bf379a7847e2cf272d4fa8831a963dedc96d5bafe0d5fedaf
miniandroid/run/exp075/org.debian.eugen.headingcalculator_1_exp075/report.md.json,5150,2026-08-22T16:54:07.757942+00:00,JSON,GENERATED_OUTPUT,75,8f492ca9909f735bc20c6e6c78faa6e9524bc273f169667f2035cba1de602523
miniandroid/run/exp075/org.debian.eugen.headingcalculator_1_exp075/test_matrix.json,881,2026-08-22T16:54:07.757942+00:00,JSON,HISTORICAL_EVIDENCE,75,adb36a9a131ba6b92c669fcd773d9ae4b0e1b42d4072292a1ffaf1b62a5047aa
miniandroid/run/exp075/org.debian.eugen.headingcalculator_1_exp075/golden_end_to_end.json,1311,2026-08-22T16:54:07.757942+00:00,JSON,GENERATED_OUTPUT,75,8b516d6abba21d06b926f9d804d121974414415a289d9462e494b5e4de37065d
miniandroid/run/exp075/org.debian.eugen.headingcalculator_1_exp075/render_request.txt,476,2026-08-22T16:54:07.757942+00:00,TXT,GENERATED_OUTPUT,75,
miniandroid/run/exp075/org.debian.eugen.headingcalculator_1_exp075/exp075_rendered.png,8366,2026-08-22T16:54:07.757942+00:00,OTHER,GENERATED_OUTPUT,75,
miniandroid/run/exp075/org.debian.eugen.headingcalculator_1_exp075/view_tree.json,2310,2026-08-22T16:54:07.757942+00:00,VIEW_TREE_DUMP,GENERATED_OUTPUT,75,
miniandroid/run/exp075/org.debian.eugen.headingcalculator_1_exp075/runtime_component_map.json,1010,2026-08-22T16:54:07.757942+00:00,JSON,GENERATED_OUTPUT,75,ca6b87bc1c6fe8c82daff4e9216f499d3f4c7fcb1d7a9450450fe4705e886530
miniandroid/run/exp075/org.debian.eugen.headingcalculator_1_exp075/report.md,3069,2026-08-22T16:54:07.757942+00:00,REPORT_MD,HISTORICAL_EVIDENCE,75,
miniandroid/run/exp075/org.debian.eugen.headingcalculator_1_exp075/golden/corpus.json,2017,2026-08-22T16:54:07.757942+00:00,JSON,REGRESSION_FIXTURE,75,647c390de845e1540e946c6b681469290a99023876e9b9d2a838bd76aaf6c50c
miniandroid/run/exp075/org.debian.eugen.headingcalculator_1_exp075/database/dex_opcode_frequency.json,219,2026-08-22T16:54:07.756942+00:00,JSON,GENERATED_OUTPUT,75,f7db13b55a884b1fd1000373491042334b8e4126355c7a9c95273bc3ebd1c80f
miniandroid/run/exp075/com.chessclock.android_29_exp075/report.md.json,5144,2026-08-22T16:54:07.752942+00:00,JSON,GENERATED_OUTPUT,75,523336dd54e6dacf257028dc489a5506041cd8372a196bbb05e495a684cf25bc
miniandroid/run/exp075/com.chessclock.android_29_exp075/test_matrix.json,884,2026-08-22T16:54:07.752942+00:00,JSON,HISTORICAL_EVIDENCE,75,928af0797e8d156c6c4fa802a5746fedbabc41cdea12427f5c755a7b86e01f70
miniandroid/run/exp075/com.chessclock.android_29_exp075/report.md,3054,2026-08-22T16:54:07.752942+00:00,REPORT_MD,HISTORICAL_EVIDENCE,75,
miniandroid/run/exp075/com.chessclock.android_29_exp075/golden/corpus.json,2017,2026-08-22T16:54:07.752942+00:00,JSON,REGRESSION_FIXTURE,75,647c390de845e1540e946c6b681469290a99023876e9b9d2a838bd76aaf6c50c
miniandroid/run/exp075/com.chessclock.android_29_exp075/database/android_api_frequency.json,267,2026-08-22T16:54:07.752942+00:00,JSON,GENERATED_OUTPUT,75,b7486b33602f60bc443de6ec1fa527efdb37ce1e26665c7ffadca4fe818ea9fe
miniandroid/run/exp075/com.chessclock.android_29_exp075/database/dex_opcode_frequency.json,219,2026-08-22T16:54:07.752942+00:00,JSON,GENERATED_OUTPUT,75,f7db13b55a884b1fd1000373491042334b8e4126355c7a9c95273bc3ebd1c80f
miniandroid/run/exp075/org.billthefarmer.notes_139_exp075/failure_report.json,1181,2026-08-22T16:54:07.755942+00:00,JSON,HISTORICAL_EVIDENCE,75,9827d2b11952697604b0898db5c06b99dbbf7190d564d420e2766eb7cd5ebc25
miniandroid/run/exp075/org.billthefarmer.notes_139_exp075/application_runtime.json,3945,2026-08-22T16:54:07.755942+00:00,JSON,GENERATED_OUTPUT,75,442e19bc6a0f2c57e43272cde55cd94af96973501894c45e35841bb2ee1cb5de
miniandroid/run/exp075/org.billthefarmer.notes_139_exp075/runtime_state_trace.json,3008,2026-08-22T16:54:07.756942+00:00,JSON,GENERATED_OUTPUT,75,726c73fb472eea37b4f3ee0d6376b18bed2aee1c186d39890e3e7385c371f54a
miniandroid/run/exp075/org.billthefarmer.notes_139_exp075/report.md.json,5135,2026-08-22T16:54:07.755942+00:00,JSON,GENERATED_OUTPUT,75,9d18f6f3f9ad84bfdb5862e01382e2425c902d8c624582ca69e74c04e5906a58
miniandroid/run/exp075/org.billthefarmer.notes_139_exp075/test_matrix.json,872,2026-08-22T16:54:07.756942+00:00,JSON,HISTORICAL_EVIDENCE,75,57f8683e146ab2c870efc5881d4fa9739fd9570dc5b9138b0e7720c16f92b243
miniandroid/run/exp075/org.billthefarmer.notes_139_exp075/golden_end_to_end.json,1284,2026-08-22T16:54:07.755942+00:00,JSON,GENERATED_OUTPUT,75,d5476be1048941cc1946fd5e81064894ca1ff7a2cc641755b6729e688bcbca7c
miniandroid/run/exp075/org.billthefarmer.notes_139_exp075/render_request.txt,449,2026-08-22T16:54:07.755942+00:00,TXT,GENERATED_OUTPUT,75,
miniandroid/run/exp075/org.billthefarmer.notes_139_exp075/exp075_rendered.png,2887,2026-08-22T16:54:07.755942+00:00,OTHER,GENERATED_OUTPUT,75,
miniandroid/run/exp075/org.billthefarmer.notes_139_exp075/shadow_report.json,3963,2026-08-22T16:54:07.756942+00:00,JSON,GENERATED_OUTPUT,75,
miniandroid/run/exp075/org.billthefarmer.notes_139_exp075/view_tree.json,56512,2026-08-22T16:54:07.756942+00:00,VIEW_TREE_DUMP,GENERATED_OUTPUT,75,
miniandroid/run/exp075/org.billthefarmer.notes_139_exp075/runtime_component_map.json,1010,2026-08-22T16:54:07.755942+00:00,JSON,GENERATED_OUTPUT,75,7a388fe99bec13548aee9bba07a2d3a80b98bbb7e95683a7a0be3d96005e8f5c
miniandroid/run/exp075/org.billthefarmer.notes_139_exp075/report.md,3054,2026-08-22T16:54:07.755942+00:00,REPORT_MD,HISTORICAL_EVIDENCE,75,
miniandroid/run/exp075/org.billthefarmer.notes_139_exp075/golden/corpus.json,2017,2026-08-22T16:54:07.755942+00:00,JSON,REGRESSION_FIXTURE,75,647c390de845e1540e946c6b681469290a99023876e9b9d2a838bd76aaf6c50c
miniandroid/run/exp075/org.billthefarmer.notes_139_exp075/database/android_api_frequency.json,15303,2026-08-22T16:54:07.755942+00:00,JSON,GENERATED_OUTPUT,75,
miniandroid/run/exp075/org.billthefarmer.notes_139_exp075/database/dex_opcode_frequency.json,219,2026-08-22T16:54:07.755942+00:00,JSON,GENERATED_OUTPUT,75,f7db13b55a884b1fd1000373491042334b8e4126355c7a9c95273bc3ebd1c80f
miniandroid/run/exp075/omegacentauri.mobi.simplestopwatch_26_exp075/failure_report.json,1211,2026-08-22T16:54:07.754942+00:00,JSON,HISTORICAL_EVIDENCE,75,020f093ff9eb6b8bce02cff4da16af7651c47ff3faba58e7978e092c257d650d
miniandroid/run/exp075/omegacentauri.mobi.simplestopwatch_26_exp075/application_runtime.json,4038,2026-08-22T16:54:07.754942+00:00,JSON,GENERATED_OUTPUT,75,28df4cd1734ba0294a560c0cdc749f328435ce631d7691ef9db946fc5bb87215
miniandroid/run/exp075/omegacentauri.mobi.simplestopwatch_26_exp075/runtime_state_trace.json,3057,2026-08-22T16:54:07.754942+00:00,JSON,GENERATED_OUTPUT,75,bca452982d3af1158cc2f0cbe2f4a252a2cd66ef2d2359a70dc1acfd0dd6a9c8
miniandroid/run/exp075/omegacentauri.mobi.simplestopwatch_26_exp075/report.md.json,5152,2026-08-22T16:54:07.754942+00:00,JSON,GENERATED_OUTPUT,75,10ea8b31e9143aa2ea020c737387cbfd783235aa5b1b64ff5936b648094f2ed5
miniandroid/run/exp075/omegacentauri.mobi.simplestopwatch_26_exp075/test_matrix.json,882,2026-08-22T16:54:07.755942+00:00,JSON,HISTORICAL_EVIDENCE,75,8b1a8c1f6471cded13e456370309fc5c084f4f95339e86a5f149f7d78600f91a
miniandroid/run/exp075/omegacentauri.mobi.simplestopwatch_26_exp075/golden_end_to_end.json,1309,2026-08-22T16:54:07.754942+00:00,JSON,GENERATED_OUTPUT,75,d8b143ff11db0dfe4679ec0edec73a76ea5db4f007afe69cad2b6354914fd4f3
miniandroid/run/exp075/omegacentauri.mobi.simplestopwatch_26_exp075/render_request.txt,479,2026-08-22T16:54:07.754942+00:00,TXT,GENERATED_OUTPUT,75,
miniandroid/run/exp075/omegacentauri.mobi.simplestopwatch_26_exp075/exp075_rendered.png,2887,2026-08-22T16:54:07.754942+00:00,OTHER,GENERATED_OUTPUT,75,
miniandroid/run/exp075/omegacentauri.mobi.simplestopwatch_26_exp075/shadow_report.json,3951,2026-08-22T16:54:07.755942+00:00,JSON,GENERATED_OUTPUT,75,979feaf86fb513d3372144cbe783347febc03f5f62bd69d1edbf7475a93d97a2
miniandroid/run/exp075/omegacentauri.mobi.simplestopwatch_26_exp075/view_tree.json,2363,2026-08-22T16:54:07.755942+00:00,VIEW_TREE_DUMP,GENERATED_OUTPUT,75,
miniandroid/run/exp075/omegacentauri.mobi.simplestopwatch_26_exp075/runtime_component_map.json,1010,2026-08-22T16:54:07.754942+00:00,JSON,GENERATED_OUTPUT,75,b8ac57ba807333a27dd72f28d2afbac94e8868ea7db97af6768607da3ee0177d
miniandroid/run/exp075/omegacentauri.mobi.simplestopwatch_26_exp075/report.md,3071,2026-08-22T16:54:07.754942+00:00,REPORT_MD,HISTORICAL_EVIDENCE,75,
miniandroid/run/exp075/omegacentauri.mobi.simplestopwatch_26_exp075/golden/corpus.json,2017,2026-08-22T16:54:07.754942+00:00,JSON,REGRESSION_FIXTURE,75,647c390de845e1540e946c6b681469290a99023876e9b9d2a838bd76aaf6c50c
miniandroid/run/exp075/omegacentauri.mobi.simplestopwatch_26_exp075/database/dex_opcode_frequency.json,219,2026-08-22T16:54:07.754942+00:00,JSON,GENERATED_OUTPUT,75,f7db13b55a884b1fd1000373491042334b8e4126355c7a9c95273bc3ebd1c80f
miniandroid/run/exp075/headingcalc/failure_report.json,1013,2026-08-22T16:54:07.753942+00:00,JSON,HISTORICAL_EVIDENCE,75,d62e28ab84e2f63e3e1fdf06afd38e3800c5d1e2e5df577a1983ffda6aee822c
miniandroid/run/exp075/headingcalc/application_runtime.json,3711,2026-08-22T16:54:07.753942+00:00,JSON,GENERATED_OUTPUT,75,dd240283b62d3da8123ca04a56b202bad6880c622dd976eb0abe227b9a1e59be
miniandroid/run/exp075/headingcalc/runtime_state_trace.json,2925,2026-08-22T16:54:07.753942+00:00,JSON,GENERATED_OUTPUT,75,26dca529c125adeb154029ff2888d9a8966334dab921e15f899454e79805c587
miniandroid/run/exp075/headingcalc/report.md.json,5020,2026-08-22T16:54:07.753942+00:00,JSON,GENERATED_OUTPUT,75,8bae48de4c4fee82011256f03c789a98dfb83145d1ccbe4eadb1fa650dc64031
miniandroid/run/exp075/headingcalc/test_matrix.json,816,2026-08-22T16:54:07.754942+00:00,JSON,HISTORICAL_EVIDENCE,75,e064ecb3403050d708d75d26e923c40f475325e0b2dd98581fb255306232ee4f
miniandroid/run/exp075/headingcalc/golden_end_to_end.json,1246,2026-08-22T16:54:07.753942+00:00,JSON,GENERATED_OUTPUT,75,1802449343c8a8e53bce039e96cf900d7b75f77238d2b5a68d9c174b153bf034
miniandroid/run/exp075/headingcalc/render_request.txt,185,2026-08-22T16:54:07.753942+00:00,TXT,GENERATED_OUTPUT,75,
miniandroid/run/exp075/headingcalc/exp075_rendered.png,15389,2026-08-22T16:54:07.753942+00:00,OTHER,GENERATED_OUTPUT,75,
miniandroid/run/exp075/headingcalc/runtime_component_map.json,1010,2026-08-22T16:54:07.753942+00:00,JSON,GENERATED_OUTPUT,75,4169f63ec19ce489b6e400721ba0564885590dab4a3cd09e6dcee5376f7c736c
miniandroid/run/exp075/headingcalc/report.md,2907,2026-08-22T16:54:07.753942+00:00,REPORT_MD,HISTORICAL_EVIDENCE,75,
miniandroid/run/exp075/headingcalc/golden/corpus.json,2017,2026-08-22T16:54:07.753942+00:00,JSON,REGRESSION_FIXTURE,75,647c390de845e1540e946c6b681469290a99023876e9b9d2a838bd76aaf6c50c
miniandroid/run/exp075/headingcalc/database/android_api_frequency.json,4283,2026-08-22T16:54:07.753942+00:00,JSON,GENERATED_OUTPUT,75,
miniandroid/run/exp075/headingcalc/database/dex_opcode_frequency.json,219,2026-08-22T16:54:07.753942+00:00,JSON,GENERATED_OUTPUT,75,f7db13b55a884b1fd1000373491042334b8e4126355c7a9c95273bc3ebd1c80f
miniandroid/run/exp037_run/failure_report.json,783,2026-08-22T16:54:07.319941+00:00,JSON,HISTORICAL_EVIDENCE,37,1bef5e9306e78c3ebd28ddcfcbf39a6c7729ab9b11caccaf81e9979445d6dad0
miniandroid/run/exp037_run/application_runtime.json,3844,2026-08-22T16:54:07.319941+00:00,JSON,GENERATED_OUTPUT,37,f2af60947d4b8c14a40d320ba8ab4a41bfbf62bb906b061c19057f564cc668a6
miniandroid/run/exp037_run/runtime_state_trace.json,3066,2026-08-22T16:54:07.319941+00:00,JSON,GENERATED_OUTPUT,37,ccad52d0ed5459c90653d9636d4be715958da02e3f547416a40d6e1a01c95ad9
miniandroid/run/exp037_run/report.md.json,5154,2026-08-22T16:54:07.319941+00:00,JSON,GENERATED_OUTPUT,37,bebe08d6641f3b08977e7f52d7f3eeb2a114dfda0cc643da70df46bc54fb75e6
miniandroid/run/exp037_run/test_matrix.json,883,2026-08-22T16:54:07.322941+00:00,JSON,HISTORICAL_EVIDENCE,37,283ce5b01a71804b58a9138c33b4c71b9727f932a035a665d6ec2cc3ba6e3424
miniandroid/run/exp037_run/golden_end_to_end.json,1317,2026-08-22T16:54:07.319941+00:00,JSON,GENERATED_OUTPUT,37,de45e786febaa223a97ef595964ac8b74bd48903355d60b8f5d8e56ed92c92f8
miniandroid/run/exp037_run/runtime_component_map.json,1010,2026-08-22T16:54:07.319941+00:00,JSON,GENERATED_OUTPUT,37,fd47cffd2026fe7056b5a3655d80d0f688b27107ac858de10e5254a16f074565
miniandroid/run/exp037_run/report.md,2967,2026-08-22T16:54:07.319941+00:00,REPORT_MD,HISTORICAL_EVIDENCE,37,
miniandroid/run/exp037_run/golden/corpus.json,2017,2026-08-22T16:54:07.319941+00:00,JSON,REGRESSION_FIXTURE,37,647c390de845e1540e946c6b681469290a99023876e9b9d2a838bd76aaf6c50c
miniandroid/run/exp037_run/database/android_api_frequency.json,3715,2026-08-22T16:54:07.319941+00:00,JSON,GENERATED_OUTPUT,37,
miniandroid/run/exp037_run/database/dex_opcode_frequency.json,219,2026-08-22T16:54:07.319941+00:00,JSON,GENERATED_OUTPUT,37,f7db13b55a884b1fd1000373491042334b8e4126355c7a9c95273bc3ebd1c80f
miniandroid/run/exp037_phase3/report.md.json,4987,2026-08-22T16:54:07.315941+00:00,JSON,GENERATED_OUTPUT,37,
miniandroid/run/exp037_phase3/test_matrix.json,803,2026-08-22T16:54:07.315941+00:00,JSON,HISTORICAL_EVIDENCE,37,
miniandroid/run/exp037_phase3/REAL_APK_MILESTONE.json,3136,2026-08-22T16:54:07.315941+00:00,JSON,GENERATED_OUTPUT,37,
miniandroid/run/exp037_phase3/golden/corpus.json,2017,2026-08-22T16:54:07.315941+00:00,JSON,REGRESSION_FIXTURE,37,647c390de845e1540e946c6b681469290a99023876e9b9d2a838bd76aaf6c50c
miniandroid/run/exp037_phase3/database/android_api_frequency.json,188,2026-08-22T16:54:07.315941+00:00,JSON,GENERATED_OUTPUT,37,
miniandroid/run/exp037_phase3/database/dex_opcode_frequency.json,219,2026-08-22T16:54:07.315941+00:00,JSON,GENERATED_OUTPUT,37,f7db13b55a884b1fd1000373491042334b8e4126355c7a9c95273bc3ebd1c80f
miniandroid/run/exp050_returnval/failure_report.json,926,2026-08-22T16:54:07.443941+00:00,JSON,HISTORICAL_EVIDENCE,50,e7b7c53742b560679d3157465506ca1afc8fcfd174e3dfabf9f6e03e2283f777
miniandroid/run/exp050_returnval/application_runtime.json,3612,2026-08-22T16:54:07.443941+00:00,JSON,GENERATED_OUTPUT,50,9029e603777110fe898253b2703fb53fa13c1a5cafe25f639b5ac7c239617163
miniandroid/run/exp050_returnval/runtime_state_trace.json,2845,2026-08-22T16:54:07.443941+00:00,JSON,GENERATED_OUTPUT,50,e41673a98e48ac4b45d4475e63cf574f37556eff6d02014c25ba63032707e759
miniandroid/run/exp050_returnval/report.md.json,4966,2026-08-22T16:54:07.443941+00:00,JSON,GENERATED_OUTPUT,50,d1bb0a5edc2a47c76e1a40bdef9078bf4c6bcf34e316d093e2919b64bee382a9
miniandroid/run/exp050_returnval/test_matrix.json,787,2026-08-22T16:54:07.446941+00:00,JSON,HISTORICAL_EVIDENCE,50,63243b7d8fa6bf4b24d63c1375ade1f1f7e5ae90db5c2fd31b0eb49316d14a8e
miniandroid/run/exp050_returnval/golden_end_to_end.json,1200,2026-08-22T16:54:07.443941+00:00,JSON,GENERATED_OUTPUT,50,eedd34e1167aadd0d7937553ecb4799dae9775a9592e9fb1e659e36a647fd116
miniandroid/run/exp050_returnval/runtime_component_map.json,1010,2026-08-22T16:54:07.443941+00:00,JSON,GENERATED_OUTPUT,50,fdaa2323cbbfa9c00b26246114e02ecfe1d172b9fb8458aa755b686a16a8d075
miniandroid/run/exp050_returnval/report.md,2880,2026-08-22T16:54:07.443941+00:00,REPORT_MD,HISTORICAL_EVIDENCE,50,
miniandroid/run/exp050_returnval/golden/corpus.json,2017,2026-08-22T16:54:07.443941+00:00,JSON,REGRESSION_FIXTURE,50,647c390de845e1540e946c6b681469290a99023876e9b9d2a838bd76aaf6c50c
miniandroid/run/exp050_returnval/database/dex_opcode_frequency.json,219,2026-08-22T16:54:07.443941+00:00,JSON,GENERATED_OUTPUT,50,f7db13b55a884b1fd1000373491042334b8e4126355c7a9c95273bc3ebd1c80f
miniandroid/run/database/android_api_frequency.json,171,2026-08-22T16:54:07.309941+00:00,JSON,GENERATED_OUTPUT,,
miniandroid/run/database/dex_opcode_frequency.json,219,2026-08-22T16:54:07.309941+00:00,JSON,GENERATED_OUTPUT,,f7db13b55a884b1fd1000373491042334b8e4126355c7a9c95273bc3ebd1c80f
miniandroid/run/exp051_run2/failure_report.json,926,2026-08-22T16:54:07.450941+00:00,JSON,HISTORICAL_EVIDENCE,51,46298661613f9350a771cf384cfe4fbf63b884ad6b88ca8a2d1a31e5610f67de
miniandroid/run/exp051_run2/application_runtime.json,3599,2026-08-22T16:54:07.450941+00:00,JSON,GENERATED_OUTPUT,51,435aa252cdcce05611c37c3b70f2ca8215a5ee014476154f061d7fdbc800d71f
miniandroid/run/exp051_run2/runtime_state_trace.json,2842,2026-08-22T16:54:07.450941+00:00,JSON,GENERATED_OUTPUT,51,4fbf13720fcfb236dcacbd85852e5f8f84764e91dd4027f2e910e42211b0aae2
miniandroid/run/exp051_run2/report.md.json,4966,2026-08-22T16:54:07.450941+00:00,JSON,GENERATED_OUTPUT,51,602f95f84f982ec62727ab99b8c137f3fb48c269e22bb48a2204432a15fd6abb
miniandroid/run/exp051_run2/test_matrix.json,787,2026-08-22T16:54:07.451941+00:00,JSON,HISTORICAL_EVIDENCE,51,63243b7d8fa6bf4b24d63c1375ade1f1f7e5ae90db5c2fd31b0eb49316d14a8e
miniandroid/run/exp051_run2/golden_end_to_end.json,1200,2026-08-22T16:54:07.450941+00:00,JSON,GENERATED_OUTPUT,51,604044c82e146176820a6f257388e75dcc81b860b1fd662190fb95d3b62ff869
miniandroid/run/exp051_run2/runtime_component_map.json,1010,2026-08-22T16:54:07.450941+00:00,JSON,GENERATED_OUTPUT,51,1a8b8cdd78f55a5f0c87a4756bc80b73502a0b498bd89f60077015e9aef120f7
miniandroid/run/exp051_run2/report.md,2875,2026-08-22T16:54:07.450941+00:00,REPORT_MD,HISTORICAL_EVIDENCE,51,
miniandroid/run/exp051_run2/golden/corpus.json,2017,2026-08-22T16:54:07.450941+00:00,JSON,REGRESSION_FIXTURE,51,647c390de845e1540e946c6b681469290a99023876e9b9d2a838bd76aaf6c50c
miniandroid/run/exp051_run2/baseline/halt_events.txt,0,2026-08-22T16:54:07.450941+00:00,TXT,GENERATED_OUTPUT,51,
miniandroid/run/exp051_run2/baseline/shared_prefs.xml,635,2026-08-22T16:54:07.450941+00:00,OTHER,GENERATED_OUTPUT,51,
miniandroid/run/exp051_run2/baseline/unique_methods.txt,30684,2026-08-22T16:54:07.450941+00:00,TXT,GENERATED_OUTPUT,51,
miniandroid/run/exp051_run2/database/dex_opcode_frequency.json,219,2026-08-22T16:54:07.450941+00:00,JSON,GENERATED_OUTPUT,51,f7db13b55a884b1fd1000373491042334b8e4126355c7a9c95273bc3ebd1c80f
miniandroid/run/exp052_final/failure_report.json,926,2026-08-22T16:54:07.487941+00:00,JSON,HISTORICAL_EVIDENCE,52,f5dcc6d2e96cdf1be330b8334e2b4c02b9f4b249cb2b122de9e6a143720324f4
miniandroid/run/exp052_final/application_runtime.json,3608,2026-08-22T16:54:07.487941+00:00,JSON,GENERATED_OUTPUT,52,b98849ad0309949dcf4264132593750bf6367793557c5d2e40ad96047855542e
miniandroid/run/exp052_final/runtime_state_trace.json,2849,2026-08-22T16:54:07.487941+00:00,JSON,GENERATED_OUTPUT,52,2d0384e8a3d497fe13991cd4da7d448748eb7fa0c5f66f60857fe14e1aba0f88
miniandroid/run/exp052_final/report.md.json,4966,2026-08-22T16:54:07.487941+00:00,JSON,GENERATED_OUTPUT,52,e61f33e05046b6439c2d912737ea780375fa782b3a6451ac0e756e69d9d5fe8f
miniandroid/run/exp052_final/test_matrix.json,787,2026-08-22T16:54:07.489941+00:00,JSON,HISTORICAL_EVIDENCE,52,63243b7d8fa6bf4b24d63c1375ade1f1f7e5ae90db5c2fd31b0eb49316d14a8e
miniandroid/run/exp052_final/golden_end_to_end.json,1200,2026-08-22T16:54:07.487941+00:00,JSON,GENERATED_OUTPUT,52,c709d2d3bb8542f9622770335b5126c399b59447bc8e36531a4c891eaa497107
miniandroid/run/exp052_final/runtime_component_map.json,1010,2026-08-22T16:54:07.487941+00:00,JSON,GENERATED_OUTPUT,52,572bfac752b5599765cde724d6c3ddefcda16a365dd433ba0fd38b9b9e451e99
miniandroid/run/exp052_final/report.md,2876,2026-08-22T16:54:07.487941+00:00,REPORT_MD,HISTORICAL_EVIDENCE,52,
miniandroid/run/exp052_final/golden/corpus.json,2017,2026-08-22T16:54:07.487941+00:00,JSON,REGRESSION_FIXTURE,52,647c390de845e1540e946c6b681469290a99023876e9b9d2a838bd76aaf6c50c
miniandroid/run/exp052_final/database/dex_opcode_frequency.json,219,2026-08-22T16:54:07.487941+00:00,JSON,GENERATED_OUTPUT,52,f7db13b55a884b1fd1000373491042334b8e4126355c7a9c95273bc3ebd1c80f
miniandroid/run/exp073/exp073_results.json,12436,2026-08-22T16:54:07.743942+00:00,JSON,GENERATED_OUTPUT,73,
miniandroid/run/exp073/TicTacToe_baseline/failure_report.json,1118,2026-08-22T16:54:07.739942+00:00,JSON,HISTORICAL_EVIDENCE,73,7c41ee90de70f193e75d984bf3011d1f852af6fe72dfc73220df42b8d0944157
miniandroid/run/exp073/TicTacToe_baseline/application_runtime.json,3868,2026-08-22T16:54:07.739942+00:00,JSON,GENERATED_OUTPUT,73,4c04ddec1836706e7eae245f70b23e3c669e0bc953b912d65e4b2a4396df12fe
miniandroid/run/exp073/TicTacToe_baseline/runtime_state_trace.json,2970,2026-08-22T16:54:07.739942+00:00,JSON,GENERATED_OUTPUT,73,
miniandroid/run/exp073/TicTacToe_baseline/report.md.json,5090,2026-08-22T16:54:07.739942+00:00,JSON,GENERATED_OUTPUT,73,ffcee7b15d6cc008950e833f163f95a3c82da400dae00627928da657573fcd19
miniandroid/run/exp073/TicTacToe_baseline/test_matrix.json,851,2026-08-22T16:54:07.740942+00:00,JSON,HISTORICAL_EVIDENCE,73,16be533fa1c675d6bc3e2c4f4c63c119b7920215ec8956ec9df379265827bb54
miniandroid/run/exp073/TicTacToe_baseline/golden_end_to_end.json,1268,2026-08-22T16:54:07.739942+00:00,JSON,GENERATED_OUTPUT,73,db9b0fe0bf4ee8e4f13943860a1f020f0d15e3bda35ba2e49aee9ed021130a4a
miniandroid/run/exp073/TicTacToe_baseline/render_request.txt,401,2026-08-22T16:54:07.739942+00:00,TXT,GENERATED_OUTPUT,73,
miniandroid/run/exp073/TicTacToe_baseline/exp073_rendered.png,5001,2026-08-22T16:54:07.739942+00:00,OTHER,GENERATED_OUTPUT,73,
miniandroid/run/exp073/TicTacToe_baseline/shadow_report.json,3948,2026-08-22T16:54:07.740942+00:00,JSON,GENERATED_OUTPUT,73,b39b36c0d397786f70b96d33a3f836d46442755bf20d4e5565687ae6777a7442
miniandroid/run/exp073/TicTacToe_baseline/view_tree.json,3968,2026-08-22T16:54:07.740942+00:00,VIEW_TREE_DUMP,GENERATED_OUTPUT,73,d30ea3e020aad88bfcc16d68c5cdb901d9bd6cf7d94e423910f98536acc46b35
miniandroid/run/exp073/TicTacToe_baseline/runtime_component_map.json,1010,2026-08-22T16:54:07.739942+00:00,JSON,GENERATED_OUTPUT,73,82fb6ef03e0688405900a12405d9667d5f6ea33a2f00e1da0bb013326af01fe8
miniandroid/run/exp073/TicTacToe_baseline/report.md,3014,2026-08-22T16:54:07.739942+00:00,REPORT_MD,HISTORICAL_EVIDENCE,73,
miniandroid/run/exp073/TicTacToe_baseline/golden/corpus.json,2017,2026-08-22T16:54:07.739942+00:00,JSON,REGRESSION_FIXTURE,73,647c390de845e1540e946c6b681469290a99023876e9b9d2a838bd76aaf6c50c
miniandroid/run/exp073/TicTacToe_baseline/database/android_api_frequency.json,4747,2026-08-22T16:54:07.739942+00:00,JSON,GENERATED_OUTPUT,73,c89317f3ef772ecbc41ca79e70cd2c1138f80abcad2b71c8b2738b111f42dd5a
miniandroid/run/exp073/TicTacToe_baseline/database/dex_opcode_frequency.json,219,2026-08-22T16:54:07.739942+00:00,JSON,GENERATED_OUTPUT,73,f7db13b55a884b1fd1000373491042334b8e4126355c7a9c95273bc3ebd1c80f
miniandroid/run/exp073/SimpleList_baseline/failure_report.json,1121,2026-08-22T16:54:07.738942+00:00,JSON,HISTORICAL_EVIDENCE,73,be1cfa69a411dc96dc70dac57215f132a261b795797138974a7abaa36c88ffb0
miniandroid/run/exp073/SimpleList_baseline/application_runtime.json,3848,2026-08-22T16:54:07.738942+00:00,JSON,GENERATED_OUTPUT,73,
miniandroid/run/exp073/SimpleList_baseline/runtime_state_trace.json,2958,2026-08-22T16:54:07.738942+00:00,JSON,GENERATED_OUTPUT,73,0c81984b956f8125e2b5b5d3259b158f5cd9d62e61070309dc127bed1e96c164
miniandroid/run/exp073/SimpleList_baseline/report.md.json,5092,2026-08-22T16:54:07.738942+00:00,JSON,GENERATED_OUTPUT,73,78e0e7328d5e886bb5937b38f9b20bc4a36b599e9b2c3702beff44feb4396b5e
miniandroid/run/exp073/SimpleList_baseline/test_matrix.json,852,2026-08-22T16:54:07.739942+00:00,JSON,HISTORICAL_EVIDENCE,73,4f79b8c54b2a797c433fca9a3f08cffd6e08d3c42eb5842d459ee74de7181b43
miniandroid/run/exp073/SimpleList_baseline/golden_end_to_end.json,1264,2026-08-22T16:54:07.738942+00:00,JSON,GENERATED_OUTPUT,73,c0ff08beebefcdd0aacc028de227481c88e6b9659e0f2f1dfd05e20afdb1703d
miniandroid/run/exp073/SimpleList_baseline/render_request.txt,404,2026-08-22T16:54:07.738942+00:00,TXT,GENERATED_OUTPUT,73,
miniandroid/run/exp073/SimpleList_baseline/exp073_rendered.png,10357,2026-08-22T16:54:07.738942+00:00,OTHER,GENERATED_OUTPUT,73,
miniandroid/run/exp073/SimpleList_baseline/shadow_report.json,3947,2026-08-22T16:54:07.739942+00:00,JSON,GENERATED_OUTPUT,73,c93aae6a4891cdb0f874f049fab9dbe0793e9fa3537a765bab36502b665d9203
miniandroid/run/exp073/SimpleList_baseline/view_tree.json,2572,2026-08-22T16:54:07.739942+00:00,VIEW_TREE_DUMP,GENERATED_OUTPUT,73,
miniandroid/run/exp073/SimpleList_baseline/runtime_component_map.json,1010,2026-08-22T16:54:07.738942+00:00,JSON,GENERATED_OUTPUT,73,82fb6ef03e0688405900a12405d9667d5f6ea33a2f00e1da0bb013326af01fe8
miniandroid/run/exp073/SimpleList_baseline/report.md,3016,2026-08-22T16:54:07.738942+00:00,REPORT_MD,HISTORICAL_EVIDENCE,73,
miniandroid/run/exp073/SimpleList_baseline/golden/corpus.json,2017,2026-08-22T16:54:07.738942+00:00,JSON,REGRESSION_FIXTURE,73,647c390de845e1540e946c6b681469290a99023876e9b9d2a838bd76aaf6c50c
miniandroid/run/exp073/SimpleList_baseline/database/android_api_frequency.json,4238,2026-08-22T16:54:07.738942+00:00,JSON,GENERATED_OUTPUT,73,
miniandroid/run/exp073/SimpleList_baseline/database/dex_opcode_frequency.json,219,2026-08-22T16:54:07.738942+00:00,JSON,GENERATED_OUTPUT,73,f7db13b55a884b1fd1000373491042334b8e4126355c7a9c95273bc3ebd1c80f
miniandroid/run/exp073/de.duenndns.gmdice_8_baseline/failure_report.json,1160,2026-08-22T16:54:07.742942+00:00,JSON,HISTORICAL_EVIDENCE,73,2ccd46892ca1fdb4803f08179850aa21f27beed8be3dc44c989ccc9a3ca5266b
miniandroid/run/exp073/de.duenndns.gmdice_8_baseline/application_runtime.json,3912,2026-08-22T16:54:07.742942+00:00,JSON,GENERATED_OUTPUT,73,
miniandroid/run/exp073/de.duenndns.gmdice_8_baseline/runtime_state_trace.json,2990,2026-08-22T16:54:07.742942+00:00,JSON,GENERATED_OUTPUT,73,dc3dd1721e919785d3517693e7cdbae4828a1d7d4cc9be14286914955183ce47
miniandroid/run/exp073/de.duenndns.gmdice_8_baseline/report.md.json,5117,2026-08-22T16:54:07.742942+00:00,JSON,GENERATED_OUTPUT,73,
miniandroid/run/exp073/de.duenndns.gmdice_8_baseline/test_matrix.json,865,2026-08-22T16:54:07.743942+00:00,JSON,HISTORICAL_EVIDENCE,73,ea128f664f5253aafcc9fa80de7dbb3377e6ff4cb392642a6db1a7eca4910cf7
miniandroid/run/exp073/de.duenndns.gmdice_8_baseline/golden_end_to_end.json,1281,2026-08-22T16:54:07.742942+00:00,JSON,GENERATED_OUTPUT,73,218d1f3837c43bd695566055f5826439c9541330b1ce3a86b2bbc9e7b715e7ae
miniandroid/run/exp073/de.duenndns.gmdice_8_baseline/render_request.txt,434,2026-08-22T16:54:07.742942+00:00,TXT,GENERATED_OUTPUT,73,
miniandroid/run/exp073/de.duenndns.gmdice_8_baseline/exp073_rendered.png,5044,2026-08-22T16:54:07.742942+00:00,OTHER,GENERATED_OUTPUT,73,
miniandroid/run/exp073/de.duenndns.gmdice_8_baseline/shadow_report.json,3947,2026-08-22T16:54:07.743942+00:00,JSON,GENERATED_OUTPUT,73,f729371b1dd19737ac2f1f1f191949e3737a8d24c07de5671c2b238422853e34
miniandroid/run/exp073/de.duenndns.gmdice_8_baseline/view_tree.json,420,2026-08-22T16:54:07.743942+00:00,VIEW_TREE_DUMP,GENERATED_OUTPUT,73,0cf683286a3d298a7cfe70e0c10519e62ca81d562737b77bea84a77929c12c99
miniandroid/run/exp073/de.duenndns.gmdice_8_baseline/runtime_component_map.json,1010,2026-08-22T16:54:07.742942+00:00,JSON,GENERATED_OUTPUT,73,7a4d3515033466ac9fd9d635b868a21fb4dd9b0e0b2290574770de576075ff19
miniandroid/run/exp073/de.duenndns.gmdice_8_baseline/report.md,3039,2026-08-22T16:54:07.742942+00:00,REPORT_MD,HISTORICAL_EVIDENCE,73,
miniandroid/run/exp073/de.duenndns.gmdice_8_baseline/golden/corpus.json,2017,2026-08-22T16:54:07.742942+00:00,JSON,REGRESSION_FIXTURE,73,647c390de845e1540e946c6b681469290a99023876e9b9d2a838bd76aaf6c50c
miniandroid/run/exp073/de.duenndns.gmdice_8_baseline/database/android_api_frequency.json,6136,2026-08-22T16:54:07.742942+00:00,JSON,GENERATED_OUTPUT,73,
miniandroid/run/exp073/de.duenndns.gmdice_8_baseline/database/dex_opcode_frequency.json,219,2026-08-22T16:54:07.742942+00:00,JSON,GENERATED_OUTPUT,73,f7db13b55a884b1fd1000373491042334b8e4126355c7a9c95273bc3ebd1c80f
miniandroid/run/exp073/omegacentauri.mobi.simplestopwatch_26_baseline/failure_report.json,1211,2026-08-22T16:54:07.744941+00:00,JSON,HISTORICAL_EVIDENCE,73,3b18864406ab50966e6566376cb5fe0345938c3fa832fc32fbfdc8748f361559
miniandroid/run/exp073/omegacentauri.mobi.simplestopwatch_26_baseline/application_runtime.json,4036,2026-08-22T16:54:07.744941+00:00,JSON,GENERATED_OUTPUT,73,869fc4a03304872dececf437e46857d6c307dd63ca17166506e059ddb159fa54
miniandroid/run/exp073/omegacentauri.mobi.simplestopwatch_26_baseline/runtime_state_trace.json,3051,2026-08-22T16:54:07.744941+00:00,JSON,GENERATED_OUTPUT,73,
miniandroid/run/exp073/omegacentauri.mobi.simplestopwatch_26_baseline/report.md.json,5152,2026-08-22T16:54:07.744941+00:00,JSON,GENERATED_OUTPUT,73,e198718065dfaffc4afed93944100e00a39b625d6ce33ab275de059e7438e6bb
miniandroid/run/exp073/omegacentauri.mobi.simplestopwatch_26_baseline/test_matrix.json,882,2026-08-22T16:54:07.745942+00:00,JSON,HISTORICAL_EVIDENCE,73,8b1a8c1f6471cded13e456370309fc5c084f4f95339e86a5f149f7d78600f91a
miniandroid/run/exp073/omegacentauri.mobi.simplestopwatch_26_baseline/golden_end_to_end.json,1309,2026-08-22T16:54:07.744941+00:00,JSON,GENERATED_OUTPUT,73,32f9858a4e9f958cfb52e84418d9df76d80c4db5139a06feb92b77f2bde05889
miniandroid/run/exp073/omegacentauri.mobi.simplestopwatch_26_baseline/render_request.txt,485,2026-08-22T16:54:07.744941+00:00,TXT,GENERATED_OUTPUT,73,
miniandroid/run/exp073/omegacentauri.mobi.simplestopwatch_26_baseline/exp073_rendered.png,5044,2026-08-22T16:54:07.744941+00:00,OTHER,GENERATED_OUTPUT,73,
miniandroid/run/exp073/omegacentauri.mobi.simplestopwatch_26_baseline/shadow_report.json,3937,2026-08-22T16:54:07.745942+00:00,JSON,GENERATED_OUTPUT,73,
miniandroid/run/exp073/omegacentauri.mobi.simplestopwatch_26_baseline/view_tree.json,1863,2026-08-22T16:54:07.745942+00:00,VIEW_TREE_DUMP,GENERATED_OUTPUT,73,
miniandroid/run/exp073/omegacentauri.mobi.simplestopwatch_26_baseline/runtime_component_map.json,1010,2026-08-22T16:54:07.744941+00:00,JSON,GENERATED_OUTPUT,73,7a4d3515033466ac9fd9d635b868a21fb4dd9b0e0b2290574770de576075ff19
miniandroid/run/exp073/omegacentauri.mobi.simplestopwatch_26_baseline/report.md,3073,2026-08-22T16:54:07.744941+00:00,REPORT_MD,HISTORICAL_EVIDENCE,73,
miniandroid/run/exp073/omegacentauri.mobi.simplestopwatch_26_baseline/golden/corpus.json,2017,2026-08-22T16:54:07.744941+00:00,JSON,REGRESSION_FIXTURE,73,647c390de845e1540e946c6b681469290a99023876e9b9d2a838bd76aaf6c50c
miniandroid/run/exp073/omegacentauri.mobi.simplestopwatch_26_baseline/database/android_api_frequency.json,9896,2026-08-22T16:54:07.744941+00:00,JSON,GENERATED_OUTPUT,73,
miniandroid/run/exp073/omegacentauri.mobi.simplestopwatch_26_baseline/database/dex_opcode_frequency.json,219,2026-08-22T16:54:07.744941+00:00,JSON,GENERATED_OUTPUT,73,f7db13b55a884b1fd1000373491042334b8e4126355c7a9c95273bc3ebd1c80f
miniandroid/run/exp073/HelloWorld_baseline/failure_report.json,1121,2026-08-22T16:54:07.734941+00:00,JSON,HISTORICAL_EVIDENCE,73,3f14095d710a1a87af778273bdcbf4a1f8417de600a05ac1fc9ab80d3406af3c
miniandroid/run/exp073/HelloWorld_baseline/application_runtime.json,3874,2026-08-22T16:54:07.734941+00:00,JSON,GENERATED_OUTPUT,73,ee216c8b9aa99d74ddedf04c0fe76741352d18d1c655c237b67ca1a9a984e518
miniandroid/run/exp073/HelloWorld_baseline/runtime_state_trace.json,2972,2026-08-22T16:54:07.734941+00:00,JSON,GENERATED_OUTPUT,73,aff5f2d83d1b0a392e5864c6096eab9ff1268d08cbfbc7eeed7bd65a4140dcdc
miniandroid/run/exp073/HelloWorld_baseline/report.md.json,5092,2026-08-22T16:54:07.734941+00:00,JSON,GENERATED_OUTPUT,73,c7817073a003f23d8f9d32b696a5f08a7e5514cf4f26dd075fd08f4b3052e072
miniandroid/run/exp073/HelloWorld_baseline/test_matrix.json,852,2026-08-22T16:54:07.735942+00:00,JSON,HISTORICAL_EVIDENCE,73,fa178e898d8f059f13bb7d2fed28af8045bdacdee2f3be388aa4793a55b03f2e
miniandroid/run/exp073/HelloWorld_baseline/golden_end_to_end.json,1270,2026-08-22T16:54:07.734941+00:00,JSON,GENERATED_OUTPUT,73,54aebc76fe08a7b3679efd705bdd49c85f38ac6367f36fa2a2c1dd082ad378f8
miniandroid/run/exp073/HelloWorld_baseline/render_request.txt,404,2026-08-22T16:54:07.734941+00:00,TXT,GENERATED_OUTPUT,73,
miniandroid/run/exp073/HelloWorld_baseline/exp073_rendered.png,5230,2026-08-22T16:54:07.734941+00:00,OTHER,GENERATED_OUTPUT,73,
miniandroid/run/exp073/HelloWorld_baseline/view_tree.json,418,2026-08-22T16:54:07.735942+00:00,VIEW_TREE_DUMP,GENERATED_OUTPUT,73,ed44620c84eee2f7590db4ddc5f0634ece06b1e55e5ef856e38c220890fe2a62
miniandroid/run/exp073/HelloWorld_baseline/runtime_component_map.json,1010,2026-08-22T16:54:07.734941+00:00,JSON,GENERATED_OUTPUT,73,fbfaceaa9888304d52bdba1e466013b50489480a1506c0ab62681a01551f8671
miniandroid/run/exp073/HelloWorld_baseline/report.md,3016,2026-08-22T16:54:07.734941+00:00,REPORT_MD,HISTORICAL_EVIDENCE,73,
miniandroid/run/exp073/HelloWorld_baseline/golden/corpus.json,2017,2026-08-22T16:54:07.734941+00:00,JSON,REGRESSION_FIXTURE,73,647c390de845e1540e946c6b681469290a99023876e9b9d2a838bd76aaf6c50c
miniandroid/run/exp073/HelloWorld_baseline/database/dex_opcode_frequency.json,219,2026-08-22T16:54:07.734941+00:00,JSON,GENERATED_OUTPUT,73,f7db13b55a884b1fd1000373491042334b8e4126355c7a9c95273bc3ebd1c80f
miniandroid/run/exp073/Counter_baseline/failure_report.json,1112,2026-08-22T16:54:07.733942+00:00,JSON,HISTORICAL_EVIDENCE,73,853490cbea260acd7a2e996553e9f6a292b4fc5d96465a4b3c6ebf8ad84da8cb
miniandroid/run/exp073/Counter_baseline/application_runtime.json,3850,2026-08-22T16:54:07.733942+00:00,JSON,GENERATED_OUTPUT,73,8a38e2d92322cd53f17138c38b69cfabd52cbfecbe49f17b44e406a4053a1019
miniandroid/run/exp073/Counter_baseline/runtime_state_trace.json,2960,2026-08-22T16:54:07.733942+00:00,JSON,GENERATED_OUTPUT,73,b1c3316815b3365614069d8f2002111059aaed72c82896397d310e34e676d74d
miniandroid/run/exp073/Counter_baseline/report.md.json,5086,2026-08-22T16:54:07.733942+00:00,JSON,GENERATED_OUTPUT,73,9a641b8d5891581de052d793eed213a9a3e3e0b5ae35ec164e2e5ed2184e6b50
miniandroid/run/exp073/Counter_baseline/test_matrix.json,849,2026-08-22T16:54:07.734941+00:00,JSON,HISTORICAL_EVIDENCE,73,101dbd6d74037caf7cf6a30006c13f0f5b6c5de5df6361fab0d6ae19eda082e7
miniandroid/run/exp073/Counter_baseline/golden_end_to_end.json,1264,2026-08-22T16:54:07.733942+00:00,JSON,GENERATED_OUTPUT,73,88c63515085bfdebe9c733be9dfffdf8c2a7a0f16dd0c882544ab16b3650d015
miniandroid/run/exp073/Counter_baseline/render_request.txt,395,2026-08-22T16:54:07.733942+00:00,TXT,GENERATED_OUTPUT,73,
miniandroid/run/exp073/Counter_baseline/exp073_rendered.png,5437,2026-08-22T16:54:07.733942+00:00,OTHER,GENERATED_OUTPUT,73,
miniandroid/run/exp073/Counter_baseline/runtime_component_map.json,1010,2026-08-22T16:54:07.733942+00:00,JSON,GENERATED_OUTPUT,73,fbfaceaa9888304d52bdba1e466013b50489480a1506c0ab62681a01551f8671
miniandroid/run/exp073/Counter_baseline/report.md,3010,2026-08-22T16:54:07.733942+00:00,REPORT_MD,HISTORICAL_EVIDENCE,73,
miniandroid/run/exp073/Counter_baseline/golden/corpus.json,2017,2026-08-22T16:54:07.733942+00:00,JSON,REGRESSION_FIXTURE,73,647c390de845e1540e946c6b681469290a99023876e9b9d2a838bd76aaf6c50c
miniandroid/run/exp073/Counter_baseline/database/dex_opcode_frequency.json,219,2026-08-22T16:54:07.733942+00:00,JSON,GENERATED_OUTPUT,73,f7db13b55a884b1fd1000373491042334b8e4126355c7a9c95273bc3ebd1c80f
miniandroid/run/exp073/Calculator_baseline/failure_report.json,1121,2026-08-22T16:54:07.731941+00:00,JSON,HISTORICAL_EVIDENCE,73,96b3e5c79c06749187a2fcbbd8feb2820031a86703e4ed12d1e5edf0547caa24
miniandroid/run/exp073/Calculator_baseline/application_runtime.json,3874,2026-08-22T16:54:07.731941+00:00,JSON,GENERATED_OUTPUT,73,816d1be73e38f8d177396f235c3e4309ef0e379102dd3c50c58440f50e2e30f4
miniandroid/run/exp073/Calculator_baseline/runtime_state_trace.json,2972,2026-08-22T16:54:07.731941+00:00,JSON,GENERATED_OUTPUT,73,4489c5f0e2e17d5aa25be33ad6a67f4769ee8e1137dd6d5c41414896a09f65b4
miniandroid/run/exp073/Calculator_baseline/report.md.json,5092,2026-08-22T16:54:07.731941+00:00,JSON,GENERATED_OUTPUT,73,9b7aa7cb3809d05fb68992c80c3668233a3f20fe1f9051262368e8a3636663b2
miniandroid/run/exp073/Calculator_baseline/test_matrix.json,852,2026-08-22T16:54:07.732942+00:00,JSON,HISTORICAL_EVIDENCE,73,b08f2cb646d66168507b0ee031b4066f53617bf7a451a0d0e69083edddc34e1e
miniandroid/run/exp073/Calculator_baseline/golden_end_to_end.json,1270,2026-08-22T16:54:07.731941+00:00,JSON,GENERATED_OUTPUT,73,206d8883f6773e85913ccc1916571aa2bb45fc80d246f49ffa71fc4abbffa8aa
miniandroid/run/exp073/Calculator_baseline/render_request.txt,404,2026-08-22T16:54:07.731941+00:00,TXT,GENERATED_OUTPUT,73,
miniandroid/run/exp073/Calculator_baseline/exp073_rendered.png,4214,2026-08-22T16:54:07.731941+00:00,OTHER,GENERATED_OUTPUT,73,
miniandroid/run/exp073/Calculator_baseline/runtime_component_map.json,1010,2026-08-22T16:54:07.731941+00:00,JSON,GENERATED_OUTPUT,73,fbfaceaa9888304d52bdba1e466013b50489480a1506c0ab62681a01551f8671
miniandroid/run/exp073/Calculator_baseline/report.md,3016,2026-08-22T16:54:07.731941+00:00,REPORT_MD,HISTORICAL_EVIDENCE,73,
miniandroid/run/exp073/Calculator_baseline/golden/corpus.json,2017,2026-08-22T16:54:07.731941+00:00,JSON,REGRESSION_FIXTURE,73,647c390de845e1540e946c6b681469290a99023876e9b9d2a838bd76aaf6c50c
miniandroid/run/exp073/Calculator_baseline/database/dex_opcode_frequency.json,219,2026-08-22T16:54:07.731941+00:00,JSON,GENERATED_OUTPUT,73,f7db13b55a884b1fd1000373491042334b8e4126355c7a9c95273bc3ebd1c80f
miniandroid/run/exp073/MemoryGame_baseline/failure_report.json,1121,2026-08-22T16:54:07.735942+00:00,JSON,HISTORICAL_EVIDENCE,73,e77c1760d7f31a2f4435acc92e8a0611aa5fc775e697a1b21760cbf90f833f78
miniandroid/run/exp073/MemoryGame_baseline/application_runtime.json,3858,2026-08-22T16:54:07.735942+00:00,JSON,GENERATED_OUTPUT,73,8a0f084e1c293f1651ba4588c06c5b46de4608519f8f4b95f7e2e57bd85c2d0c
miniandroid/run/exp073/MemoryGame_baseline/runtime_state_trace.json,2964,2026-08-22T16:54:07.735942+00:00,JSON,GENERATED_OUTPUT,73,187cef238fe3d94dbc19dc46a06e6baeacab5941802a62dc28c0d9a96afe0024
miniandroid/run/exp073/MemoryGame_baseline/report.md.json,5092,2026-08-22T16:54:07.735942+00:00,JSON,GENERATED_OUTPUT,73,f0a27239d7d9a47bcbd3f611555c7f644958580d50241c7f7340d2b3b66182e8
miniandroid/run/exp073/MemoryGame_baseline/test_matrix.json,852,2026-08-22T16:54:07.736942+00:00,JSON,HISTORICAL_EVIDENCE,73,d89827f87c37874bd56518aa6bce7b16901b83f582f9b76cbfd4260434ed0389
miniandroid/run/exp073/MemoryGame_baseline/golden_end_to_end.json,1266,2026-08-22T16:54:07.735942+00:00,JSON,GENERATED_OUTPUT,73,606946e948c4d3c0d3c312bd8db1ff3af836d2b8f9c2c23795259824f2a30117
miniandroid/run/exp073/MemoryGame_baseline/render_request.txt,404,2026-08-22T16:54:07.735942+00:00,TXT,GENERATED_OUTPUT,73,
miniandroid/run/exp073/MemoryGame_baseline/exp073_rendered.png,10242,2026-08-22T16:54:07.735942+00:00,OTHER,GENERATED_OUTPUT,73,
miniandroid/run/exp073/MemoryGame_baseline/shadow_report.json,3948,2026-08-22T16:54:07.736942+00:00,JSON,GENERATED_OUTPUT,73,e2252989633c8c5882ff1e2c9a6c445ddac4a6e6ddccf2c29cce8c3c4ba99825
miniandroid/run/exp073/MemoryGame_baseline/view_tree.json,6446,2026-08-22T16:54:07.736942+00:00,VIEW_TREE_DUMP,GENERATED_OUTPUT,73,
miniandroid/run/exp073/MemoryGame_baseline/runtime_component_map.json,1010,2026-08-22T16:54:07.735942+00:00,JSON,GENERATED_OUTPUT,73,fbfaceaa9888304d52bdba1e466013b50489480a1506c0ab62681a01551f8671
miniandroid/run/exp073/MemoryGame_baseline/report.md,3016,2026-08-22T16:54:07.735942+00:00,REPORT_MD,HISTORICAL_EVIDENCE,73,
miniandroid/run/exp073/MemoryGame_baseline/golden/corpus.json,2017,2026-08-22T16:54:07.735942+00:00,JSON,REGRESSION_FIXTURE,73,647c390de845e1540e946c6b681469290a99023876e9b9d2a838bd76aaf6c50c
miniandroid/run/exp073/MemoryGame_baseline/database/android_api_frequency.json,4750,2026-08-22T16:54:07.735942+00:00,JSON,GENERATED_OUTPUT,73,fc7b6773a7d642071599bb24c00811689203613d3b7e2501ba687a683ae51e81
miniandroid/run/exp073/MemoryGame_baseline/database/dex_opcode_frequency.json,219,2026-08-22T16:54:07.735942+00:00,JSON,GENERATED_OUTPUT,73,f7db13b55a884b1fd1000373491042334b8e4126355c7a9c95273bc3ebd1c80f
miniandroid/run/exp073/Notes_baseline/failure_report.json,1106,2026-08-22T16:54:07.736942+00:00,JSON,HISTORICAL_EVIDENCE,73,daf505ef7396da3a738fdf29322682159e6b0aeebd9713b47093b26b5f8e9745
miniandroid/run/exp073/Notes_baseline/application_runtime.json,3835,2026-08-22T16:54:07.736942+00:00,JSON,GENERATED_OUTPUT,73,
miniandroid/run/exp073/Notes_baseline/runtime_state_trace.json,2952,2026-08-22T16:54:07.736942+00:00,JSON,GENERATED_OUTPUT,73,582701a6eb938d0dd0f6f57feff09f8b319bf2420b529ad1e8657523faffbcbd
miniandroid/run/exp073/Notes_baseline/report.md.json,5082,2026-08-22T16:54:07.736942+00:00,JSON,GENERATED_OUTPUT,73,50be85fa55f37aeef613abe702ec0e753ec8ae264e348dc506d36520e20ca0ac
miniandroid/run/exp073/Notes_baseline/test_matrix.json,847,2026-08-22T16:54:07.737942+00:00,JSON,HISTORICAL_EVIDENCE,73,81ea5f0681f9bf802bea3d2c687abceb29f33b403a7374e267beca861c02c41c
miniandroid/run/exp073/Notes_baseline/golden_end_to_end.json,1260,2026-08-22T16:54:07.736942+00:00,JSON,GENERATED_OUTPUT,73,ae1b8398a11ee3327d0208de62213ab3b362b5fe9ae9647489d02b0f964cf528
miniandroid/run/exp073/Notes_baseline/render_request.txt,389,2026-08-22T16:54:07.736942+00:00,TXT,GENERATED_OUTPUT,73,
miniandroid/run/exp073/Notes_baseline/exp073_rendered.png,7564,2026-08-22T16:54:07.736942+00:00,OTHER,GENERATED_OUTPUT,73,
miniandroid/run/exp073/Notes_baseline/shadow_report.json,3948,2026-08-22T16:54:07.737942+00:00,JSON,GENERATED_OUTPUT,73,90c89149b737d3523a650693118b4c68742a5c302da0ab0a763ae54586db7e4c
miniandroid/run/exp073/Notes_baseline/view_tree.json,1494,2026-08-22T16:54:07.737942+00:00,VIEW_TREE_DUMP,GENERATED_OUTPUT,73,
miniandroid/run/exp073/Notes_baseline/runtime_component_map.json,1010,2026-08-22T16:54:07.736942+00:00,JSON,GENERATED_OUTPUT,73,fbfaceaa9888304d52bdba1e466013b50489480a1506c0ab62681a01551f8671
miniandroid/run/exp073/Notes_baseline/report.md,3006,2026-08-22T16:54:07.736942+00:00,REPORT_MD,HISTORICAL_EVIDENCE,73,
miniandroid/run/exp073/Notes_baseline/golden/corpus.json,2017,2026-08-22T16:54:07.736942+00:00,JSON,REGRESSION_FIXTURE,73,647c390de845e1540e946c6b681469290a99023876e9b9d2a838bd76aaf6c50c
miniandroid/run/exp073/Notes_baseline/database/android_api_frequency.json,5251,2026-08-22T16:54:07.736942+00:00,JSON,GENERATED_OUTPUT,73,
miniandroid/run/exp073/Notes_baseline/database/dex_opcode_frequency.json,219,2026-08-22T16:54:07.736942+00:00,JSON,GENERATED_OUTPUT,73,f7db13b55a884b1fd1000373491042334b8e4126355c7a9c95273bc3ebd1c80f
miniandroid/run/exp073/UnitConverter_baseline/failure_report.json,1130,2026-08-22T16:54:07.741942+00:00,JSON,HISTORICAL_EVIDENCE,73,d4d9e5cd44670f4c33b2b347a809bec734867652a989e5e3246e9c60a70a8421
miniandroid/run/exp073/UnitConverter_baseline/application_runtime.json,3877,2026-08-22T16:54:07.741942+00:00,JSON,GENERATED_OUTPUT,73,475d3a4450b0696be7baa5ddbcacebd4dc02c79765b917cfec539f0d2f4d06f1
miniandroid/run/exp073/UnitConverter_baseline/runtime_state_trace.json,2973,2026-08-22T16:54:07.741942+00:00,JSON,GENERATED_OUTPUT,73,5d36b9800704b0e2ef918fd2b7d4d6a9ddc10e7892c426eb65ad999c6dd60da5
miniandroid/run/exp073/UnitConverter_baseline/report.md.json,5098,2026-08-22T16:54:07.741942+00:00,JSON,GENERATED_OUTPUT,73,1fb414744ddfb19d16eade5170ceec9f3675bf3e4c5ada9f9dae43b96aa06429
miniandroid/run/exp073/UnitConverter_baseline/test_matrix.json,855,2026-08-22T16:54:07.742942+00:00,JSON,HISTORICAL_EVIDENCE,73,99b1d916c8543966c739c5599a7a4651f4db7031ff2401d5a7ac562a97bc30cb
miniandroid/run/exp073/UnitConverter_baseline/golden_end_to_end.json,1271,2026-08-22T16:54:07.741942+00:00,JSON,GENERATED_OUTPUT,73,e59af5f42db547126c8bb466c8133781bc217510df139c25a14d8d5d6eaf7fd2
miniandroid/run/exp073/UnitConverter_baseline/render_request.txt,413,2026-08-22T16:54:07.741942+00:00,TXT,GENERATED_OUTPUT,73,
miniandroid/run/exp073/UnitConverter_baseline/exp073_rendered.png,12482,2026-08-22T16:54:07.741942+00:00,OTHER,GENERATED_OUTPUT,73,
miniandroid/run/exp073/UnitConverter_baseline/shadow_report.json,3935,2026-08-22T16:54:07.742942+00:00,JSON,GENERATED_OUTPUT,73,
miniandroid/run/exp073/UnitConverter_baseline/view_tree.json,2586,2026-08-22T16:54:07.742942+00:00,VIEW_TREE_DUMP,GENERATED_OUTPUT,73,
miniandroid/run/exp073/UnitConverter_baseline/runtime_component_map.json,1010,2026-08-22T16:54:07.741942+00:00,JSON,GENERATED_OUTPUT,73,82fb6ef03e0688405900a12405d9667d5f6ea33a2f00e1da0bb013326af01fe8
miniandroid/run/exp073/UnitConverter_baseline/report.md,3022,2026-08-22T16:54:07.741942+00:00,REPORT_MD,HISTORICAL_EVIDENCE,73,
miniandroid/run/exp073/UnitConverter_baseline/golden/corpus.json,2017,2026-08-22T16:54:07.741942+00:00,JSON,REGRESSION_FIXTURE,73,647c390de845e1540e946c6b681469290a99023876e9b9d2a838bd76aaf6c50c
miniandroid/run/exp073/UnitConverter_baseline/database/android_api_frequency.json,4750,2026-08-22T16:54:07.741942+00:00,JSON,GENERATED_OUTPUT,73,119470c3fa5893c5970a8efa0aa677b23daf27f176b2ec731b62fdd701f48a4c
miniandroid/run/exp073/UnitConverter_baseline/database/dex_opcode_frequency.json,219,2026-08-22T16:54:07.741942+00:00,JSON,GENERATED_OUTPUT,73,f7db13b55a884b1fd1000373491042334b8e4126355c7a9c95273bc3ebd1c80f
miniandroid/run/exp073/com.chessclock.android_29_baseline/report.md.json,5145,2026-08-22T16:54:07.742942+00:00,JSON,GENERATED_OUTPUT,73,76f82b5326ec25fbc7f68ac730a66cfcdca34b6b0f9953a0bd8a9f90cdb1826f
miniandroid/run/exp073/com.chessclock.android_29_baseline/test_matrix.json,884,2026-08-22T16:54:07.742942+00:00,JSON,HISTORICAL_EVIDENCE,73,928af0797e8d156c6c4fa802a5746fedbabc41cdea12427f5c755a7b86e01f70
miniandroid/run/exp073/com.chessclock.android_29_baseline/report.md,3056,2026-08-22T16:54:07.742942+00:00,REPORT_MD,HISTORICAL_EVIDENCE,73,
miniandroid/run/exp073/com.chessclock.android_29_baseline/golden/corpus.json,2017,2026-08-22T16:54:07.742942+00:00,JSON,REGRESSION_FIXTURE,73,647c390de845e1540e946c6b681469290a99023876e9b9d2a838bd76aaf6c50c
miniandroid/run/exp073/com.chessclock.android_29_baseline/database/android_api_frequency.json,267,2026-08-22T16:54:07.742942+00:00,JSON,GENERATED_OUTPUT,73,b7486b33602f60bc443de6ec1fa527efdb37ce1e26665c7ffadca4fe818ea9fe
miniandroid/run/exp073/com.chessclock.android_29_baseline/database/dex_opcode_frequency.json,219,2026-08-22T16:54:07.742942+00:00,JSON,GENERATED_OUTPUT,73,f7db13b55a884b1fd1000373491042334b8e4126355c7a9c95273bc3ebd1c80f
miniandroid/run/exp073/org.billthefarmer.notes_139_baseline/failure_report.json,1181,2026-08-22T16:54:07.745942+00:00,JSON,HISTORICAL_EVIDENCE,73,ae083ed185e32ec421bcee26893a96b748a7c4af94edd34b73799bd014492886
miniandroid/run/exp073/org.billthefarmer.notes_139_baseline/application_runtime.json,3951,2026-08-22T16:54:07.745942+00:00,JSON,GENERATED_OUTPUT,73,15c36c2f7ce2000de59499bc8a70804909bb344ae473fd968d7811b246ea7302
miniandroid/run/exp073/org.billthefarmer.notes_139_baseline/runtime_state_trace.json,3010,2026-08-22T16:54:07.745942+00:00,JSON,GENERATED_OUTPUT,73,
miniandroid/run/exp073/org.billthefarmer.notes_139_baseline/report.md.json,5135,2026-08-22T16:54:07.745942+00:00,JSON,GENERATED_OUTPUT,73,ab0a70216e32dd0e08d42c268b4d0411aec72700f05bcf9ceef248359c4c6c77
miniandroid/run/exp073/org.billthefarmer.notes_139_baseline/test_matrix.json,872,2026-08-22T16:54:07.746942+00:00,JSON,HISTORICAL_EVIDENCE,73,57f8683e146ab2c870efc5881d4fa9739fd9570dc5b9138b0e7720c16f92b243
miniandroid/run/exp073/org.billthefarmer.notes_139_baseline/golden_end_to_end.json,1284,2026-08-22T16:54:07.745942+00:00,JSON,GENERATED_OUTPUT,73,76d5435b39b55bf54a94704049723cb9d0d9f7373d32ce4f033a7e03e8c7f4b1
miniandroid/run/exp073/org.billthefarmer.notes_139_baseline/render_request.txt,455,2026-08-22T16:54:07.745942+00:00,TXT,GENERATED_OUTPUT,73,
miniandroid/run/exp073/org.billthefarmer.notes_139_baseline/exp073_rendered.png,5044,2026-08-22T16:54:07.745942+00:00,OTHER,GENERATED_OUTPUT,73,
miniandroid/run/exp073/org.billthefarmer.notes_139_baseline/shadow_report.json,3962,2026-08-22T16:54:07.746942+00:00,JSON,GENERATED_OUTPUT,73,3214f4960abd49c16e214abd2d81f7eac8c897912a81a74ca6bbcb17f75acf97
miniandroid/run/exp073/org.billthefarmer.notes_139_baseline/view_tree.json,46244,2026-08-22T16:54:07.746942+00:00,VIEW_TREE_DUMP,GENERATED_OUTPUT,73,
miniandroid/run/exp073/org.billthefarmer.notes_139_baseline/runtime_component_map.json,1010,2026-08-22T16:54:07.745942+00:00,JSON,GENERATED_OUTPUT,73,8d041839b3920c1e34d8797fb3b81629331df5a1ed5ad967c43a7f4414792d2d
miniandroid/run/exp073/org.billthefarmer.notes_139_baseline/report.md,3056,2026-08-22T16:54:07.745942+00:00,REPORT_MD,HISTORICAL_EVIDENCE,73,
miniandroid/run/exp073/org.billthefarmer.notes_139_baseline/golden/corpus.json,2017,2026-08-22T16:54:07.745942+00:00,JSON,REGRESSION_FIXTURE,73,647c390de845e1540e946c6b681469290a99023876e9b9d2a838bd76aaf6c50c
miniandroid/run/exp073/org.billthefarmer.notes_139_baseline/database/android_api_frequency.json,15299,2026-08-22T16:54:07.745942+00:00,JSON,GENERATED_OUTPUT,73,
miniandroid/run/exp073/org.billthefarmer.notes_139_baseline/database/dex_opcode_frequency.json,219,2026-08-22T16:54:07.745942+00:00,JSON,GENERATED_OUTPUT,73,f7db13b55a884b1fd1000373491042334b8e4126355c7a9c95273bc3ebd1c80f
miniandroid/run/exp073/CounterV2_baseline/failure_report.json,1118,2026-08-22T16:54:07.732942+00:00,JSON,HISTORICAL_EVIDENCE,73,b94b764542631e78036e5a40ad5a2e37441e893aa8d5905d0f62fb1379e7ca9a
miniandroid/run/exp073/CounterV2_baseline/application_runtime.json,3857,2026-08-22T16:54:07.732942+00:00,JSON,GENERATED_OUTPUT,73,160e0728f1b9f9726e1bac4e276a695e6f690cc1664e71619f2d05b5431b5449
miniandroid/run/exp073/CounterV2_baseline/runtime_state_trace.json,2960,2026-08-22T16:54:07.732942+00:00,JSON,GENERATED_OUTPUT,73,b8ba48ef1fda274122ad99bb3f2fcb2a6de9206ecb01563b4854ca4b1083e517
miniandroid/run/exp073/CounterV2_baseline/report.md.json,5090,2026-08-22T16:54:07.732942+00:00,JSON,GENERATED_OUTPUT,73,3fe547dbe2235e1f1d7c01f3bbae41ff787c097107f85ef60d723fb14e4bd27e
miniandroid/run/exp073/CounterV2_baseline/test_matrix.json,851,2026-08-22T16:54:07.733942+00:00,JSON,HISTORICAL_EVIDENCE,73,3a938a4327374e3e9e2055d0fd0f06246d6c2f1514795ea18f3f404d52da94d5
miniandroid/run/exp073/CounterV2_baseline/golden_end_to_end.json,1267,2026-08-22T16:54:07.732942+00:00,JSON,GENERATED_OUTPUT,73,4980244cc08db21f4db8d63c3e60db7ff566c56ca156b03bb5d7792cf9b576fd
miniandroid/run/exp073/CounterV2_baseline/render_request.txt,401,2026-08-22T16:54:07.732942+00:00,TXT,GENERATED_OUTPUT,73,
miniandroid/run/exp073/CounterV2_baseline/exp073_rendered.png,5224,2026-08-22T16:54:07.732942+00:00,OTHER,GENERATED_OUTPUT,73,
miniandroid/run/exp073/CounterV2_baseline/shadow_report.json,3949,2026-08-22T16:54:07.733942+00:00,JSON,GENERATED_OUTPUT,73,072c763b2f6f2d49fbe779110bc75f74add1f3bdecbf0d360fe58c75ef8269fb
miniandroid/run/exp073/CounterV2_baseline/view_tree.json,1217,2026-08-22T16:54:07.733942+00:00,VIEW_TREE_DUMP,GENERATED_OUTPUT,73,
miniandroid/run/exp073/CounterV2_baseline/runtime_component_map.json,1010,2026-08-22T16:54:07.732942+00:00,JSON,GENERATED_OUTPUT,73,fbfaceaa9888304d52bdba1e466013b50489480a1506c0ab62681a01551f8671
miniandroid/run/exp073/CounterV2_baseline/report.md,3014,2026-08-22T16:54:07.732942+00:00,REPORT_MD,HISTORICAL_EVIDENCE,73,
miniandroid/run/exp073/CounterV2_baseline/golden/corpus.json,2017,2026-08-22T16:54:07.732942+00:00,JSON,REGRESSION_FIXTURE,73,647c390de845e1540e946c6b681469290a99023876e9b9d2a838bd76aaf6c50c
miniandroid/run/exp073/CounterV2_baseline/database/android_api_frequency.json,5022,2026-08-22T16:54:07.732942+00:00,JSON,GENERATED_OUTPUT,73,
miniandroid/run/exp073/CounterV2_baseline/database/dex_opcode_frequency.json,219,2026-08-22T16:54:07.732942+00:00,JSON,GENERATED_OUTPUT,73,f7db13b55a884b1fd1000373491042334b8e4126355c7a9c95273bc3ebd1c80f
miniandroid/run/exp073/gmdice_test/failure_report.json,965,2026-08-22T16:54:07.743942+00:00,JSON,HISTORICAL_EVIDENCE,73,3a918c27b962b874a6cc4c3efe878c7177621f57fbd8c57f76fd9819a2895d89
miniandroid/run/exp073/gmdice_test/application_runtime.json,3619,2026-08-22T16:54:07.743942+00:00,JSON,GENERATED_OUTPUT,73,4638edd81e6df180c483a21e58c842594ac04faae6869b9378fcef3e3ad20459
miniandroid/run/exp073/gmdice_test/runtime_state_trace.json,2863,2026-08-22T16:54:07.743942+00:00,JSON,GENERATED_OUTPUT,73,b8665447b8a1ba903588a7b3dce6529935cf20ecb1791b3516c45d419bd067e4
miniandroid/run/exp073/gmdice_test/report.md.json,4988,2026-08-22T16:54:07.743942+00:00,JSON,GENERATED_OUTPUT,73,bf3833f9a7cadb1752aef0941e72760e9e66c6f3c43e3fa7a80b68cff5494427
miniandroid/run/exp073/gmdice_test/test_matrix.json,800,2026-08-22T16:54:07.744941+00:00,JSON,HISTORICAL_EVIDENCE,73,1a0faa48d9277b8c6b21b18479b2260fedb48ad717675734d7ebc9f6b78081a6
miniandroid/run/exp073/gmdice_test/golden_end_to_end.json,1216,2026-08-22T16:54:07.743942+00:00,JSON,GENERATED_OUTPUT,73,ebe61b73164d858c324d482b0f530ab96241f1a1d5661d9919d5455e30348103
miniandroid/run/exp073/gmdice_test/render_request.txt,185,2026-08-22T16:54:07.743942+00:00,TXT,GENERATED_OUTPUT,73,
miniandroid/run/exp073/gmdice_test/view_tree.json,420,2026-08-22T16:54:07.744941+00:00,VIEW_TREE_DUMP,GENERATED_OUTPUT,73,0cf683286a3d298a7cfe70e0c10519e62ca81d562737b77bea84a77929c12c99
miniandroid/run/exp073/gmdice_test/runtime_component_map.json,1010,2026-08-22T16:54:07.743942+00:00,JSON,GENERATED_OUTPUT,73,ca71c0c48b80105c680010b174961bc2cc1fc269c746f2a41a660cb4aab6c347
miniandroid/run/exp073/gmdice_test/report.md,2891,2026-08-22T16:54:07.743942+00:00,REPORT_MD,HISTORICAL_EVIDENCE,73,
miniandroid/run/exp073/gmdice_test/golden/corpus.json,2017,2026-08-22T16:54:07.743942+00:00,JSON,REGRESSION_FIXTURE,73,647c390de845e1540e946c6b681469290a99023876e9b9d2a838bd76aaf6c50c
miniandroid/run/exp073/gmdice_test/database/android_api_frequency.json,6071,2026-08-22T16:54:07.743942+00:00,JSON,GENERATED_OUTPUT,73,
miniandroid/run/exp073/gmdice_test/database/dex_opcode_frequency.json,219,2026-08-22T16:54:07.743942+00:00,JSON,GENERATED_OUTPUT,73,f7db13b55a884b1fd1000373491042334b8e4126355c7a9c95273bc3ebd1c80f
miniandroid/run/exp073/Settings_baseline/failure_report.json,1115,2026-08-22T16:54:07.737942+00:00,JSON,HISTORICAL_EVIDENCE,73,c097a4d45d555b1ead8a8228c537dce4cd4cb23df9683c46e9306bae2fb553cf
miniandroid/run/exp073/Settings_baseline/application_runtime.json,3858,2026-08-22T16:54:07.737942+00:00,JSON,GENERATED_OUTPUT,73,1ffa2175c108f41c1b043f4ebf0c645018613e8c102fec2cea3dddb8f1342a14
miniandroid/run/exp073/Settings_baseline/runtime_state_trace.json,2964,2026-08-22T16:54:07.737942+00:00,JSON,GENERATED_OUTPUT,73,e644db179e1121c1d3c52a0e97aa82aec8836d9faa2aea8621f7056938edc8fb
miniandroid/run/exp073/Settings_baseline/report.md.json,5088,2026-08-22T16:54:07.737942+00:00,JSON,GENERATED_OUTPUT,73,f6ceaee4962cfafce62329042340dbecb707913c528cf2b42904d700b8069f84
miniandroid/run/exp073/Settings_baseline/test_matrix.json,850,2026-08-22T16:54:07.738942+00:00,JSON,HISTORICAL_EVIDENCE,73,bccb535920abae2857fc2094d372fee8388766c1b2215a1e3fb91a7ab90e2b78
miniandroid/run/exp073/Settings_baseline/golden_end_to_end.json,1266,2026-08-22T16:54:07.737942+00:00,JSON,GENERATED_OUTPUT,73,d74abf3a04dfab5411e28818a076fb2443134246721720e4929e0e452347fc96
miniandroid/run/exp073/Settings_baseline/render_request.txt,398,2026-08-22T16:54:07.737942+00:00,TXT,GENERATED_OUTPUT,73,
miniandroid/run/exp073/Settings_baseline/exp073_rendered.png,17637,2026-08-22T16:54:07.737942+00:00,OTHER,GENERATED_OUTPUT,73,
miniandroid/run/exp073/Settings_baseline/shadow_report.json,3947,2026-08-22T16:54:07.738942+00:00,JSON,GENERATED_OUTPUT,73,b397f6d72ad4353bfea46064409fb099efc49fca0aad7352d5c9427b9ceaded5
miniandroid/run/exp073/Settings_baseline/view_tree.json,2969,2026-08-22T16:54:07.738942+00:00,VIEW_TREE_DUMP,GENERATED_OUTPUT,73,
miniandroid/run/exp073/Settings_baseline/runtime_component_map.json,1010,2026-08-22T16:54:07.737942+00:00,JSON,GENERATED_OUTPUT,73,82fb6ef03e0688405900a12405d9667d5f6ea33a2f00e1da0bb013326af01fe8
miniandroid/run/exp073/Settings_baseline/report.md,3012,2026-08-22T16:54:07.737942+00:00,REPORT_MD,HISTORICAL_EVIDENCE,73,
miniandroid/run/exp073/Settings_baseline/golden/corpus.json,2017,2026-08-22T16:54:07.737942+00:00,JSON,REGRESSION_FIXTURE,73,647c390de845e1540e946c6b681469290a99023876e9b9d2a838bd76aaf6c50c
miniandroid/run/exp073/Settings_baseline/database/android_api_frequency.json,4236,2026-08-22T16:54:07.737942+00:00,JSON,GENERATED_OUTPUT,73,
miniandroid/run/exp073/Settings_baseline/database/dex_opcode_frequency.json,219,2026-08-22T16:54:07.737942+00:00,JSON,GENERATED_OUTPUT,73,f7db13b55a884b1fd1000373491042334b8e4126355c7a9c95273bc3ebd1c80f
miniandroid/run/exp073/org.debian.eugen.headingcalculator_1_baseline/failure_report.json,1208,2026-08-22T16:54:07.746942+00:00,JSON,HISTORICAL_EVIDENCE,73,7c351493a17f29130a6a31fe70f4202596444084591b20572b802b4485fb2f19
miniandroid/run/exp073/org.debian.eugen.headingcalculator_1_baseline/application_runtime.json,4039,2026-08-22T16:54:07.746942+00:00,JSON,GENERATED_OUTPUT,73,
miniandroid/run/exp073/org.debian.eugen.headingcalculator_1_baseline/runtime_state_trace.json,3055,2026-08-22T16:54:07.746942+00:00,JSON,GENERATED_OUTPUT,73,38f311cb552486a33de7eab75e253c3e9ba84838e202a6450ae1361eca662cbc
miniandroid/run/exp073/org.debian.eugen.headingcalculator_1_baseline/report.md.json,5150,2026-08-22T16:54:07.746942+00:00,JSON,GENERATED_OUTPUT,73,2f69243a38718ebae022a83de46e06f1e963be23e321b7962e81867b5ebf70e3
miniandroid/run/exp073/org.debian.eugen.headingcalculator_1_baseline/test_matrix.json,881,2026-08-22T16:54:07.747941+00:00,JSON,HISTORICAL_EVIDENCE,73,adb36a9a131ba6b92c669fcd773d9ae4b0e1b42d4072292a1ffaf1b62a5047aa
miniandroid/run/exp073/org.debian.eugen.headingcalculator_1_baseline/golden_end_to_end.json,1311,2026-08-22T16:54:07.746942+00:00,JSON,GENERATED_OUTPUT,73,2057d21cb19c121526fbab09f6d35b81a08d13e21f2402a3c037909a522715c0
miniandroid/run/exp073/org.debian.eugen.headingcalculator_1_baseline/render_request.txt,482,2026-08-22T16:54:07.746942+00:00,TXT,GENERATED_OUTPUT,73,
miniandroid/run/exp073/org.debian.eugen.headingcalculator_1_baseline/exp073_rendered.png,5044,2026-08-22T16:54:07.746942+00:00,OTHER,GENERATED_OUTPUT,73,
miniandroid/run/exp073/org.debian.eugen.headingcalculator_1_baseline/shadow_report.json,3947,2026-08-22T16:54:07.747941+00:00,JSON,GENERATED_OUTPUT,73,a9661d0d261bfba6ad1f0ef5e28cb1f940ea85379a102c283f165ea66b4fa4ab
miniandroid/run/exp073/org.debian.eugen.headingcalculator_1_baseline/view_tree.json,433,2026-08-22T16:54:07.747941+00:00,VIEW_TREE_DUMP,GENERATED_OUTPUT,73,33e5cea01dad730c1a34cc243c9bc734573e593cb8d26ed1d1e7898595b25c05
miniandroid/run/exp073/org.debian.eugen.headingcalculator_1_baseline/runtime_component_map.json,1010,2026-08-22T16:54:07.746942+00:00,JSON,GENERATED_OUTPUT,73,8d041839b3920c1e34d8797fb3b81629331df5a1ed5ad967c43a7f4414792d2d
miniandroid/run/exp073/org.debian.eugen.headingcalculator_1_baseline/report.md,3071,2026-08-22T16:54:07.746942+00:00,REPORT_MD,HISTORICAL_EVIDENCE,73,
miniandroid/run/exp073/org.debian.eugen.headingcalculator_1_baseline/golden/corpus.json,2017,2026-08-22T16:54:07.746942+00:00,JSON,REGRESSION_FIXTURE,73,647c390de845e1540e946c6b681469290a99023876e9b9d2a838bd76aaf6c50c
miniandroid/run/exp073/org.debian.eugen.headingcalculator_1_baseline/database/android_api_frequency.json,4348,2026-08-22T16:54:07.746942+00:00,JSON,GENERATED_OUTPUT,73,
miniandroid/run/exp073/org.debian.eugen.headingcalculator_1_baseline/database/dex_opcode_frequency.json,219,2026-08-22T16:54:07.746942+00:00,JSON,GENERATED_OUTPUT,73,f7db13b55a884b1fd1000373491042334b8e4126355c7a9c95273bc3ebd1c80f
miniandroid/run/exp073/Timer_baseline/failure_report.json,1106,2026-08-22T16:54:07.740942+00:00,JSON,HISTORICAL_EVIDENCE,73,922e616e015aa1d99ef34c0fa18006f74bcd14508cee209592a86429510862ac
miniandroid/run/exp073/Timer_baseline/application_runtime.json,3832,2026-08-22T16:54:07.740942+00:00,JSON,GENERATED_OUTPUT,73,e3c1e669e0259cab4655ad763f0e1ab21b2edf3a91db2290ec8700fe5905865d
miniandroid/run/exp073/Timer_baseline/runtime_state_trace.json,2950,2026-08-22T16:54:07.740942+00:00,JSON,GENERATED_OUTPUT,73,5b0c33e878894168b0062d553775d1b7f1e25e3f41c6c53c28c0ccd48a5f03dd
miniandroid/run/exp073/Timer_baseline/report.md.json,5082,2026-08-22T16:54:07.740942+00:00,JSON,GENERATED_OUTPUT,73,17d62148f8eca0fd5c3804bae59156dcce8f00e0389ed6bdea0d84d6f8a3dbad
miniandroid/run/exp073/Timer_baseline/test_matrix.json,847,2026-08-22T16:54:07.741942+00:00,JSON,HISTORICAL_EVIDENCE,73,f59891d2b9d3df426aab42223de0505b0458dfe8b2d3f3f66e1bb3887d52e986
miniandroid/run/exp073/Timer_baseline/golden_end_to_end.json,1260,2026-08-22T16:54:07.740942+00:00,JSON,GENERATED_OUTPUT,73,2c43be678efaa98d7fecb1528d1d2b66f4ff5f4b3394ea9c326eab16d550bdce
miniandroid/run/exp073/Timer_baseline/render_request.txt,389,2026-08-22T16:54:07.740942+00:00,TXT,GENERATED_OUTPUT,73,
miniandroid/run/exp073/Timer_baseline/exp073_rendered.png,7943,2026-08-22T16:54:07.740942+00:00,OTHER,GENERATED_OUTPUT,73,
miniandroid/run/exp073/Timer_baseline/shadow_report.json,3947,2026-08-22T16:54:07.741942+00:00,JSON,GENERATED_OUTPUT,73,abfd927ddd508974fb816f7f5b0f1e65383a0e1de9323f64d54c7ac365ff9c09
miniandroid/run/exp073/Timer_baseline/view_tree.json,1850,2026-08-22T16:54:07.741942+00:00,VIEW_TREE_DUMP,GENERATED_OUTPUT,73,
miniandroid/run/exp073/Timer_baseline/runtime_component_map.json,1010,2026-08-22T16:54:07.740942+00:00,JSON,GENERATED_OUTPUT,73,82fb6ef03e0688405900a12405d9667d5f6ea33a2f00e1da0bb013326af01fe8
miniandroid/run/exp073/Timer_baseline/report.md,3006,2026-08-22T16:54:07.740942+00:00,REPORT_MD,HISTORICAL_EVIDENCE,73,
miniandroid/run/exp073/Timer_baseline/golden/corpus.json,2017,2026-08-22T16:54:07.740942+00:00,JSON,REGRESSION_FIXTURE,73,647c390de845e1540e946c6b681469290a99023876e9b9d2a838bd76aaf6c50c
miniandroid/run/exp073/Timer_baseline/database/android_api_frequency.json,4742,2026-08-22T16:54:07.740942+00:00,JSON,GENERATED_OUTPUT,73,
miniandroid/run/exp073/Timer_baseline/database/dex_opcode_frequency.json,219,2026-08-22T16:54:07.740942+00:00,JSON,GENERATED_OUTPUT,73,f7db13b55a884b1fd1000373491042334b8e4126355c7a9c95273bc3ebd1c80f
miniandroid/run/exp062_rfix/failure_report.json,926,2026-08-22T16:54:07.578941+00:00,JSON,HISTORICAL_EVIDENCE,62,83b36424c4ba7047705fecf9d3f85e05209aee5ad08a77f29d8e531deacd2d6e
miniandroid/run/exp062_rfix/application_runtime.json,3604,2026-08-22T16:54:07.577941+00:00,JSON,GENERATED_OUTPUT,62,e9e4adaca109990f4cd56c474d0c61bdbabe57e0b027f414517a846d5795a659
miniandroid/run/exp062_rfix/runtime_state_trace.json,2846,2026-08-22T16:54:07.578941+00:00,JSON,GENERATED_OUTPUT,62,bfafda2167a732c801b4e8d2690edb953f69a648a9bfb18184b15479b9adefcd
miniandroid/run/exp062_rfix/report.md.json,4967,2026-08-22T16:54:07.578941+00:00,JSON,GENERATED_OUTPUT,62,6cb8cf50e7e3392b93acc25cc03fa11ca5a3e99913a63e9102a8ae89cf20566d
miniandroid/run/exp062_rfix/test_matrix.json,787,2026-08-22T16:54:07.579941+00:00,JSON,HISTORICAL_EVIDENCE,62,63243b7d8fa6bf4b24d63c1375ade1f1f7e5ae90db5c2fd31b0eb49316d14a8e
miniandroid/run/exp062_rfix/golden_end_to_end.json,1200,2026-08-22T16:54:07.578941+00:00,JSON,GENERATED_OUTPUT,62,311ab1d3ba62d1aba8c9c1d583963b08c1b22e41fbbf1e586e2068ad8473270c
miniandroid/run/exp062_rfix/render_request.txt,164,2026-08-22T16:54:07.578941+00:00,TXT,GENERATED_OUTPUT,62,
miniandroid/run/exp062_rfix/shadow_report.json,3967,2026-08-22T16:54:07.579941+00:00,JSON,GENERATED_OUTPUT,62,3e40fd9ce743a674996e9e13b722bf80bec22e20c5dd7957cae756def71d7cab
miniandroid/run/exp062_rfix/view_tree.json,525710,2026-08-22T16:54:07.579941+00:00,VIEW_TREE_DUMP,GENERATED_OUTPUT,62,
miniandroid/run/exp062_rfix/runtime_component_map.json,1010,2026-08-22T16:54:07.578941+00:00,JSON,GENERATED_OUTPUT,62,a4d68ed16d02939d3145f7d96425bee4f2e68e9286b73f8a83ce1752fc714f5a
miniandroid/run/exp062_rfix/report.md,2876,2026-08-22T16:54:07.578941+00:00,REPORT_MD,HISTORICAL_EVIDENCE,62,
miniandroid/run/exp062_rfix/golden/corpus.json,2017,2026-08-22T16:54:07.578941+00:00,JSON,REGRESSION_FIXTURE,62,647c390de845e1540e946c6b681469290a99023876e9b9d2a838bd76aaf6c50c
miniandroid/run/exp062_rfix/database/android_api_frequency.json,68510,2026-08-22T16:54:07.577941+00:00,JSON,GENERATED_OUTPUT,62,
miniandroid/run/exp062_rfix/database/dex_opcode_frequency.json,219,2026-08-22T16:54:07.577941+00:00,JSON,GENERATED_OUTPUT,62,f7db13b55a884b1fd1000373491042334b8e4126355c7a9c95273bc3ebd1c80f
miniandroid/run/exp047/first_native_call.json,802,2026-08-22T16:54:07.393941+00:00,JSON,GENERATED_OUTPUT,47,
miniandroid/run/exp053_task2k/failure_report.json,926,2026-08-22T16:54:07.499941+00:00,JSON,HISTORICAL_EVIDENCE,53,a981cbc494ac542fa5937a21bfbb85ecda5277d38662d021dffa85e5680eec85
miniandroid/run/exp053_task2k/application_runtime.json,3603,2026-08-22T16:54:07.498941+00:00,JSON,GENERATED_OUTPUT,53,73c1ac9fff58899f18f292486483daeb6f1964d8da45c67cc1f1566cec7f27ce
miniandroid/run/exp053_task2k/runtime_state_trace.json,2842,2026-08-22T16:54:07.499941+00:00,JSON,GENERATED_OUTPUT,53,7bdaf210eb961e2e4fff00765a3b5e12e6072039168ec5de7f663b204929fa11
miniandroid/run/exp053_task2k/report.md.json,4966,2026-08-22T16:54:07.499941+00:00,JSON,GENERATED_OUTPUT,53,51337ffa0c77c23f93303cbd3087868dc26d805813d695661470cd0cd6fb2c84
miniandroid/run/exp053_task2k/test_matrix.json,787,2026-08-22T16:54:07.500941+00:00,JSON,HISTORICAL_EVIDENCE,53,63243b7d8fa6bf4b24d63c1375ade1f1f7e5ae90db5c2fd31b0eb49316d14a8e
miniandroid/run/exp053_task2k/golden_end_to_end.json,1200,2026-08-22T16:54:07.499941+00:00,JSON,GENERATED_OUTPUT,53,2f227b86e47fcd3128c17bd404ca0afc1d001c8adf5018e2a575cc9ddfaf5666
miniandroid/run/exp053_task2k/shadow_report.json,3858,2026-08-22T16:54:07.500941+00:00,JSON,GENERATED_OUTPUT,53,40beb85f924f608d10a1425051ae7a25346bd43853619d14ea89a4f390dca38b
miniandroid/run/exp053_task2k/runtime_component_map.json,1010,2026-08-22T16:54:07.499941+00:00,JSON,GENERATED_OUTPUT,53,529e5c05b66de9201a66cf05d51c3a1fb8934e0cba852f79b5996b5cd52077c3
miniandroid/run/exp053_task2k/report.md,2877,2026-08-22T16:54:07.499941+00:00,REPORT_MD,HISTORICAL_EVIDENCE,53,
miniandroid/run/exp053_task2k/golden/corpus.json,2017,2026-08-22T16:54:07.499941+00:00,JSON,REGRESSION_FIXTURE,53,647c390de845e1540e946c6b681469290a99023876e9b9d2a838bd76aaf6c50c
miniandroid/run/exp053_task2k/database/android_api_frequency.json,13842,2026-08-22T16:54:07.499941+00:00,JSON,GENERATED_OUTPUT,53,
miniandroid/run/exp053_task2k/database/dex_opcode_frequency.json,219,2026-08-22T16:54:07.499941+00:00,JSON,GENERATED_OUTPUT,53,f7db13b55a884b1fd1000373491042334b8e4126355c7a9c95273bc3ebd1c80f
miniandroid/run/exp062_sv3/failure_report.json,926,2026-08-22T16:54:07.592941+00:00,JSON,HISTORICAL_EVIDENCE,62,04b834cfe95f077e5b97cc127543961d73ec84061274bbcaef948bd894939ee6
miniandroid/run/exp062_sv3/application_runtime.json,3604,2026-08-22T16:54:07.592941+00:00,JSON,GENERATED_OUTPUT,62,fed53587f2dc8acf68bd2c5a2e15880718cef5849d8243038495ff6de6c50594
miniandroid/run/exp062_sv3/runtime_state_trace.json,2848,2026-08-22T16:54:07.592941+00:00,JSON,GENERATED_OUTPUT,62,a6c5896f122821f9e259e87208c12e7486166b6e7eb937f5c77c75ed3046d365
miniandroid/run/exp062_sv3/report.md.json,4967,2026-08-22T16:54:07.592941+00:00,JSON,GENERATED_OUTPUT,62,db2dbabb6a6ac9969445edf9c02d1151bbcef80a1b4efe6dd379345edfadb415
miniandroid/run/exp062_sv3/test_matrix.json,787,2026-08-22T16:54:07.593941+00:00,JSON,HISTORICAL_EVIDENCE,62,63243b7d8fa6bf4b24d63c1375ade1f1f7e5ae90db5c2fd31b0eb49316d14a8e
miniandroid/run/exp062_sv3/golden_end_to_end.json,1200,2026-08-22T16:54:07.592941+00:00,JSON,GENERATED_OUTPUT,62,f3e3b81eb0ddcb5190f0b6b283246fc78c381e907b37b4ce2b216cf5ef625367
miniandroid/run/exp062_sv3/render_request.txt,161,2026-08-22T16:54:07.592941+00:00,TXT,GENERATED_OUTPUT,62,
miniandroid/run/exp062_sv3/runtime_component_map.json,1010,2026-08-22T16:54:07.592941+00:00,JSON,GENERATED_OUTPUT,62,f103aa54ab004d16e51b82dab617f2bcbdd85ef40bb3d8e9bffbafb0b5042353
miniandroid/run/exp062_sv3/report.md,2875,2026-08-22T16:54:07.592941+00:00,REPORT_MD,HISTORICAL_EVIDENCE,62,
miniandroid/run/exp062_sv3/golden/corpus.json,2017,2026-08-22T16:54:07.592941+00:00,JSON,REGRESSION_FIXTURE,62,647c390de845e1540e946c6b681469290a99023876e9b9d2a838bd76aaf6c50c
miniandroid/run/exp062_sv3/database/dex_opcode_frequency.json,219,2026-08-22T16:54:07.592941+00:00,JSON,GENERATED_OUTPUT,62,f7db13b55a884b1fd1000373491042334b8e4126355c7a9c95273bc3ebd1c80f
miniandroid/run/exp051_run3/failure_report.json,926,2026-08-22T16:54:07.451941+00:00,JSON,HISTORICAL_EVIDENCE,51,947f9e8037d68c7851288f8552630633e34cf32edf61d3f0450fb40bfe9d8098
miniandroid/run/exp051_run3/application_runtime.json,3599,2026-08-22T16:54:07.451941+00:00,JSON,GENERATED_OUTPUT,51,9cfa993dc0bce0b152726e90759a35c2550c16bd64994ea6bc3d09c84c9d5c80
miniandroid/run/exp051_run3/runtime_state_trace.json,2842,2026-08-22T16:54:07.452941+00:00,JSON,GENERATED_OUTPUT,51,6d90d1c61b652e7dca836fdd46be26c0d59a6af9f345d17f36ec16371f69776e
miniandroid/run/exp051_run3/report.md.json,4966,2026-08-22T16:54:07.451941+00:00,JSON,GENERATED_OUTPUT,51,d9223c4567fc2a7c7ee89c053133ece637f2115bc39810409d3455530d82d1a0
miniandroid/run/exp051_run3/test_matrix.json,787,2026-08-22T16:54:07.453941+00:00,JSON,HISTORICAL_EVIDENCE,51,63243b7d8fa6bf4b24d63c1375ade1f1f7e5ae90db5c2fd31b0eb49316d14a8e
miniandroid/run/exp051_run3/golden_end_to_end.json,1200,2026-08-22T16:54:07.451941+00:00,JSON,GENERATED_OUTPUT,51,35a2b7b5e2cb574b567a928c6c01a56e15710c6a9acdd4d4bc4468a4a150bfad
miniandroid/run/exp051_run3/runtime_component_map.json,1010,2026-08-22T16:54:07.451941+00:00,JSON,GENERATED_OUTPUT,51,f2a0e491a22ef6e9171d7891c975698a73587961f028b6f27d13273ee8daab20
miniandroid/run/exp051_run3/report.md,2875,2026-08-22T16:54:07.451941+00:00,REPORT_MD,HISTORICAL_EVIDENCE,51,
miniandroid/run/exp051_run3/golden/corpus.json,2017,2026-08-22T16:54:07.451941+00:00,JSON,REGRESSION_FIXTURE,51,647c390de845e1540e946c6b681469290a99023876e9b9d2a838bd76aaf6c50c
miniandroid/run/exp051_run3/database/dex_opcode_frequency.json,219,2026-08-22T16:54:07.451941+00:00,JSON,GENERATED_OUTPUT,51,f7db13b55a884b1fd1000373491042334b8e4126355c7a9c95273bc3ebd1c80f
miniandroid/run/exp058_repro_2/failure_report.json,926,2026-08-22T16:54:07.565941+00:00,JSON,HISTORICAL_EVIDENCE,58,d5c2a47c5a3bc4a19b809da8a17ac8454dd9acb12094fe7a0088dc1debbdb459
miniandroid/run/exp058_repro_2/application_runtime.json,3613,2026-08-22T16:54:07.565941+00:00,JSON,GENERATED_OUTPUT,58,4e8022e5f5760e444f7ac628baf0efb474471b36b253f9ff94efbbca70477bf6
miniandroid/run/exp058_repro_2/runtime_state_trace.json,2849,2026-08-22T16:54:07.565941+00:00,JSON,GENERATED_OUTPUT,58,54ad7bcae4256246449231c0be5da22d8f1211c7e885b9ce0c6a01f46f32496d
miniandroid/run/exp058_repro_2/report.md.json,4966,2026-08-22T16:54:07.565941+00:00,JSON,GENERATED_OUTPUT,58,1a2d1bce4bc8f9f748f7197d74324ae8e6e333b6ba2710afe611f5490ff0731b
miniandroid/run/exp058_repro_2/test_matrix.json,787,2026-08-22T16:54:07.566941+00:00,JSON,HISTORICAL_EVIDENCE,58,63243b7d8fa6bf4b24d63c1375ade1f1f7e5ae90db5c2fd31b0eb49316d14a8e
miniandroid/run/exp058_repro_2/golden_end_to_end.json,1200,2026-08-22T16:54:07.565941+00:00,JSON,GENERATED_OUTPUT,58,f787d1b3bf837b068be8a227fa5b61804c8e1dff475890628e98dbf11f80886c
miniandroid/run/exp058_repro_2/runtime_component_map.json,1010,2026-08-22T16:54:07.565941+00:00,JSON,GENERATED_OUTPUT,58,7f404db94c9ef24a3189746900ca00b5012c1d5a38092ee71a2b8e90c3a23508
miniandroid/run/exp058_repro_2/report.md,2878,2026-08-22T16:54:07.565941+00:00,REPORT_MD,HISTORICAL_EVIDENCE,58,
miniandroid/run/exp058_repro_2/golden/corpus.json,2017,2026-08-22T16:54:07.565941+00:00,JSON,REGRESSION_FIXTURE,58,647c390de845e1540e946c6b681469290a99023876e9b9d2a838bd76aaf6c50c
miniandroid/run/exp058_repro_2/database/dex_opcode_frequency.json,219,2026-08-22T16:54:07.565941+00:00,JSON,GENERATED_OUTPUT,58,f7db13b55a884b1fd1000373491042334b8e4126355c7a9c95273bc3ebd1c80f
miniandroid/run/exp048_iface/failure_report.json,926,2026-08-22T16:54:07.412941+00:00,JSON,HISTORICAL_EVIDENCE,48,7637336a60e136164ad1a3f1c7f3a01cf14e10bccae0e38696f45b5ec5c0408f
miniandroid/run/exp048_iface/application_runtime.json,3607,2026-08-22T16:54:07.412941+00:00,JSON,GENERATED_OUTPUT,48,ce2cbdd57716863558bd12d2e0d06418ba5019cdafa128c803ba11b9ad721f23
miniandroid/run/exp048_iface/runtime_state_trace.json,2847,2026-08-22T16:54:07.413941+00:00,JSON,GENERATED_OUTPUT,48,08240fa5dc9c1cbabe2c40e72d2a70d5d236c1ebbbc15613a67c109589c747e5
miniandroid/run/exp048_iface/report.md.json,4966,2026-08-22T16:54:07.412941+00:00,JSON,GENERATED_OUTPUT,48,264898385eb5541e53dea834ba6d5ca6ec3eba9d501d5410770da3982e3c2e3e
miniandroid/run/exp048_iface/test_matrix.json,787,2026-08-22T16:54:07.415941+00:00,JSON,HISTORICAL_EVIDENCE,48,63243b7d8fa6bf4b24d63c1375ade1f1f7e5ae90db5c2fd31b0eb49316d14a8e
miniandroid/run/exp048_iface/golden_end_to_end.json,1200,2026-08-22T16:54:07.412941+00:00,JSON,GENERATED_OUTPUT,48,5c80d52864bcc52296c85290a1923e7283f7fba9cf46c4308c55aa6fb27c394f
miniandroid/run/exp048_iface/runtime_component_map.json,1010,2026-08-22T16:54:07.412941+00:00,JSON,GENERATED_OUTPUT,48,49cbdeb569d188502130b446db1b040e9548e2fa63c1a1dd34ccb2ac7f1dcb53
miniandroid/run/exp048_iface/report.md,2876,2026-08-22T16:54:07.412941+00:00,REPORT_MD,HISTORICAL_EVIDENCE,48,
miniandroid/run/exp048_iface/golden/corpus.json,2017,2026-08-22T16:54:07.412941+00:00,JSON,REGRESSION_FIXTURE,48,647c390de845e1540e946c6b681469290a99023876e9b9d2a838bd76aaf6c50c
miniandroid/run/exp048_iface/database/dex_opcode_frequency.json,219,2026-08-22T16:54:07.412941+00:00,JSON,GENERATED_OUTPUT,48,f7db13b55a884b1fd1000373491042334b8e4126355c7a9c95273bc3ebd1c80f
miniandroid/run/exp062_rlookup/failure_report.json,926,2026-08-22T16:54:07.581941+00:00,JSON,HISTORICAL_EVIDENCE,62,7750828ff1a97cb539e4c1e687ac12498f4badb70e228b08735b502f0bab117f
miniandroid/run/exp062_rlookup/application_runtime.json,3612,2026-08-22T16:54:07.581941+00:00,JSON,GENERATED_OUTPUT,62,4c472dda232ad73f2d77393696b579843cda4e7fc3ba592b03eed73e8c2a897f
miniandroid/run/exp062_rlookup/runtime_state_trace.json,2848,2026-08-22T16:54:07.582941+00:00,JSON,GENERATED_OUTPUT,62,a8c44ea1e1afeb9e3b7057ca2d9ddb72446e2b2e5dbcac9cf89476be2c3c0c86
miniandroid/run/exp062_rlookup/report.md.json,4966,2026-08-22T16:54:07.582941+00:00,JSON,GENERATED_OUTPUT,62,bb90d145ff04c8e826610952796907c02ea1f58b4580d3fde383a6db9ec5ba89
miniandroid/run/exp062_rlookup/test_matrix.json,787,2026-08-22T16:54:07.582941+00:00,JSON,HISTORICAL_EVIDENCE,62,63243b7d8fa6bf4b24d63c1375ade1f1f7e5ae90db5c2fd31b0eb49316d14a8e
miniandroid/run/exp062_rlookup/golden_end_to_end.json,1200,2026-08-22T16:54:07.582941+00:00,JSON,GENERATED_OUTPUT,62,0491e29a0b9502e99028b122c92331efc11c853989a98ca2424de5435d2faa64
miniandroid/run/exp062_rlookup/render_request.txt,173,2026-08-22T16:54:07.582941+00:00,TXT,GENERATED_OUTPUT,62,
miniandroid/run/exp062_rlookup/runtime_component_map.json,1010,2026-08-22T16:54:07.582941+00:00,JSON,GENERATED_OUTPUT,62,f3fae0cee304f7833e7982dc50fb3c959b1688e71f206a49a0c813a783c4f089
miniandroid/run/exp062_rlookup/report.md,2879,2026-08-22T16:54:07.582941+00:00,REPORT_MD,HISTORICAL_EVIDENCE,62,
miniandroid/run/exp062_rlookup/golden/corpus.json,2017,2026-08-22T16:54:07.581941+00:00,JSON,REGRESSION_FIXTURE,62,647c390de845e1540e946c6b681469290a99023876e9b9d2a838bd76aaf6c50c
miniandroid/run/exp062_rlookup/database/dex_opcode_frequency.json,219,2026-08-22T16:54:07.581941+00:00,JSON,GENERATED_OUTPUT,62,f7db13b55a884b1fd1000373491042334b8e4126355c7a9c95273bc3ebd1c80f
miniandroid/run/exp043_phase3/failure_report.json,926,2026-08-15T20:33:30+00:00,JSON,HISTORICAL_EVIDENCE,43,2d3649688a54ce54f1e057f6b64b6aa50260bac27610138640b2c79caec4e364
miniandroid/run/exp043_phase3/application_runtime.json,3612,2026-08-15T20:33:30+00:00,JSON,GENERATED_OUTPUT,43,398f1302ec1d9b3d1d1b4c88cc2ae17a4c9d25a6eca88b78151a5b4c5476fd71
miniandroid/run/exp043_phase3/runtime_state_trace.json,2850,2026-08-15T20:33:30+00:00,JSON,GENERATED_OUTPUT,43,ba2a2e0a15e0099c7b4ff16e444ebbf25e3fc82817ae5fbc9de8ed037a3307e5
miniandroid/run/exp043_phase3/report.md.json,4966,2026-08-15T20:33:30+00:00,JSON,GENERATED_OUTPUT,43,5ab752f52945c35248bed693e73dc0e63b6ae852449e6e42effb24d5b66f39b7
miniandroid/run/exp043_phase3/test_matrix.json,787,2026-08-15T20:33:30+00:00,JSON,HISTORICAL_EVIDENCE,43,63243b7d8fa6bf4b24d63c1375ade1f1f7e5ae90db5c2fd31b0eb49316d14a8e
miniandroid/run/exp043_phase3/golden_end_to_end.json,1200,2026-08-15T20:33:30+00:00,JSON,GENERATED_OUTPUT,43,7a1006eb0a337d9bab536339c7cb2185c17cc83d0988963b07ba8d9b41774d28
miniandroid/run/exp043_phase3/runtime_component_map.json,1010,2026-08-15T20:33:30+00:00,JSON,GENERATED_OUTPUT,43,32890fe45452408b9c043031886e25a5ff21a93bf785abc9f3e38d27477abbdb
miniandroid/run/exp043_phase3/report.md,2878,2026-08-15T20:33:30+00:00,REPORT_MD,HISTORICAL_EVIDENCE,43,
miniandroid/run/exp043_phase3/golden/corpus.json,2017,2026-08-15T20:33:30+00:00,JSON,REGRESSION_FIXTURE,43,647c390de845e1540e946c6b681469290a99023876e9b9d2a838bd76aaf6c50c
miniandroid/run/exp043_phase3/database/android_api_frequency.json,22582,2026-08-15T20:33:30+00:00,JSON,GENERATED_OUTPUT,43,
miniandroid/run/exp043_phase3/database/dex_opcode_frequency.json,219,2026-08-15T20:33:30+00:00,JSON,GENERATED_OUTPUT,43,f7db13b55a884b1fd1000373491042334b8e4126355c7a9c95273bc3ebd1c80f
miniandroid/run/exp056_trace2/failure_report.json,926,2026-08-22T16:54:07.535941+00:00,JSON,HISTORICAL_EVIDENCE,56,70406a9149acf794d94b68ee46332dec804a5718964f5d995d853b85086ec76a
miniandroid/run/exp056_trace2/application_runtime.json,3603,2026-08-22T16:54:07.535941+00:00,JSON,GENERATED_OUTPUT,56,2f0b55cbc46b9483ea1ac965d0cb0859662e3114da351fa24225a83f2c7fcf42
miniandroid/run/exp056_trace2/runtime_state_trace.json,2842,2026-08-22T16:54:07.535941+00:00,JSON,GENERATED_OUTPUT,56,11f0a2b4868ded93ea681ebe3edc5da7ea734b46b51a424afbb4a80ff717757a
miniandroid/run/exp056_trace2/report.md.json,4966,2026-08-22T16:54:07.535941+00:00,JSON,GENERATED_OUTPUT,56,0ddb7a20efbf02c932d4f43b418730f421a1bb8ea9b2edfa3859aa6541ccbe43
miniandroid/run/exp056_trace2/test_matrix.json,787,2026-08-22T16:54:07.536941+00:00,JSON,HISTORICAL_EVIDENCE,56,63243b7d8fa6bf4b24d63c1375ade1f1f7e5ae90db5c2fd31b0eb49316d14a8e
miniandroid/run/exp056_trace2/golden_end_to_end.json,1200,2026-08-22T16:54:07.535941+00:00,JSON,GENERATED_OUTPUT,56,880297875624f10466db90f712ab62e7d3a1d6f82537a1fd4200e5d2dd3d46c6
miniandroid/run/exp056_trace2/runtime_component_map.json,1010,2026-08-22T16:54:07.535941+00:00,JSON,GENERATED_OUTPUT,56,3b73a0d6329adacfe92b05929e23a7580909b85bb94fb4898c890a641051670d
miniandroid/run/exp056_trace2/report.md,2877,2026-08-22T16:54:07.535941+00:00,REPORT_MD,HISTORICAL_EVIDENCE,56,
miniandroid/run/exp056_trace2/golden/corpus.json,2017,2026-08-22T16:54:07.535941+00:00,JSON,REGRESSION_FIXTURE,56,647c390de845e1540e946c6b681469290a99023876e9b9d2a838bd76aaf6c50c
miniandroid/run/exp056_trace2/database/dex_opcode_frequency.json,219,2026-08-22T16:54:07.535941+00:00,JSON,GENERATED_OUTPUT,56,f7db13b55a884b1fd1000373491042334b8e4126355c7a9c95273bc3ebd1c80f
miniandroid/run/exp058_param/failure_report.json,926,2026-08-22T16:54:07.560941+00:00,JSON,HISTORICAL_EVIDENCE,58,f08be2d8a8aaaa8bba1b191bb37e340f3de9be94e275f4ef368163f3eaf72162
miniandroid/run/exp058_param/application_runtime.json,3605,2026-08-22T16:54:07.560941+00:00,JSON,GENERATED_OUTPUT,58,8da2fddc58405d6915974429490b8ffa7f6806031fcef1a8e135a9678e5c16b6
miniandroid/run/exp058_param/runtime_state_trace.json,2845,2026-08-22T16:54:07.560941+00:00,JSON,GENERATED_OUTPUT,58,6120226ec440255c34ad8fb2e90c0fcc2e4fbb1bd0cc87165ab84e885eb409c0
miniandroid/run/exp058_param/report.md.json,4965,2026-08-22T16:54:07.560941+00:00,JSON,GENERATED_OUTPUT,58,0fe976aa72fe5c3db389360bec96013c56267b412055d0c3795edeb431a5b382
miniandroid/run/exp058_param/test_matrix.json,787,2026-08-22T16:54:07.561941+00:00,JSON,HISTORICAL_EVIDENCE,58,63243b7d8fa6bf4b24d63c1375ade1f1f7e5ae90db5c2fd31b0eb49316d14a8e
miniandroid/run/exp058_param/golden_end_to_end.json,1200,2026-08-22T16:54:07.560941+00:00,JSON,GENERATED_OUTPUT,58,a81c6cb467ada09747b9fad7ce29fabc69e08bd9cc8cff280a46e6a351139bea
miniandroid/run/exp058_param/runtime_component_map.json,1010,2026-08-22T16:54:07.560941+00:00,JSON,GENERATED_OUTPUT,58,2846da68565f0b417d3ec74eb28212831efc2d02189a7beeb52b517a1a3aff12
miniandroid/run/exp058_param/report.md,2876,2026-08-22T16:54:07.560941+00:00,REPORT_MD,HISTORICAL_EVIDENCE,58,
miniandroid/run/exp058_param/golden/corpus.json,2017,2026-08-22T16:54:07.560941+00:00,JSON,REGRESSION_FIXTURE,58,647c390de845e1540e946c6b681469290a99023876e9b9d2a838bd76aaf6c50c
miniandroid/run/exp058_param/database/dex_opcode_frequency.json,219,2026-08-22T16:54:07.560941+00:00,JSON,GENERATED_OUTPUT,58,f7db13b55a884b1fd1000373491042334b8e4126355c7a9c95273bc3ebd1c80f
miniandroid/run/exp064_run3/render_provenance.json,3537,2026-08-22T16:54:07.628941+00:00,JSON,GENERATED_OUTPUT,64,d568e071c511136d75dc227123e12a68d3994b0583ebcf11678320e72a2eb794
miniandroid/run/exp064_run3/login_ui.png,22206,2026-08-22T16:54:07.628941+00:00,OTHER,GENERATED_OUTPUT,64,
miniandroid/run/exp064_run3/login_debug.png,59431,2026-08-22T16:54:07.628941+00:00,OTHER,GENERATED_OUTPUT,64,
miniandroid/run/exp065_run_r3/render_provenance.json,3478,2026-08-22T16:54:07.642941+00:00,JSON,GENERATED_OUTPUT,65,57dc0428ae706f897d5a6563f98461c40cf016af6bf03cc092e585fd92f0d8df
miniandroid/run/exp065_run_r3/login_ui.png,17339,2026-08-22T16:54:07.642941+00:00,OTHER,GENERATED_OUTPUT,65,
miniandroid/run/exp065_run_r3/login_debug.png,54510,2026-08-22T16:54:07.642941+00:00,OTHER,GENERATED_OUTPUT,65,
miniandroid/run/exp044_baseline/failure_report.json,926,2026-08-22T16:54:07.335941+00:00,JSON,HISTORICAL_EVIDENCE,44,a97917a37f317ea6e3fb70fa5d04ee0cdd326c2ba18fdf9e915642f637f10406
miniandroid/run/exp044_baseline/application_runtime.json,3618,2026-08-22T16:54:07.335941+00:00,JSON,GENERATED_OUTPUT,44,8afdb89b57ba0cb2564e7d79409adff0f441ccc0b6eac74f9cb8cd34b9f3a8ed
miniandroid/run/exp044_baseline/runtime_state_trace.json,2852,2026-08-22T16:54:07.335941+00:00,JSON,GENERATED_OUTPUT,44,25197f2e3f68aa02cb789f81b81e1aca37878debb8f003c9f2e076a619ea1620
miniandroid/run/exp044_baseline/report.md.json,4966,2026-08-22T16:54:07.335941+00:00,JSON,GENERATED_OUTPUT,44,af6b22106e11b77932c87134182e33a063c336d43d369ad53b4d8aa5343588a4
miniandroid/run/exp044_baseline/test_matrix.json,787,2026-08-22T16:54:07.338941+00:00,JSON,HISTORICAL_EVIDENCE,44,63243b7d8fa6bf4b24d63c1375ade1f1f7e5ae90db5c2fd31b0eb49316d14a8e
miniandroid/run/exp044_baseline/golden_end_to_end.json,1200,2026-08-22T16:54:07.335941+00:00,JSON,GENERATED_OUTPUT,44,fd7bbcd7a51cd5a0b7ab75531d4cc40a7fc24374f8aa488c689eba3a1233156e
miniandroid/run/exp044_baseline/runtime_component_map.json,1010,2026-08-22T16:54:07.335941+00:00,JSON,GENERATED_OUTPUT,44,7c6d84399e1568d2b34928862bfccd6921040b5e29752ae8c1b43530c69e3ef1
miniandroid/run/exp044_baseline/report.md,2879,2026-08-22T16:54:07.335941+00:00,REPORT_MD,HISTORICAL_EVIDENCE,44,
miniandroid/run/exp044_baseline/golden/corpus.json,2017,2026-08-22T16:54:07.335941+00:00,JSON,REGRESSION_FIXTURE,44,647c390de845e1540e946c6b681469290a99023876e9b9d2a838bd76aaf6c50c
miniandroid/run/exp044_baseline/database/dex_opcode_frequency.json,219,2026-08-22T16:54:07.335941+00:00,JSON,GENERATED_OUTPUT,44,f7db13b55a884b1fd1000373491042334b8e4126355c7a9c95273bc3ebd1c80f
miniandroid/run/exp065_run/failure_report.json,926,2026-08-22T16:54:07.630941+00:00,JSON,HISTORICAL_EVIDENCE,65,c988a5d084b38d82fd268225ff00de0d45729ea8a77ea1e0f20e7fd6a2db807d
miniandroid/run/exp065_run/application_runtime.json,3600,2026-08-22T16:54:07.630941+00:00,JSON,GENERATED_OUTPUT,65,b6135373f46fcf8562fcf65473b20bb95edb7aa0c9fbf6eab36efb1e3317a642
miniandroid/run/exp065_run/runtime_state_trace.json,2844,2026-08-22T16:54:07.630941+00:00,JSON,GENERATED_OUTPUT,65,49ad15ff41196b5dd5ccc452f510e64ae495c081e9c0fb3c3357723039f5e7a4
miniandroid/run/exp065_run/report.md.json,4967,2026-08-22T16:54:07.630941+00:00,JSON,GENERATED_OUTPUT,65,b2471d7f5c2247b59d3f20191b146e4446defe6b84df84f9704b7d84fce76fea
miniandroid/run/exp065_run/test_matrix.json,787,2026-08-22T16:54:07.631941+00:00,JSON,HISTORICAL_EVIDENCE,65,63243b7d8fa6bf4b24d63c1375ade1f1f7e5ae90db5c2fd31b0eb49316d14a8e
miniandroid/run/exp065_run/golden_end_to_end.json,1200,2026-08-22T16:54:07.630941+00:00,JSON,GENERATED_OUTPUT,65,344867ce38982d062a84275fcc562dfd5c09a6a7c65a8d5a4e7008180793853a
miniandroid/run/exp065_run/render_request.txt,161,2026-08-22T16:54:07.630941+00:00,TXT,GENERATED_OUTPUT,65,
miniandroid/run/exp065_run/shadow_report.json,3967,2026-08-22T16:54:07.631941+00:00,JSON,GENERATED_OUTPUT,65,2e9fee0bb39f355642c4ec1ca1a4973096d02231311c33030b93dc5e23246df3
miniandroid/run/exp065_run/view_tree.json,532025,2026-08-22T16:54:07.632941+00:00,VIEW_TREE_DUMP,GENERATED_OUTPUT,65,
miniandroid/run/exp065_run/runtime_component_map.json,1010,2026-08-22T16:54:07.630941+00:00,JSON,GENERATED_OUTPUT,65,1b6b450588c857797a01d720518e7853732bd23cb35f1384c86325498e115137
miniandroid/run/exp065_run/report.md,2875,2026-08-22T16:54:07.630941+00:00,REPORT_MD,HISTORICAL_EVIDENCE,65,
miniandroid/run/exp065_run/golden/corpus.json,2017,2026-08-22T16:54:07.630941+00:00,JSON,REGRESSION_FIXTURE,65,647c390de845e1540e946c6b681469290a99023876e9b9d2a838bd76aaf6c50c
miniandroid/run/exp065_run/database/dex_opcode_frequency.json,219,2026-08-22T16:54:07.630941+00:00,JSON,GENERATED_OUTPUT,65,f7db13b55a884b1fd1000373491042334b8e4126355c7a9c95273bc3ebd1c80f
miniandroid/run/exp071_final_3/failure_report.json,926,2026-08-22T16:54:07.700942+00:00,JSON,HISTORICAL_EVIDENCE,71,7196af3f57e04508cd34066c0885350c3e7270c634245678ba06d597991f2f93
miniandroid/run/exp071_final_3/application_runtime.json,3612,2026-08-22T16:54:07.700942+00:00,JSON,GENERATED_OUTPUT,71,81f676cd27e692fc5df9aecd3ec8861598fe3f8e72eda71009d52cdcf3fef768
miniandroid/run/exp071_final_3/runtime_state_trace.json,2848,2026-08-22T16:54:07.700942+00:00,JSON,GENERATED_OUTPUT,71,129a7fbd1c549076bc0e6a9e005f71150603049252403125dfa68a0a75736214
miniandroid/run/exp071_final_3/report.md.json,4967,2026-08-22T16:54:07.700942+00:00,JSON,GENERATED_OUTPUT,71,dc833bdada7f9c3b3258905b7c8e77c112677def13b390406283a214a1b6f814
miniandroid/run/exp071_final_3/test_matrix.json,787,2026-08-22T16:54:07.701941+00:00,JSON,HISTORICAL_EVIDENCE,71,63243b7d8fa6bf4b24d63c1375ade1f1f7e5ae90db5c2fd31b0eb49316d14a8e
miniandroid/run/exp071_final_3/golden_end_to_end.json,1200,2026-08-22T16:54:07.700942+00:00,JSON,GENERATED_OUTPUT,71,837161173239a1b091ed942c08bac416a9cc5ba755ee20403284e7609f626d78
miniandroid/run/exp071_final_3/render_request.txt,173,2026-08-22T16:54:07.700942+00:00,TXT,GENERATED_OUTPUT,71,
miniandroid/run/exp071_final_3/runtime_component_map.json,1010,2026-08-22T16:54:07.700942+00:00,JSON,GENERATED_OUTPUT,71,1c62c987540fb930c24658189f55547f096c290cefdb14011eb8e9a1228ac5af
miniandroid/run/exp071_final_3/report.md,2879,2026-08-22T16:54:07.700942+00:00,REPORT_MD,HISTORICAL_EVIDENCE,71,
miniandroid/run/exp071_final_3/golden/corpus.json,2017,2026-08-22T16:54:07.700942+00:00,JSON,REGRESSION_FIXTURE,71,647c390de845e1540e946c6b681469290a99023876e9b9d2a838bd76aaf6c50c
miniandroid/run/exp071_final_3/database/dex_opcode_frequency.json,219,2026-08-22T16:54:07.700942+00:00,JSON,GENERATED_OUTPUT,71,f7db13b55a884b1fd1000373491042334b8e4126355c7a9c95273bc3ebd1c80f
miniandroid/run/exp062_init/failure_report.json,926,2026-08-22T16:54:07.576941+00:00,JSON,HISTORICAL_EVIDENCE,62,44cf5f96672899516a9e0fcc7aa653c1b3d54c1ff1178d54cd7f98656baf3b41
miniandroid/run/exp062_init/application_runtime.json,3603,2026-08-22T16:54:07.576941+00:00,JSON,GENERATED_OUTPUT,62,1c8d14710142edbbb75dd8d1fd91c7b81a96f1026b5e0d30f33c9620ead0c5d6
miniandroid/run/exp062_init/runtime_state_trace.json,2845,2026-08-22T16:54:07.576941+00:00,JSON,GENERATED_OUTPUT,62,76d01ed27bffa0fe3005620edb3a72562a17b83d3494498e9575d237bfab7175
miniandroid/run/exp062_init/report.md.json,4967,2026-08-22T16:54:07.576941+00:00,JSON,GENERATED_OUTPUT,62,739e85859d972e98062e3ac4dcd2674dda24847ce60b819257c31296a67ad8e7
miniandroid/run/exp062_init/test_matrix.json,787,2026-08-22T16:54:07.577941+00:00,JSON,HISTORICAL_EVIDENCE,62,63243b7d8fa6bf4b24d63c1375ade1f1f7e5ae90db5c2fd31b0eb49316d14a8e
miniandroid/run/exp062_init/golden_end_to_end.json,1200,2026-08-22T16:54:07.576941+00:00,JSON,GENERATED_OUTPUT,62,22e38336c399915210375b97f0d6c9af4db615aef0ecfb8dba1ce63ffcbf27aa
miniandroid/run/exp062_init/render_request.txt,164,2026-08-22T16:54:07.576941+00:00,TXT,GENERATED_OUTPUT,62,
miniandroid/run/exp062_init/runtime_component_map.json,1010,2026-08-22T16:54:07.576941+00:00,JSON,GENERATED_OUTPUT,62,447f63f87984e2a61a853c99c8923595026c30d6b652897877c16db39dcd0320
miniandroid/run/exp062_init/report.md,2876,2026-08-22T16:54:07.576941+00:00,REPORT_MD,HISTORICAL_EVIDENCE,62,
miniandroid/run/exp062_init/golden/corpus.json,2017,2026-08-22T16:54:07.576941+00:00,JSON,REGRESSION_FIXTURE,62,647c390de845e1540e946c6b681469290a99023876e9b9d2a838bd76aaf6c50c
miniandroid/run/exp062_init/database/dex_opcode_frequency.json,219,2026-08-22T16:54:07.576941+00:00,JSON,GENERATED_OUTPUT,62,f7db13b55a884b1fd1000373491042334b8e4126355c7a9c95273bc3ebd1c80f
miniandroid/run/exp071_final5/failure_report.json,926,2026-08-22T16:54:07.695941+00:00,JSON,HISTORICAL_EVIDENCE,71,880431657d1006c7e7e22005f6faf56f6b7baa5f1dfd5224014906cd227c69f5
miniandroid/run/exp071_final5/application_runtime.json,3608,2026-08-22T16:54:07.695941+00:00,JSON,GENERATED_OUTPUT,71,43221f93cb7d6a49670380df57cd0370138dffb5c0f5dbe039557fe4370f7790
miniandroid/run/exp071_final5/runtime_state_trace.json,2846,2026-08-22T16:54:07.695941+00:00,JSON,GENERATED_OUTPUT,71,d4065eb2301c6d8d6712a2038fe2aad62c868a8213ddffcc5da51017b9957eae
miniandroid/run/exp071_final5/report.md.json,4967,2026-08-22T16:54:07.695941+00:00,JSON,GENERATED_OUTPUT,71,bcc0978cc90820b664c4c8471309da96ae7b9e9203a28f8ed2667817ef952b24
miniandroid/run/exp071_final5/test_matrix.json,787,2026-08-22T16:54:07.696941+00:00,JSON,HISTORICAL_EVIDENCE,71,63243b7d8fa6bf4b24d63c1375ade1f1f7e5ae90db5c2fd31b0eb49316d14a8e
miniandroid/run/exp071_final5/golden_end_to_end.json,1200,2026-08-22T16:54:07.695941+00:00,JSON,GENERATED_OUTPUT,71,b433fee18feb54c4a081c60f96c8c3aac755040a1afefcac09a44c081b7e2ade
miniandroid/run/exp071_final5/render_request.txt,170,2026-08-22T16:54:07.695941+00:00,TXT,GENERATED_OUTPUT,71,
miniandroid/run/exp071_final5/shadow_report.json,3969,2026-08-22T16:54:07.696941+00:00,JSON,GENERATED_OUTPUT,71,08beda1c074198324d016cd6ccca05147067ddeb3cec02ab6225c5b9d8752f61
miniandroid/run/exp071_final5/runtime_component_map.json,1010,2026-08-22T16:54:07.695941+00:00,JSON,GENERATED_OUTPUT,71,0fcde3b67cfe168f503db9d43f7cbb70e903dff885f5240534da746fe27d19e2
miniandroid/run/exp071_final5/report.md,2878,2026-08-22T16:54:07.695941+00:00,REPORT_MD,HISTORICAL_EVIDENCE,71,
miniandroid/run/exp071_final5/golden/corpus.json,2017,2026-08-22T16:54:07.695941+00:00,JSON,REGRESSION_FIXTURE,71,647c390de845e1540e946c6b681469290a99023876e9b9d2a838bd76aaf6c50c
miniandroid/run/exp071_final5/database/dex_opcode_frequency.json,219,2026-08-22T16:54:07.695941+00:00,JSON,GENERATED_OUTPUT,71,f7db13b55a884b1fd1000373491042334b8e4126355c7a9c95273bc3ebd1c80f
miniandroid/run/exp053_task1_telegram/failure_report.json,926,2026-08-22T16:54:07.495941+00:00,JSON,HISTORICAL_EVIDENCE,53,adae319b4eb7dc66a5ca1bfa468ba7ba265f165bf3bbb2a8aba7d5bf1b9b928c
miniandroid/run/exp053_task1_telegram/application_runtime.json,3621,2026-08-22T16:54:07.495941+00:00,JSON,GENERATED_OUTPUT,53,bbfdd9f6e6afedb0f33b64373859fc0f8604011e5acc67679315b422e16add55
miniandroid/run/exp053_task1_telegram/runtime_state_trace.json,2844,2026-08-22T16:54:07.496941+00:00,JSON,GENERATED_OUTPUT,53,cbd3347cfc6b6deaddb2867664514006ba6af3ffef341a464ca2a5b2f31c2951
miniandroid/run/exp053_task1_telegram/report.md.json,4966,2026-08-22T16:54:07.496941+00:00,JSON,GENERATED_OUTPUT,53,dc81cfc9be802bb800fe12cce01988291c5db337f45c4af709db29ab1e22f1ba
miniandroid/run/exp053_task1_telegram/test_matrix.json,787,2026-08-22T16:54:07.497941+00:00,JSON,HISTORICAL_EVIDENCE,53,63243b7d8fa6bf4b24d63c1375ade1f1f7e5ae90db5c2fd31b0eb49316d14a8e
miniandroid/run/exp053_task1_telegram/golden_end_to_end.json,1200,2026-08-22T16:54:07.495941+00:00,JSON,GENERATED_OUTPUT,53,a0cb30ece32381e50c4d1f5ea2e06c27781cc6c77c800f3944846b3556c54521
miniandroid/run/exp053_task1_telegram/runtime_component_map.json,1010,2026-08-22T16:54:07.496941+00:00,JSON,GENERATED_OUTPUT,53,0ab8a6ad1a62f1bd6bbed3381dd5dbf992df9d4854834214b47e09088ed83afa
miniandroid/run/exp053_task1_telegram/report.md,2885,2026-08-22T16:54:07.495941+00:00,REPORT_MD,HISTORICAL_EVIDENCE,53,
miniandroid/run/exp053_task1_telegram/golden/corpus.json,2017,2026-08-22T16:54:07.495941+00:00,JSON,REGRESSION_FIXTURE,53,647c390de845e1540e946c6b681469290a99023876e9b9d2a838bd76aaf6c50c
miniandroid/run/exp053_task1_telegram/database/dex_opcode_frequency.json,219,2026-08-22T16:54:07.495941+00:00,JSON,GENERATED_OUTPUT,53,f7db13b55a884b1fd1000373491042334b8e4126355c7a9c95273bc3ebd1c80f
miniandroid/run/exp071_run5/failure_report.json,926,2026-08-22T16:54:07.719942+00:00,JSON,HISTORICAL_EVIDENCE,71,1acf1db1fb7b64de8627621f3d4d7ac866bdf39b85100e25134c09cd912eb4ae
miniandroid/run/exp071_run5/application_runtime.json,3602,2026-08-22T16:54:07.719942+00:00,JSON,GENERATED_OUTPUT,71,b8e42ecee0910f2e73dbaa92dcce829a3d353eb986f09f8d074173afe1c98be1
miniandroid/run/exp071_run5/runtime_state_trace.json,2844,2026-08-22T16:54:07.719942+00:00,JSON,GENERATED_OUTPUT,71,2c9bc5089f05b0cbb19014dfdbc33f744daae196bcf49cd932c57c2a6ab5cda4
miniandroid/run/exp071_run5/report.md.json,4966,2026-08-22T16:54:07.719942+00:00,JSON,GENERATED_OUTPUT,71,3b64e05bdd1f68cc3853d1f065624a721bc44e149b4e29451b35d10a5ed2ba8e
miniandroid/run/exp071_run5/test_matrix.json,787,2026-08-22T16:54:07.720942+00:00,JSON,HISTORICAL_EVIDENCE,71,63243b7d8fa6bf4b24d63c1375ade1f1f7e5ae90db5c2fd31b0eb49316d14a8e
miniandroid/run/exp071_run5/golden_end_to_end.json,1200,2026-08-22T16:54:07.719942+00:00,JSON,GENERATED_OUTPUT,71,246f67c1aed0fdf523c34504de928ce737b8ab0247d473b15178985fc0f0a918
miniandroid/run/exp071_run5/render_request.txt,164,2026-08-22T16:54:07.719942+00:00,TXT,GENERATED_OUTPUT,71,
miniandroid/run/exp071_run5/runtime_component_map.json,1010,2026-08-22T16:54:07.719942+00:00,JSON,GENERATED_OUTPUT,71,7fda8ade3630d923eebd1b340b3c52757f5ba166ba499036c54799f1545898cd
miniandroid/run/exp071_run5/report.md,2876,2026-08-22T16:54:07.719942+00:00,REPORT_MD,HISTORICAL_EVIDENCE,71,
miniandroid/run/exp071_run5/golden/corpus.json,2017,2026-08-22T16:54:07.719942+00:00,JSON,REGRESSION_FIXTURE,71,647c390de845e1540e946c6b681469290a99023876e9b9d2a838bd76aaf6c50c
miniandroid/run/exp071_run5/database/dex_opcode_frequency.json,219,2026-08-22T16:54:07.719942+00:00,JSON,GENERATED_OUTPUT,71,f7db13b55a884b1fd1000373491042334b8e4126355c7a9c95273bc3ebd1c80f
miniandroid/run/exp051_run4/failure_report.json,926,2026-08-22T16:54:07.453941+00:00,JSON,HISTORICAL_EVIDENCE,51,a2f90a112b64b2c94acf67ecbb0b4270354948b3aaadc0745369c8d9579353fb
miniandroid/run/exp051_run4/application_runtime.json,3604,2026-08-22T16:54:07.453941+00:00,JSON,GENERATED_OUTPUT,51,10d8135a1ac5e64f62479c6cea95ce69d8aac842c333b1f431edcdd82621b516
miniandroid/run/exp051_run4/runtime_state_trace.json,2847,2026-08-22T16:54:07.453941+00:00,JSON,GENERATED_OUTPUT,51,d34c46220ca7e3c80f4021413b5851f22c7406b9bb4daa60ef1a4e8fdf505b28
miniandroid/run/exp051_run4/report.md.json,4966,2026-08-22T16:54:07.453941+00:00,JSON,GENERATED_OUTPUT,51,80c7be54277636b02162e2901c54408b7b6fb003796c4f9f76d3307c464ae132
miniandroid/run/exp051_run4/test_matrix.json,787,2026-08-22T16:54:07.454941+00:00,JSON,HISTORICAL_EVIDENCE,51,63243b7d8fa6bf4b24d63c1375ade1f1f7e5ae90db5c2fd31b0eb49316d14a8e
miniandroid/run/exp051_run4/golden_end_to_end.json,1200,2026-08-22T16:54:07.453941+00:00,JSON,GENERATED_OUTPUT,51,1399c5c8c746bec842ca04baba4550a7dae6d6d25b8fc7c01e523899bba2428b
miniandroid/run/exp051_run4/runtime_component_map.json,1010,2026-08-22T16:54:07.453941+00:00,JSON,GENERATED_OUTPUT,51,d91fd7af7ab631b97b67636f285852b533f7c000a544043444c9f87f2d0ce596
miniandroid/run/exp051_run4/report.md,2875,2026-08-22T16:54:07.453941+00:00,REPORT_MD,HISTORICAL_EVIDENCE,51,
miniandroid/run/exp051_run4/golden/corpus.json,2017,2026-08-22T16:54:07.453941+00:00,JSON,REGRESSION_FIXTURE,51,647c390de845e1540e946c6b681469290a99023876e9b9d2a838bd76aaf6c50c
miniandroid/run/exp051_run4/database/dex_opcode_frequency.json,219,2026-08-22T16:54:07.453941+00:00,JSON,GENERATED_OUTPUT,51,f7db13b55a884b1fd1000373491042334b8e4126355c7a9c95273bc3ebd1c80f
miniandroid/run/exp047_diag/failure_report.json,926,2026-08-22T16:54:07.400941+00:00,JSON,HISTORICAL_EVIDENCE,47,9cb10c14047a8f5e05213105b8e780e71b1724b0c4c2d74eb21d0c50a6711a07
miniandroid/run/exp047_diag/application_runtime.json,3601,2026-08-22T16:54:07.400941+00:00,JSON,GENERATED_OUTPUT,47,39e7d7e27d206f08c7dda440b66923b5f03f7b88dd4c3aceeed5a75ef2926092
miniandroid/run/exp047_diag/runtime_state_trace.json,2843,2026-08-22T16:54:07.400941+00:00,JSON,GENERATED_OUTPUT,47,6b8e6134ce68b74b925d2b23875c9185d4a1afa26112caf59afee7dd51834f11
miniandroid/run/exp047_diag/report.md.json,4966,2026-08-22T16:54:07.400941+00:00,JSON,GENERATED_OUTPUT,47,17126b3b5c3ed2400c444a3cb7e26cf241104eca328a3f25edf00a1c3a448e6c
miniandroid/run/exp047_diag/test_matrix.json,787,2026-08-22T16:54:07.403941+00:00,JSON,HISTORICAL_EVIDENCE,47,63243b7d8fa6bf4b24d63c1375ade1f1f7e5ae90db5c2fd31b0eb49316d14a8e
miniandroid/run/exp047_diag/golden_end_to_end.json,1200,2026-08-22T16:54:07.400941+00:00,JSON,GENERATED_OUTPUT,47,3994c3018bbecfcb3bcb068294cf4712810b33661b9ed8d0e80ec28719c223e3
miniandroid/run/exp047_diag/runtime_component_map.json,1010,2026-08-22T16:54:07.400941+00:00,JSON,GENERATED_OUTPUT,47,fcead9600fc4ed240c8a5d1f7ffd078f150a4d20627ece71ab746a5b420cd563
miniandroid/run/exp047_diag/report.md,2875,2026-08-22T16:54:07.400941+00:00,REPORT_MD,HISTORICAL_EVIDENCE,47,
miniandroid/run/exp047_diag/golden/corpus.json,2017,2026-08-22T16:54:07.400941+00:00,JSON,REGRESSION_FIXTURE,47,647c390de845e1540e946c6b681469290a99023876e9b9d2a838bd76aaf6c50c
miniandroid/run/exp047_diag/database/dex_opcode_frequency.json,219,2026-08-22T16:54:07.400941+00:00,JSON,GENERATED_OUTPUT,47,f7db13b55a884b1fd1000373491042334b8e4126355c7a9c95273bc3ebd1c80f
miniandroid/run/exp065_baseline/login_ui.png,22206,2026-08-22T16:54:07.629941+00:00,OTHER,GENERATED_OUTPUT,65,
miniandroid/run/exp065_baseline/login_debug.png,59431,2026-08-22T16:54:07.629941+00:00,OTHER,GENERATED_OUTPUT,65,
miniandroid/run/exp068_r2/render_provenance.json,4314,2026-08-22T16:54:07.657941+00:00,JSON,GENERATED_OUTPUT,68,c4fc3687eb39896ee853cee8dacb9af661d7995288176ab2cbac02d1ea1fb934
miniandroid/run/exp068_r2/login_ui.png,22739,2026-08-22T16:54:07.657941+00:00,OTHER,GENERATED_OUTPUT,68,
miniandroid/run/exp068_r2/login_debug.png,61587,2026-08-22T16:54:07.657941+00:00,OTHER,GENERATED_OUTPUT,68,
miniandroid/run/exp058_repro_3/failure_report.json,926,2026-08-22T16:54:07.566941+00:00,JSON,HISTORICAL_EVIDENCE,58,0a1c887d08c83791b6e31236849211f3c1d9973e2dd90dbc62d87c802a0d893b
miniandroid/run/exp058_repro_3/application_runtime.json,3612,2026-08-22T16:54:07.566941+00:00,JSON,GENERATED_OUTPUT,58,1b5c0081661f4397b606020fd559244a696eca1b85f33809e69184825b1c2d3a
miniandroid/run/exp058_repro_3/runtime_state_trace.json,2848,2026-08-22T16:54:07.566941+00:00,JSON,GENERATED_OUTPUT,58,332260913f4e8732d480ed841a8dc65d618c5a00fcbffb74c260195fc852f817
miniandroid/run/exp058_repro_3/report.md.json,4966,2026-08-22T16:54:07.566941+00:00,JSON,GENERATED_OUTPUT,58,3667f9a113317be771b70b778ba298b34dc91928f3c64effba8289766ce5a010
miniandroid/run/exp058_repro_3/test_matrix.json,787,2026-08-22T16:54:07.567941+00:00,JSON,HISTORICAL_EVIDENCE,58,63243b7d8fa6bf4b24d63c1375ade1f1f7e5ae90db5c2fd31b0eb49316d14a8e
miniandroid/run/exp058_repro_3/golden_end_to_end.json,1200,2026-08-22T16:54:07.566941+00:00,JSON,GENERATED_OUTPUT,58,e29ed6a23ca1a46575a4636ccc8870032d3afa7e0f70226f3a90d9b72d2a3854
miniandroid/run/exp058_repro_3/runtime_component_map.json,1010,2026-08-22T16:54:07.566941+00:00,JSON,GENERATED_OUTPUT,58,76512bcf51efcfba34e5bad84d9bc87a9deda971bba4a839a3bee8976b7b2ef0
miniandroid/run/exp058_repro_3/report.md,2878,2026-08-22T16:54:07.566941+00:00,REPORT_MD,HISTORICAL_EVIDENCE,58,
miniandroid/run/exp058_repro_3/golden/corpus.json,2017,2026-08-22T16:54:07.566941+00:00,JSON,REGRESSION_FIXTURE,58,647c390de845e1540e946c6b681469290a99023876e9b9d2a838bd76aaf6c50c
miniandroid/run/exp058_repro_3/database/dex_opcode_frequency.json,219,2026-08-22T16:54:07.566941+00:00,JSON,GENERATED_OUTPUT,58,f7db13b55a884b1fd1000373491042334b8e4126355c7a9c95273bc3ebd1c80f
miniandroid/run/exp045_tc1/failure_report.json,1268,2026-08-22T16:54:07.357941+00:00,JSON,HISTORICAL_EVIDENCE,45,404a51df74ea6f374b4d2a0aff3693f1623784624c25344762d33adf3d52cbc2
miniandroid/run/exp045_tc1/application_runtime.json,3795,2026-08-22T16:54:07.357941+00:00,JSON,GENERATED_OUTPUT,45,
miniandroid/run/exp045_tc1/runtime_state_trace.json,3043,2026-08-22T16:54:07.357941+00:00,JSON,GENERATED_OUTPUT,45,
miniandroid/run/exp045_tc1/report.md.json,4962,2026-08-22T16:54:07.357941+00:00,JSON,GENERATED_OUTPUT,45,3b0eff332dcbc3659b5dc02ed59625713534d41f29801f15a4db6d98106d2679
miniandroid/run/exp045_tc1/test_matrix.json,787,2026-08-22T16:54:07.360941+00:00,JSON,HISTORICAL_EVIDENCE,45,63243b7d8fa6bf4b24d63c1375ade1f1f7e5ae90db5c2fd31b0eb49316d14a8e
miniandroid/run/exp045_tc1/golden_end_to_end.json,1200,2026-08-22T16:54:07.357941+00:00,JSON,GENERATED_OUTPUT,45,3bfa81ce5f90eaa71290429c27ffacf5536685296f1b2558c72f69838f89ab98
miniandroid/run/exp045_tc1/runtime_component_map.json,1010,2026-08-22T16:54:07.357941+00:00,JSON,GENERATED_OUTPUT,45,e16b3111a840b78c6bb23a2eea7d25f2cd78b854326a75af65c7224d6f3231fe
miniandroid/run/exp045_tc1/report.md,2870,2026-08-22T16:54:07.357941+00:00,REPORT_MD,HISTORICAL_EVIDENCE,45,
miniandroid/run/exp045_tc1/golden/corpus.json,2017,2026-08-22T16:54:07.357941+00:00,JSON,REGRESSION_FIXTURE,45,647c390de845e1540e946c6b681469290a99023876e9b9d2a838bd76aaf6c50c
miniandroid/run/exp045_tc1/database/dex_opcode_frequency.json,219,2026-08-22T16:54:07.357941+00:00,JSON,GENERATED_OUTPUT,45,f7db13b55a884b1fd1000373491042334b8e4126355c7a9c95273bc3ebd1c80f
miniandroid/run/exp069_synthetic/render_provenance.json,1781,2026-08-22T16:54:07.667941+00:00,JSON,GENERATED_OUTPUT,69,50e9e3d4c620857108643fb8f773e35c70326945804743a56a22fe5744972480
miniandroid/run/exp069_synthetic/login_ui.png,21010,2026-08-22T16:54:07.667941+00:00,OTHER,GENERATED_OUTPUT,69,
miniandroid/run/exp069_synthetic/image_validation.json,1584,2026-08-22T16:54:07.667941+00:00,JSON,GENERATED_OUTPUT,69,cab01ee4b6772e76d690ab8e366cdef1bffb8cd358edad0837977c829a0569bd
miniandroid/run/exp069_synthetic/login_debug.png,27898,2026-08-22T16:54:07.667941+00:00,OTHER,GENERATED_OUTPUT,69,
miniandroid/run/exp071_run11/failure_report.json,926,2026-08-22T16:54:07.706942+00:00,JSON,HISTORICAL_EVIDENCE,71,5d62a82221e2a1ebca691edf145d21b70693bb7204c2eb1401156bb38a9be4f9
miniandroid/run/exp071_run11/application_runtime.json,3606,2026-08-22T16:54:07.706942+00:00,JSON,GENERATED_OUTPUT,71,8276b1732ee09e148a063f255dde8ce98999abdd878d77bc2531b588ffe62ae3
miniandroid/run/exp071_run11/runtime_state_trace.json,2846,2026-08-22T16:54:07.706942+00:00,JSON,GENERATED_OUTPUT,71,c7683b2dc734ec106d43f1465406103845471cc46fe336b190a29a4b9497ef7c
miniandroid/run/exp071_run11/report.md.json,4967,2026-08-22T16:54:07.706942+00:00,JSON,GENERATED_OUTPUT,71,393bff6a32ed9baceff3789e6f280b79bee4b58f54e81dcb1c98365b2203776f
miniandroid/run/exp071_run11/test_matrix.json,787,2026-08-22T16:54:07.707942+00:00,JSON,HISTORICAL_EVIDENCE,71,63243b7d8fa6bf4b24d63c1375ade1f1f7e5ae90db5c2fd31b0eb49316d14a8e
miniandroid/run/exp071_run11/golden_end_to_end.json,1200,2026-08-22T16:54:07.706942+00:00,JSON,GENERATED_OUTPUT,71,2f659c58332cb7f446d6f9cc9abd821d7bee2057790077f034c441c4895cc358
miniandroid/run/exp071_run11/render_request.txt,167,2026-08-22T16:54:07.706942+00:00,TXT,GENERATED_OUTPUT,71,
miniandroid/run/exp071_run11/view_tree.json,632278,2026-08-22T16:54:07.707942+00:00,VIEW_TREE_DUMP,GENERATED_OUTPUT,71,3b05e6f13f99ab783acd8d242c118f56406ff4af7ee19df697649f5ec4e81dc7
miniandroid/run/exp071_run11/runtime_component_map.json,1010,2026-08-22T16:54:07.706942+00:00,JSON,GENERATED_OUTPUT,71,2458a2af9bf44cda87629666b5cc928aefc55caa90d8971ab2f952f42fbccd3e
miniandroid/run/exp071_run11/report.md,2877,2026-08-22T16:54:07.706942+00:00,REPORT_MD,HISTORICAL_EVIDENCE,71,
miniandroid/run/exp071_run11/golden/corpus.json,2017,2026-08-22T16:54:07.706942+00:00,JSON,REGRESSION_FIXTURE,71,647c390de845e1540e946c6b681469290a99023876e9b9d2a838bd76aaf6c50c
miniandroid/run/exp071_run11/database/dex_opcode_frequency.json,219,2026-08-22T16:54:07.706942+00:00,JSON,GENERATED_OUTPUT,71,f7db13b55a884b1fd1000373491042334b8e4126355c7a9c95273bc3ebd1c80f
miniandroid/run/exp065_run2/failure_report.json,926,2026-08-22T16:54:07.632941+00:00,JSON,HISTORICAL_EVIDENCE,65,a5cd4561132f0c27b1c1a22552f4683f26578ec460c3399048cc03915c6e7ff9
miniandroid/run/exp065_run2/application_runtime.json,3605,2026-08-22T16:54:07.632941+00:00,JSON,GENERATED_OUTPUT,65,f0966bdb720cabdd5357b4beac5a160042fa501dbaa7c43455065f2425dbeaa4
miniandroid/run/exp065_run2/runtime_state_trace.json,2847,2026-08-22T16:54:07.632941+00:00,JSON,GENERATED_OUTPUT,65,1dca15aa72cbad6012ac74bca470fe3cf91004f7e4c09b553fe4aaa9ff8a67c7
miniandroid/run/exp065_run2/report.md.json,4966,2026-08-22T16:54:07.632941+00:00,JSON,GENERATED_OUTPUT,65,b8e2fd78cb391ee88922fe8659191a9d9953dd70cb3b3deaf9fb985deb4b0442
miniandroid/run/exp065_run2/test_matrix.json,787,2026-08-22T16:54:07.633941+00:00,JSON,HISTORICAL_EVIDENCE,65,63243b7d8fa6bf4b24d63c1375ade1f1f7e5ae90db5c2fd31b0eb49316d14a8e
miniandroid/run/exp065_run2/golden_end_to_end.json,1200,2026-08-22T16:54:07.632941+00:00,JSON,GENERATED_OUTPUT,65,419708f535da463bcddfc9a1f464c425705a9b39340761cd6fd3fd67d650cff3
miniandroid/run/exp065_run2/render_request.txt,164,2026-08-22T16:54:07.632941+00:00,TXT,GENERATED_OUTPUT,65,
miniandroid/run/exp065_run2/runtime_component_map.json,1010,2026-08-22T16:54:07.632941+00:00,JSON,GENERATED_OUTPUT,65,f4fef9e485d629f863e6706689ed529b7bb4a992f065cb74a4118f1961dfddff
miniandroid/run/exp065_run2/report.md,2876,2026-08-22T16:54:07.632941+00:00,REPORT_MD,HISTORICAL_EVIDENCE,65,
miniandroid/run/exp065_run2/golden/corpus.json,2017,2026-08-22T16:54:07.632941+00:00,JSON,REGRESSION_FIXTURE,65,647c390de845e1540e946c6b681469290a99023876e9b9d2a838bd76aaf6c50c
miniandroid/run/exp065_run2/database/dex_opcode_frequency.json,219,2026-08-22T16:54:07.632941+00:00,JSON,GENERATED_OUTPUT,65,f7db13b55a884b1fd1000373491042334b8e4126355c7a9c95273bc3ebd1c80f
miniandroid/run/exp048_v2/failure_report.json,926,2026-08-22T16:54:07.421941+00:00,JSON,HISTORICAL_EVIDENCE,48,a1207d2649fff4d779b3259ade0de69dec3dd78109a0ad2556c0ae46bf1f5def
miniandroid/run/exp048_v2/application_runtime.json,3593,2026-08-22T16:54:07.421941+00:00,JSON,GENERATED_OUTPUT,48,d4964fda42df96a1f7a5440e6d955f34f512072d59372c0f4b32c5c6c42ff903
miniandroid/run/exp048_v2/runtime_state_trace.json,2839,2026-08-22T16:54:07.421941+00:00,JSON,GENERATED_OUTPUT,48,f78347211cdc1b8451fadd30be8154d31cdfccbf67a57e7e9488d2778571c250
miniandroid/run/exp048_v2/report.md.json,4966,2026-08-22T16:54:07.421941+00:00,JSON,GENERATED_OUTPUT,48,f552c2a458e8c5b2f9763d32a82e2c76da4aea6e24b3e436e4ac384bcf50c03b
miniandroid/run/exp048_v2/test_matrix.json,787,2026-08-22T16:54:07.424941+00:00,JSON,HISTORICAL_EVIDENCE,48,63243b7d8fa6bf4b24d63c1375ade1f1f7e5ae90db5c2fd31b0eb49316d14a8e
miniandroid/run/exp048_v2/golden_end_to_end.json,1200,2026-08-22T16:54:07.421941+00:00,JSON,GENERATED_OUTPUT,48,334f4cce20616187238cb3548bb5cf183db9134eb62ef2c525d88a1fb253c33a
miniandroid/run/exp048_v2/runtime_component_map.json,1010,2026-08-22T16:54:07.421941+00:00,JSON,GENERATED_OUTPUT,48,99e5355c7f35f0e3a9ce0e03ed0672a60d7b97bf4cfb2c5bcb976dca92a4a9ee
miniandroid/run/exp048_v2/report.md,2873,2026-08-22T16:54:07.421941+00:00,REPORT_MD,HISTORICAL_EVIDENCE,48,
miniandroid/run/exp048_v2/golden/corpus.json,2017,2026-08-22T16:54:07.421941+00:00,JSON,REGRESSION_FIXTURE,48,647c390de845e1540e946c6b681469290a99023876e9b9d2a838bd76aaf6c50c
miniandroid/run/exp048_v2/database/dex_opcode_frequency.json,219,2026-08-22T16:54:07.421941+00:00,JSON,GENERATED_OUTPUT,48,f7db13b55a884b1fd1000373491042334b8e4126355c7a9c95273bc3ebd1c80f
miniandroid/run/exp062_sv5/failure_report.json,926,2026-08-22T16:54:07.595941+00:00,JSON,HISTORICAL_EVIDENCE,62,e4b846420afda9454977d780cd7b32b1bb2775f1e60ceb521850c557a76ddc40
miniandroid/run/exp062_sv5/application_runtime.json,3599,2026-08-22T16:54:07.595941+00:00,JSON,GENERATED_OUTPUT,62,47d1da0e4d8b544ccf07b7544a253b3c3617a9b3310b876c3bf41ddbaa604a6b
miniandroid/run/exp062_sv5/runtime_state_trace.json,2843,2026-08-22T16:54:07.595941+00:00,JSON,GENERATED_OUTPUT,62,c1428a8748a815d243cf1f8ffc5315f8e541e56c594a748b1b46c14403df9f50
miniandroid/run/exp062_sv5/report.md.json,4967,2026-08-22T16:54:07.595941+00:00,JSON,GENERATED_OUTPUT,62,1b46f51530ad67c942606c114a1f6d385aa10c2cad733df15a640d3cf41be241
miniandroid/run/exp062_sv5/test_matrix.json,787,2026-08-22T16:54:07.596941+00:00,JSON,HISTORICAL_EVIDENCE,62,63243b7d8fa6bf4b24d63c1375ade1f1f7e5ae90db5c2fd31b0eb49316d14a8e
miniandroid/run/exp062_sv5/golden_end_to_end.json,1200,2026-08-22T16:54:07.595941+00:00,JSON,GENERATED_OUTPUT,62,4a85d7f55b7daf73b229f7713d6b212f32a9bfbf5680aa98de40e36677b85f04
miniandroid/run/exp062_sv5/render_request.txt,161,2026-08-22T16:54:07.595941+00:00,TXT,GENERATED_OUTPUT,62,
miniandroid/run/exp062_sv5/runtime_component_map.json,1010,2026-08-22T16:54:07.595941+00:00,JSON,GENERATED_OUTPUT,62,fb9b26497c1f60901df35b311c53f9e0148b881578e95cdafb40474af5d2167b
miniandroid/run/exp062_sv5/report.md,2875,2026-08-22T16:54:07.595941+00:00,REPORT_MD,HISTORICAL_EVIDENCE,62,
miniandroid/run/exp062_sv5/golden/corpus.json,2017,2026-08-22T16:54:07.595941+00:00,JSON,REGRESSION_FIXTURE,62,647c390de845e1540e946c6b681469290a99023876e9b9d2a838bd76aaf6c50c
miniandroid/run/exp062_sv5/database/dex_opcode_frequency.json,219,2026-08-22T16:54:07.595941+00:00,JSON,GENERATED_OUTPUT,62,f7db13b55a884b1fd1000373491042334b8e4126355c7a9c95273bc3ebd1c80f
miniandroid/run/exp048_baseline/failure_report.json,926,2026-08-22T16:54:07.406941+00:00,JSON,HISTORICAL_EVIDENCE,48,d7c43d40165c3bf5ed26a648f43dd7e4490ec2708e2ba6718aaab3392a6f5934
miniandroid/run/exp048_baseline/application_runtime.json,3613,2026-08-22T16:54:07.406941+00:00,JSON,GENERATED_OUTPUT,48,2f2165da106a65d9974fd66a234e81cef00472d29016bea58f6c2a63eace81fe
miniandroid/run/exp048_baseline/runtime_state_trace.json,2847,2026-08-22T16:54:07.407941+00:00,JSON,GENERATED_OUTPUT,48,53aa76ed1f34ba691322fdf504417b6b43106d273af4f87d0ac0b0208d12cc84
miniandroid/run/exp048_baseline/report.md.json,4966,2026-08-22T16:54:07.406941+00:00,JSON,GENERATED_OUTPUT,48,7595f0ab96d96e0d60300649eccddeeb94cf8bf92d47c4e37b7e476f7b75c33c
miniandroid/run/exp048_baseline/test_matrix.json,787,2026-08-22T16:54:07.409941+00:00,JSON,HISTORICAL_EVIDENCE,48,63243b7d8fa6bf4b24d63c1375ade1f1f7e5ae90db5c2fd31b0eb49316d14a8e
miniandroid/run/exp048_baseline/golden_end_to_end.json,1200,2026-08-22T16:54:07.406941+00:00,JSON,GENERATED_OUTPUT,48,95eb84f6c1933d466a41985081a8015a258a1cc251e653ab238ebf7532784654
miniandroid/run/exp048_baseline/runtime_component_map.json,1010,2026-08-22T16:54:07.406941+00:00,JSON,GENERATED_OUTPUT,48,5f876de08cc7debaabde38438e8d965752ba70804c0d1a8d221729dc9a8018f2
miniandroid/run/exp048_baseline/report.md,2879,2026-08-22T16:54:07.406941+00:00,REPORT_MD,HISTORICAL_EVIDENCE,48,
miniandroid/run/exp048_baseline/golden/corpus.json,2017,2026-08-22T16:54:07.406941+00:00,JSON,REGRESSION_FIXTURE,48,647c390de845e1540e946c6b681469290a99023876e9b9d2a838bd76aaf6c50c
miniandroid/run/exp048_baseline/database/dex_opcode_frequency.json,219,2026-08-22T16:54:07.406941+00:00,JSON,GENERATED_OUTPUT,48,f7db13b55a884b1fd1000373491042334b8e4126355c7a9c95273bc3ebd1c80f
miniandroid/run/exp047_const4/failure_report.json,926,2026-08-22T16:54:07.397941+00:00,JSON,HISTORICAL_EVIDENCE,47,f7b875cb0fe57e807a706f80bdad5745bf7e17ea789ef94a42428451f5b40dd3
miniandroid/run/exp047_const4/application_runtime.json,3609,2026-08-22T16:54:07.396941+00:00,JSON,GENERATED_OUTPUT,47,9f5febd2f6f4135ff4ac16a2d0bb76524c812bd604a6f7182fd0e4cdd7d3893a
miniandroid/run/exp047_const4/runtime_state_trace.json,2847,2026-08-22T16:54:07.397941+00:00,JSON,GENERATED_OUTPUT,47,a4153116beb730fe48eb737e9409ee8ecb20b0e691069e6ee3e115f06e19154e
miniandroid/run/exp047_const4/report.md.json,4966,2026-08-22T16:54:07.397941+00:00,JSON,GENERATED_OUTPUT,47,e5945e8438960ed34c107545353c4652540c34aabd62d041c38325539b9f5b3f
miniandroid/run/exp047_const4/test_matrix.json,787,2026-08-22T16:54:07.399941+00:00,JSON,HISTORICAL_EVIDENCE,47,63243b7d8fa6bf4b24d63c1375ade1f1f7e5ae90db5c2fd31b0eb49316d14a8e
miniandroid/run/exp047_const4/golden_end_to_end.json,1200,2026-08-22T16:54:07.397941+00:00,JSON,GENERATED_OUTPUT,47,0918decd8244d3d6cfb3924cb28e31011940725c1da14fede85ea7a9eb08d9be
miniandroid/run/exp047_const4/runtime_component_map.json,1010,2026-08-22T16:54:07.397941+00:00,JSON,GENERATED_OUTPUT,47,7b395f88ff0d15434e1589e6d319ee38fabf3c9b3b3dbed6d38c140f710327d5
miniandroid/run/exp047_const4/report.md,2877,2026-08-22T16:54:07.397941+00:00,REPORT_MD,HISTORICAL_EVIDENCE,47,
miniandroid/run/exp047_const4/golden/corpus.json,2017,2026-08-22T16:54:07.397941+00:00,JSON,REGRESSION_FIXTURE,47,647c390de845e1540e946c6b681469290a99023876e9b9d2a838bd76aaf6c50c
miniandroid/run/exp047_const4/database/android_api_frequency.json,26875,2026-08-22T16:54:07.397941+00:00,JSON,GENERATED_OUTPUT,47,
miniandroid/run/exp047_const4/database/dex_opcode_frequency.json,219,2026-08-22T16:54:07.397941+00:00,JSON,GENERATED_OUTPUT,47,f7db13b55a884b1fd1000373491042334b8e4126355c7a9c95273bc3ebd1c80f
miniandroid/run/exp056_nullfix/failure_report.json,926,2026-08-22T16:54:07.532941+00:00,JSON,HISTORICAL_EVIDENCE,56,f86a43a03fe8ec712b8bca4f57253e05929625b356423ddb03b22459ed31dfe1
miniandroid/run/exp056_nullfix/application_runtime.json,3607,2026-08-22T16:54:07.532941+00:00,JSON,GENERATED_OUTPUT,56,1be2f189c146ec9f8b2b1ad0c7cfef1dcbc4efd63d7ca4e0155118d43b0c4ed7
miniandroid/run/exp056_nullfix/runtime_state_trace.json,2844,2026-08-22T16:54:07.533941+00:00,JSON,GENERATED_OUTPUT,56,fd31a388fa9380181c7f4b831e320bd3ebc31bb51cce7be08e3cdcf7d1e07640
miniandroid/run/exp056_nullfix/report.md.json,4966,2026-08-22T16:54:07.533941+00:00,JSON,GENERATED_OUTPUT,56,1f158d5fe78652bee36206fc51cd39e912886dedf819b6eccc59dfd5c79ba777
miniandroid/run/exp056_nullfix/test_matrix.json,787,2026-08-22T16:54:07.533941+00:00,JSON,HISTORICAL_EVIDENCE,56,63243b7d8fa6bf4b24d63c1375ade1f1f7e5ae90db5c2fd31b0eb49316d14a8e
miniandroid/run/exp056_nullfix/golden_end_to_end.json,1200,2026-08-22T16:54:07.533941+00:00,JSON,GENERATED_OUTPUT,56,4a0bf2ac2aaf87ed958e510e6748e22094fd6797e519b246e8f36fd1d137a796
miniandroid/run/exp056_nullfix/runtime_component_map.json,1010,2026-08-22T16:54:07.533941+00:00,JSON,GENERATED_OUTPUT,56,9ddf823947f632050e212d9189e1b685cb76e1db6571d786f900a172231d8206
miniandroid/run/exp056_nullfix/report.md,2878,2026-08-22T16:54:07.533941+00:00,REPORT_MD,HISTORICAL_EVIDENCE,56,
miniandroid/run/exp056_nullfix/golden/corpus.json,2017,2026-08-22T16:54:07.532941+00:00,JSON,REGRESSION_FIXTURE,56,647c390de845e1540e946c6b681469290a99023876e9b9d2a838bd76aaf6c50c
miniandroid/run/exp056_nullfix/database/dex_opcode_frequency.json,219,2026-08-22T16:54:07.532941+00:00,JSON,GENERATED_OUTPUT,56,f7db13b55a884b1fd1000373491042334b8e4126355c7a9c95273bc3ebd1c80f
miniandroid/run/exp071_run15/failure_report.json,926,2026-08-22T16:54:07.711941+00:00,JSON,HISTORICAL_EVIDENCE,71,4051b5f5f9f9996627f715038ef17e226c9c2d00e5bbf0150685fb81e3e25cbe
miniandroid/run/exp071_run15/application_runtime.json,3605,2026-08-22T16:54:07.711941+00:00,JSON,GENERATED_OUTPUT,71,34e700ea4328174c21249fc282436cfa1abe5cd3b89602ba1c2b354dfd3cb941
miniandroid/run/exp071_run15/runtime_state_trace.json,2845,2026-08-22T16:54:07.711941+00:00,JSON,GENERATED_OUTPUT,71,554c4ccc4cbc58e69f51a0a31496d4c1fbc625dffe896155ba3f2fec2c720dd3
miniandroid/run/exp071_run15/report.md.json,4967,2026-08-22T16:54:07.711941+00:00,JSON,GENERATED_OUTPUT,71,d522a563935012c26a329bf8f0bb92e54ed56427c2bcfe7fcce61a5b50fd1bc8
miniandroid/run/exp071_run15/test_matrix.json,787,2026-08-22T16:54:07.712941+00:00,JSON,HISTORICAL_EVIDENCE,71,63243b7d8fa6bf4b24d63c1375ade1f1f7e5ae90db5c2fd31b0eb49316d14a8e
miniandroid/run/exp071_run15/golden_end_to_end.json,1200,2026-08-22T16:54:07.711941+00:00,JSON,GENERATED_OUTPUT,71,74b4cef98957fd4b889e7ebdc92e06e1345f0e9ba0608393d95f7c5b298dccf7
miniandroid/run/exp071_run15/render_request.txt,167,2026-08-22T16:54:07.711941+00:00,TXT,GENERATED_OUTPUT,71,
miniandroid/run/exp071_run15/runtime_component_map.json,1010,2026-08-22T16:54:07.711941+00:00,JSON,GENERATED_OUTPUT,71,0b10cd276b36c84beca50f12b7731c88aa7187cd569ad8ec656b3517759ba4cc
miniandroid/run/exp071_run15/report.md,2877,2026-08-22T16:54:07.711941+00:00,REPORT_MD,HISTORICAL_EVIDENCE,71,
miniandroid/run/exp071_run15/golden/corpus.json,2017,2026-08-22T16:54:07.711941+00:00,JSON,REGRESSION_FIXTURE,71,647c390de845e1540e946c6b681469290a99023876e9b9d2a838bd76aaf6c50c
miniandroid/run/exp071_run15/database/dex_opcode_frequency.json,219,2026-08-22T16:54:07.711941+00:00,JSON,GENERATED_OUTPUT,71,f7db13b55a884b1fd1000373491042334b8e4126355c7a9c95273bc3ebd1c80f
miniandroid/run/exp047_trace/failure_report.json,926,2026-08-22T16:54:07.403941+00:00,JSON,HISTORICAL_EVIDENCE,47,4e2c0780cc2ec23166c33f25ef044fb53b7d164da1f9a40e7cb9ae066a653c2b
miniandroid/run/exp047_trace/application_runtime.json,3609,2026-08-22T16:54:07.403941+00:00,JSON,GENERATED_OUTPUT,47,7c51a073141893c94d6444e854d1d384927d1677ec45840d1b1a452f88080f20
miniandroid/run/exp047_trace/runtime_state_trace.json,2849,2026-08-22T16:54:07.403941+00:00,JSON,GENERATED_OUTPUT,47,1314e62057786ba28c01e242934b65783bd400d8dd48b635a829ec42e4131aa3
miniandroid/run/exp047_trace/report.md.json,4966,2026-08-22T16:54:07.403941+00:00,JSON,GENERATED_OUTPUT,47,3c5afe1d9c0d98d5b8dc695ae7c2445134508700ef51e2ec3c087f23dcd020b4
miniandroid/run/exp047_trace/test_matrix.json,787,2026-08-22T16:54:07.406941+00:00,JSON,HISTORICAL_EVIDENCE,47,63243b7d8fa6bf4b24d63c1375ade1f1f7e5ae90db5c2fd31b0eb49316d14a8e
miniandroid/run/exp047_trace/golden_end_to_end.json,1200,2026-08-22T16:54:07.403941+00:00,JSON,GENERATED_OUTPUT,47,f70cef25185ef7555ffc2ea6ebe37cff630ff4fd2437447a0b509fba205b76cb
miniandroid/run/exp047_trace/runtime_component_map.json,1010,2026-08-22T16:54:07.403941+00:00,JSON,GENERATED_OUTPUT,47,6883d3a86d2f9d6f0f6b9ab860a0c7e484ad83c39c239cf7edf32b62adebcaf3
miniandroid/run/exp047_trace/report.md,2876,2026-08-22T16:54:07.403941+00:00,REPORT_MD,HISTORICAL_EVIDENCE,47,
miniandroid/run/exp047_trace/golden/corpus.json,2017,2026-08-22T16:54:07.403941+00:00,JSON,REGRESSION_FIXTURE,47,647c390de845e1540e946c6b681469290a99023876e9b9d2a838bd76aaf6c50c
miniandroid/run/exp047_trace/database/dex_opcode_frequency.json,219,2026-08-22T16:54:07.403941+00:00,JSON,GENERATED_OUTPUT,47,f7db13b55a884b1fd1000373491042334b8e4126355c7a9c95273bc3ebd1c80f
miniandroid/run/exp052_diag1/failure_report.json,926,2026-08-22T16:54:07.458941+00:00,JSON,HISTORICAL_EVIDENCE,52,7a8dc4143ab417ddfd4c09b24e389f684133c6aa17349dc17bbd4fd5d5ece2cb
miniandroid/run/exp052_diag1/application_runtime.json,3607,2026-08-22T16:54:07.458941+00:00,JSON,GENERATED_OUTPUT,52,1bf22af49ebf2ac4cdd73d1dd6dd3cb6d9b690e581d7ec1234e7338bb5f943fa
miniandroid/run/exp052_diag1/runtime_state_trace.json,2848,2026-08-22T16:54:07.458941+00:00,JSON,GENERATED_OUTPUT,52,d25cc47163e35e1d7f5de9f122964fe27773e81e6dd48bb0eee094fbafb87c2b
miniandroid/run/exp052_diag1/report.md.json,4966,2026-08-22T16:54:07.458941+00:00,JSON,GENERATED_OUTPUT,52,88ae281ab59e84b72c0476284315fe2aae2d06842f8947ae161e897b8fb5e399
miniandroid/run/exp052_diag1/test_matrix.json,787,2026-08-22T16:54:07.459941+00:00,JSON,HISTORICAL_EVIDENCE,52,63243b7d8fa6bf4b24d63c1375ade1f1f7e5ae90db5c2fd31b0eb49316d14a8e
miniandroid/run/exp052_diag1/golden_end_to_end.json,1200,2026-08-22T16:54:07.458941+00:00,JSON,GENERATED_OUTPUT,52,bdc0e0cd3237c7b7db6e6b5cb160c1bcdb31975c1296ac3e37dfc5881a10a3d4
miniandroid/run/exp052_diag1/runtime_component_map.json,1010,2026-08-22T16:54:07.458941+00:00,JSON,GENERATED_OUTPUT,52,3e213479c9f8a24503a38cc28d2ba8d7dd1b7671f30995b45ca46206c6fb2353
miniandroid/run/exp052_diag1/report.md,2876,2026-08-22T16:54:07.458941+00:00,REPORT_MD,HISTORICAL_EVIDENCE,52,
miniandroid/run/exp052_diag1/golden/corpus.json,2017,2026-08-22T16:54:07.458941+00:00,JSON,REGRESSION_FIXTURE,52,647c390de845e1540e946c6b681469290a99023876e9b9d2a838bd76aaf6c50c
miniandroid/run/exp052_diag1/database/dex_opcode_frequency.json,219,2026-08-22T16:54:07.458941+00:00,JSON,GENERATED_OUTPUT,52,f7db13b55a884b1fd1000373491042334b8e4126355c7a9c95273bc3ebd1c80f
miniandroid/run/exp079/calc/report.md.json,4980,2026-08-22T16:54:07.917942+00:00,JSON,GENERATED_OUTPUT,79,
miniandroid/run/exp079/calc/test_matrix.json,801,2026-08-22T16:54:07.917942+00:00,JSON,HISTORICAL_EVIDENCE,79,
miniandroid/run/exp079/calc/report.md,2878,2026-08-22T16:54:07.917942+00:00,REPORT_MD,HISTORICAL_EVIDENCE,79,
miniandroid/run/exp079/calc/golden/corpus.json,2017,2026-08-22T16:54:07.917942+00:00,JSON,REGRESSION_FIXTURE,79,647c390de845e1540e946c6b681469290a99023876e9b9d2a838bd76aaf6c50c
miniandroid/run/exp079/calc/database/android_api_frequency.json,191,2026-08-22T16:54:07.917942+00:00,JSON,GENERATED_OUTPUT,79,
miniandroid/run/exp079/calc/database/dex_opcode_frequency.json,219,2026-08-22T16:54:07.917942+00:00,JSON,GENERATED_OUTPUT,79,f7db13b55a884b1fd1000373491042334b8e4126355c7a9c95273bc3ebd1c80f
miniandroid/run/exp079/windows_test/miniandroid_diagnostic.zip,208406,2026-08-22T16:54:07.932942+00:00,OTHER,GENERATED_OUTPUT,79,
miniandroid/run/exp079/windows_test/diagnostic.json,796,2026-08-22T16:54:07.931942+00:00,JSON,GENERATED_OUTPUT,79,0b474798af896ac0bd2162f15f52540c4fa3a1318aa3521fcf2935f5ff124d41
miniandroid/run/exp079/windows_test/failure_report.json,926,2026-08-22T16:54:07.931942+00:00,JSON,HISTORICAL_EVIDENCE,79,c598779df8ca1c8edfd7e67cbdd6e7d98f85d1aae556cbf897a19b8d01b2402b
miniandroid/run/exp079/windows_test/application_runtime.json,3622,2026-08-22T16:54:07.931942+00:00,JSON,GENERATED_OUTPUT,79,
miniandroid/run/exp079/windows_test/runtime_state_trace.json,2848,2026-08-22T16:54:07.932942+00:00,JSON,GENERATED_OUTPUT,79,7dbc451bd8a2a2b7f1072d2e9201bca22644447d0cd186725b7f401993a4ba60
miniandroid/run/exp079/windows_test/report.md.json,4966,2026-08-22T16:54:07.932942+00:00,JSON,GENERATED_OUTPUT,79,ed197280dfaba804191d27bc93d5c90aab345388f85e08b14fe48767af3f518d
miniandroid/run/exp079/windows_test/test_matrix.json,787,2026-08-22T16:54:07.933942+00:00,JSON,HISTORICAL_EVIDENCE,79,63243b7d8fa6bf4b24d63c1375ade1f1f7e5ae90db5c2fd31b0eb49316d14a8e
miniandroid/run/exp079/windows_test/golden_end_to_end.json,1200,2026-08-22T16:54:07.932942+00:00,JSON,GENERATED_OUTPUT,79,b7ba75f31b599e0c698c62c652e4f33bc94b7c69c51d029f08f9fb9a42a1d43f
miniandroid/run/exp079/windows_test/render_request.txt,188,2026-08-22T16:54:07.932942+00:00,TXT,GENERATED_OUTPUT,79,
miniandroid/run/exp079/windows_test/runtime_component_map.json,1010,2026-08-22T16:54:07.932942+00:00,JSON,GENERATED_OUTPUT,79,18408bc1c08eb575fa493f2f37461926a20e2346edc1677728fc5ca6869003f0
miniandroid/run/exp079/windows_test/report.md,2883,2026-08-22T16:54:07.932942+00:00,REPORT_MD,HISTORICAL_EVIDENCE,79,
miniandroid/run/exp079/windows_test/golden/corpus.json,2017,2026-08-22T16:54:07.931942+00:00,JSON,REGRESSION_FIXTURE,79,647c390de845e1540e946c6b681469290a99023876e9b9d2a838bd76aaf6c50c
miniandroid/run/exp079/windows_test/database/dex_opcode_frequency.json,219,2026-08-22T16:54:07.931942+00:00,JSON,GENERATED_OUTPUT,79,f7db13b55a884b1fd1000373491042334b8e4126355c7a9c95273bc3ebd1c80f
miniandroid/run/exp079/telegram_match/failure_report.json,926,2026-08-22T16:54:07.926942+00:00,JSON,HISTORICAL_EVIDENCE,79,047a3170dd0dcab149d7238e25f316e3f724c07647b3f5890c665e5836e037ca
miniandroid/run/exp079/telegram_match/application_runtime.json,3623,2026-08-22T16:54:07.926942+00:00,JSON,GENERATED_OUTPUT,79,5e575bde0c5cca864d396931a255ab4dcdae7fef045669e70ce494fb12e2fc2d
miniandroid/run/exp079/telegram_match/runtime_state_trace.json,2846,2026-08-22T16:54:07.926942+00:00,JSON,GENERATED_OUTPUT,79,ac1573d0bc8c3da074a9ec28cb72f7a5a5c67f3e4cae3e8108077417f4d77fea
miniandroid/run/exp079/telegram_match/report.md.json,4966,2026-08-22T16:54:07.926942+00:00,JSON,GENERATED_OUTPUT,79,49d24e699924472b716087bde0c401b01a3b8e8103e6447bee315414eef880dd
miniandroid/run/exp079/telegram_match/test_matrix.json,787,2026-08-22T16:54:07.927942+00:00,JSON,HISTORICAL_EVIDENCE,79,63243b7d8fa6bf4b24d63c1375ade1f1f7e5ae90db5c2fd31b0eb49316d14a8e
miniandroid/run/exp079/telegram_match/golden_end_to_end.json,1200,2026-08-22T16:54:07.926942+00:00,JSON,GENERATED_OUTPUT,79,96d0bfcd2fb901977c3422f7ed87f582b7e1e472a3b09e6617b4f2e59a7dc289
miniandroid/run/exp079/telegram_match/render_request.txt,194,2026-08-22T16:54:07.926942+00:00,TXT,GENERATED_OUTPUT,79,
miniandroid/run/exp079/telegram_match/runtime_component_map.json,1010,2026-08-22T16:54:07.926942+00:00,JSON,GENERATED_OUTPUT,79,4296c4cd4ed7b4530421df5383b22e009c4c1cb100f735439624dd810edf0d50
miniandroid/run/exp079/telegram_match/report.md,2885,2026-08-22T16:54:07.926942+00:00,REPORT_MD,HISTORICAL_EVIDENCE,79,
miniandroid/run/exp079/telegram_match/golden/corpus.json,2017,2026-08-22T16:54:07.926942+00:00,JSON,REGRESSION_FIXTURE,79,647c390de845e1540e946c6b681469290a99023876e9b9d2a838bd76aaf6c50c
miniandroid/run/exp079/telegram_match/database/dex_opcode_frequency.json,219,2026-08-22T16:54:07.926942+00:00,JSON,GENERATED_OUTPUT,79,f7db13b55a884b1fd1000373491042334b8e4126355c7a9c95273bc3ebd1c80f
miniandroid/run/exp079/telegram_argfix/failure_report.json,926,2026-08-22T16:54:07.920942+00:00,JSON,HISTORICAL_EVIDENCE,79,3462e00b3fa57bdbc8221a3ef30176f914bab3a375004ec94861b5a03e1aa489
miniandroid/run/exp079/telegram_argfix/application_runtime.json,3628,2026-08-22T16:54:07.920942+00:00,JSON,GENERATED_OUTPUT,79,77a02120e3ffa935c3f8a0c70c58a6090f8de0117664e0103f19654f91f41bb4
miniandroid/run/exp079/telegram_argfix/runtime_state_trace.json,2849,2026-08-22T16:54:07.920942+00:00,JSON,GENERATED_OUTPUT,79,0dd0b22f90cd56448412574f58efd1326453f0fbab3de328713dd1df7d2fafae
miniandroid/run/exp079/telegram_argfix/report.md.json,4966,2026-08-22T16:54:07.920942+00:00,JSON,GENERATED_OUTPUT,79,4f5e606e8264a91dd7d52e1c8ab17f68d6eec74d90d8c1586544f567773f7233
miniandroid/run/exp079/telegram_argfix/test_matrix.json,787,2026-08-22T16:54:07.920942+00:00,JSON,HISTORICAL_EVIDENCE,79,63243b7d8fa6bf4b24d63c1375ade1f1f7e5ae90db5c2fd31b0eb49316d14a8e
miniandroid/run/exp079/telegram_argfix/golden_end_to_end.json,1200,2026-08-22T16:54:07.920942+00:00,JSON,GENERATED_OUTPUT,79,555cfb5bc10dd68385be36cc3ef32be5d5e526cfcec6cbbe865116b7a0006dca
miniandroid/run/exp079/telegram_argfix/render_request.txt,197,2026-08-22T16:54:07.920942+00:00,TXT,GENERATED_OUTPUT,79,
miniandroid/run/exp079/telegram_argfix/runtime_component_map.json,1010,2026-08-22T16:54:07.920942+00:00,JSON,GENERATED_OUTPUT,79,915a7574787b718b82d195f1fcb1cdff6b682bd26400790659b69856606c1b8d
miniandroid/run/exp079/telegram_argfix/report.md,2886,2026-08-22T16:54:07.920942+00:00,REPORT_MD,HISTORICAL_EVIDENCE,79,
miniandroid/run/exp079/telegram_argfix/golden/corpus.json,2017,2026-08-22T16:54:07.920942+00:00,JSON,REGRESSION_FIXTURE,79,647c390de845e1540e946c6b681469290a99023876e9b9d2a838bd76aaf6c50c
miniandroid/run/exp079/telegram_argfix/database/dex_opcode_frequency.json,219,2026-08-22T16:54:07.920942+00:00,JSON,GENERATED_OUTPUT,79,f7db13b55a884b1fd1000373491042334b8e4126355c7a9c95273bc3ebd1c80f
miniandroid/run/exp079/tictactoe/failure_report.json,881,2026-08-22T16:54:07.930942+00:00,JSON,HISTORICAL_EVIDENCE,79,0b53166b4e12ac7dee15ac5b1d8ab24934c94ff10bb7330a7abf7ed19411bc11
miniandroid/run/exp079/tictactoe/application_runtime.json,3602,2026-08-22T16:54:07.930942+00:00,JSON,GENERATED_OUTPUT,79,2b95b5a6e7cbcf948d1d65da841aeaba337809aa3aee3a11d8b8d1723218e2a9
miniandroid/run/exp079/tictactoe/runtime_state_trace.json,2827,2026-08-22T16:54:07.931942+00:00,JSON,GENERATED_OUTPUT,79,
miniandroid/run/exp079/tictactoe/report.md.json,4932,2026-08-22T16:54:07.931942+00:00,JSON,GENERATED_OUTPUT,79,
miniandroid/run/exp079/tictactoe/test_matrix.json,772,2026-08-22T16:54:07.931942+00:00,JSON,HISTORICAL_EVIDENCE,79,5e6d032ea8aec2a668852fca385f78501afc34623f32cafdcfd7fbf94bbccd56
miniandroid/run/exp079/tictactoe/golden_end_to_end.json,1197,2026-08-22T16:54:07.930942+00:00,JSON,GENERATED_OUTPUT,79,
miniandroid/run/exp079/tictactoe/render_request.txt,179,2026-08-22T16:54:07.930942+00:00,TXT,GENERATED_OUTPUT,79,
miniandroid/run/exp079/tictactoe/shadow_report.json,3947,2026-08-22T16:54:07.931942+00:00,JSON,GENERATED_OUTPUT,79,67ce9570b1f654c7fa76368168b33db1620d6fc06f6d96857d690b66e7b9a666
miniandroid/run/exp079/tictactoe/view_tree.json,1196,2026-08-22T16:54:07.931942+00:00,VIEW_TREE_DUMP,GENERATED_OUTPUT,79,
miniandroid/run/exp079/tictactoe/frame_000.png,2887,2026-08-22T16:54:07.930942+00:00,OTHER,GENERATED_OUTPUT,79,
miniandroid/run/exp079/tictactoe/runtime_component_map.json,1010,2026-08-22T16:54:07.931942+00:00,JSON,GENERATED_OUTPUT,79,ea84ffaf8d06dd3a39d560e9346abc342488edba3ef862cebe34e590bc1e2646
miniandroid/run/exp079/tictactoe/report.md,2862,2026-08-22T16:54:07.930942+00:00,REPORT_MD,HISTORICAL_EVIDENCE,79,
miniandroid/run/exp079/tictactoe/golden/corpus.json,2017,2026-08-22T16:54:07.930942+00:00,JSON,REGRESSION_FIXTURE,79,647c390de845e1540e946c6b681469290a99023876e9b9d2a838bd76aaf6c50c
miniandroid/run/exp079/tictactoe/database/android_api_frequency.json,5371,2026-08-22T16:54:07.930942+00:00,JSON,GENERATED_OUTPUT,79,
miniandroid/run/exp079/tictactoe/database/dex_opcode_frequency.json,219,2026-08-22T16:54:07.930942+00:00,JSON,GENERATED_OUTPUT,79,f7db13b55a884b1fd1000373491042334b8e4126355c7a9c95273bc3ebd1c80f
miniandroid/run/exp079/telegram_dexfix/failure_report.json,926,2026-08-22T16:54:07.921942+00:00,JSON,HISTORICAL_EVIDENCE,79,70326fcf0aa60dc9c1252212f37d66f32ad4e6bfeb0b3e599892184c25dc6444
miniandroid/run/exp079/telegram_dexfix/application_runtime.json,3628,2026-08-22T16:54:07.921942+00:00,JSON,GENERATED_OUTPUT,79,c139234d8c540d3804300a1050e7c36ca868cec703ed84f53615170b6aa062eb
miniandroid/run/exp079/telegram_dexfix/runtime_state_trace.json,2849,2026-08-22T16:54:07.921942+00:00,JSON,GENERATED_OUTPUT,79,bee72ae5f485010fe017276c1bdf5fa9c27f64c9012c88f663c08bd2dbabfaf0
miniandroid/run/exp079/telegram_dexfix/report.md.json,4966,2026-08-22T16:54:07.921942+00:00,JSON,GENERATED_OUTPUT,79,58cede50ff4dcd9274299dceb64fba10c1cdfd34295a91363fd0a73071c13939
miniandroid/run/exp079/telegram_dexfix/test_matrix.json,787,2026-08-22T16:54:07.922942+00:00,JSON,HISTORICAL_EVIDENCE,79,63243b7d8fa6bf4b24d63c1375ade1f1f7e5ae90db5c2fd31b0eb49316d14a8e
miniandroid/run/exp079/telegram_dexfix/golden_end_to_end.json,1200,2026-08-22T16:54:07.921942+00:00,JSON,GENERATED_OUTPUT,79,0639470023cb6a0f24f04d99c8b6a74cfc80b722eee2a7f4f310ea932f50418c
miniandroid/run/exp079/telegram_dexfix/render_request.txt,197,2026-08-22T16:54:07.921942+00:00,TXT,GENERATED_OUTPUT,79,
miniandroid/run/exp079/telegram_dexfix/runtime_component_map.json,1010,2026-08-22T16:54:07.921942+00:00,JSON,GENERATED_OUTPUT,79,9407559cb0680911c0a070ffb6da1efa0e7926b58c87e25528da7e24719c3350
miniandroid/run/exp079/telegram_dexfix/report.md,2886,2026-08-22T16:54:07.921942+00:00,REPORT_MD,HISTORICAL_EVIDENCE,79,
miniandroid/run/exp079/telegram_dexfix/golden/corpus.json,2017,2026-08-22T16:54:07.921942+00:00,JSON,REGRESSION_FIXTURE,79,647c390de845e1540e946c6b681469290a99023876e9b9d2a838bd76aaf6c50c
miniandroid/run/exp079/telegram_dexfix/database/dex_opcode_frequency.json,219,2026-08-22T16:54:07.921942+00:00,JSON,GENERATED_OUTPUT,79,f7db13b55a884b1fd1000373491042334b8e4126355c7a9c95273bc3ebd1c80f
miniandroid/run/exp079/tg_test/failure_report.json,926,2026-08-22T16:54:07.929942+00:00,JSON,HISTORICAL_EVIDENCE,79,69bc733e7d31f556c90759a0e113c0ca4aedf3dc89f8919052ea6931f4c2033b
miniandroid/run/exp079/tg_test/application_runtime.json,3609,2026-08-22T16:54:07.929942+00:00,JSON,GENERATED_OUTPUT,79,f1a374f3fa0886ef56b86400774f05a2d930921661b15c81b3da27963d96fcf1
miniandroid/run/exp079/tg_test/runtime_state_trace.json,2845,2026-08-22T16:54:07.929942+00:00,JSON,GENERATED_OUTPUT,79,ffcfb3652ee0f2c12670f4cbf0595814e57d73ea6db4603f189a74948c9540bc
miniandroid/run/exp079/tg_test/report.md.json,4966,2026-08-22T16:54:07.929942+00:00,JSON,GENERATED_OUTPUT,79,6f2e7507a09fed30821f5aa2d9ef90baaebafcab8828ae44614f328877e2603a
miniandroid/run/exp079/tg_test/test_matrix.json,787,2026-08-22T16:54:07.930942+00:00,JSON,HISTORICAL_EVIDENCE,79,63243b7d8fa6bf4b24d63c1375ade1f1f7e5ae90db5c2fd31b0eb49316d14a8e
miniandroid/run/exp079/tg_test/golden_end_to_end.json,1200,2026-08-22T16:54:07.929942+00:00,JSON,GENERATED_OUTPUT,79,5d61c8f181201baf66ea042eed8f1f54310222d251d6e7fc56b52cbc94de02e0
miniandroid/run/exp079/tg_test/render_request.txt,173,2026-08-22T16:54:07.929942+00:00,TXT,GENERATED_OUTPUT,79,
miniandroid/run/exp079/tg_test/runtime_component_map.json,1010,2026-08-22T16:54:07.929942+00:00,JSON,GENERATED_OUTPUT,79,f765a1134c80200733bc5b9cde5e3130dd61dce0c0f81abe277f64edd02ca725
miniandroid/run/exp079/tg_test/report.md,2878,2026-08-22T16:54:07.929942+00:00,REPORT_MD,HISTORICAL_EVIDENCE,79,
miniandroid/run/exp079/tg_test/golden/corpus.json,2017,2026-08-22T16:54:07.929942+00:00,JSON,REGRESSION_FIXTURE,79,647c390de845e1540e946c6b681469290a99023876e9b9d2a838bd76aaf6c50c
miniandroid/run/exp079/tg_test/database/dex_opcode_frequency.json,219,2026-08-22T16:54:07.929942+00:00,JSON,GENERATED_OUTPUT,79,f7db13b55a884b1fd1000373491042334b8e4126355c7a9c95273bc3ebd1c80f
miniandroid/run/exp079/sandbox_test/failure_report.json,926,2026-08-22T16:54:07.918942+00:00,JSON,HISTORICAL_EVIDENCE,79,3be0851c059711da1ccb1788a171e0f9334b08c508e94b363d03742a99a3b62d
miniandroid/run/exp079/sandbox_test/application_runtime.json,3616,2026-08-22T16:54:07.918942+00:00,JSON,GENERATED_OUTPUT,79,c2ce754447a3a24d343cd62e305c59478d1010cee12023284edb5f58d40d57e5
miniandroid/run/exp079/sandbox_test/runtime_state_trace.json,2842,2026-08-22T16:54:07.919942+00:00,JSON,GENERATED_OUTPUT,79,809d86c1a2e3611fb97c525e1736ed33f9e4ae8f27eabc221ae1a86ce3c6fbd7
miniandroid/run/exp079/sandbox_test/report.md.json,4966,2026-08-22T16:54:07.918942+00:00,JSON,GENERATED_OUTPUT,79,6e7c4fc0e6747400f80cb1d7963a6929c6bf3f8fd1159eecf55d5449102fa3c0
miniandroid/run/exp079/sandbox_test/test_matrix.json,787,2026-08-22T16:54:07.919942+00:00,JSON,HISTORICAL_EVIDENCE,79,63243b7d8fa6bf4b24d63c1375ade1f1f7e5ae90db5c2fd31b0eb49316d14a8e
miniandroid/run/exp079/sandbox_test/golden_end_to_end.json,1200,2026-08-22T16:54:07.918942+00:00,JSON,GENERATED_OUTPUT,79,b900223df898d0d64f5e2008f01a9635408c5ee212a1433e11f504a1b5d1c920
miniandroid/run/exp079/sandbox_test/render_request.txt,188,2026-08-22T16:54:07.918942+00:00,TXT,GENERATED_OUTPUT,79,
miniandroid/run/exp079/sandbox_test/runtime_component_map.json,1010,2026-08-22T16:54:07.918942+00:00,JSON,GENERATED_OUTPUT,79,34292a65dde6fdcbf9754a6f14dbc82e165ca77ce321f2a73b216d497fc4b84c
miniandroid/run/exp079/sandbox_test/report.md,2883,2026-08-22T16:54:07.918942+00:00,REPORT_MD,HISTORICAL_EVIDENCE,79,
miniandroid/run/exp079/sandbox_test/golden/corpus.json,2017,2026-08-22T16:54:07.918942+00:00,JSON,REGRESSION_FIXTURE,79,647c390de845e1540e946c6b681469290a99023876e9b9d2a838bd76aaf6c50c
miniandroid/run/exp079/sandbox_test/database/dex_opcode_frequency.json,219,2026-08-22T16:54:07.918942+00:00,JSON,GENERATED_OUTPUT,79,f7db13b55a884b1fd1000373491042334b8e4126355c7a9c95273bc3ebd1c80f
miniandroid/run/exp079/random_apk/failure_report.json,890,2026-08-22T16:54:07.917942+00:00,JSON,HISTORICAL_EVIDENCE,79,
miniandroid/run/exp079/random_apk/application_runtime.json,3557,2026-08-22T16:54:07.917942+00:00,JSON,GENERATED_OUTPUT,79,
miniandroid/run/exp079/random_apk/runtime_state_trace.json,2808,2026-08-22T16:54:07.918942+00:00,JSON,GENERATED_OUTPUT,79,
miniandroid/run/exp079/random_apk/report.md.json,4938,2026-08-22T16:54:07.917942+00:00,JSON,GENERATED_OUTPUT,79,
miniandroid/run/exp079/random_apk/test_matrix.json,775,2026-08-22T16:54:07.918942+00:00,JSON,HISTORICAL_EVIDENCE,79,
miniandroid/run/exp079/random_apk/golden_end_to_end.json,1184,2026-08-22T16:54:07.917942+00:00,JSON,GENERATED_OUTPUT,79,
miniandroid/run/exp079/random_apk/render_request.txt,182,2026-08-22T16:54:07.917942+00:00,TXT,GENERATED_OUTPUT,79,
miniandroid/run/exp079/random_apk/shadow_report.json,3951,2026-08-22T16:54:07.918942+00:00,JSON,GENERATED_OUTPUT,79,a8330e2b915fa5488db74dac7f3739811b43f89b6a782c7e00e8a9f414aafa22
miniandroid/run/exp079/random_apk/view_tree.json,2973,2026-08-22T16:54:07.918942+00:00,VIEW_TREE_DUMP,GENERATED_OUTPUT,79,3f3fb4bd5493d1926b72a0da87e7c6a822ee1f5caa95f5047651031c77a1db02
miniandroid/run/exp079/random_apk/runtime_component_map.json,1010,2026-08-22T16:54:07.918942+00:00,JSON,GENERATED_OUTPUT,79,54e8a0a77d0176ba60e0584f91e3af4e45bf8cf0ae22c1fe48c3320d523fa8ff
miniandroid/run/exp079/random_apk/report.md,2866,2026-08-22T16:54:07.917942+00:00,REPORT_MD,HISTORICAL_EVIDENCE,79,
miniandroid/run/exp079/random_apk/golden/corpus.json,2017,2026-08-22T16:54:07.917942+00:00,JSON,REGRESSION_FIXTURE,79,647c390de845e1540e946c6b681469290a99023876e9b9d2a838bd76aaf6c50c
miniandroid/run/exp079/random_apk/database/android_api_frequency.json,20288,2026-08-22T16:54:07.917942+00:00,JSON,GENERATED_OUTPUT,79,
miniandroid/run/exp079/random_apk/database/dex_opcode_frequency.json,219,2026-08-22T16:54:07.917942+00:00,JSON,GENERATED_OUTPUT,79,f7db13b55a884b1fd1000373491042334b8e4126355c7a9c95273bc3ebd1c80f
miniandroid/run/exp079/headingcalc/report.md.json,5025,2026-08-22T16:54:07.917942+00:00,JSON,GENERATED_OUTPUT,79,
miniandroid/run/exp079/headingcalc/test_matrix.json,825,2026-08-22T16:54:07.917942+00:00,JSON,HISTORICAL_EVIDENCE,79,
miniandroid/run/exp079/headingcalc/report.md,2908,2026-08-22T16:54:07.917942+00:00,REPORT_MD,HISTORICAL_EVIDENCE,79,
miniandroid/run/exp079/headingcalc/golden/corpus.json,2017,2026-08-22T16:54:07.917942+00:00,JSON,REGRESSION_FIXTURE,79,647c390de845e1540e946c6b681469290a99023876e9b9d2a838bd76aaf6c50c
miniandroid/run/exp079/headingcalc/database/android_api_frequency.json,213,2026-08-22T16:54:07.917942+00:00,JSON,GENERATED_OUTPUT,79,
miniandroid/run/exp079/headingcalc/database/dex_opcode_frequency.json,219,2026-08-22T16:54:07.917942+00:00,JSON,GENERATED_OUTPUT,79,f7db13b55a884b1fd1000373491042334b8e4126355c7a9c95273bc3ebd1c80f
miniandroid/run/exp079/telegram_trace/failure_report.json,926,2026-08-22T16:54:07.927942+00:00,JSON,HISTORICAL_EVIDENCE,79,42c6c2a16cc2894c2646302faa01980296ff160781955ec5836fc4601a18fa7a
miniandroid/run/exp079/telegram_trace/application_runtime.json,3627,2026-08-22T16:54:07.927942+00:00,JSON,GENERATED_OUTPUT,79,
miniandroid/run/exp079/telegram_trace/runtime_state_trace.json,2850,2026-08-22T16:54:07.927942+00:00,JSON,GENERATED_OUTPUT,79,4cf5b54108c716898cb29d6973b39e5618b91eee84562b83da7245ba1066d299
miniandroid/run/exp079/telegram_trace/report.md.json,4966,2026-08-22T16:54:07.927942+00:00,JSON,GENERATED_OUTPUT,79,d045e9675d1c590e6c47a0e4b690a66fab324c34dc431334cc4100588ea83c75
miniandroid/run/exp079/telegram_trace/test_matrix.json,787,2026-08-22T16:54:07.928942+00:00,JSON,HISTORICAL_EVIDENCE,79,63243b7d8fa6bf4b24d63c1375ade1f1f7e5ae90db5c2fd31b0eb49316d14a8e
miniandroid/run/exp079/telegram_trace/golden_end_to_end.json,1200,2026-08-22T16:54:07.927942+00:00,JSON,GENERATED_OUTPUT,79,6562c7dda714be6ce398c89d02757f56d3437f91505eb49c9d7b7d1460d47cfb
miniandroid/run/exp079/telegram_trace/render_request.txt,194,2026-08-22T16:54:07.927942+00:00,TXT,GENERATED_OUTPUT,79,
miniandroid/run/exp079/telegram_trace/runtime_component_map.json,1010,2026-08-22T16:54:07.927942+00:00,JSON,GENERATED_OUTPUT,79,5bd53d19fb012cf3c22f2688c8060e0e9999cfb282efefe1c265e1a4676d84f3
miniandroid/run/exp079/telegram_trace/report.md,2885,2026-08-22T16:54:07.927942+00:00,REPORT_MD,HISTORICAL_EVIDENCE,79,
miniandroid/run/exp079/telegram_trace/golden/corpus.json,2017,2026-08-22T16:54:07.927942+00:00,JSON,REGRESSION_FIXTURE,79,647c390de845e1540e946c6b681469290a99023876e9b9d2a838bd76aaf6c50c
miniandroid/run/exp079/telegram_trace/database/dex_opcode_frequency.json,219,2026-08-22T16:54:07.927942+00:00,JSON,GENERATED_OUTPUT,79,f7db13b55a884b1fd1000373491042334b8e4126355c7a9c95273bc3ebd1c80f
miniandroid/run/exp079/telegram_dispatch/failure_report.json,926,2026-08-22T16:54:07.924942+00:00,JSON,HISTORICAL_EVIDENCE,79,464d20320eadf368a0831940f2a47d5c158c6b72e03ee13a1f39fa43f84450ed
miniandroid/run/exp079/telegram_dispatch/application_runtime.json,3633,2026-08-22T16:54:07.924942+00:00,JSON,GENERATED_OUTPUT,79,10d14a615134fa7341e2d0390249f2f6c9c6d955c70537f182cd1ec0ad7366ee
miniandroid/run/exp079/telegram_dispatch/runtime_state_trace.json,2850,2026-08-22T16:54:07.924942+00:00,JSON,GENERATED_OUTPUT,79,56963dd06ccb78e516442de01f1958af83f2af29e483d2ea7ca8aaf69e09d622
miniandroid/run/exp079/telegram_dispatch/report.md.json,4966,2026-08-22T16:54:07.924942+00:00,JSON,GENERATED_OUTPUT,79,2f8be18c702e9f629b6c73a2c1fa66c3bb30e51d1b828a745ad40b63127df9bd
miniandroid/run/exp079/telegram_dispatch/test_matrix.json,787,2026-08-22T16:54:07.925942+00:00,JSON,HISTORICAL_EVIDENCE,79,63243b7d8fa6bf4b24d63c1375ade1f1f7e5ae90db5c2fd31b0eb49316d14a8e
miniandroid/run/exp079/telegram_dispatch/golden_end_to_end.json,1200,2026-08-22T16:54:07.924942+00:00,JSON,GENERATED_OUTPUT,79,36e6126b5e180032ebbaf511cd95b64583fe24ce1ed2e7e8e3deab89d1c04d73
miniandroid/run/exp079/telegram_dispatch/render_request.txt,203,2026-08-22T16:54:07.924942+00:00,TXT,GENERATED_OUTPUT,79,
miniandroid/run/exp079/telegram_dispatch/runtime_component_map.json,1010,2026-08-22T16:54:07.924942+00:00,JSON,GENERATED_OUTPUT,79,715f669e1d30d5342ce5e9e96330db3505e9f00d7238ab0c51e4e437f84d6475
miniandroid/run/exp079/telegram_dispatch/report.md,2888,2026-08-22T16:54:07.924942+00:00,REPORT_MD,HISTORICAL_EVIDENCE,79,
miniandroid/run/exp079/telegram_dispatch/golden/corpus.json,2017,2026-08-22T16:54:07.924942+00:00,JSON,REGRESSION_FIXTURE,79,647c390de845e1540e946c6b681469290a99023876e9b9d2a838bd76aaf6c50c
miniandroid/run/exp079/telegram_dispatch/database/dex_opcode_frequency.json,219,2026-08-22T16:54:07.924942+00:00,JSON,GENERATED_OUTPUT,79,f7db13b55a884b1fd1000373491042334b8e4126355c7a9c95273bc3ebd1c80f
miniandroid/run/exp079/telegram_direct/failure_report.json,926,2026-08-22T16:54:07.923942+00:00,JSON,HISTORICAL_EVIDENCE,79,665d0beaadbf4d24cd5418a9feb262bf6b78e98d6d63218622e08691c665b574
miniandroid/run/exp079/telegram_direct/application_runtime.json,3623,2026-08-22T16:54:07.923942+00:00,JSON,GENERATED_OUTPUT,79,d249dafc59f9e743eb926254cffebc6b460b37f48b9d94f5036a862625bc6f2d
miniandroid/run/exp079/telegram_direct/runtime_state_trace.json,2844,2026-08-22T16:54:07.923942+00:00,JSON,GENERATED_OUTPUT,79,bcecd0a8373d7d9d2b53a201c356412dac67670fd9f3dee63800847214286932
miniandroid/run/exp079/telegram_direct/report.md.json,4966,2026-08-22T16:54:07.923942+00:00,JSON,GENERATED_OUTPUT,79,c00cd72f643713a50bff885b589c392ac8f4ef9414d8b211ad644622d97e05de
miniandroid/run/exp079/telegram_direct/test_matrix.json,787,2026-08-22T16:54:07.923942+00:00,JSON,HISTORICAL_EVIDENCE,79,63243b7d8fa6bf4b24d63c1375ade1f1f7e5ae90db5c2fd31b0eb49316d14a8e
miniandroid/run/exp079/telegram_direct/golden_end_to_end.json,1200,2026-08-22T16:54:07.923942+00:00,JSON,GENERATED_OUTPUT,79,065d11d91dc56aeb5fc399002d9d7e633ca2dac30fc9db498ec92a888eb5b280
miniandroid/run/exp079/telegram_direct/render_request.txt,197,2026-08-22T16:54:07.923942+00:00,TXT,GENERATED_OUTPUT,79,
miniandroid/run/exp079/telegram_direct/runtime_component_map.json,1010,2026-08-22T16:54:07.923942+00:00,JSON,GENERATED_OUTPUT,79,0d177d853f692ebf0b65d816f6547ecbbcaf54d252ee5230084cce5b21a2ef50
miniandroid/run/exp079/telegram_direct/report.md,2886,2026-08-22T16:54:07.923942+00:00,REPORT_MD,HISTORICAL_EVIDENCE,79,
miniandroid/run/exp079/telegram_direct/golden/corpus.json,2017,2026-08-22T16:54:07.923942+00:00,JSON,REGRESSION_FIXTURE,79,647c390de845e1540e946c6b681469290a99023876e9b9d2a838bd76aaf6c50c
miniandroid/run/exp079/telegram_direct/database/dex_opcode_frequency.json,219,2026-08-22T16:54:07.923942+00:00,JSON,GENERATED_OUTPUT,79,f7db13b55a884b1fd1000373491042334b8e4126355c7a9c95273bc3ebd1c80f
miniandroid/run/exp071_run10/failure_report.json,926,2026-08-22T16:54:07.705941+00:00,JSON,HISTORICAL_EVIDENCE,71,70f0d20a298d25b4e55ab7602e8f0698d35662688343c51f18326d7a1bf77d0c
miniandroid/run/exp071_run10/application_runtime.json,3602,2026-08-22T16:54:07.705941+00:00,JSON,GENERATED_OUTPUT,71,fcc3a6d5af0e934863d78645febfe53251fc434b34d5ed805ab7deda2b6bcae2
miniandroid/run/exp071_run10/runtime_state_trace.json,2842,2026-08-22T16:54:07.705941+00:00,JSON,GENERATED_OUTPUT,71,fe29dfc2599d64bc13a739f063d2d2bbe27970497d4869694c2e6f4b08d96bd1
miniandroid/run/exp071_run10/report.md.json,4967,2026-08-22T16:54:07.705941+00:00,JSON,GENERATED_OUTPUT,71,41767d04b34aa3f1fa989965eb043116b180db590374fbd57565b67cc9fb2ae5
miniandroid/run/exp071_run10/test_matrix.json,787,2026-08-22T16:54:07.706942+00:00,JSON,HISTORICAL_EVIDENCE,71,63243b7d8fa6bf4b24d63c1375ade1f1f7e5ae90db5c2fd31b0eb49316d14a8e
miniandroid/run/exp071_run10/golden_end_to_end.json,1200,2026-08-22T16:54:07.705941+00:00,JSON,GENERATED_OUTPUT,71,d75c308ed4ee98c5d76fbe0926474528e2d265d21c2fdb762d55a4f8b70b06a8
miniandroid/run/exp071_run10/render_request.txt,167,2026-08-22T16:54:07.705941+00:00,TXT,GENERATED_OUTPUT,71,
miniandroid/run/exp071_run10/runtime_component_map.json,1010,2026-08-22T16:54:07.705941+00:00,JSON,GENERATED_OUTPUT,71,b8a50c6b54c29749fd9fc7261c9881eea9715685750cc30a3be57ce7ae426800
miniandroid/run/exp071_run10/report.md,2877,2026-08-22T16:54:07.705941+00:00,REPORT_MD,HISTORICAL_EVIDENCE,71,
miniandroid/run/exp071_run10/golden/corpus.json,2017,2026-08-22T16:54:07.705941+00:00,JSON,REGRESSION_FIXTURE,71,647c390de845e1540e946c6b681469290a99023876e9b9d2a838bd76aaf6c50c
miniandroid/run/exp071_run10/database/dex_opcode_frequency.json,219,2026-08-22T16:54:07.705941+00:00,JSON,GENERATED_OUTPUT,71,f7db13b55a884b1fd1000373491042334b8e4126355c7a9c95273bc3ebd1c80f
miniandroid/run/exp058_final5/failure_report.json,926,2026-08-22T16:54:07.550941+00:00,JSON,HISTORICAL_EVIDENCE,58,e0d96ca4f00652ed96e64c59559c895a0a076ee26c07b899e82bef4dbe48ba3d
miniandroid/run/exp058_final5/application_runtime.json,3609,2026-08-22T16:54:07.550941+00:00,JSON,GENERATED_OUTPUT,58,0fffcb9b9cafd9f15a812fc8e3294a9bad0ee5dd894d48a91bed52d4ec81a78e
miniandroid/run/exp058_final5/runtime_state_trace.json,2847,2026-08-22T16:54:07.550941+00:00,JSON,GENERATED_OUTPUT,58,60276be5199f5e101793fb8a071685c7e783ad9481b03a9efc85eff4bdb5dee5
miniandroid/run/exp058_final5/report.md.json,4964,2026-08-22T16:54:07.550941+00:00,JSON,GENERATED_OUTPUT,58,c7862c65d7de6ee4cf7bb7d675c8e77ad8ee9a588177a79f1daaf0635c7b536d
miniandroid/run/exp058_final5/test_matrix.json,787,2026-08-22T16:54:07.551941+00:00,JSON,HISTORICAL_EVIDENCE,58,63243b7d8fa6bf4b24d63c1375ade1f1f7e5ae90db5c2fd31b0eb49316d14a8e
miniandroid/run/exp058_final5/golden_end_to_end.json,1200,2026-08-22T16:54:07.550941+00:00,JSON,GENERATED_OUTPUT,58,1f470936bd14a9f8ac6253e10228c282124806c8a86744ddf1795fafcfc7dec6
miniandroid/run/exp058_final5/shadow_report.json,3862,2026-08-22T16:54:07.551941+00:00,JSON,GENERATED_OUTPUT,58,5941fd238015482b9131a6fa1326927b7920fe95f3e08976ca8b3e4e2eef1723
miniandroid/run/exp058_final5/runtime_component_map.json,1010,2026-08-22T16:54:07.550941+00:00,JSON,GENERATED_OUTPUT,58,5590a43a470810beedacbe3a280ec966060c9dbab251e5bc2adfae381fc639ee
miniandroid/run/exp058_final5/report.md,2877,2026-08-22T16:54:07.550941+00:00,REPORT_MD,HISTORICAL_EVIDENCE,58,
miniandroid/run/exp058_final5/golden/corpus.json,2017,2026-08-22T16:54:07.550941+00:00,JSON,REGRESSION_FIXTURE,58,647c390de845e1540e946c6b681469290a99023876e9b9d2a838bd76aaf6c50c
miniandroid/run/exp058_final5/database/android_api_frequency.json,33799,2026-08-22T16:54:07.550941+00:00,JSON,GENERATED_OUTPUT,58,
miniandroid/run/exp058_final5/database/dex_opcode_frequency.json,219,2026-08-22T16:54:07.550941+00:00,JSON,GENERATED_OUTPUT,58,f7db13b55a884b1fd1000373491042334b8e4126355c7a9c95273bc3ebd1c80f
miniandroid/run/exp046_jni/failure_report.json,926,2026-08-22T16:54:07.373941+00:00,JSON,HISTORICAL_EVIDENCE,46,9a14b922acc3898c877bb79bd6abd0e495a6f930d46c69588248fe3f7aa4425f
miniandroid/run/exp046_jni/application_runtime.json,3603,2026-08-22T16:54:07.372941+00:00,JSON,GENERATED_OUTPUT,46,f0be6da0e72c6eb69d7d5f6451ed99f1d0ce34e3088880c96406cf773814a36a
miniandroid/run/exp046_jni/runtime_state_trace.json,2847,2026-08-22T16:54:07.373941+00:00,JSON,GENERATED_OUTPUT,46,ad4d75aae12d0a4883fa768913f04a4b3090edd6c6db9e9159ab2b9e81a16604
miniandroid/run/exp046_jni/report.md.json,4966,2026-08-22T16:54:07.373941+00:00,JSON,GENERATED_OUTPUT,46,d8947f804b4ddee12e11d408f0c1fcc23dcffc37778d56e412845739a632b775
miniandroid/run/exp046_jni/test_matrix.json,787,2026-08-22T16:54:07.375941+00:00,JSON,HISTORICAL_EVIDENCE,46,63243b7d8fa6bf4b24d63c1375ade1f1f7e5ae90db5c2fd31b0eb49316d14a8e
miniandroid/run/exp046_jni/golden_end_to_end.json,1200,2026-08-22T16:54:07.373941+00:00,JSON,GENERATED_OUTPUT,46,8208deb85b55aceadaa7798628fcfe007c2bd0ef33ab887dac935e959c1b68f9
miniandroid/run/exp046_jni/runtime_component_map.json,1010,2026-08-22T16:54:07.373941+00:00,JSON,GENERATED_OUTPUT,46,379d814171d357e518c348362b3daad5fc606ea1020dad312699cc53ced5248d
miniandroid/run/exp046_jni/report.md,2874,2026-08-22T16:54:07.373941+00:00,REPORT_MD,HISTORICAL_EVIDENCE,46,
miniandroid/run/exp046_jni/golden/corpus.json,2017,2026-08-22T16:54:07.373941+00:00,JSON,REGRESSION_FIXTURE,46,647c390de845e1540e946c6b681469290a99023876e9b9d2a838bd76aaf6c50c
miniandroid/run/exp046_jni/database/dex_opcode_frequency.json,219,2026-08-22T16:54:07.373941+00:00,JSON,GENERATED_OUTPUT,46,f7db13b55a884b1fd1000373491042334b8e4126355c7a9c95273bc3ebd1c80f
miniandroid/run/exp063_intercept3/failure_report.json,926,2026-08-22T16:54:07.610941+00:00,JSON,HISTORICAL_EVIDENCE,63,cb5556953bb3606b387ce1e4f7087ca90d4282d7f18d67f891c411cca3562543
miniandroid/run/exp063_intercept3/application_runtime.json,3618,2026-08-22T16:54:07.609941+00:00,JSON,GENERATED_OUTPUT,63,2e01b9e7c5f67ec833d05aec6cafef79d8f87cfc8e7686e52b6a5b100ceebbef
miniandroid/run/exp063_intercept3/runtime_state_trace.json,2848,2026-08-22T16:54:07.610941+00:00,JSON,GENERATED_OUTPUT,63,12458b864cffa0bb1f82c3706015efb668073c1106c936227a39f13e4ba0796c
miniandroid/run/exp063_intercept3/report.md.json,4967,2026-08-22T16:54:07.610941+00:00,JSON,GENERATED_OUTPUT,63,f36ab7447df8a59933d110901c459786ff702697183f4746f39a1a09949079e3
miniandroid/run/exp063_intercept3/test_matrix.json,787,2026-08-22T16:54:07.610941+00:00,JSON,HISTORICAL_EVIDENCE,63,63243b7d8fa6bf4b24d63c1375ade1f1f7e5ae90db5c2fd31b0eb49316d14a8e
miniandroid/run/exp063_intercept3/golden_end_to_end.json,1200,2026-08-22T16:54:07.610941+00:00,JSON,GENERATED_OUTPUT,63,9271b7e73241cf5668ca11cb617142be0164ec7ac19520168f63befd5fce25b2
miniandroid/run/exp063_intercept3/render_request.txt,182,2026-08-22T16:54:07.610941+00:00,TXT,GENERATED_OUTPUT,63,
miniandroid/run/exp063_intercept3/runtime_component_map.json,1010,2026-08-22T16:54:07.610941+00:00,JSON,GENERATED_OUTPUT,63,60fb29fba2070668ddc3fdc0e297183a96c02f456e85c902f5ce48f894dd65c4
miniandroid/run/exp063_intercept3/report.md,2882,2026-08-22T16:54:07.610941+00:00,REPORT_MD,HISTORICAL_EVIDENCE,63,
miniandroid/run/exp063_intercept3/golden/corpus.json,2017,2026-08-22T16:54:07.610941+00:00,JSON,REGRESSION_FIXTURE,63,647c390de845e1540e946c6b681469290a99023876e9b9d2a838bd76aaf6c50c
miniandroid/run/exp063_intercept3/database/dex_opcode_frequency.json,219,2026-08-22T16:54:07.610941+00:00,JSON,GENERATED_OUTPUT,63,f7db13b55a884b1fd1000373491042334b8e4126355c7a9c95273bc3ebd1c80f
miniandroid/run/exp063_check/failure_report.json,926,2026-08-22T16:54:07.598941+00:00,JSON,HISTORICAL_EVIDENCE,63,12829a1cb089a0a79e46fbb12a42ee935210543b8ca6d8bd136bbb07d03c8599
miniandroid/run/exp063_check/application_runtime.json,3604,2026-08-22T16:54:07.598941+00:00,JSON,GENERATED_OUTPUT,63,3cb454ba3e5e5a7b442f2fa253bec8b67f794839acb16b6cf74634ecd13666ee
miniandroid/run/exp063_check/runtime_state_trace.json,2844,2026-08-22T16:54:07.598941+00:00,JSON,GENERATED_OUTPUT,63,f54fb80d381975f4511f6b269665f2cdd762d36a12e9481a4a16eb5ad21d48d9
miniandroid/run/exp063_check/report.md.json,4967,2026-08-22T16:54:07.598941+00:00,JSON,GENERATED_OUTPUT,63,915a38a225cc67af61020164433cafb000c88992b58e821d4d219d963363343d
miniandroid/run/exp063_check/test_matrix.json,787,2026-08-22T16:54:07.599941+00:00,JSON,HISTORICAL_EVIDENCE,63,63243b7d8fa6bf4b24d63c1375ade1f1f7e5ae90db5c2fd31b0eb49316d14a8e
miniandroid/run/exp063_check/golden_end_to_end.json,1200,2026-08-22T16:54:07.598941+00:00,JSON,GENERATED_OUTPUT,63,4cffeae0ce56da6b391d14105eefdd4fc62ece1a512af693e4fbc4ac98505bf0
miniandroid/run/exp063_check/render_request.txt,167,2026-08-22T16:54:07.598941+00:00,TXT,GENERATED_OUTPUT,63,
miniandroid/run/exp063_check/runtime_component_map.json,1010,2026-08-22T16:54:07.598941+00:00,JSON,GENERATED_OUTPUT,63,f710260e466d1893d10097176905be7fb0cef960bd8ddbcd0932df0fc104ad7b
miniandroid/run/exp063_check/report.md,2877,2026-08-22T16:54:07.598941+00:00,REPORT_MD,HISTORICAL_EVIDENCE,63,
miniandroid/run/exp063_check/golden/corpus.json,2017,2026-08-22T16:54:07.598941+00:00,JSON,REGRESSION_FIXTURE,63,647c390de845e1540e946c6b681469290a99023876e9b9d2a838bd76aaf6c50c
miniandroid/run/exp063_check/database/dex_opcode_frequency.json,219,2026-08-22T16:54:07.598941+00:00,JSON,GENERATED_OUTPUT,63,f7db13b55a884b1fd1000373491042334b8e4126355c7a9c95273bc3ebd1c80f
miniandroid/run/exp046_final/failure_report.json,926,2026-08-22T16:54:07.369941+00:00,JSON,HISTORICAL_EVIDENCE,46,b5892298e0eb5eda5c42fc8ce5bc1ee0210bec976b23b0ac17d6c986a272dd29
miniandroid/run/exp046_final/application_runtime.json,3608,2026-08-22T16:54:07.369941+00:00,JSON,GENERATED_OUTPUT,46,ded8d4673218e9ffdaf695f0d37d007faadaa5c15f6f485f20c2ef842bfd84c8
miniandroid/run/exp046_final/runtime_state_trace.json,2848,2026-08-22T16:54:07.370941+00:00,JSON,GENERATED_OUTPUT,46,80e485623a063e682dc42a99a974a480d151b5419fd9e7407ff9ea917e1b0a9d
miniandroid/run/exp046_final/report.md.json,4966,2026-08-22T16:54:07.370941+00:00,JSON,GENERATED_OUTPUT,46,0a7157c34ddad5994e6feb6c855fc2be5959758fd87fccaa063a316ad0562a80
miniandroid/run/exp046_final/test_matrix.json,787,2026-08-22T16:54:07.372941+00:00,JSON,HISTORICAL_EVIDENCE,46,63243b7d8fa6bf4b24d63c1375ade1f1f7e5ae90db5c2fd31b0eb49316d14a8e
miniandroid/run/exp046_final/golden_end_to_end.json,1200,2026-08-22T16:54:07.370941+00:00,JSON,GENERATED_OUTPUT,46,dab92759056a0f6de75b860c03711fc33eb2a6f642cff975f45cdcb040411012
miniandroid/run/exp046_final/runtime_component_map.json,1010,2026-08-22T16:54:07.370941+00:00,JSON,GENERATED_OUTPUT,46,e47320b5bb0eec504701fad35db651d41cbc464add7208f06f90f7cecf3ebd35
miniandroid/run/exp046_final/report.md,2876,2026-08-22T16:54:07.370941+00:00,REPORT_MD,HISTORICAL_EVIDENCE,46,
miniandroid/run/exp046_final/golden/corpus.json,2017,2026-08-22T16:54:07.369941+00:00,JSON,REGRESSION_FIXTURE,46,647c390de845e1540e946c6b681469290a99023876e9b9d2a838bd76aaf6c50c
miniandroid/run/exp046_final/database/dex_opcode_frequency.json,219,2026-08-22T16:54:07.369941+00:00,JSON,GENERATED_OUTPUT,46,f7db13b55a884b1fd1000373491042334b8e4126355c7a9c95273bc3ebd1c80f
miniandroid/run/exp043_phase1/failure_report.json,926,2026-08-15T20:30:14+00:00,JSON,HISTORICAL_EVIDENCE,43,e42d63f2711b2f632e1955c429d209ea62a77821071d044d1a71f363a2a1b042
miniandroid/run/exp043_phase1/application_runtime.json,3609,2026-08-15T20:30:14+00:00,JSON,GENERATED_OUTPUT,43,6a4bb7f4110de7d6800dfa62f56b8938e9042a211fe808820a2d6fe1a2881e6f
miniandroid/run/exp043_phase1/runtime_state_trace.json,2847,2026-08-15T20:30:14+00:00,JSON,GENERATED_OUTPUT,43,b460502820e7c5a3dd89521f1ec3a67b771156ed89a40ba98037634e7c90cc7e
miniandroid/run/exp043_phase1/report.md.json,4966,2026-08-15T20:30:14+00:00,JSON,GENERATED_OUTPUT,43,ff0a4533eb1188fd6611aedf3018ff0575d3846fdcda52477206990324f3f2cb
miniandroid/run/exp043_phase1/test_matrix.json,787,2026-08-15T20:30:14+00:00,JSON,HISTORICAL_EVIDENCE,43,63243b7d8fa6bf4b24d63c1375ade1f1f7e5ae90db5c2fd31b0eb49316d14a8e
miniandroid/run/exp043_phase1/golden_end_to_end.json,1200,2026-08-15T20:30:14+00:00,JSON,GENERATED_OUTPUT,43,10a578cbf62ed9c932437e506dd4a2c016672f4f530a6236bc6f93167fd78b2d
miniandroid/run/exp043_phase1/runtime_component_map.json,1010,2026-08-15T20:30:14+00:00,JSON,GENERATED_OUTPUT,43,013dae5ebc3290c76978b6ad319d5664bcd440184886aeada80362e1005ae743
miniandroid/run/exp043_phase1/report.md,2877,2026-08-15T20:30:14+00:00,REPORT_MD,HISTORICAL_EVIDENCE,43,
miniandroid/run/exp043_phase1/golden/corpus.json,2017,2026-08-15T20:30:14+00:00,JSON,REGRESSION_FIXTURE,43,647c390de845e1540e946c6b681469290a99023876e9b9d2a838bd76aaf6c50c
miniandroid/run/exp043_phase1/database/dex_opcode_frequency.json,219,2026-08-15T20:30:14+00:00,JSON,GENERATED_OUTPUT,43,f7db13b55a884b1fd1000373491042334b8e4126355c7a9c95273bc3ebd1c80f
miniandroid/run/exp055_iget/failure_report.json,926,2026-08-22T16:54:07.519941+00:00,JSON,HISTORICAL_EVIDENCE,55,b0f5ce33c61c3d4b77049e3260a47c660c762a3b27bed6b2797216aafbd942c5
miniandroid/run/exp055_iget/application_runtime.json,3602,2026-08-22T16:54:07.519941+00:00,JSON,GENERATED_OUTPUT,55,d0dbe8371cadda6f1b6d716f6dd2b68e43589b90c4a9698022a8623b22484121
miniandroid/run/exp055_iget/runtime_state_trace.json,2845,2026-08-22T16:54:07.519941+00:00,JSON,GENERATED_OUTPUT,55,eae51d680c1b8398291b2bbfaa70bfdf18b2c84a805ebc2459fb9794734f370a
miniandroid/run/exp055_iget/report.md.json,4966,2026-08-22T16:54:07.519941+00:00,JSON,GENERATED_OUTPUT,55,28ad374a876cffd753a9958fc424fa1f617006fa71d78f0bf913e6ce5eb44b90
miniandroid/run/exp055_iget/test_matrix.json,787,2026-08-22T16:54:07.520941+00:00,JSON,HISTORICAL_EVIDENCE,55,63243b7d8fa6bf4b24d63c1375ade1f1f7e5ae90db5c2fd31b0eb49316d14a8e
miniandroid/run/exp055_iget/golden_end_to_end.json,1200,2026-08-22T16:54:07.519941+00:00,JSON,GENERATED_OUTPUT,55,78b3b723b6b3dc4324d5763479ce35284b6f6969c6ff40baa409926ada9b20c2
miniandroid/run/exp055_iget/runtime_component_map.json,1010,2026-08-22T16:54:07.519941+00:00,JSON,GENERATED_OUTPUT,55,0db68a582bc400e3ba3ef5cbad67c0c2c2f4971097d4d1808dbb230f61839567
miniandroid/run/exp055_iget/report.md,2875,2026-08-22T16:54:07.519941+00:00,REPORT_MD,HISTORICAL_EVIDENCE,55,
miniandroid/run/exp055_iget/golden/corpus.json,2017,2026-08-22T16:54:07.519941+00:00,JSON,REGRESSION_FIXTURE,55,647c390de845e1540e946c6b681469290a99023876e9b9d2a838bd76aaf6c50c
miniandroid/run/exp055_iget/database/dex_opcode_frequency.json,219,2026-08-22T16:54:07.519941+00:00,JSON,GENERATED_OUTPUT,55,f7db13b55a884b1fd1000373491042334b8e4126355c7a9c95273bc3ebd1c80f
miniandroid/run/exp058_nocheck/failure_report.json,926,2026-08-22T16:54:07.558941+00:00,JSON,HISTORICAL_EVIDENCE,58,c80d60d21eea068fef72188d7925b3b4a32d307fe321339dc16320fff89dc311
miniandroid/run/exp058_nocheck/application_runtime.json,3610,2026-08-22T16:54:07.558941+00:00,JSON,GENERATED_OUTPUT,58,bdc47ec4f194c14ceb7237c3b665392b2cdd32a7f8065504418aa07808f8e546
miniandroid/run/exp058_nocheck/runtime_state_trace.json,2846,2026-08-22T16:54:07.559941+00:00,JSON,GENERATED_OUTPUT,58,e7526f5f142b56a25fb741906af8fd29199a31e3962a77e69952bc5cdcc8c669
miniandroid/run/exp058_nocheck/report.md.json,4966,2026-08-22T16:54:07.558941+00:00,JSON,GENERATED_OUTPUT,58,35be9cd738e1be323e8bd35b4b0a9f966f483e885492f3e93547b91af026cbe5
miniandroid/run/exp058_nocheck/test_matrix.json,787,2026-08-22T16:54:07.560941+00:00,JSON,HISTORICAL_EVIDENCE,58,63243b7d8fa6bf4b24d63c1375ade1f1f7e5ae90db5c2fd31b0eb49316d14a8e
miniandroid/run/exp058_nocheck/golden_end_to_end.json,1200,2026-08-22T16:54:07.558941+00:00,JSON,GENERATED_OUTPUT,58,80bb5c8b9ed234848abfa092f0e1f30798d87b4be295990963446dda39fff28d
miniandroid/run/exp058_nocheck/runtime_component_map.json,1010,2026-08-22T16:54:07.558941+00:00,JSON,GENERATED_OUTPUT,58,8f868a301ed20ddd07b9e4af8ff9d0a4b51768ed1d6b9a133ae37a1f07b40c53
miniandroid/run/exp058_nocheck/report.md,2878,2026-08-22T16:54:07.558941+00:00,REPORT_MD,HISTORICAL_EVIDENCE,58,
miniandroid/run/exp058_nocheck/golden/corpus.json,2017,2026-08-22T16:54:07.558941+00:00,JSON,REGRESSION_FIXTURE,58,647c390de845e1540e946c6b681469290a99023876e9b9d2a838bd76aaf6c50c
miniandroid/run/exp058_nocheck/database/dex_opcode_frequency.json,219,2026-08-22T16:54:07.558941+00:00,JSON,GENERATED_OUTPUT,58,f7db13b55a884b1fd1000373491042334b8e4126355c7a9c95273bc3ebd1c80f
miniandroid/run/exp063_sget/failure_report.json,926,2026-08-22T16:54:07.621941+00:00,JSON,HISTORICAL_EVIDENCE,63,960cf42c6154d1efb160eaabc3df5f0fb463a5299cf3a09ae172d37d9ab91d80
miniandroid/run/exp063_sget/application_runtime.json,3607,2026-08-22T16:54:07.621941+00:00,JSON,GENERATED_OUTPUT,63,b4d33fcb21c3c7c9c1ad8548322a9fdac41bc856e666501c409b96bafa074f71
miniandroid/run/exp063_sget/runtime_state_trace.json,2849,2026-08-22T16:54:07.621941+00:00,JSON,GENERATED_OUTPUT,63,e1ce4d08e11bcf6c4187e513c0a64540a87040bd979626717ba4e188e9939e94
miniandroid/run/exp063_sget/report.md.json,4967,2026-08-22T16:54:07.621941+00:00,JSON,GENERATED_OUTPUT,63,92e146017132fb6755504c39cd54b85715512373b8e7090d2f262f7167f5240a
miniandroid/run/exp063_sget/test_matrix.json,787,2026-08-22T16:54:07.622941+00:00,JSON,HISTORICAL_EVIDENCE,63,63243b7d8fa6bf4b24d63c1375ade1f1f7e5ae90db5c2fd31b0eb49316d14a8e
miniandroid/run/exp063_sget/golden_end_to_end.json,1200,2026-08-22T16:54:07.621941+00:00,JSON,GENERATED_OUTPUT,63,d71ac0a44b395ebbff488304c54626ba287bce3562371de55c1e0519f0741a88
miniandroid/run/exp063_sget/render_request.txt,164,2026-08-22T16:54:07.621941+00:00,TXT,GENERATED_OUTPUT,63,
miniandroid/run/exp063_sget/runtime_component_map.json,1010,2026-08-22T16:54:07.621941+00:00,JSON,GENERATED_OUTPUT,63,d41e8a33e3b781769ed5919a19c143ce36c8c7e1ff05c55a4dc2403533fff720
miniandroid/run/exp063_sget/report.md,2876,2026-08-22T16:54:07.621941+00:00,REPORT_MD,HISTORICAL_EVIDENCE,63,
miniandroid/run/exp063_sget/golden/corpus.json,2017,2026-08-22T16:54:07.621941+00:00,JSON,REGRESSION_FIXTURE,63,647c390de845e1540e946c6b681469290a99023876e9b9d2a838bd76aaf6c50c
miniandroid/run/exp063_sget/database/dex_opcode_frequency.json,219,2026-08-22T16:54:07.621941+00:00,JSON,GENERATED_OUTPUT,63,f7db13b55a884b1fd1000373491042334b8e4126355c7a9c95273bc3ebd1c80f
miniandroid/run/exp066/render_provenance.json,3910,2026-08-22T16:54:07.643941+00:00,JSON,GENERATED_OUTPUT,66,7788aea767336b3b8affc3f9d65083b247eb4443cd1e639b78097b4951765d35
miniandroid/run/exp066/login_ui.png,24376,2026-08-22T16:54:07.643941+00:00,OTHER,GENERATED_OUTPUT,66,
miniandroid/run/exp066/image_validation.json,2045,2026-08-22T16:54:07.643941+00:00,JSON,GENERATED_OUTPUT,66,
miniandroid/run/exp066/github_comment.json,8106,2026-08-22T16:54:07.643941+00:00,JSON,GENERATED_OUTPUT,66,
miniandroid/run/exp066/login_debug.png,58940,2026-08-22T16:54:07.643941+00:00,OTHER,GENERATED_OUTPUT,66,
miniandroid/run/exp066/multidex_regression.json,3690,2026-08-22T16:54:07.643941+00:00,JSON,GENERATED_OUTPUT,66,
miniandroid/run/exp071_final_2/failure_report.json,926,2026-08-22T16:54:07.698941+00:00,JSON,HISTORICAL_EVIDENCE,71,3bdb9c9cfdf9994142ba8d4f227469186c200363de99dbe0b142a63df2314520
miniandroid/run/exp071_final_2/application_runtime.json,3614,2026-08-22T16:54:07.698941+00:00,JSON,GENERATED_OUTPUT,71,8812b743ff536e06cff27e7c5d2e36e7b23f9b8f8c55488f19eea28d0aeafa01
miniandroid/run/exp071_final_2/runtime_state_trace.json,2850,2026-08-22T16:54:07.699941+00:00,JSON,GENERATED_OUTPUT,71,557c5155cb042987eb6537aa9d26fb73635046ac7cbcbd71c58d3d99c856b161
miniandroid/run/exp071_final_2/report.md.json,4967,2026-08-22T16:54:07.699941+00:00,JSON,GENERATED_OUTPUT,71,6adddd3b936b857d07297399bcf59a8ebbfd8920db3510dfc5c6f292016303ed
miniandroid/run/exp071_final_2/test_matrix.json,787,2026-08-22T16:54:07.699941+00:00,JSON,HISTORICAL_EVIDENCE,71,63243b7d8fa6bf4b24d63c1375ade1f1f7e5ae90db5c2fd31b0eb49316d14a8e
miniandroid/run/exp071_final_2/golden_end_to_end.json,1200,2026-08-22T16:54:07.698941+00:00,JSON,GENERATED_OUTPUT,71,a7e10bf0f40e38471b3c107fd16cfe8d63c64870928a118fb6c113f6b3dc8709
miniandroid/run/exp071_final_2/render_request.txt,173,2026-08-22T16:54:07.698941+00:00,TXT,GENERATED_OUTPUT,71,
miniandroid/run/exp071_final_2/runtime_component_map.json,1010,2026-08-22T16:54:07.699941+00:00,JSON,GENERATED_OUTPUT,71,aa3aa4efa9b790dd28c862ae93d603df8fb60a1654bc24724f000ba5141c3240
miniandroid/run/exp071_final_2/report.md,2879,2026-08-22T16:54:07.698941+00:00,REPORT_MD,HISTORICAL_EVIDENCE,71,
miniandroid/run/exp071_final_2/golden/corpus.json,2017,2026-08-22T16:54:07.698941+00:00,JSON,REGRESSION_FIXTURE,71,647c390de845e1540e946c6b681469290a99023876e9b9d2a838bd76aaf6c50c
miniandroid/run/exp071_final_2/database/dex_opcode_frequency.json,219,2026-08-22T16:54:07.698941+00:00,JSON,GENERATED_OUTPUT,71,f7db13b55a884b1fd1000373491042334b8e4126355c7a9c95273bc3ebd1c80f
miniandroid/run/exp037_real_run2/failure_report.json,783,2026-08-22T16:54:07.316941+00:00,JSON,HISTORICAL_EVIDENCE,37,12db87c39af9ddb004c87062658c065c7d0e6162f062aeb58e238689dfa0a4e9
miniandroid/run/exp037_real_run2/application_runtime.json,3853,2026-08-22T16:54:07.316941+00:00,JSON,GENERATED_OUTPUT,37,
miniandroid/run/exp037_real_run2/runtime_state_trace.json,3065,2026-08-22T16:54:07.316941+00:00,JSON,GENERATED_OUTPUT,37,
miniandroid/run/exp037_real_run2/report.md.json,5152,2026-08-22T16:54:07.316941+00:00,JSON,GENERATED_OUTPUT,37,4bdb0446cb1fd097cda5470fd3b7ccd05a8449be0055e8ce209e56b8cd375dfe
miniandroid/run/exp037_real_run2/test_matrix.json,883,2026-08-22T16:54:07.319941+00:00,JSON,HISTORICAL_EVIDENCE,37,283ce5b01a71804b58a9138c33b4c71b9727f932a035a665d6ec2cc3ba6e3424
miniandroid/run/exp037_real_run2/golden_end_to_end.json,1317,2026-08-22T16:54:07.316941+00:00,JSON,GENERATED_OUTPUT,37,1f8d81ab23854cadcfd07c8f0bf72b5278746244d5a63f92a3c972a710617bd4
miniandroid/run/exp037_real_run2/runtime_component_map.json,1010,2026-08-22T16:54:07.316941+00:00,JSON,GENERATED_OUTPUT,37,33e5e9a85ad5d431a0d9fe5def05a6de6b7ab390eafeb18cef2306eecb5f30f3
miniandroid/run/exp037_real_run2/report.md,2971,2026-08-22T16:54:07.316941+00:00,REPORT_MD,HISTORICAL_EVIDENCE,37,
miniandroid/run/exp037_real_run2/golden/corpus.json,2017,2026-08-22T16:54:07.316941+00:00,JSON,REGRESSION_FIXTURE,37,647c390de845e1540e946c6b681469290a99023876e9b9d2a838bd76aaf6c50c
miniandroid/run/exp037_real_run2/database/android_api_frequency.json,2477,2026-08-22T16:54:07.316941+00:00,JSON,GENERATED_OUTPUT,37,
miniandroid/run/exp037_real_run2/database/dex_opcode_frequency.json,219,2026-08-22T16:54:07.316941+00:00,JSON,GENERATED_OUTPUT,37,f7db13b55a884b1fd1000373491042334b8e4126355c7a9c95273bc3ebd1c80f
miniandroid/run/exp053_task2_telegram/failure_report.json,926,2026-08-22T16:54:07.497941+00:00,JSON,HISTORICAL_EVIDENCE,53,7683657926450eb3df65ec0d9565da0798c895ee3c1fbb76581f775cce8509e6
miniandroid/run/exp053_task2_telegram/application_runtime.json,3617,2026-08-22T16:54:07.497941+00:00,JSON,GENERATED_OUTPUT,53,
miniandroid/run/exp053_task2_telegram/runtime_state_trace.json,2841,2026-08-22T16:54:07.497941+00:00,JSON,GENERATED_OUTPUT,53,fe9dc25ffcd4e1faeb05418022339c9a0c428948027be7cacef222cff0e565f6
miniandroid/run/exp053_task2_telegram/report.md.json,4964,2026-08-22T16:54:07.497941+00:00,JSON,GENERATED_OUTPUT,53,d8fd2f009ffb99879a7718e3e5637a1abe39cdfd4f3219e2ad7b8be688721fad
miniandroid/run/exp053_task2_telegram/test_matrix.json,787,2026-08-22T16:54:07.498941+00:00,JSON,HISTORICAL_EVIDENCE,53,63243b7d8fa6bf4b24d63c1375ade1f1f7e5ae90db5c2fd31b0eb49316d14a8e
miniandroid/run/exp053_task2_telegram/golden_end_to_end.json,1200,2026-08-22T16:54:07.497941+00:00,JSON,GENERATED_OUTPUT,53,d9503293b4abcfda92cfec09b659660b7b747b9016764c5fe2a656e726c31908
miniandroid/run/exp053_task2_telegram/runtime_component_map.json,1010,2026-08-22T16:54:07.497941+00:00,JSON,GENERATED_OUTPUT,53,638eae3127b24c410c081602a04c1dc2e4cb7fe90e9f63727c60a4ce3f3046de
miniandroid/run/exp053_task2_telegram/report.md,2883,2026-08-22T16:54:07.497941+00:00,REPORT_MD,HISTORICAL_EVIDENCE,53,
miniandroid/run/exp053_task2_telegram/golden/corpus.json,2017,2026-08-22T16:54:07.497941+00:00,JSON,REGRESSION_FIXTURE,53,647c390de845e1540e946c6b681469290a99023876e9b9d2a838bd76aaf6c50c
miniandroid/run/exp053_task2_telegram/database/android_api_frequency.json,2629,2026-08-22T16:54:07.497941+00:00,JSON,GENERATED_OUTPUT,53,
miniandroid/run/exp053_task2_telegram/database/dex_opcode_frequency.json,219,2026-08-22T16:54:07.497941+00:00,JSON,GENERATED_OUTPUT,53,f7db13b55a884b1fd1000373491042334b8e4126355c7a9c95273bc3ebd1c80f
miniandroid/run/exp043_phase4/failure_report.json,926,2026-08-15T21:17:41+00:00,JSON,HISTORICAL_EVIDENCE,43,9a0717b5f60ae72cac6abcefe004e1802ea560d2cdab851aa3b5289768c9db3d
miniandroid/run/exp043_phase4/application_runtime.json,3609,2026-08-15T21:17:41+00:00,JSON,GENERATED_OUTPUT,43,c0eaa352ba394507f7c4ff51d98695fe12e36b1d2653c1c93452624d27568a00
miniandroid/run/exp043_phase4/runtime_state_trace.json,2847,2026-08-15T21:17:41+00:00,JSON,GENERATED_OUTPUT,43,883e6d62db8b47da7439fcf73a5aa72e88681911210cd570f03b7def0303e964
miniandroid/run/exp043_phase4/report.md.json,4966,2026-08-15T21:17:41+00:00,JSON,GENERATED_OUTPUT,43,316a23ba06f86c9666c10e71ee3efa6605c68764c2c427b5315546a655cd3c10
miniandroid/run/exp043_phase4/test_matrix.json,787,2026-08-15T21:17:41+00:00,JSON,HISTORICAL_EVIDENCE,43,63243b7d8fa6bf4b24d63c1375ade1f1f7e5ae90db5c2fd31b0eb49316d14a8e
miniandroid/run/exp043_phase4/golden_end_to_end.json,1200,2026-08-15T21:17:41+00:00,JSON,GENERATED_OUTPUT,43,fa24c16fc364c91f8d4129f33547727bd547fd8c09d1d7adde733d103180d9cd
miniandroid/run/exp043_phase4/runtime_component_map.json,1010,2026-08-15T21:17:41+00:00,JSON,GENERATED_OUTPUT,43,ae6737c4494502a6340cc35c62c674dbf1d36f4d1d24804496c35bd61eb7b6c6
miniandroid/run/exp043_phase4/report.md,2877,2026-08-15T21:17:41+00:00,REPORT_MD,HISTORICAL_EVIDENCE,43,
miniandroid/run/exp043_phase4/golden/corpus.json,2017,2026-08-15T21:17:41+00:00,JSON,REGRESSION_FIXTURE,43,647c390de845e1540e946c6b681469290a99023876e9b9d2a838bd76aaf6c50c
miniandroid/run/exp043_phase4/database/dex_opcode_frequency.json,219,2026-08-15T21:17:41+00:00,JSON,GENERATED_OUTPUT,43,f7db13b55a884b1fd1000373491042334b8e4126355c7a9c95273bc3ebd1c80f
miniandroid/run/exp063_final/failure_report.json,926,2026-08-22T16:54:07.600941+00:00,JSON,HISTORICAL_EVIDENCE,63,dbdaf61a2fe08e6c2c8545dd98ef5f28a7c35026030e0cab47dbf311e5667b72
miniandroid/run/exp063_final/application_runtime.json,3609,2026-08-22T16:54:07.600941+00:00,JSON,GENERATED_OUTPUT,63,6a5f57a124c01f40605a02acf5907f33e7e1fabb06556f9339bdf5c3e1860d59
miniandroid/run/exp063_final/runtime_state_trace.json,2849,2026-08-22T16:54:07.600941+00:00,JSON,GENERATED_OUTPUT,63,f4e4d80032f26772891823c88a2af9c40d1daa1c2a365e5e2dc573e25fde2000
miniandroid/run/exp063_final/report.md.json,4967,2026-08-22T16:54:07.600941+00:00,JSON,GENERATED_OUTPUT,63,fa9fb67723f3facc9cc6749db127cc8f60d12cfd3a14946c0b5bd2966b44ec85
miniandroid/run/exp063_final/test_matrix.json,787,2026-08-22T16:54:07.600941+00:00,JSON,HISTORICAL_EVIDENCE,63,63243b7d8fa6bf4b24d63c1375ade1f1f7e5ae90db5c2fd31b0eb49316d14a8e
miniandroid/run/exp063_final/golden_end_to_end.json,1200,2026-08-22T16:54:07.600941+00:00,JSON,GENERATED_OUTPUT,63,7ade0b3c566e43b558686015a3849f526e5832ae0efa03b213e3583f18802933
miniandroid/run/exp063_final/render_request.txt,167,2026-08-22T16:54:07.600941+00:00,TXT,GENERATED_OUTPUT,63,
miniandroid/run/exp063_final/runtime_component_map.json,1010,2026-08-22T16:54:07.600941+00:00,JSON,GENERATED_OUTPUT,63,c5d2b73379eb5c70275570a05e77cca7177d74e53fcbd12b6a4c44ccb4f91879
miniandroid/run/exp063_final/report.md,2877,2026-08-22T16:54:07.600941+00:00,REPORT_MD,HISTORICAL_EVIDENCE,63,
miniandroid/run/exp063_final/golden/corpus.json,2017,2026-08-22T16:54:07.600941+00:00,JSON,REGRESSION_FIXTURE,63,647c390de845e1540e946c6b681469290a99023876e9b9d2a838bd76aaf6c50c
miniandroid/run/exp063_final/database/dex_opcode_frequency.json,219,2026-08-22T16:54:07.600941+00:00,JSON,GENERATED_OUTPUT,63,f7db13b55a884b1fd1000373491042334b8e4126355c7a9c95273bc3ebd1c80f
miniandroid/run/exp068/render_provenance.json,4308,2026-08-22T16:54:07.656941+00:00,JSON,GENERATED_OUTPUT,68,
miniandroid/run/exp068/login_ui.png,22739,2026-08-22T16:54:07.656941+00:00,OTHER,GENERATED_OUTPUT,68,
miniandroid/run/exp068/image_validation.json,2018,2026-08-22T16:54:07.656941+00:00,JSON,GENERATED_OUTPUT,68,
miniandroid/run/exp068/github_comment.json,6374,2026-08-22T16:54:07.656941+00:00,JSON,GENERATED_OUTPUT,68,
miniandroid/run/exp068/login_debug.png,61587,2026-08-22T16:54:07.656941+00:00,OTHER,GENERATED_OUTPUT,68,
miniandroid/run/exp066_run_r2/render_provenance.json,3924,2026-08-22T16:54:07.647941+00:00,JSON,GENERATED_OUTPUT,66,7b69a76a2f06e2e980c879d87ac3184d2976ef03ca700b02a209691600169c2c
miniandroid/run/exp066_run_r2/login_ui.png,24376,2026-08-22T16:54:07.647941+00:00,OTHER,GENERATED_OUTPUT,66,
miniandroid/run/exp066_run_r2/login_debug.png,58940,2026-08-22T16:54:07.647941+00:00,OTHER,GENERATED_OUTPUT,66,
miniandroid/run/exp050_debug/failure_report.json,926,2026-08-22T16:54:07.435941+00:00,JSON,HISTORICAL_EVIDENCE,50,0480234fc1a7bd52d6d00e7b49b444709d2d56d373e835157c7bfcec8b57ce27
miniandroid/run/exp050_debug/application_runtime.json,3606,2026-08-22T16:54:07.435941+00:00,JSON,GENERATED_OUTPUT,50,5185a2c2d8879508eb696f4fc760620a2722649f501628b6fabbfc184871f2c5
miniandroid/run/exp050_debug/runtime_state_trace.json,2847,2026-08-22T16:54:07.435941+00:00,JSON,GENERATED_OUTPUT,50,ae31607b4fa43c43b061d99e61d87a8262dfce069b348d832fbec0363160a733
miniandroid/run/exp050_debug/report.md.json,4966,2026-08-22T16:54:07.435941+00:00,JSON,GENERATED_OUTPUT,50,805558a18d3cc2271b57a930660fcd4aa8a91cb41b854d2d584a46cc1163d2ed
miniandroid/run/exp050_debug/test_matrix.json,787,2026-08-22T16:54:07.438941+00:00,JSON,HISTORICAL_EVIDENCE,50,63243b7d8fa6bf4b24d63c1375ade1f1f7e5ae90db5c2fd31b0eb49316d14a8e
miniandroid/run/exp050_debug/golden_end_to_end.json,1200,2026-08-22T16:54:07.435941+00:00,JSON,GENERATED_OUTPUT,50,3f4803dd70c3894565d0352c071d7b50c008adb6f8bda58b1b5aaad66d3c669f
miniandroid/run/exp050_debug/runtime_component_map.json,1010,2026-08-22T16:54:07.435941+00:00,JSON,GENERATED_OUTPUT,50,51fddf7b8e45fc28be532087fb3552d4c2474837a926cbeb94450902b48a0317
miniandroid/run/exp050_debug/report.md,2876,2026-08-22T16:54:07.435941+00:00,REPORT_MD,HISTORICAL_EVIDENCE,50,
miniandroid/run/exp050_debug/golden/corpus.json,2017,2026-08-22T16:54:07.435941+00:00,JSON,REGRESSION_FIXTURE,50,647c390de845e1540e946c6b681469290a99023876e9b9d2a838bd76aaf6c50c
miniandroid/run/exp050_debug/database/dex_opcode_frequency.json,219,2026-08-22T16:54:07.435941+00:00,JSON,GENERATED_OUTPUT,50,f7db13b55a884b1fd1000373491042334b8e4126355c7a9c95273bc3ebd1c80f
miniandroid/run/exp066_synthetic/render_provenance.json,1783,2026-08-22T16:54:07.648941+00:00,JSON,GENERATED_OUTPUT,66,72180d2bedbd00eb23cb11fc5421da28320b2735287091f2db31f40c9b67b4c1
miniandroid/run/exp066_synthetic/login_ui.png,21021,2026-08-22T16:54:07.648941+00:00,OTHER,GENERATED_OUTPUT,66,
miniandroid/run/exp066_synthetic/image_validation.json,1559,2026-08-22T16:54:07.648941+00:00,JSON,GENERATED_OUTPUT,66,870ca3b8b50c5f997fc4e2698ebc1a60a9e4988ab7d5a1beda82f2b79ccb45ee
miniandroid/run/exp066_synthetic/login_debug.png,27900,2026-08-22T16:54:07.648941+00:00,OTHER,GENERATED_OUTPUT,66,
miniandroid/run/exp046_perdex/failure_report.json,926,2026-08-22T16:54:07.384941+00:00,JSON,HISTORICAL_EVIDENCE,46,361e585b315f13df71688bf71c38787d8eeb651089be6fb598c05302da1b9fc6
miniandroid/run/exp046_perdex/application_runtime.json,3610,2026-08-22T16:54:07.384941+00:00,JSON,GENERATED_OUTPUT,46,dc69eeea32a2d64d6791e2b43218575d6c5437f48d986d71634b89c314a9b236
miniandroid/run/exp046_perdex/runtime_state_trace.json,2848,2026-08-22T16:54:07.384941+00:00,JSON,GENERATED_OUTPUT,46,f852613df4e47055b2c689b3fcf9f4dd60390d33fa83b29df499e48af21d9577
miniandroid/run/exp046_perdex/report.md.json,4966,2026-08-22T16:54:07.384941+00:00,JSON,GENERATED_OUTPUT,46,48c4641abc2c740c91cf6235ed20fe6e06ee5a5e1c391b392d8545df2866948c
miniandroid/run/exp046_perdex/test_matrix.json,787,2026-08-22T16:54:07.387941+00:00,JSON,HISTORICAL_EVIDENCE,46,63243b7d8fa6bf4b24d63c1375ade1f1f7e5ae90db5c2fd31b0eb49316d14a8e
miniandroid/run/exp046_perdex/golden_end_to_end.json,1200,2026-08-22T16:54:07.384941+00:00,JSON,GENERATED_OUTPUT,46,873806b75ce13ad620141177da9d14509994a3fef89175ebe8c13433d65e0644
miniandroid/run/exp046_perdex/runtime_component_map.json,1010,2026-08-22T16:54:07.384941+00:00,JSON,GENERATED_OUTPUT,46,296f64cab58f92ed85ec00ac3776389e7d9c95dff326e853a1273ad05260c43a
miniandroid/run/exp046_perdex/report.md,2877,2026-08-22T16:54:07.384941+00:00,REPORT_MD,HISTORICAL_EVIDENCE,46,
miniandroid/run/exp046_perdex/golden/corpus.json,2017,2026-08-22T16:54:07.384941+00:00,JSON,REGRESSION_FIXTURE,46,647c390de845e1540e946c6b681469290a99023876e9b9d2a838bd76aaf6c50c
miniandroid/run/exp046_perdex/database/dex_opcode_frequency.json,219,2026-08-22T16:54:07.384941+00:00,JSON,GENERATED_OUTPUT,46,f7db13b55a884b1fd1000373491042334b8e4126355c7a9c95273bc3ebd1c80f
miniandroid/run/exp058_stubs/failure_report.json,926,2026-08-22T16:54:07.567941+00:00,JSON,HISTORICAL_EVIDENCE,58,fc2b3dc55cfb5a3a82284223748f15e20eb06c9079164e30150f0328db696c68
miniandroid/run/exp058_stubs/application_runtime.json,3608,2026-08-22T16:54:07.567941+00:00,JSON,GENERATED_OUTPUT,58,5763162ad902176a8dd194f48d185ecb4726a5ad8cd7bf7b95505cb4d5ba9993
miniandroid/run/exp058_stubs/runtime_state_trace.json,2848,2026-08-22T16:54:07.568941+00:00,JSON,GENERATED_OUTPUT,58,eb530ebea8e7c926b611db3142453c1bf87fe2575a2cf7d306bbafcc58d94e8e
miniandroid/run/exp058_stubs/report.md.json,4966,2026-08-22T16:54:07.567941+00:00,JSON,GENERATED_OUTPUT,58,4ad7003be1a98898e091e3bfe89805cb0d9222950d256d8c9c4ecd7c90113ed3
miniandroid/run/exp058_stubs/test_matrix.json,787,2026-08-22T16:54:07.568941+00:00,JSON,HISTORICAL_EVIDENCE,58,63243b7d8fa6bf4b24d63c1375ade1f1f7e5ae90db5c2fd31b0eb49316d14a8e
miniandroid/run/exp058_stubs/golden_end_to_end.json,1200,2026-08-22T16:54:07.567941+00:00,JSON,GENERATED_OUTPUT,58,d1f7c612cac6b5bce06e0203e441f4a285690a6bc8f26ff29f4e4cd0366a2b3d
miniandroid/run/exp058_stubs/runtime_component_map.json,1010,2026-08-22T16:54:07.568941+00:00,JSON,GENERATED_OUTPUT,58,4d77b30c4a2592a67960dc638faa723609baf305da0a0a9e10f2ba5bfe235291
miniandroid/run/exp058_stubs/report.md,2876,2026-08-22T16:54:07.567941+00:00,REPORT_MD,HISTORICAL_EVIDENCE,58,
miniandroid/run/exp058_stubs/golden/corpus.json,2017,2026-08-22T16:54:07.567941+00:00,JSON,REGRESSION_FIXTURE,58,647c390de845e1540e946c6b681469290a99023876e9b9d2a838bd76aaf6c50c
miniandroid/run/exp058_stubs/database/dex_opcode_frequency.json,219,2026-08-22T16:54:07.567941+00:00,JSON,GENERATED_OUTPUT,58,f7db13b55a884b1fd1000373491042334b8e4126355c7a9c95273bc3ebd1c80f
miniandroid/run/exp065_run_r1/render_provenance.json,3478,2026-08-22T16:54:07.642941+00:00,JSON,GENERATED_OUTPUT,65,4e600e860016f34e66fad452d4808ae007b9d1443163db7c67e0c42a4dd137b0
miniandroid/run/exp065_run_r1/login_ui.png,17339,2026-08-22T16:54:07.642941+00:00,OTHER,GENERATED_OUTPUT,65,
miniandroid/run/exp065_run_r1/login_debug.png,54510,2026-08-22T16:54:07.642941+00:00,OTHER,GENERATED_OUTPUT,65,
miniandroid/run/exp048_final/failure_report.json,926,2026-08-22T16:54:07.409941+00:00,JSON,HISTORICAL_EVIDENCE,48,b5e400d5bbeb7cf23bbc571ebfbe5508204795f4014ffee1c65de17f6d407d2d
miniandroid/run/exp048_final/application_runtime.json,3604,2026-08-22T16:54:07.409941+00:00,JSON,GENERATED_OUTPUT,48,b97b49d3853fdf572278d8296b29b8ea97fced87ea2e349e97a8e6f7315e30b8
miniandroid/run/exp048_final/runtime_state_trace.json,2844,2026-08-22T16:54:07.410941+00:00,JSON,GENERATED_OUTPUT,48,e4e99ff491172fd3c6d8f413eef5cf0696385895c4589e29484a78d6d7cc4445
miniandroid/run/exp048_final/report.md.json,4966,2026-08-22T16:54:07.409941+00:00,JSON,GENERATED_OUTPUT,48,f26c9a220f895ec55a897b798c22e869711bc0dce7af14771f85de2e3c9a7dd5
miniandroid/run/exp048_final/test_matrix.json,787,2026-08-22T16:54:07.412941+00:00,JSON,HISTORICAL_EVIDENCE,48,63243b7d8fa6bf4b24d63c1375ade1f1f7e5ae90db5c2fd31b0eb49316d14a8e
miniandroid/run/exp048_final/golden_end_to_end.json,1200,2026-08-22T16:54:07.409941+00:00,JSON,GENERATED_OUTPUT,48,9a07f47ce404a7b60cce0520b86e33f8f1c0d2b80a60c36a341ae8092fa64337
miniandroid/run/exp048_final/runtime_component_map.json,1010,2026-08-22T16:54:07.409941+00:00,JSON,GENERATED_OUTPUT,48,a4dee67a797bfa790c8cc486ca8ae362cbc1abdcaadb9be0a8f5c86a534327d6
miniandroid/run/exp048_final/report.md,2876,2026-08-22T16:54:07.409941+00:00,REPORT_MD,HISTORICAL_EVIDENCE,48,
miniandroid/run/exp048_final/golden/corpus.json,2017,2026-08-22T16:54:07.409941+00:00,JSON,REGRESSION_FIXTURE,48,647c390de845e1540e946c6b681469290a99023876e9b9d2a838bd76aaf6c50c
miniandroid/run/exp048_final/database/dex_opcode_frequency.json,219,2026-08-22T16:54:07.409941+00:00,JSON,GENERATED_OUTPUT,48,f7db13b55a884b1fd1000373491042334b8e4126355c7a9c95273bc3ebd1c80f
miniandroid/run/exp037_lin/failure_report.json,783,2026-08-22T16:54:07.313941+00:00,JSON,HISTORICAL_EVIDENCE,37,7e645efd2eabadc693249a23c427795f8145291a4addfecd1118ab59dab84229
miniandroid/run/exp037_lin/application_runtime.json,3844,2026-08-22T16:54:07.313941+00:00,JSON,GENERATED_OUTPUT,37,29ea83d0bfc89b1511421037c0038fad405251216ea8b466279eb137a1da1737
miniandroid/run/exp037_lin/runtime_state_trace.json,3066,2026-08-22T16:54:07.314940+00:00,JSON,GENERATED_OUTPUT,37,20d702e3ed4cb1f1e9d51667a96faa48c53e7df246ab859bcfe759752aa30a92
miniandroid/run/exp037_lin/report.md.json,5154,2026-08-22T16:54:07.313941+00:00,JSON,GENERATED_OUTPUT,37,45b8052cce9d9c1683dcaed6cef056089463f2659838f56425d19d45034c506e
miniandroid/run/exp037_lin/test_matrix.json,883,2026-08-22T16:54:07.315941+00:00,JSON,HISTORICAL_EVIDENCE,37,283ce5b01a71804b58a9138c33b4c71b9727f932a035a665d6ec2cc3ba6e3424
miniandroid/run/exp037_lin/golden_end_to_end.json,1317,2026-08-22T16:54:07.313941+00:00,JSON,GENERATED_OUTPUT,37,bd30a6a4e6815a7b4dc921c6a3714328216a0a7e1fb8cc989bc5971759ceed27
miniandroid/run/exp037_lin/runtime_component_map.json,1010,2026-08-22T16:54:07.313941+00:00,JSON,GENERATED_OUTPUT,37,ccd9e641111f5ec9deb055e5c9a58253497b00ffe330466231d66eb418099123
miniandroid/run/exp037_lin/report.md,2967,2026-08-22T16:54:07.313941+00:00,REPORT_MD,HISTORICAL_EVIDENCE,37,
miniandroid/run/exp037_lin/golden/corpus.json,2017,2026-08-22T16:54:07.313941+00:00,JSON,REGRESSION_FIXTURE,37,647c390de845e1540e946c6b681469290a99023876e9b9d2a838bd76aaf6c50c
miniandroid/run/exp037_lin/database/dex_opcode_frequency.json,219,2026-08-22T16:54:07.313941+00:00,JSON,GENERATED_OUTPUT,37,f7db13b55a884b1fd1000373491042334b8e4126355c7a9c95273bc3ebd1c80f
miniandroid/run/exp037_cache/report.md.json,5001,2026-08-22T16:54:07.313941+00:00,JSON,GENERATED_OUTPUT,37,
miniandroid/run/exp037_cache/test_matrix.json,810,2026-08-22T16:54:07.313941+00:00,JSON,HISTORICAL_EVIDENCE,37,
miniandroid/run/exp037_cache/report.md,2891,2026-08-22T16:54:07.313941+00:00,REPORT_MD,HISTORICAL_EVIDENCE,37,
miniandroid/run/exp037_cache/golden/corpus.json,2017,2026-08-22T16:54:07.313941+00:00,JSON,REGRESSION_FIXTURE,37,647c390de845e1540e946c6b681469290a99023876e9b9d2a838bd76aaf6c50c
miniandroid/run/exp037_cache/database/android_api_frequency.json,195,2026-08-22T16:54:07.313941+00:00,JSON,GENERATED_OUTPUT,37,
miniandroid/run/exp037_cache/database/dex_opcode_frequency.json,219,2026-08-22T16:54:07.313941+00:00,JSON,GENERATED_OUTPUT,37,f7db13b55a884b1fd1000373491042334b8e4126355c7a9c95273bc3ebd1c80f
miniandroid/run/exp056_trace/failure_report.json,926,2026-08-22T16:54:07.534941+00:00,JSON,HISTORICAL_EVIDENCE,56,4d06ca8da192fb49b2cf78eba8d01760379de7d639636add8e8a41eca024c735
miniandroid/run/exp056_trace/application_runtime.json,3608,2026-08-22T16:54:07.534941+00:00,JSON,GENERATED_OUTPUT,56,e96470930ffad4629c932fdf22a870bf9a2422126ba38d5894ec67d37c21de99
miniandroid/run/exp056_trace/runtime_state_trace.json,2849,2026-08-22T16:54:07.534941+00:00,JSON,GENERATED_OUTPUT,56,12436547b8b99ef83f4b77f7d1611873a555b9683b03598169125881db3fcf9a
miniandroid/run/exp056_trace/report.md.json,4966,2026-08-22T16:54:07.534941+00:00,JSON,GENERATED_OUTPUT,56,cf61096299bd4f90eee9b88a78cd353e00e45609583c7348de4405e5102a1e6f
miniandroid/run/exp056_trace/test_matrix.json,787,2026-08-22T16:54:07.535941+00:00,JSON,HISTORICAL_EVIDENCE,56,63243b7d8fa6bf4b24d63c1375ade1f1f7e5ae90db5c2fd31b0eb49316d14a8e
miniandroid/run/exp056_trace/golden_end_to_end.json,1200,2026-08-22T16:54:07.534941+00:00,JSON,GENERATED_OUTPUT,56,245a32e3e37cefecf4e270b9be2228ec007e5f35174e88511b26a9c96d94ac9f
miniandroid/run/exp056_trace/runtime_component_map.json,1010,2026-08-22T16:54:07.534941+00:00,JSON,GENERATED_OUTPUT,56,2fa4065e554b43ad27fbc8b993cf81a7b3c48862b5411242fbc747a42c1a5fdb
miniandroid/run/exp056_trace/report.md,2876,2026-08-22T16:54:07.534941+00:00,REPORT_MD,HISTORICAL_EVIDENCE,56,
miniandroid/run/exp056_trace/golden/corpus.json,2017,2026-08-22T16:54:07.534941+00:00,JSON,REGRESSION_FIXTURE,56,647c390de845e1540e946c6b681469290a99023876e9b9d2a838bd76aaf6c50c
miniandroid/run/exp056_trace/database/dex_opcode_frequency.json,219,2026-08-22T16:54:07.534941+00:00,JSON,GENERATED_OUTPUT,56,f7db13b55a884b1fd1000373491042334b8e4126355c7a9c95273bc3ebd1c80f
miniandroid/run/exp045_overload/failure_report.json,1262,2026-08-22T16:54:07.351941+00:00,JSON,HISTORICAL_EVIDENCE,45,b08a18bf70e52a4d24d292e4be6f9564ba75f92fef90173680081f01ea6b9583
miniandroid/run/exp045_overload/application_runtime.json,3804,2026-08-22T16:54:07.350941+00:00,JSON,GENERATED_OUTPUT,45,
miniandroid/run/exp045_overload/runtime_state_trace.json,3042,2026-08-22T16:54:07.351941+00:00,JSON,GENERATED_OUTPUT,45,
miniandroid/run/exp045_overload/report.md.json,4961,2026-08-22T16:54:07.351941+00:00,JSON,GENERATED_OUTPUT,45,
miniandroid/run/exp045_overload/test_matrix.json,787,2026-08-22T16:54:07.353941+00:00,JSON,HISTORICAL_EVIDENCE,45,63243b7d8fa6bf4b24d63c1375ade1f1f7e5ae90db5c2fd31b0eb49316d14a8e
miniandroid/run/exp045_overload/golden_end_to_end.json,1200,2026-08-22T16:54:07.351941+00:00,JSON,GENERATED_OUTPUT,45,693e3ce4f13beca6a0c3c0dca5b530961ea7596e51cb3fca0f3648a9eb072e30
miniandroid/run/exp045_overload/runtime_component_map.json,1010,2026-08-22T16:54:07.351941+00:00,JSON,GENERATED_OUTPUT,45,aca013b743ed72daa8ad9e7979cdea1e17986ce171682db592166690b8649331
miniandroid/run/exp045_overload/report.md,2875,2026-08-22T16:54:07.351941+00:00,REPORT_MD,HISTORICAL_EVIDENCE,45,
miniandroid/run/exp045_overload/golden/corpus.json,2017,2026-08-22T16:54:07.351941+00:00,JSON,REGRESSION_FIXTURE,45,647c390de845e1540e946c6b681469290a99023876e9b9d2a838bd76aaf6c50c
miniandroid/run/exp045_overload/database/dex_opcode_frequency.json,219,2026-08-22T16:54:07.351941+00:00,JSON,GENERATED_OUTPUT,45,f7db13b55a884b1fd1000373491042334b8e4126355c7a9c95273bc3ebd1c80f
miniandroid/run/exp067_run2/failure_report.json,926,2026-08-22T16:54:07.653941+00:00,JSON,HISTORICAL_EVIDENCE,67,4207d98bb344cf7db11b573c7804769f428ff501d4b0ed7472302a0ad4ee6faf
miniandroid/run/exp067_run2/application_runtime.json,3603,2026-08-22T16:54:07.653941+00:00,JSON,GENERATED_OUTPUT,67,a3683a37e5e4fcecd05f376b8a62af11e19a9a3ef63db93a47733a0feae130de
miniandroid/run/exp067_run2/runtime_state_trace.json,2845,2026-08-22T16:54:07.653941+00:00,JSON,GENERATED_OUTPUT,67,5d9da91fb4897a619694e3ce62afceb60832ff6eb7165c7fd5d2a90738e03813
miniandroid/run/exp067_run2/report.md.json,4967,2026-08-22T16:54:07.653941+00:00,JSON,GENERATED_OUTPUT,67,8949963b1fcc2339717ec9aa82bf407134730e7424e0d150897b5e02fc8e01e0
miniandroid/run/exp067_run2/test_matrix.json,787,2026-08-22T16:54:07.654941+00:00,JSON,HISTORICAL_EVIDENCE,67,63243b7d8fa6bf4b24d63c1375ade1f1f7e5ae90db5c2fd31b0eb49316d14a8e
miniandroid/run/exp067_run2/golden_end_to_end.json,1200,2026-08-22T16:54:07.653941+00:00,JSON,GENERATED_OUTPUT,67,50bc9fe47b3116d970698e008c1acd3873ce59210c828dd73b3e4f4a969e0803
miniandroid/run/exp067_run2/render_request.txt,164,2026-08-22T16:54:07.653941+00:00,TXT,GENERATED_OUTPUT,67,
miniandroid/run/exp067_run2/runtime_component_map.json,1010,2026-08-22T16:54:07.653941+00:00,JSON,GENERATED_OUTPUT,67,122bd7cba343184ac569c6d58fed4d362be26d40e6975b21ed2dd124b1896e8a
miniandroid/run/exp067_run2/report.md,2876,2026-08-22T16:54:07.653941+00:00,REPORT_MD,HISTORICAL_EVIDENCE,67,
miniandroid/run/exp067_run2/golden/corpus.json,2017,2026-08-22T16:54:07.653941+00:00,JSON,REGRESSION_FIXTURE,67,647c390de845e1540e946c6b681469290a99023876e9b9d2a838bd76aaf6c50c
miniandroid/run/exp067_run2/database/dex_opcode_frequency.json,219,2026-08-22T16:54:07.653941+00:00,JSON,GENERATED_OUTPUT,67,f7db13b55a884b1fd1000373491042334b8e4126355c7a9c95273bc3ebd1c80f
miniandroid/run/exp055_retval/failure_report.json,926,2026-08-22T16:54:07.521941+00:00,JSON,HISTORICAL_EVIDENCE,55,c330d7a8e603e2dd918b8be03e6248cfc7c75a721f432feedc75b0fd45cb869a
miniandroid/run/exp055_retval/application_runtime.json,3610,2026-08-22T16:54:07.521941+00:00,JSON,GENERATED_OUTPUT,55,adff8380365e04190b5b736d79599855e7527f1c997172745abd8247a7fbadfc
miniandroid/run/exp055_retval/runtime_state_trace.json,2849,2026-08-22T16:54:07.521941+00:00,JSON,GENERATED_OUTPUT,55,0c0c19f58305069df7afa162cf5edbb88b0c5a1c4e99c9f90682cb3d6871bc42
miniandroid/run/exp055_retval/report.md.json,4966,2026-08-22T16:54:07.521941+00:00,JSON,GENERATED_OUTPUT,55,f92e830704903fe034f336dc61ad81ea8e7106637c1a1c5d8830fa9b9e9f57c4
miniandroid/run/exp055_retval/test_matrix.json,787,2026-08-22T16:54:07.522941+00:00,JSON,HISTORICAL_EVIDENCE,55,63243b7d8fa6bf4b24d63c1375ade1f1f7e5ae90db5c2fd31b0eb49316d14a8e
miniandroid/run/exp055_retval/golden_end_to_end.json,1200,2026-08-22T16:54:07.521941+00:00,JSON,GENERATED_OUTPUT,55,18f890c102c77dab4fc6c889526f2491ee74dd840b91ce9341757dd95933ecfe
miniandroid/run/exp055_retval/runtime_component_map.json,1010,2026-08-22T16:54:07.521941+00:00,JSON,GENERATED_OUTPUT,55,76362df2ed4ccfdafcac3f201e2e3dbc9e3abf7eccc3df640c06b795e0db09bf
miniandroid/run/exp055_retval/report.md,2877,2026-08-22T16:54:07.521941+00:00,REPORT_MD,HISTORICAL_EVIDENCE,55,
miniandroid/run/exp055_retval/golden/corpus.json,2017,2026-08-22T16:54:07.521941+00:00,JSON,REGRESSION_FIXTURE,55,647c390de845e1540e946c6b681469290a99023876e9b9d2a838bd76aaf6c50c
miniandroid/run/exp055_retval/database/dex_opcode_frequency.json,219,2026-08-22T16:54:07.521941+00:00,JSON,GENERATED_OUTPUT,55,f7db13b55a884b1fd1000373491042334b8e4126355c7a9c95273bc3ebd1c80f
miniandroid/run/exp068_r3/render_provenance.json,4314,2026-08-22T16:54:07.657941+00:00,JSON,GENERATED_OUTPUT,68,57ae4d4dcfd6437d97809a89c7eb7b63a2419e70e201da19f82b9b0cb507a002
miniandroid/run/exp068_r3/login_ui.png,22739,2026-08-22T16:54:07.657941+00:00,OTHER,GENERATED_OUTPUT,68,
miniandroid/run/exp068_r3/login_debug.png,61587,2026-08-22T16:54:07.657941+00:00,OTHER,GENERATED_OUTPUT,68,
miniandroid/run/exp054_baseline/failure_report.json,926,2026-08-22T16:54:07.507941+00:00,JSON,HISTORICAL_EVIDENCE,54,7f192fe980873cafd953f2c2e5c3bc2821099a630c6ebce2849082cff1903942
miniandroid/run/exp054_baseline/application_runtime.json,3612,2026-08-22T16:54:07.506941+00:00,JSON,GENERATED_OUTPUT,54,285efb92f58accd16612288b45c4a8ccd8c7e29caa7909d1ea251f643efe0f7d
miniandroid/run/exp054_baseline/runtime_state_trace.json,2847,2026-08-22T16:54:07.507941+00:00,JSON,GENERATED_OUTPUT,54,bd5a58867defa24afa71f33ea87473bf058de39b771bd6989aaa0f31861da8c5
miniandroid/run/exp054_baseline/report.md.json,4965,2026-08-22T16:54:07.507941+00:00,JSON,GENERATED_OUTPUT,54,5d2d8e74d6f49149efb8b0558369eb182d0232d59fa0495704ba3565f4b4ff6c
miniandroid/run/exp054_baseline/test_matrix.json,787,2026-08-22T16:54:07.508941+00:00,JSON,HISTORICAL_EVIDENCE,54,63243b7d8fa6bf4b24d63c1375ade1f1f7e5ae90db5c2fd31b0eb49316d14a8e
miniandroid/run/exp054_baseline/golden_end_to_end.json,1200,2026-08-22T16:54:07.507941+00:00,JSON,GENERATED_OUTPUT,54,e6e0a0e83f62b0ea48432ca547644ab230266aa62b36011bc85504ce304904bb
miniandroid/run/exp054_baseline/runtime_component_map.json,1010,2026-08-22T16:54:07.507941+00:00,JSON,GENERATED_OUTPUT,54,d791cbbfbc46f89ce3a049c8fcd8e0c98758050935ef18aac95863737f6231da
miniandroid/run/exp054_baseline/report.md,2878,2026-08-22T16:54:07.507941+00:00,REPORT_MD,HISTORICAL_EVIDENCE,54,
miniandroid/run/exp054_baseline/golden/corpus.json,2017,2026-08-22T16:54:07.507941+00:00,JSON,REGRESSION_FIXTURE,54,647c390de845e1540e946c6b681469290a99023876e9b9d2a838bd76aaf6c50c
miniandroid/run/exp054_baseline/database/dex_opcode_frequency.json,219,2026-08-22T16:54:07.507941+00:00,JSON,GENERATED_OUTPUT,54,f7db13b55a884b1fd1000373491042334b8e4126355c7a9c95273bc3ebd1c80f
miniandroid/run/exp064_run2/render_provenance.json,3537,2026-08-22T16:54:07.627941+00:00,JSON,GENERATED_OUTPUT,64,1fb2c3c8e5b24ad6b0b64f38aec1ca3d8968c9b1e3b81e8cefb6a987d533d03a
miniandroid/run/exp064_run2/login_ui.png,22206,2026-08-22T16:54:07.627941+00:00,OTHER,GENERATED_OUTPUT,64,
miniandroid/run/exp064_run2/login_debug.png,59431,2026-08-22T16:54:07.627941+00:00,OTHER,GENERATED_OUTPUT,64,
miniandroid/run/exp055_retval3/failure_report.json,926,2026-08-22T16:54:07.523941+00:00,JSON,HISTORICAL_EVIDENCE,55,5bd956891cf8b23894ce55e1172387bd9b2389fa63c74b43088da07f2f492421
miniandroid/run/exp055_retval3/application_runtime.json,3609,2026-08-22T16:54:07.523941+00:00,JSON,GENERATED_OUTPUT,55,c0c583a6df726d0ef6a337c64893676aa4422b5519f1b9bbe109ec83d9e17b7c
miniandroid/run/exp055_retval3/runtime_state_trace.json,2846,2026-08-22T16:54:07.523941+00:00,JSON,GENERATED_OUTPUT,55,a724f71c9d6cc90516af5a4222db19d0c63d4f2dbff3925f45634ac87eeb7800
miniandroid/run/exp055_retval3/report.md.json,4966,2026-08-22T16:54:07.523941+00:00,JSON,GENERATED_OUTPUT,55,4e6653a8b8325570656c7d438d7cec50a1a6790318988f0b90985f3081a0ecc0
miniandroid/run/exp055_retval3/test_matrix.json,787,2026-08-22T16:54:07.524941+00:00,JSON,HISTORICAL_EVIDENCE,55,63243b7d8fa6bf4b24d63c1375ade1f1f7e5ae90db5c2fd31b0eb49316d14a8e
miniandroid/run/exp055_retval3/golden_end_to_end.json,1200,2026-08-22T16:54:07.523941+00:00,JSON,GENERATED_OUTPUT,55,125e125f405a5e58505b1ca131568a4c4d3cd1e7d1870493a37ca1ae1869735d
miniandroid/run/exp055_retval3/runtime_component_map.json,1010,2026-08-22T16:54:07.523941+00:00,JSON,GENERATED_OUTPUT,55,f26d099943d37bdbe68e5fd04801fce25a8fab87070eb8c06a2c2e2c1a664911
miniandroid/run/exp055_retval3/report.md,2878,2026-08-22T16:54:07.523941+00:00,REPORT_MD,HISTORICAL_EVIDENCE,55,
miniandroid/run/exp055_retval3/golden/corpus.json,2017,2026-08-22T16:54:07.523941+00:00,JSON,REGRESSION_FIXTURE,55,647c390de845e1540e946c6b681469290a99023876e9b9d2a838bd76aaf6c50c
miniandroid/run/exp055_retval3/database/dex_opcode_frequency.json,219,2026-08-22T16:54:07.523941+00:00,JSON,GENERATED_OUTPUT,55,f7db13b55a884b1fd1000373491042334b8e4126355c7a9c95273bc3ebd1c80f
miniandroid/run/exp069_run2/failure_report.json,926,2026-08-22T16:54:07.666941+00:00,JSON,HISTORICAL_EVIDENCE,69,0253a2c5ff853630155438559ef046f147a2e7b3470b80c29c9285e25ef9ffd4
miniandroid/run/exp069_run2/application_runtime.json,3604,2026-08-22T16:54:07.666941+00:00,JSON,GENERATED_OUTPUT,69,3e2f938320fa46e2d71a8f236393ce137e457cac92491708d609f2119f377944
miniandroid/run/exp069_run2/runtime_state_trace.json,2846,2026-08-22T16:54:07.666941+00:00,JSON,GENERATED_OUTPUT,69,ad08ac4697763b9a986b57c53a2b82a6c3da27b2fbcf3c95d0edf862480c036d
miniandroid/run/exp069_run2/report.md.json,4967,2026-08-22T16:54:07.666941+00:00,JSON,GENERATED_OUTPUT,69,ef56cff9f5183c10ebf0febba4f6eda2013668ffa20d743e9261ef4e5dddf83e
miniandroid/run/exp069_run2/test_matrix.json,787,2026-08-22T16:54:07.667941+00:00,JSON,HISTORICAL_EVIDENCE,69,63243b7d8fa6bf4b24d63c1375ade1f1f7e5ae90db5c2fd31b0eb49316d14a8e
miniandroid/run/exp069_run2/golden_end_to_end.json,1200,2026-08-22T16:54:07.666941+00:00,JSON,GENERATED_OUTPUT,69,ed7c5f471748b2d901619434cd5b8d773c50182e06613197f9985838964d0eb0
miniandroid/run/exp069_run2/render_request.txt,164,2026-08-22T16:54:07.666941+00:00,TXT,GENERATED_OUTPUT,69,
miniandroid/run/exp069_run2/shadow_report.json,3968,2026-08-22T16:54:07.666941+00:00,JSON,GENERATED_OUTPUT,69,2bd1790ebf6d12cf0fb665cc4dd9d3c144552ddcf7831c508a79ba4e8884270c
miniandroid/run/exp069_run2/runtime_component_map.json,1010,2026-08-22T16:54:07.666941+00:00,JSON,GENERATED_OUTPUT,69,f8cef0dd23f1aa50e891a9708a70ecd3766d2458f5112169abebec55a4be7c3b
miniandroid/run/exp069_run2/report.md,2876,2026-08-22T16:54:07.666941+00:00,REPORT_MD,HISTORICAL_EVIDENCE,69,
miniandroid/run/exp069_run2/golden/corpus.json,2017,2026-08-22T16:54:07.666941+00:00,JSON,REGRESSION_FIXTURE,69,647c390de845e1540e946c6b681469290a99023876e9b9d2a838bd76aaf6c50c
miniandroid/run/exp069_run2/database/dex_opcode_frequency.json,219,2026-08-22T16:54:07.666941+00:00,JSON,GENERATED_OUTPUT,69,f7db13b55a884b1fd1000373491042334b8e4126355c7a9c95273bc3ebd1c80f
